2026-06-25 03:27:51,325 INFO o.a.j.u.JMeterUtils: Setting Locale to en_EN
2026-06-25 03:27:51,343 INFO o.a.j.JMeter: Loading user properties from: /opt/apache-jmeter-5.5/bin/user.properties
2026-06-25 03:27:51,345 INFO o.a.j.JMeter: Loading system properties from: /opt/apache-jmeter-5.5/bin/system.properties
2026-06-25 03:27:51,346 INFO o.a.j.JMeter: Setting System property: log4j2.formatMsgNoLookups=true
2026-06-25 03:27:51,347 INFO o.a.j.JMeter: Setting JMeter property: base_url=https://api.electrahub.net
2026-06-25 03:27:51,347 INFO o.a.j.JMeter: Setting JMeter property: users=50
2026-06-25 03:27:51,348 INFO o.a.j.JMeter: Setting JMeter property: ramp_seconds=120
2026-06-25 03:27:51,349 INFO o.a.j.JMeter: Setting JMeter property: hold_seconds=180
2026-06-25 03:27:51,349 INFO o.a.j.JMeter: Setting JMeter property: sse_seconds=90
2026-06-25 03:27:51,350 INFO o.a.j.JMeter: Setting JMeter property: dynamic_connector_selection=true
2026-06-25 03:27:51,351 INFO o.a.j.JMeter: Setting JMeter property: regression_connector_start_attempts=12
2026-06-25 03:27:51,351 INFO o.a.j.JMeter: Setting JMeter property: run_id=prod-auth9-50
2026-06-25 03:27:51,352 INFO o.a.j.JMeter: Setting JMeter property: jmeter=.save.saveservice.output_format=csv
2026-06-25 03:27:51,352 INFO o.a.j.JMeter: Setting JMeter property: jmeter=.save.saveservice.print_field_names=true
2026-06-25 03:27:51,353 INFO o.a.j.JMeter: Setting JMeter property: jmeter=.save.saveservice.response_data.on_error=true
2026-06-25 03:27:51,360 INFO o.a.j.JMeter: Copyright (c) 1998-2022 The Apache Software Foundation
2026-06-25 03:27:51,360 INFO o.a.j.JMeter: Version 5.5
2026-06-25 03:27:51,361 INFO o.a.j.JMeter: java.version=1.8.0_275
2026-06-25 03:27:51,361 INFO o.a.j.JMeter: java.vm.name=OpenJDK 64-Bit Server VM
2026-06-25 03:27:51,362 INFO o.a.j.JMeter: os.name=Linux
2026-06-25 03:27:51,362 INFO o.a.j.JMeter: os.arch=amd64
2026-06-25 03:27:51,363 INFO o.a.j.JMeter: os.version=6.18.33.1-microsoft-standard-WSL2
2026-06-25 03:27:51,363 INFO o.a.j.JMeter: file.encoding=UTF-8
2026-06-25 03:27:51,364 INFO o.a.j.JMeter: java.awt.headless=true
2026-06-25 03:27:51,365 INFO o.a.j.JMeter: Max memory     =8111783936
2026-06-25 03:27:51,365 INFO o.a.j.JMeter: Available Processors =16
2026-06-25 03:27:51,371 INFO o.a.j.JMeter: Default Locale=English (EN)
2026-06-25 03:27:51,373 INFO o.a.j.JMeter: JMeter  Locale=English (EN)
2026-06-25 03:27:51,373 INFO o.a.j.JMeter: JMeterHome=/opt/apache-jmeter-5.5
2026-06-25 03:27:51,374 INFO o.a.j.JMeter: user.dir  =/work
2026-06-25 03:27:51,375 INFO o.a.j.JMeter: PWD       =/work
2026-06-25 03:27:51,376 INFO o.a.j.JMeter: IP: 172.17.0.32 Name: e0b85e54ace4 FullName: e0b85e54ace4
2026-06-25 03:27:51,397 INFO o.a.j.JMeter: Setting property 'jmeter.reportgenerator.outputdir' to:'/work/outputs/jmeter/prod-50-auth9/report'
2026-06-25 03:27:51,405 INFO o.a.j.s.FileServer: Default base='/work'
2026-06-25 03:27:51,406 INFO o.a.j.s.FileServer: Set new base='/work/scripts/jmeter'
2026-06-25 03:27:51,514 INFO o.a.j.s.SaveService: Testplan (JMX) version: 2.2. Testlog (JTL) version: 2.2
2026-06-25 03:27:51,529 INFO o.a.j.s.SaveService: Using SaveService properties file encoding UTF-8
2026-06-25 03:27:51,534 INFO o.a.j.s.SaveService: Using SaveService properties version 5.0
2026-06-25 03:27:51,540 INFO o.a.j.s.SaveService: Loading file: scripts/jmeter/03-full-e2e-charging-100-users.jmx
2026-06-25 03:27:51,607 INFO o.a.j.JMeter: Creating summariser <summary>
2026-06-25 03:27:51,618 INFO o.a.j.r.d.ReportGenerator: ReportGenerator will use for Parsing the separator: ','
2026-06-25 03:27:51,619 INFO o.a.j.r.d.ReportGenerator: Will generate report at end of test from  results file: outputs/jmeter/prod-50-auth9/results.jtl
2026-06-25 03:27:51,620 INFO o.a.j.r.d.ReportGenerator: Reading report generator properties from: /opt/apache-jmeter-5.5/bin/reportgenerator.properties
2026-06-25 03:27:51,621 INFO o.a.j.r.d.ReportGenerator: Merging with JMeter properties
2026-06-25 03:27:51,626 INFO o.a.j.r.c.ReportGeneratorConfiguration: Property 'jmeter.reportgenerator.temp_dir' not found, using default value 'temp' instead.
2026-06-25 03:27:51,630 INFO o.a.j.r.c.ReportGeneratorConfiguration: Property 'jmeter.reportgenerator.apdex_per_transaction' not found, using default value 'null' instead.
2026-06-25 03:27:51,637 INFO o.a.j.r.c.ReportGeneratorConfiguration: apdex_per_transaction is empty, not APDEX per transaction customization
2026-06-25 03:27:51,638 INFO o.a.j.r.c.ReportGeneratorConfiguration: Property 'jmeter.reportgenerator.sample_filter' not found, using default value 'null' instead.
2026-06-25 03:27:51,639 INFO o.a.j.r.c.ReportGeneratorConfiguration: Property 'jmeter.reportgenerator.report_title' not found, using default value 'null' instead.
2026-06-25 03:27:51,639 INFO o.a.j.r.c.ReportGeneratorConfiguration: Property 'jmeter.reportgenerator.start_date' not found, using default value 'null' instead.
2026-06-25 03:27:51,640 INFO o.a.j.r.c.ReportGeneratorConfiguration: Property 'jmeter.reportgenerator.end_date' not found, using default value 'null' instead.
2026-06-25 03:27:51,640 INFO o.a.j.r.c.ReportGeneratorConfiguration: Property 'jmeter.reportgenerator.date_format' not found, using default value 'null' instead.
2026-06-25 03:27:51,642 INFO o.a.j.r.c.ReportGeneratorConfiguration: Will use date range start date: null, end date: null
2026-06-25 03:27:51,647 INFO o.a.j.r.c.ReportGeneratorConfiguration: Property 'jmeter.reportgenerator.graph.totalTPS.exclude_controllers' not found, using default value 'false' instead.
2026-06-25 03:27:51,648 INFO o.a.j.r.c.ReportGeneratorConfiguration: Property 'jmeter.reportgenerator.graph.activeThreadsOverTime.exclude_controllers' not found, using default value 'false' instead.
2026-06-25 03:27:51,650 INFO o.a.j.r.c.ReportGeneratorConfiguration: Property 'jmeter.reportgenerator.graph.timeVsThreads.exclude_controllers' not found, using default value 'false' instead.
2026-06-25 03:27:51,650 INFO o.a.j.r.c.ReportGeneratorConfiguration: Property 'jmeter.reportgenerator.graph.responseTimeDistribution.exclude_controllers' not found, using default value 'false' instead.
2026-06-25 03:27:51,651 INFO o.a.j.r.c.ReportGeneratorConfiguration: Property 'jmeter.reportgenerator.graph.transactionsPerSecond.exclude_controllers' not found, using default value 'false' instead.
2026-06-25 03:27:51,652 INFO o.a.j.r.c.ReportGeneratorConfiguration: Property 'jmeter.reportgenerator.graph.responseTimePercentiles.exclude_controllers' not found, using default value 'false' instead.
2026-06-25 03:27:51,653 INFO o.a.j.r.c.ReportGeneratorConfiguration: Property 'jmeter.reportgenerator.graph.responseTimePercentilesOverTime.exclude_controllers' not found, using default value 'false' instead.
2026-06-25 03:27:51,653 INFO o.a.j.r.c.ReportGeneratorConfiguration: Property 'jmeter.reportgenerator.graph.responseTimesOverTime.exclude_controllers' not found, using default value 'false' instead.
2026-06-25 03:27:51,654 INFO o.a.j.r.c.ReportGeneratorConfiguration: Property 'jmeter.reportgenerator.graph.connectTimeOverTime.exclude_controllers' not found, using default value 'false' instead.
2026-06-25 03:27:51,654 INFO o.a.j.r.c.ReportGeneratorConfiguration: Property 'jmeter.reportgenerator.graph.latenciesOverTime.exclude_controllers' not found, using default value 'false' instead.
2026-06-25 03:27:51,656 INFO o.a.j.r.c.ReportGeneratorConfiguration: Property 'jmeter.reportgenerator.exporter.json.filters_only_sample_series' not found, using default value 'true' instead.
2026-06-25 03:27:51,657 INFO o.a.j.r.c.ReportGeneratorConfiguration: Property 'jmeter.reportgenerator.exporter.json.series_filter' not found, using default value '' instead.
2026-06-25 03:27:51,657 INFO o.a.j.r.c.ReportGeneratorConfiguration: Property 'jmeter.reportgenerator.exporter.json.show_controllers_only' not found, using default value 'false' instead.
2026-06-25 03:27:51,659 INFO o.a.j.r.c.ReportGeneratorConfiguration: Property 'jmeter.reportgenerator.exporter.html.filters_only_sample_series' not found, using default value 'true' instead.
2026-06-25 03:27:51,660 INFO o.a.j.r.c.ReportGeneratorConfiguration: Property 'jmeter.reportgenerator.exporter.html.series_filter' not found, using default value '' instead.
2026-06-25 03:27:51,660 INFO o.a.j.r.c.ReportGeneratorConfiguration: Property 'jmeter.reportgenerator.exporter.html.show_controllers_only' not found, using default value 'false' instead.
2026-06-25 03:27:51,668 INFO o.a.j.e.StandardJMeterEngine: Running the test!
2026-06-25 03:27:51,670 INFO o.a.j.s.SampleEvent: List of sample_variables: []
2026-06-25 03:27:51,671 INFO o.a.j.s.SampleEvent: List of sample_variables: []
2026-06-25 03:27:51,677 INFO o.a.j.e.u.CompoundVariable: Note: Function class names must contain the string: '.functions.'
2026-06-25 03:27:51,679 INFO o.a.j.e.u.CompoundVariable: Note: Function class names must not contain the string: '.gui.'
2026-06-25 03:27:52,147 INFO o.a.j.JMeter: Running test (1782350872147)
2026-06-25 03:27:52,213 INFO o.a.j.e.StandardJMeterEngine: Starting ThreadGroup: 1 : 100 driver charging journeys
2026-06-25 03:27:52,215 INFO o.a.j.e.StandardJMeterEngine: Starting 50 threads for group 100 driver charging journeys.
2026-06-25 03:27:52,216 INFO o.a.j.e.StandardJMeterEngine: Thread will continue on error
2026-06-25 03:27:52,216 INFO o.a.j.t.ThreadGroup: Starting thread group... number=1 threads=50 ramp-up=120 delayedStart=false
2026-06-25 03:27:52,234 INFO o.a.j.t.ThreadGroup: Started thread group number 1
2026-06-25 03:27:52,235 INFO o.a.j.e.StandardJMeterEngine: All thread groups have been started
2026-06-25 03:27:52,248 INFO o.a.j.t.JMeterThread: Thread started: 100 driver charging journeys 1-1
2026-06-25 03:27:52,253 INFO o.a.j.s.FileServer: Stored: scripts/jmeter/data/connectors-100.csv
2026-06-25 03:27:52,281 INFO o.a.j.s.SampleResult: Note: Sample TimeStamps are START times
2026-06-25 03:27:52,282 INFO o.a.j.s.SampleResult: sampleresult.default.encoding is set to ISO-8859-1
2026-06-25 03:27:52,282 INFO o.a.j.s.SampleResult: sampleresult.useNanoTime=true
2026-06-25 03:27:52,283 INFO o.a.j.s.SampleResult: sampleresult.nanoThreadSleep=5000
2026-06-25 03:27:54,415 INFO o.a.j.p.j.s.J.Full charging journey with SSE: [electrahub-jmeter][full][001] registered uid=0cf51e27-a394-474f-a0d0-d4d8cd593da1
2026-06-25 03:27:54,626 INFO o.a.j.p.j.s.J.Full charging journey with SSE: [electrahub-jmeter][full][001] accepted terms; refreshing token through login
2026-06-25 03:27:54,652 INFO o.a.j.t.JMeterThread: Thread started: 100 driver charging journeys 1-2
2026-06-25 03:27:54,866 INFO o.a.j.p.j.s.J.Full charging journey with SSE: [electrahub-jmeter][full][001] logged in uid=0cf51e27-a394-474f-a0d0-d4d8cd593da1
2026-06-25 03:27:55,059 INFO o.a.j.p.j.s.J.Full charging journey with SSE: [electrahub-jmeter][full][002] registered uid=9ebc257e-74cf-4c42-9848-defa87291b7c
2026-06-25 03:27:55,139 INFO o.a.j.p.j.s.J.Full charging journey with SSE: [electrahub-jmeter][full][001] payment ready wallet=120.00
2026-06-25 03:27:55,218 INFO o.a.j.p.j.s.J.Full charging journey with SSE: [electrahub-jmeter][full][002] accepted terms; refreshing token through login
2026-06-25 03:27:55,354 INFO o.a.j.p.j.s.J.Full charging journey with SSE: [electrahub-jmeter][full][001] dynamic connector selection found no available connector; using CSV connector
2026-06-25 03:27:55,431 INFO o.a.j.p.j.s.J.Full charging journey with SSE: [electrahub-jmeter][full][002] logged in uid=9ebc257e-74cf-4c42-9848-defa87291b7c
2026-06-25 03:27:55,702 INFO o.a.j.p.j.s.J.Full charging journey with SSE: [electrahub-jmeter][full][002] payment ready wallet=120.00
2026-06-25 03:27:55,847 INFO o.a.j.p.j.s.J.Full charging journey with SSE: [electrahub-jmeter][full][002] dynamic connector selection found no available connector; using CSV connector
2026-06-25 03:27:57,048 INFO o.a.j.t.JMeterThread: Thread started: 100 driver charging journeys 1-3
2026-06-25 03:27:57,383 INFO o.a.j.p.j.s.J.Full charging journey with SSE: [electrahub-jmeter][full][003] registered uid=5b9bebf2-3bd4-44a3-8ec4-28a279efac5f
2026-06-25 03:27:57,570 INFO o.a.j.p.j.s.J.Full charging journey with SSE: [electrahub-jmeter][full][003] accepted terms; refreshing token through login
2026-06-25 03:27:57,823 INFO o.a.j.p.j.s.J.Full charging journey with SSE: [electrahub-jmeter][full][003] logged in uid=5b9bebf2-3bd4-44a3-8ec4-28a279efac5f
2026-06-25 03:27:57,824 INFO o.a.j.p.j.s.J.Full charging journey with SSE: [electrahub-jmeter][full][001] started session=a251bfe3-c508-45ae-8f3f-5c8cee70c6c1 charger=EH-US-CHG-0001/CON-US-0001 status=PREPARING remote=Accepted attempt=1/1
2026-06-25 03:27:58,090 INFO o.a.j.p.j.s.J.Full charging journey with SSE: [electrahub-jmeter][full][003] payment ready wallet=120.00
2026-06-25 03:27:58,248 INFO o.a.j.p.j.s.J.Full charging journey with SSE: [electrahub-jmeter][full][003] dynamic connector selection found no available connector; using CSV connector
2026-06-25 03:27:58,348 INFO o.a.j.p.j.s.J.Full charging journey with SSE: [electrahub-jmeter][full][002] started session=21b4e404-7420-4195-821f-86762d06caf1 charger=EH-US-CHG-0002/CON-US-0002 status=PREPARING remote=Accepted attempt=1/1
2026-06-25 03:27:59,189 INFO o.a.j.p.j.s.J.Full charging journey with SSE: [electrahub-jmeter][full][003] started session=087140ed-87df-4360-a884-0a06a8121274 charger=EH-US-CHG-0003/CON-US-0003 status=PREPARING remote=Accepted attempt=1/1
2026-06-25 03:27:59,448 INFO o.a.j.t.JMeterThread: Thread started: 100 driver charging journeys 1-4
2026-06-25 03:27:59,774 INFO o.a.j.p.j.s.J.Full charging journey with SSE: [electrahub-jmeter][full][004] registered uid=dbaf8efb-fca3-403d-8eb2-f1d42cdaca03
2026-06-25 03:27:59,912 INFO o.a.j.p.j.s.J.Full charging journey with SSE: [electrahub-jmeter][full][004] accepted terms; refreshing token through login
2026-06-25 03:28:00,114 INFO o.a.j.p.j.s.J.Full charging journey with SSE: [electrahub-jmeter][full][004] logged in uid=dbaf8efb-fca3-403d-8eb2-f1d42cdaca03
2026-06-25 03:28:00,377 INFO o.a.j.p.j.s.J.Full charging journey with SSE: [electrahub-jmeter][full][004] payment ready wallet=120.00
2026-06-25 03:28:00,549 INFO o.a.j.p.j.s.J.Full charging journey with SSE: [electrahub-jmeter][full][004] dynamic connector selection found no available connector; using CSV connector
2026-06-25 03:28:01,088 INFO o.a.j.p.j.s.J.Full charging journey with SSE: [electrahub-jmeter][full][004] started session=cda5b6eb-906e-4aad-8d2b-fdbd077d4dc9 charger=EH-US-CHG-0004/CON-US-0004 status=PREPARING remote=Accepted attempt=1/1
2026-06-25 03:28:01,846 INFO o.a.j.t.JMeterThread: Thread started: 100 driver charging journeys 1-5
2026-06-25 03:28:02,172 INFO o.a.j.p.j.s.J.Full charging journey with SSE: [electrahub-jmeter][full][005] registered uid=945e7491-f449-4e70-b2df-5cb88c355931
2026-06-25 03:28:02,325 INFO o.a.j.p.j.s.J.Full charging journey with SSE: [electrahub-jmeter][full][005] accepted terms; refreshing token through login
2026-06-25 03:28:02,517 INFO o.a.j.p.j.s.J.Full charging journey with SSE: [electrahub-jmeter][full][005] logged in uid=945e7491-f449-4e70-b2df-5cb88c355931
2026-06-25 03:28:02,808 INFO o.a.j.p.j.s.J.Full charging journey with SSE: [electrahub-jmeter][full][005] payment ready wallet=120.00
2026-06-25 03:28:02,949 INFO o.a.j.p.j.s.J.Full charging journey with SSE: [electrahub-jmeter][full][005] dynamic connector selection found no available connector; using CSV connector
2026-06-25 03:28:04,118 INFO o.a.j.p.j.s.J.Full charging journey with SSE: [electrahub-jmeter][full][005] started session=9dc0c07d-265f-4c04-bb15-8450e723cd28 charger=EH-US-CHG-0005/CON-US-0005 status=PREPARING remote=Accepted attempt=1/1
2026-06-25 03:28:04,250 INFO o.a.j.t.JMeterThread: Thread started: 100 driver charging journeys 1-6
2026-06-25 03:28:04,570 INFO o.a.j.p.j.s.J.Full charging journey with SSE: [electrahub-jmeter][full][006] registered uid=24d0a617-d5f9-426c-8281-726485fe0217
2026-06-25 03:28:04,708 INFO o.a.j.p.j.s.J.Full charging journey with SSE: [electrahub-jmeter][full][006] accepted terms; refreshing token through login
2026-06-25 03:28:04,911 INFO o.a.j.p.j.s.J.Full charging journey with SSE: [electrahub-jmeter][full][006] logged in uid=24d0a617-d5f9-426c-8281-726485fe0217
2026-06-25 03:28:05,179 INFO o.a.j.p.j.s.J.Full charging journey with SSE: [electrahub-jmeter][full][006] payment ready wallet=120.00
2026-06-25 03:28:05,336 INFO o.a.j.p.j.s.J.Full charging journey with SSE: [electrahub-jmeter][full][006] dynamic connector selection found no available connector; using CSV connector
2026-06-25 03:28:06,158 INFO o.a.j.p.j.s.J.Full charging journey with SSE: [electrahub-jmeter][full][006] started session=3dbc701e-50e7-4b73-95f7-0465cb1f864a charger=EH-US-CHG-0006/CON-US-0006 status=PREPARING remote=Accepted attempt=1/1
2026-06-25 03:28:06,650 INFO o.a.j.t.JMeterThread: Thread started: 100 driver charging journeys 1-7
2026-06-25 03:28:07,079 INFO o.a.j.p.j.s.J.Full charging journey with SSE: [electrahub-jmeter][full][007] registered uid=b21432cc-c4b2-4ec5-9297-e8371fcd3d7c
2026-06-25 03:28:07,256 INFO o.a.j.p.j.s.J.Full charging journey with SSE: [electrahub-jmeter][full][007] accepted terms; refreshing token through login
2026-06-25 03:28:07,449 INFO o.a.j.p.j.s.J.Full charging journey with SSE: [electrahub-jmeter][full][007] logged in uid=b21432cc-c4b2-4ec5-9297-e8371fcd3d7c
2026-06-25 03:28:07,754 INFO o.a.j.p.j.s.J.Full charging journey with SSE: [electrahub-jmeter][full][007] payment ready wallet=120.00
2026-06-25 03:28:07,952 INFO o.a.j.p.j.s.J.Full charging journey with SSE: [electrahub-jmeter][full][007] dynamic connector selection found no available connector; using CSV connector
2026-06-25 03:28:09,042 INFO o.a.j.t.JMeterThread: Thread started: 100 driver charging journeys 1-8
2026-06-25 03:28:09,166 INFO o.a.j.p.j.s.J.Full charging journey with SSE: [electrahub-jmeter][full][007] started session=404040cd-64c7-4414-9459-fba9265a85b0 charger=EH-US-CHG-0007/CON-US-0007 status=PREPARING remote=Accepted attempt=1/1
2026-06-25 03:28:09,367 INFO o.a.j.p.j.s.J.Full charging journey with SSE: [electrahub-jmeter][full][008] registered uid=ce663ee9-51fe-4632-b124-2227fdbf9621
2026-06-25 03:28:09,521 INFO o.a.j.p.j.s.J.Full charging journey with SSE: [electrahub-jmeter][full][008] accepted terms; refreshing token through login
2026-06-25 03:28:09,733 INFO o.a.j.p.j.s.J.Full charging journey with SSE: [electrahub-jmeter][full][008] logged in uid=ce663ee9-51fe-4632-b124-2227fdbf9621
2026-06-25 03:28:10,086 INFO o.a.j.p.j.s.J.Full charging journey with SSE: [electrahub-jmeter][full][008] payment ready wallet=120.00
2026-06-25 03:28:10,255 INFO o.a.j.p.j.s.J.Full charging journey with SSE: [electrahub-jmeter][full][008] dynamic connector selection found no available connector; using CSV connector
2026-06-25 03:28:11,343 INFO o.a.j.p.j.s.J.Full charging journey with SSE: [electrahub-jmeter][full][008] started session=1c060e54-c351-49e4-b4d2-d317ccbdc432 charger=EH-US-CHG-0008/CON-US-0008 status=PREPARING remote=Accepted attempt=1/1
2026-06-25 03:28:11,443 INFO o.a.j.t.JMeterThread: Thread started: 100 driver charging journeys 1-9
2026-06-25 03:28:11,848 INFO o.a.j.p.j.s.J.Full charging journey with SSE: [electrahub-jmeter][full][009] registered uid=136d158e-f1d5-40ee-927f-f459b85e6e0f
2026-06-25 03:28:11,997 INFO o.a.j.p.j.s.J.Full charging journey with SSE: [electrahub-jmeter][full][009] accepted terms; refreshing token through login
2026-06-25 03:28:12,218 INFO o.a.j.p.j.s.J.Full charging journey with SSE: [electrahub-jmeter][full][009] logged in uid=136d158e-f1d5-40ee-927f-f459b85e6e0f
2026-06-25 03:28:12,545 INFO o.a.j.p.j.s.J.Full charging journey with SSE: [electrahub-jmeter][full][009] payment ready wallet=120.00
2026-06-25 03:28:12,699 INFO o.a.j.p.j.s.J.Full charging journey with SSE: [electrahub-jmeter][full][009] dynamic connector selection found no available connector; using CSV connector
2026-06-25 03:28:13,843 INFO o.a.j.t.JMeterThread: Thread started: 100 driver charging journeys 1-10
2026-06-25 03:28:14,133 INFO o.a.j.p.j.s.J.Full charging journey with SSE: [electrahub-jmeter][full][010] registered uid=a6013cc6-30ec-4b09-a844-a8a1b10fc268
2026-06-25 03:28:14,287 INFO o.a.j.p.j.s.J.Full charging journey with SSE: [electrahub-jmeter][full][010] accepted terms; refreshing token through login
2026-06-25 03:28:14,367 INFO o.a.j.p.j.s.J.Full charging journey with SSE: [electrahub-jmeter][full][009] started session=88926dc6-94c7-4eec-8e1d-bb82beb96462 charger=EH-US-CHG-0009/CON-US-0009 status=PREPARING remote=Accepted attempt=1/1
2026-06-25 03:28:14,512 INFO o.a.j.p.j.s.J.Full charging journey with SSE: [electrahub-jmeter][full][010] logged in uid=a6013cc6-30ec-4b09-a844-a8a1b10fc268
2026-06-25 03:28:14,795 INFO o.a.j.p.j.s.J.Full charging journey with SSE: [electrahub-jmeter][full][010] payment ready wallet=120.00
2026-06-25 03:28:14,975 INFO o.a.j.p.j.s.J.Full charging journey with SSE: [electrahub-jmeter][full][010] dynamic connector selection found no available connector; using CSV connector
2026-06-25 03:28:15,447 INFO o.a.j.p.j.s.J.Full charging journey with SSE: [electrahub-jmeter][full][010] started session=983c0457-bbb2-4b70-83fa-448c22231592 charger=EH-US-CHG-0010/CON-US-0010 status=PREPARING remote=Accepted attempt=1/1
2026-06-25 03:28:16,245 INFO o.a.j.t.JMeterThread: Thread started: 100 driver charging journeys 1-11
2026-06-25 03:28:16,632 INFO o.a.j.p.j.s.J.Full charging journey with SSE: [electrahub-jmeter][full][011] registered uid=61341848-709f-4481-8f47-46fbde81d222
2026-06-25 03:28:16,802 INFO o.a.j.p.j.s.J.Full charging journey with SSE: [electrahub-jmeter][full][011] accepted terms; refreshing token through login
2026-06-25 03:28:17,006 INFO o.a.j.p.j.s.J.Full charging journey with SSE: [electrahub-jmeter][full][011] logged in uid=61341848-709f-4481-8f47-46fbde81d222
2026-06-25 03:28:17,271 INFO o.a.j.p.j.s.J.Full charging journey with SSE: [electrahub-jmeter][full][011] payment ready wallet=120.00
2026-06-25 03:28:17,407 INFO o.a.j.p.j.s.J.Full charging journey with SSE: [electrahub-jmeter][full][011] dynamic connector selection found no available connector; using CSV connector
2026-06-25 03:28:18,401 INFO o.a.j.p.j.s.J.Full charging journey with SSE: [electrahub-jmeter][full][011] started session=e432005b-20ad-400f-a049-cbe5d8127812 charger=EH-US-CHG-0011/CON-US-0011 status=PREPARING remote=Accepted attempt=1/1
2026-06-25 03:28:18,645 INFO o.a.j.t.JMeterThread: Thread started: 100 driver charging journeys 1-12
2026-06-25 03:28:18,985 INFO o.a.j.p.j.s.J.Full charging journey with SSE: [electrahub-jmeter][full][012] registered uid=99fe62ba-992d-4f6b-be58-f24d25612096
2026-06-25 03:28:19,142 INFO o.a.j.p.j.s.J.Full charging journey with SSE: [electrahub-jmeter][full][012] accepted terms; refreshing token through login
2026-06-25 03:28:19,381 INFO o.a.j.p.j.s.J.Full charging journey with SSE: [electrahub-jmeter][full][012] logged in uid=99fe62ba-992d-4f6b-be58-f24d25612096
2026-06-25 03:28:19,675 INFO o.a.j.p.j.s.J.Full charging journey with SSE: [electrahub-jmeter][full][012] payment ready wallet=120.00
2026-06-25 03:28:19,812 INFO o.a.j.p.j.s.J.Full charging journey with SSE: [electrahub-jmeter][full][012] dynamic connector selection found no available connector; using CSV connector
2026-06-25 03:28:20,516 INFO o.a.j.p.j.s.J.Full charging journey with SSE: [electrahub-jmeter][full][012] started session=1d396304-b216-4709-85db-274c9c781291 charger=EH-US-CHG-0012/CON-US-0012 status=PREPARING remote=Accepted attempt=1/1
2026-06-25 03:28:21,045 INFO o.a.j.t.JMeterThread: Thread started: 100 driver charging journeys 1-13
2026-06-25 03:28:21,420 INFO o.a.j.p.j.s.J.Full charging journey with SSE: [electrahub-jmeter][full][013] registered uid=c864742f-e2b6-4d9c-bd6c-71144649193d
2026-06-25 03:28:21,570 INFO o.a.j.p.j.s.J.Full charging journey with SSE: [electrahub-jmeter][full][013] accepted terms; refreshing token through login
2026-06-25 03:28:21,838 INFO o.a.j.p.j.s.J.Full charging journey with SSE: [electrahub-jmeter][full][013] logged in uid=c864742f-e2b6-4d9c-bd6c-71144649193d
2026-06-25 03:28:22,134 INFO o.a.j.p.j.s.J.Full charging journey with SSE: [electrahub-jmeter][full][013] payment ready wallet=120.00
2026-06-25 03:28:22,307 INFO o.a.j.p.j.s.J.Full charging journey with SSE: [electrahub-jmeter][full][013] dynamic connector selection found no available connector; using CSV connector
2026-06-25 03:28:23,446 INFO o.a.j.p.j.s.J.Full charging journey with SSE: [electrahub-jmeter][full][013] started session=0c0670f8-fa00-49f2-b8ef-328d9fe52b53 charger=EH-US-CHG-0013/CON-US-0013 status=PREPARING remote=Accepted attempt=1/1
2026-06-25 03:28:23,448 INFO o.a.j.t.JMeterThread: Thread started: 100 driver charging journeys 1-14
2026-06-25 03:28:23,798 INFO o.a.j.p.j.s.J.Full charging journey with SSE: [electrahub-jmeter][full][014] registered uid=c55ba8aa-cc27-406f-bc75-4bbec8da9e9e
2026-06-25 03:28:23,964 INFO o.a.j.p.j.s.J.Full charging journey with SSE: [electrahub-jmeter][full][014] accepted terms; refreshing token through login
2026-06-25 03:28:24,208 INFO o.a.j.p.j.s.J.Full charging journey with SSE: [electrahub-jmeter][full][014] logged in uid=c55ba8aa-cc27-406f-bc75-4bbec8da9e9e
2026-06-25 03:28:24,532 INFO o.a.j.p.j.s.J.Full charging journey with SSE: [electrahub-jmeter][full][014] payment ready wallet=120.00
2026-06-25 03:28:24,700 INFO o.a.j.p.j.s.J.Full charging journey with SSE: [electrahub-jmeter][full][014] dynamic connector selection found no available connector; using CSV connector
2026-06-25 03:28:25,501 INFO o.a.j.p.j.s.J.Full charging journey with SSE: [electrahub-jmeter][full][014] started session=7e9c3dc8-584c-48f6-bb75-65eb37255f7e charger=EH-US-CHG-0014/CON-US-0014 status=PREPARING remote=Accepted attempt=1/1
2026-06-25 03:28:25,848 INFO o.a.j.t.JMeterThread: Thread started: 100 driver charging journeys 1-15
2026-06-25 03:28:26,136 INFO o.a.j.p.j.s.J.Full charging journey with SSE: [electrahub-jmeter][full][015] registered uid=0a6de285-a055-416a-8873-a13e16b072b2
2026-06-25 03:28:26,276 INFO o.a.j.p.j.s.J.Full charging journey with SSE: [electrahub-jmeter][full][015] accepted terms; refreshing token through login
2026-06-25 03:28:26,487 INFO o.a.j.p.j.s.J.Full charging journey with SSE: [electrahub-jmeter][full][015] logged in uid=0a6de285-a055-416a-8873-a13e16b072b2
2026-06-25 03:28:26,777 INFO o.a.j.p.j.s.J.Full charging journey with SSE: [electrahub-jmeter][full][015] payment ready wallet=120.00
2026-06-25 03:28:26,887 INFO o.a.j.p.j.s.J.Full charging journey with SSE: [electrahub-jmeter][full][015] dynamic connector selection found no available connector; using CSV connector
2026-06-25 03:28:27,563 INFO o.a.j.p.j.s.J.Full charging journey with SSE: [electrahub-jmeter][full][015] started session=4f800231-8e47-4c3d-aaf2-c0b6c535db12 charger=EH-US-CHG-0015/CON-US-0015 status=PREPARING remote=Accepted attempt=1/1
2026-06-25 03:28:28,241 INFO o.a.j.t.JMeterThread: Thread started: 100 driver charging journeys 1-16
2026-06-25 03:28:28,606 INFO o.a.j.p.j.s.J.Full charging journey with SSE: [electrahub-jmeter][full][016] registered uid=cacf5d6d-faf2-4931-9624-ccb81a0655af
2026-06-25 03:28:28,753 INFO o.a.j.p.j.s.J.Full charging journey with SSE: [electrahub-jmeter][full][016] accepted terms; refreshing token through login
2026-06-25 03:28:28,984 INFO o.a.j.p.j.s.J.Full charging journey with SSE: [electrahub-jmeter][full][016] logged in uid=cacf5d6d-faf2-4931-9624-ccb81a0655af
2026-06-25 03:28:29,263 INFO o.a.j.p.j.s.J.Full charging journey with SSE: [electrahub-jmeter][full][016] payment ready wallet=120.00
2026-06-25 03:28:29,391 INFO o.a.j.p.j.s.J.Full charging journey with SSE: [electrahub-jmeter][full][016] dynamic connector selection found no available connector; using CSV connector
2026-06-25 03:28:30,566 INFO o.a.j.p.j.s.J.Full charging journey with SSE: [electrahub-jmeter][full][016] started session=3fd7fcb5-85e9-495a-8646-2d12001c9228 charger=EH-US-CHG-0016/CON-US-0016 status=PREPARING remote=Accepted attempt=1/1
2026-06-25 03:28:30,641 INFO o.a.j.t.JMeterThread: Thread started: 100 driver charging journeys 1-17
2026-06-25 03:28:30,928 INFO o.a.j.p.j.s.J.Full charging journey with SSE: [electrahub-jmeter][full][017] registered uid=a3e9a9d9-8a4f-499c-b21a-3c0ea97c12ce
2026-06-25 03:28:31,084 INFO o.a.j.p.j.s.J.Full charging journey with SSE: [electrahub-jmeter][full][017] accepted terms; refreshing token through login
2026-06-25 03:28:31,269 INFO o.a.j.p.j.s.J.Full charging journey with SSE: [electrahub-jmeter][full][017] logged in uid=a3e9a9d9-8a4f-499c-b21a-3c0ea97c12ce
2026-06-25 03:28:31,619 INFO o.a.j.p.j.s.J.Full charging journey with SSE: [electrahub-jmeter][full][017] payment ready wallet=120.00
2026-06-25 03:28:31,754 INFO o.a.j.p.j.s.J.Full charging journey with SSE: [electrahub-jmeter][full][017] dynamic connector selection found no available connector; using CSV connector
2026-06-25 03:28:32,617 INFO o.a.j.p.j.s.J.Full charging journey with SSE: [electrahub-jmeter][full][017] started session=5c8b6791-0fad-4055-88c2-4561796103c1 charger=EH-US-CHG-0017/CON-US-0017 status=PREPARING remote=Accepted attempt=1/1
2026-06-25 03:28:33,047 INFO o.a.j.t.JMeterThread: Thread started: 100 driver charging journeys 1-18
2026-06-25 03:28:33,324 INFO o.a.j.p.j.s.J.Full charging journey with SSE: [electrahub-jmeter][full][018] registered uid=805c6ec8-e5de-44f0-9dc9-d8931ab386ce
2026-06-25 03:28:33,486 INFO o.a.j.p.j.s.J.Full charging journey with SSE: [electrahub-jmeter][full][018] accepted terms; refreshing token through login
2026-06-25 03:28:33,676 INFO o.a.j.p.j.s.J.Full charging journey with SSE: [electrahub-jmeter][full][018] logged in uid=805c6ec8-e5de-44f0-9dc9-d8931ab386ce
2026-06-25 03:28:33,991 INFO o.a.j.p.j.s.J.Full charging journey with SSE: [electrahub-jmeter][full][018] payment ready wallet=120.00
2026-06-25 03:28:34,116 INFO o.a.j.p.j.s.J.Full charging journey with SSE: [electrahub-jmeter][full][018] dynamic connector selection found no available connector; using CSV connector
2026-06-25 03:28:34,659 INFO o.a.j.p.j.s.J.Full charging journey with SSE: [electrahub-jmeter][full][018] started session=2410eae9-b256-48a0-9c14-a3284d86f788 charger=EH-US-CHG-0018/CON-US-0018 status=PREPARING remote=Accepted attempt=1/1
2026-06-25 03:28:35,447 INFO o.a.j.t.JMeterThread: Thread started: 100 driver charging journeys 1-19
2026-06-25 03:28:35,728 INFO o.a.j.p.j.s.J.Full charging journey with SSE: [electrahub-jmeter][full][019] registered uid=b281e020-efd4-4d63-acc5-61d04297f023
2026-06-25 03:28:35,869 INFO o.a.j.p.j.s.J.Full charging journey with SSE: [electrahub-jmeter][full][019] accepted terms; refreshing token through login
2026-06-25 03:28:36,123 INFO o.a.j.p.j.s.J.Full charging journey with SSE: [electrahub-jmeter][full][019] logged in uid=b281e020-efd4-4d63-acc5-61d04297f023
2026-06-25 03:28:36,392 INFO o.a.j.p.j.s.J.Full charging journey with SSE: [electrahub-jmeter][full][019] payment ready wallet=120.00
2026-06-25 03:28:36,513 INFO o.a.j.p.j.s.J.Full charging journey with SSE: [electrahub-jmeter][full][019] dynamic connector selection found no available connector; using CSV connector
2026-06-25 03:28:37,657 INFO o.a.j.p.j.s.J.Full charging journey with SSE: [electrahub-jmeter][full][019] started session=c0893abd-fa7c-48e5-9c7a-3b77f1a027b9 charger=EH-US-CHG-0019/CON-US-0019 status=PREPARING remote=Accepted attempt=1/1
2026-06-25 03:28:37,841 INFO o.a.j.t.JMeterThread: Thread started: 100 driver charging journeys 1-20
2026-06-25 03:28:38,136 INFO o.a.j.p.j.s.J.Full charging journey with SSE: [electrahub-jmeter][full][020] registered uid=49cc4880-05dd-4145-ae7a-8d56b40a4c44
2026-06-25 03:28:38,274 INFO o.a.j.p.j.s.J.Full charging journey with SSE: [electrahub-jmeter][full][020] accepted terms; refreshing token through login
2026-06-25 03:28:38,475 INFO o.a.j.p.j.s.J.Full charging journey with SSE: [electrahub-jmeter][full][020] logged in uid=49cc4880-05dd-4145-ae7a-8d56b40a4c44
2026-06-25 03:28:38,757 INFO o.a.j.p.j.s.J.Full charging journey with SSE: [electrahub-jmeter][full][020] payment ready wallet=120.00
2026-06-25 03:28:38,877 INFO o.a.j.p.j.s.J.Full charging journey with SSE: [electrahub-jmeter][full][020] dynamic connector selection found no available connector; using CSV connector
2026-06-25 03:28:39,710 INFO o.a.j.p.j.s.J.Full charging journey with SSE: [electrahub-jmeter][full][020] started session=5359faf0-59a7-4a5a-a8da-8ed366c29d7c charger=EH-US-CHG-0020/CON-US-0020 status=PREPARING remote=Accepted attempt=1/1
2026-06-25 03:28:40,247 INFO o.a.j.t.JMeterThread: Thread started: 100 driver charging journeys 1-21
2026-06-25 03:28:40,557 INFO o.a.j.p.j.s.J.Full charging journey with SSE: [electrahub-jmeter][full][021] registered uid=f7e9f817-8a05-49e6-a1af-0f8654faab95
2026-06-25 03:28:40,706 INFO o.a.j.p.j.s.J.Full charging journey with SSE: [electrahub-jmeter][full][021] accepted terms; refreshing token through login
2026-06-25 03:28:40,919 INFO o.a.j.p.j.s.J.Full charging journey with SSE: [electrahub-jmeter][full][021] logged in uid=f7e9f817-8a05-49e6-a1af-0f8654faab95
2026-06-25 03:28:41,204 INFO o.a.j.p.j.s.J.Full charging journey with SSE: [electrahub-jmeter][full][021] payment ready wallet=120.00
2026-06-25 03:28:41,514 INFO o.a.j.p.j.s.J.Full charging journey with SSE: [electrahub-jmeter][full][021] dynamic connector selection found no available connector; using CSV connector
2026-06-25 03:28:42,646 INFO o.a.j.t.JMeterThread: Thread started: 100 driver charging journeys 1-22
2026-06-25 03:28:42,966 INFO o.a.j.p.j.s.J.Full charging journey with SSE: [electrahub-jmeter][full][021] started session=2e5cedff-3568-487e-bdbd-bcaa548dd4e9 charger=EH-US-CHG-0021/CON-US-0021 status=PREPARING remote=Accepted attempt=1/1
2026-06-25 03:28:43,088 INFO o.a.j.p.j.s.J.Full charging journey with SSE: [electrahub-jmeter][full][022] registered uid=33140b06-7249-4c50-bb7e-924fe279ba61
2026-06-25 03:28:43,298 INFO o.a.j.p.j.s.J.Full charging journey with SSE: [electrahub-jmeter][full][022] accepted terms; refreshing token through login
2026-06-25 03:28:43,564 INFO o.a.j.p.j.s.J.Full charging journey with SSE: [electrahub-jmeter][full][022] logged in uid=33140b06-7249-4c50-bb7e-924fe279ba61
2026-06-25 03:28:43,909 INFO o.a.j.p.j.s.J.Full charging journey with SSE: [electrahub-jmeter][full][022] payment ready wallet=120.00
2026-06-25 03:28:44,047 INFO o.a.j.p.j.s.J.Full charging journey with SSE: [electrahub-jmeter][full][022] dynamic connector selection found no available connector; using CSV connector
2026-06-25 03:28:44,804 INFO o.a.j.p.j.s.J.Full charging journey with SSE: [electrahub-jmeter][full][022] started session=072ed11c-3e39-4313-9216-54b68e9a8762 charger=EH-US-CHG-0022/CON-US-0022 status=PREPARING remote=Accepted attempt=1/1
2026-06-25 03:28:45,042 INFO o.a.j.t.JMeterThread: Thread started: 100 driver charging journeys 1-23
2026-06-25 03:28:45,342 INFO o.a.j.p.j.s.J.Full charging journey with SSE: [electrahub-jmeter][full][023] registered uid=dc67c379-a73f-43eb-a52f-045378c52763
2026-06-25 03:28:45,484 INFO o.a.j.p.j.s.J.Full charging journey with SSE: [electrahub-jmeter][full][023] accepted terms; refreshing token through login
2026-06-25 03:28:45,654 INFO o.a.j.p.j.s.J.Full charging journey with SSE: [electrahub-jmeter][full][023] logged in uid=dc67c379-a73f-43eb-a52f-045378c52763
2026-06-25 03:28:46,015 INFO o.a.j.p.j.s.J.Full charging journey with SSE: [electrahub-jmeter][full][023] payment ready wallet=120.00
2026-06-25 03:28:46,124 INFO o.a.j.p.j.s.J.Full charging journey with SSE: [electrahub-jmeter][full][023] dynamic connector selection found no available connector; using CSV connector
2026-06-25 03:28:46,830 INFO o.a.j.p.j.s.J.Full charging journey with SSE: [electrahub-jmeter][full][023] started session=55213b1f-7f7a-4524-9b5f-273a3255c201 charger=EH-US-CHG-0023/CON-US-0023 status=PREPARING remote=Accepted attempt=1/1
2026-06-25 03:28:47,440 INFO o.a.j.t.JMeterThread: Thread started: 100 driver charging journeys 1-24
2026-06-25 03:28:47,777 INFO o.a.j.p.j.s.J.Full charging journey with SSE: [electrahub-jmeter][full][024] registered uid=15bba759-777f-43a3-b774-eea978e1cf03
2026-06-25 03:28:47,924 INFO o.a.j.p.j.s.J.Full charging journey with SSE: [electrahub-jmeter][full][024] accepted terms; refreshing token through login
2026-06-25 03:28:48,121 INFO o.a.j.p.j.s.J.Full charging journey with SSE: [electrahub-jmeter][full][024] logged in uid=15bba759-777f-43a3-b774-eea978e1cf03
2026-06-25 03:28:48,396 INFO o.a.j.p.j.s.J.Full charging journey with SSE: [electrahub-jmeter][full][024] payment ready wallet=120.00
2026-06-25 03:28:48,505 INFO o.a.j.p.j.s.J.Full charging journey with SSE: [electrahub-jmeter][full][024] dynamic connector selection found no available connector; using CSV connector
2026-06-25 03:28:49,002 INFO o.a.j.p.j.s.J.Full charging journey with SSE: [electrahub-jmeter][full][024] started session=d6dc2c30-b482-467e-8ca9-d240c9b28625 charger=EH-US-CHG-0024/CON-US-0024 status=PREPARING remote=Accepted attempt=1/1
2026-06-25 03:28:49,845 INFO o.a.j.t.JMeterThread: Thread started: 100 driver charging journeys 1-25
2026-06-25 03:28:50,133 INFO o.a.j.p.j.s.J.Full charging journey with SSE: [electrahub-jmeter][full][025] registered uid=b39dcb8a-2c99-4bf0-bc4a-769bb432e95b
2026-06-25 03:28:50,289 INFO o.a.j.p.j.s.J.Full charging journey with SSE: [electrahub-jmeter][full][025] accepted terms; refreshing token through login
2026-06-25 03:28:50,473 INFO o.a.j.p.j.s.J.Full charging journey with SSE: [electrahub-jmeter][full][025] logged in uid=b39dcb8a-2c99-4bf0-bc4a-769bb432e95b
2026-06-25 03:28:50,742 INFO o.a.j.p.j.s.J.Full charging journey with SSE: [electrahub-jmeter][full][025] payment ready wallet=120.00
2026-06-25 03:28:50,856 INFO o.a.j.p.j.s.J.Full charging journey with SSE: [electrahub-jmeter][full][025] dynamic connector selection found no available connector; using CSV connector
2026-06-25 03:28:51,896 INFO o.a.j.p.j.s.J.Full charging journey with SSE: [electrahub-jmeter][full][025] started session=28d90566-4e71-42ac-a302-4c5655db6257 charger=EH-US-CHG-0025/CON-US-0025 status=PREPARING remote=Accepted attempt=1/1
2026-06-25 03:28:52,246 INFO o.a.j.t.JMeterThread: Thread started: 100 driver charging journeys 1-26
2026-06-25 03:28:52,574 INFO o.a.j.p.j.s.J.Full charging journey with SSE: [electrahub-jmeter][full][026] registered uid=3ffd1dbb-7736-45fa-9ee2-367d57efc547
2026-06-25 03:28:52,722 INFO o.a.j.p.j.s.J.Full charging journey with SSE: [electrahub-jmeter][full][026] accepted terms; refreshing token through login
2026-06-25 03:28:53,123 INFO o.a.j.p.j.s.J.Full charging journey with SSE: [electrahub-jmeter][full][026] logged in uid=3ffd1dbb-7736-45fa-9ee2-367d57efc547
2026-06-25 03:28:53,377 INFO o.a.j.p.j.s.J.Full charging journey with SSE: [electrahub-jmeter][full][026] payment ready wallet=120.00
2026-06-25 03:28:53,483 INFO o.a.j.p.j.s.J.Full charging journey with SSE: [electrahub-jmeter][full][026] dynamic connector selection found no available connector; using CSV connector
2026-06-25 03:28:53,896 INFO o.a.j.p.j.s.J.Full charging journey with SSE: [electrahub-jmeter][full][026] started session=2ad513fe-98be-4d70-9ebc-34fe874413c5 charger=EH-US-CHG-0026/CON-US-0026 status=PREPARING remote=Accepted attempt=1/1
2026-06-25 03:28:54,645 INFO o.a.j.t.JMeterThread: Thread started: 100 driver charging journeys 1-27
2026-06-25 03:28:54,981 INFO o.a.j.p.j.s.J.Full charging journey with SSE: [electrahub-jmeter][full][027] registered uid=d379bf6a-4d8f-4dc0-a615-9d66437444d0
2026-06-25 03:28:55,127 INFO o.a.j.p.j.s.J.Full charging journey with SSE: [electrahub-jmeter][full][027] accepted terms; refreshing token through login
2026-06-25 03:28:55,318 INFO o.a.j.p.j.s.J.Full charging journey with SSE: [electrahub-jmeter][full][027] logged in uid=d379bf6a-4d8f-4dc0-a615-9d66437444d0
2026-06-25 03:28:55,568 INFO o.a.j.p.j.s.J.Full charging journey with SSE: [electrahub-jmeter][full][027] payment ready wallet=120.00
2026-06-25 03:28:55,685 INFO o.a.j.p.j.s.J.Full charging journey with SSE: [electrahub-jmeter][full][027] dynamic connector selection found no available connector; using CSV connector
2026-06-25 03:28:56,958 INFO o.a.j.p.j.s.J.Full charging journey with SSE: [electrahub-jmeter][full][027] started session=a6f23329-d1df-4ac0-8008-c2d48038ff71 charger=EH-US-CHG-0027/CON-US-0027 status=PREPARING remote=Accepted attempt=1/1
2026-06-25 03:28:57,044 INFO o.a.j.t.JMeterThread: Thread started: 100 driver charging journeys 1-28
2026-06-25 03:28:57,344 INFO o.a.j.p.j.s.J.Full charging journey with SSE: [electrahub-jmeter][full][028] registered uid=4c09ce83-6279-402c-95d3-a8010eec93f9
2026-06-25 03:28:57,490 INFO o.a.j.p.j.s.J.Full charging journey with SSE: [electrahub-jmeter][full][028] accepted terms; refreshing token through login
2026-06-25 03:28:57,650 INFO o.a.j.p.j.s.J.Full charging journey with SSE: [electrahub-jmeter][full][028] logged in uid=4c09ce83-6279-402c-95d3-a8010eec93f9
2026-06-25 03:28:57,910 INFO o.a.j.p.j.s.J.Full charging journey with SSE: [electrahub-jmeter][full][028] payment ready wallet=120.00
2026-06-25 03:28:58,041 INFO o.a.j.p.j.s.J.Full charging journey with SSE: [electrahub-jmeter][full][028] dynamic connector selection found no available connector; using CSV connector
2026-06-25 03:28:59,003 INFO o.a.j.p.j.s.J.Full charging journey with SSE: [electrahub-jmeter][full][028] started session=668a3c93-3b80-4764-ac5f-9e16ad4caa7e charger=EH-US-CHG-0028/CON-US-0028 status=PREPARING remote=Accepted attempt=1/1
2026-06-25 03:28:59,436 INFO o.a.j.t.JMeterThread: Thread started: 100 driver charging journeys 1-29
2026-06-25 03:28:59,746 INFO o.a.j.p.j.s.J.Full charging journey with SSE: [electrahub-jmeter][full][029] registered uid=4ad55565-8a6d-4b13-b161-796e1d819aa6
2026-06-25 03:28:59,895 INFO o.a.j.p.j.s.J.Full charging journey with SSE: [electrahub-jmeter][full][029] accepted terms; refreshing token through login
2026-06-25 03:29:00,120 INFO o.a.j.p.j.s.J.Full charging journey with SSE: [electrahub-jmeter][full][029] logged in uid=4ad55565-8a6d-4b13-b161-796e1d819aa6
2026-06-25 03:29:00,385 INFO o.a.j.p.j.s.J.Full charging journey with SSE: [electrahub-jmeter][full][029] payment ready wallet=120.00
2026-06-25 03:29:00,495 INFO o.a.j.p.j.s.J.Full charging journey with SSE: [electrahub-jmeter][full][029] dynamic connector selection found no available connector; using CSV connector
2026-06-25 03:29:01,844 INFO o.a.j.t.JMeterThread: Thread started: 100 driver charging journeys 1-30
2026-06-25 03:29:02,075 INFO o.a.j.p.j.s.J.Full charging journey with SSE: [electrahub-jmeter][full][029] started session=6d1614c2-8b86-4c2a-8000-04723b0a0c1a charger=EH-US-CHG-0029/CON-US-0029 status=PREPARING remote=Accepted attempt=1/1
2026-06-25 03:29:02,130 INFO o.a.j.p.j.s.J.Full charging journey with SSE: [electrahub-jmeter][full][030] registered uid=e62d5586-b8bc-4c23-b988-d1597d17c305
2026-06-25 03:29:02,275 INFO o.a.j.p.j.s.J.Full charging journey with SSE: [electrahub-jmeter][full][030] accepted terms; refreshing token through login
2026-06-25 03:29:02,460 INFO o.a.j.p.j.s.J.Full charging journey with SSE: [electrahub-jmeter][full][030] logged in uid=e62d5586-b8bc-4c23-b988-d1597d17c305
2026-06-25 03:29:02,782 INFO o.a.j.p.j.s.J.Full charging journey with SSE: [electrahub-jmeter][full][030] payment ready wallet=120.00
2026-06-25 03:29:02,890 INFO o.a.j.p.j.s.J.Full charging journey with SSE: [electrahub-jmeter][full][030] dynamic connector selection found no available connector; using CSV connector
2026-06-25 03:29:04,052 INFO o.a.j.p.j.s.J.Full charging journey with SSE: [electrahub-jmeter][full][030] started session=d1171000-9460-4efc-aac3-3844a161bd42 charger=EH-US-CHG-0030/CON-US-0030 status=PREPARING remote=Accepted attempt=1/1
2026-06-25 03:29:04,240 INFO o.a.j.t.JMeterThread: Thread started: 100 driver charging journeys 1-31
2026-06-25 03:29:04,565 INFO o.a.j.p.j.s.J.Full charging journey with SSE: [electrahub-jmeter][full][031] registered uid=3e7016e1-ad93-4063-8d57-277dcfa96b5c
2026-06-25 03:29:04,715 INFO o.a.j.p.j.s.J.Full charging journey with SSE: [electrahub-jmeter][full][031] accepted terms; refreshing token through login
2026-06-25 03:29:04,906 INFO o.a.j.p.j.s.J.Full charging journey with SSE: [electrahub-jmeter][full][031] logged in uid=3e7016e1-ad93-4063-8d57-277dcfa96b5c
2026-06-25 03:29:05,180 INFO o.a.j.p.j.s.J.Full charging journey with SSE: [electrahub-jmeter][full][031] payment ready wallet=120.00
2026-06-25 03:29:05,308 INFO o.a.j.p.j.s.J.Full charging journey with SSE: [electrahub-jmeter][full][031] dynamic connector selection found no available connector; using CSV connector
2026-06-25 03:29:06,020 INFO o.a.j.p.j.s.J.Full charging journey with SSE: [electrahub-jmeter][full][031] started session=632a7af8-97b4-4c8d-a214-2650fd0ad90f charger=EH-US-CHG-0031/CON-US-0031 status=PREPARING remote=Accepted attempt=1/1
2026-06-25 03:29:06,639 INFO o.a.j.t.JMeterThread: Thread started: 100 driver charging journeys 1-32
2026-06-25 03:29:06,939 INFO o.a.j.p.j.s.J.Full charging journey with SSE: [electrahub-jmeter][full][032] registered uid=55b56c1f-8114-401b-8802-de1247c4ab00
2026-06-25 03:29:07,087 INFO o.a.j.p.j.s.J.Full charging journey with SSE: [electrahub-jmeter][full][032] accepted terms; refreshing token through login
2026-06-25 03:29:07,321 INFO o.a.j.p.j.s.J.Full charging journey with SSE: [electrahub-jmeter][full][032] logged in uid=55b56c1f-8114-401b-8802-de1247c4ab00
2026-06-25 03:29:07,609 INFO o.a.j.p.j.s.J.Full charging journey with SSE: [electrahub-jmeter][full][032] payment ready wallet=120.00
2026-06-25 03:29:07,725 INFO o.a.j.p.j.s.J.Full charging journey with SSE: [electrahub-jmeter][full][032] dynamic connector selection found no available connector; using CSV connector
2026-06-25 03:29:08,058 INFO o.a.j.p.j.s.J.Full charging journey with SSE: [electrahub-jmeter][full][032] started session=0179f2c6-eae4-43bd-a8e2-f473ccba4476 charger=EH-US-CHG-0032/CON-US-0032 status=PREPARING remote=Accepted attempt=1/1
2026-06-25 03:29:09,035 INFO o.a.j.t.JMeterThread: Thread started: 100 driver charging journeys 1-33
2026-06-25 03:29:09,380 INFO o.a.j.p.j.s.J.Full charging journey with SSE: [electrahub-jmeter][full][033] registered uid=06deac38-2785-4c8d-9561-08c638a80d78
2026-06-25 03:29:09,518 INFO o.a.j.p.j.s.J.Full charging journey with SSE: [electrahub-jmeter][full][033] accepted terms; refreshing token through login
2026-06-25 03:29:09,721 INFO o.a.j.p.j.s.J.Full charging journey with SSE: [electrahub-jmeter][full][033] logged in uid=06deac38-2785-4c8d-9561-08c638a80d78
2026-06-25 03:29:09,975 INFO o.a.j.p.j.s.J.Full charging journey with SSE: [electrahub-jmeter][full][033] payment ready wallet=120.00
2026-06-25 03:29:10,141 INFO o.a.j.p.j.s.J.Full charging journey with SSE: [electrahub-jmeter][full][033] dynamic connector selection found no available connector; using CSV connector
2026-06-25 03:29:11,053 INFO o.a.j.p.j.s.J.Full charging journey with SSE: [electrahub-jmeter][full][033] started session=37b31ad2-6fc3-42ad-ad7c-47986a132cc1 charger=EH-US-CHG-0033/CON-US-0033 status=PREPARING remote=Accepted attempt=1/1
2026-06-25 03:29:11,586 INFO o.a.j.t.JMeterThread: Thread started: 100 driver charging journeys 1-34
2026-06-25 03:29:11,988 INFO o.a.j.p.j.s.J.Full charging journey with SSE: [electrahub-jmeter][full][034] registered uid=67d01a78-8dc6-4c26-a6b2-10089daf1c8a
2026-06-25 03:29:12,134 INFO o.a.j.p.j.s.J.Full charging journey with SSE: [electrahub-jmeter][full][034] accepted terms; refreshing token through login
2026-06-25 03:29:12,381 INFO o.a.j.p.j.s.J.Full charging journey with SSE: [electrahub-jmeter][full][034] logged in uid=67d01a78-8dc6-4c26-a6b2-10089daf1c8a
2026-06-25 03:29:12,661 INFO o.a.j.p.j.s.J.Full charging journey with SSE: [electrahub-jmeter][full][034] payment ready wallet=120.00
2026-06-25 03:29:12,780 INFO o.a.j.p.j.s.J.Full charging journey with SSE: [electrahub-jmeter][full][034] dynamic connector selection found no available connector; using CSV connector
2026-06-25 03:29:13,222 INFO o.a.j.p.j.s.J.Full charging journey with SSE: [electrahub-jmeter][full][034] started session=345de56b-3246-4500-ae82-781d6e53138c charger=EH-US-CHG-0034/CON-US-0034 status=PREPARING remote=Accepted attempt=1/1
2026-06-25 03:29:13,838 INFO o.a.j.t.JMeterThread: Thread started: 100 driver charging journeys 1-35
2026-06-25 03:29:14,211 INFO o.a.j.p.j.s.J.Full charging journey with SSE: [electrahub-jmeter][full][035] registered uid=d0da6e50-9418-41c5-9f3e-ff121f6b15e3
2026-06-25 03:29:14,364 INFO o.a.j.p.j.s.J.Full charging journey with SSE: [electrahub-jmeter][full][035] accepted terms; refreshing token through login
2026-06-25 03:29:14,609 INFO o.a.j.p.j.s.J.Full charging journey with SSE: [electrahub-jmeter][full][035] logged in uid=d0da6e50-9418-41c5-9f3e-ff121f6b15e3
2026-06-25 03:29:14,923 INFO o.a.j.p.j.s.J.Full charging journey with SSE: [electrahub-jmeter][full][035] payment ready wallet=120.00
2026-06-25 03:29:15,043 INFO o.a.j.p.j.s.J.Full charging journey with SSE: [electrahub-jmeter][full][035] dynamic connector selection found no available connector; using CSV connector
2026-06-25 03:29:16,235 INFO o.a.j.t.JMeterThread: Thread started: 100 driver charging journeys 1-36
2026-06-25 03:29:16,304 INFO o.a.j.p.j.s.J.Full charging journey with SSE: [electrahub-jmeter][full][035] started session=4aec1dc2-dca2-4cf3-8378-c20ace80db17 charger=EH-US-CHG-0035/CON-US-0035 status=PREPARING remote=Accepted attempt=1/1
2026-06-25 03:29:16,526 INFO o.a.j.p.j.s.J.Full charging journey with SSE: [electrahub-jmeter][full][036] registered uid=57ce02f3-5e95-4b3a-8a5b-130ec2574618
2026-06-25 03:29:16,679 INFO o.a.j.p.j.s.J.Full charging journey with SSE: [electrahub-jmeter][full][036] accepted terms; refreshing token through login
2026-06-25 03:29:16,837 INFO o.a.j.p.j.s.J.Full charging journey with SSE: [electrahub-jmeter][full][036] logged in uid=57ce02f3-5e95-4b3a-8a5b-130ec2574618
2026-06-25 03:29:17,092 INFO o.a.j.p.j.s.J.Full charging journey with SSE: [electrahub-jmeter][full][036] payment ready wallet=120.00
2026-06-25 03:29:17,205 INFO o.a.j.p.j.s.J.Full charging journey with SSE: [electrahub-jmeter][full][036] dynamic connector selection found no available connector; using CSV connector
2026-06-25 03:29:18,364 INFO o.a.j.p.j.s.J.Full charging journey with SSE: [electrahub-jmeter][full][036] started session=8caea14d-3fe0-4615-9a12-64545ccd1bd4 charger=EH-US-CHG-0036/CON-US-0036 status=PREPARING remote=Accepted attempt=1/1
2026-06-25 03:29:18,636 INFO o.a.j.t.JMeterThread: Thread started: 100 driver charging journeys 1-37
2026-06-25 03:29:18,923 INFO o.a.j.p.j.s.J.Full charging journey with SSE: [electrahub-jmeter][full][037] registered uid=18130fda-646e-4957-a47c-f22702ab570c
2026-06-25 03:29:19,062 INFO o.a.j.p.j.s.J.Full charging journey with SSE: [electrahub-jmeter][full][037] accepted terms; refreshing token through login
2026-06-25 03:29:19,270 INFO o.a.j.p.j.s.J.Full charging journey with SSE: [electrahub-jmeter][full][037] logged in uid=18130fda-646e-4957-a47c-f22702ab570c
2026-06-25 03:29:19,559 INFO o.a.j.p.j.s.J.Full charging journey with SSE: [electrahub-jmeter][full][037] payment ready wallet=120.00
2026-06-25 03:29:19,732 INFO o.a.j.p.j.s.J.Full charging journey with SSE: [electrahub-jmeter][full][037] dynamic connector selection found no available connector; using CSV connector
2026-06-25 03:29:20,356 INFO o.a.j.p.j.s.J.Full charging journey with SSE: [electrahub-jmeter][full][037] started session=965443de-3664-4563-a8b7-380577fda743 charger=EH-US-CHG-0037/CON-US-0037 status=PREPARING remote=Accepted attempt=1/1
2026-06-25 03:29:21,042 INFO o.a.j.t.JMeterThread: Thread started: 100 driver charging journeys 1-38
2026-06-25 03:29:21,330 INFO o.a.j.p.j.s.J.Full charging journey with SSE: [electrahub-jmeter][full][038] registered uid=5a41951b-8ae3-4259-9cf3-1107676a16f5
2026-06-25 03:29:21,501 INFO o.a.j.p.j.s.J.Full charging journey with SSE: [electrahub-jmeter][full][038] accepted terms; refreshing token through login
2026-06-25 03:29:21,701 INFO o.a.j.p.j.s.J.Full charging journey with SSE: [electrahub-jmeter][full][038] logged in uid=5a41951b-8ae3-4259-9cf3-1107676a16f5
2026-06-25 03:29:21,956 INFO o.a.j.p.j.s.J.Full charging journey with SSE: [electrahub-jmeter][full][038] payment ready wallet=120.00
2026-06-25 03:29:22,073 INFO o.a.j.p.j.s.J.Full charging journey with SSE: [electrahub-jmeter][full][038] dynamic connector selection found no available connector; using CSV connector
2026-06-25 03:29:23,410 INFO o.a.j.p.j.s.J.Full charging journey with SSE: [electrahub-jmeter][full][038] started session=0aa62c7d-971e-4da5-b727-a1c4933931db charger=EH-US-CHG-0038/CON-US-0038 status=PREPARING remote=Accepted attempt=1/1
2026-06-25 03:29:23,438 INFO o.a.j.t.JMeterThread: Thread started: 100 driver charging journeys 1-39
2026-06-25 03:29:23,720 INFO o.a.j.p.j.s.J.Full charging journey with SSE: [electrahub-jmeter][full][039] registered uid=99eb6c55-3727-4800-acaa-8e12cc85a767
2026-06-25 03:29:23,882 INFO o.a.j.p.j.s.J.Full charging journey with SSE: [electrahub-jmeter][full][039] accepted terms; refreshing token through login
2026-06-25 03:29:24,066 INFO o.a.j.p.j.s.J.Full charging journey with SSE: [electrahub-jmeter][full][039] logged in uid=99eb6c55-3727-4800-acaa-8e12cc85a767
2026-06-25 03:29:24,346 INFO o.a.j.p.j.s.J.Full charging journey with SSE: [electrahub-jmeter][full][039] payment ready wallet=120.00
2026-06-25 03:29:24,470 INFO o.a.j.p.j.s.J.Full charging journey with SSE: [electrahub-jmeter][full][039] dynamic connector selection found no available connector; using CSV connector
2026-06-25 03:29:25,403 INFO o.a.j.p.j.s.J.Full charging journey with SSE: [electrahub-jmeter][full][039] started session=cb517230-8f24-4819-a058-9ed2b312be70 charger=EH-US-CHG-0039/CON-US-0039 status=PREPARING remote=Accepted attempt=1/1
2026-06-25 03:29:25,834 INFO o.a.j.t.JMeterThread: Thread started: 100 driver charging journeys 1-40
2026-06-25 03:29:26,128 INFO o.a.j.p.j.s.J.Full charging journey with SSE: [electrahub-jmeter][full][040] registered uid=055ee2a7-75be-4b89-8b57-d47e0612a1c2
2026-06-25 03:29:26,307 INFO o.a.j.p.j.s.J.Full charging journey with SSE: [electrahub-jmeter][full][040] accepted terms; refreshing token through login
2026-06-25 03:29:27,110 INFO o.a.j.p.j.s.J.Full charging journey with SSE: [electrahub-jmeter][full][040] logged in uid=055ee2a7-75be-4b89-8b57-d47e0612a1c2
2026-06-25 03:29:27,398 INFO o.a.j.p.j.s.J.Full charging journey with SSE: [electrahub-jmeter][full][040] payment ready wallet=120.00
2026-06-25 03:29:27,511 INFO o.a.j.p.j.s.J.Full charging journey with SSE: [electrahub-jmeter][full][040] dynamic connector selection found no available connector; using CSV connector
2026-06-25 03:29:28,235 INFO o.a.j.t.JMeterThread: Thread started: 100 driver charging journeys 1-41
2026-06-25 03:29:28,407 INFO o.a.j.p.j.s.J.Full charging journey with SSE: [electrahub-jmeter][full][040] started session=fd41cf4d-ef68-4daf-858b-e11aed136f44 charger=EH-US-CHG-0040/CON-US-0040 status=PREPARING remote=Accepted attempt=1/1
2026-06-25 03:29:28,525 INFO o.a.j.p.j.s.J.Full charging journey with SSE: [electrahub-jmeter][full][041] registered uid=abeef2b2-b147-4b73-9bee-c773b112fc9f
2026-06-25 03:29:28,656 INFO o.a.j.p.j.s.J.Full charging journey with SSE: [electrahub-jmeter][full][041] accepted terms; refreshing token through login
2026-06-25 03:29:28,823 INFO o.a.j.p.j.s.J.Full charging journey with SSE: [electrahub-jmeter][full][041] logged in uid=abeef2b2-b147-4b73-9bee-c773b112fc9f
2026-06-25 03:29:29,166 INFO o.a.j.p.j.s.J.Full charging journey with SSE: [electrahub-jmeter][full][041] payment ready wallet=120.00
2026-06-25 03:29:29,333 INFO o.a.j.p.j.s.J.Full charging journey with SSE: [electrahub-jmeter][full][041] dynamic connector selection found no available connector; using CSV connector
2026-06-25 03:29:30,449 INFO o.a.j.p.j.s.J.Full charging journey with SSE: [electrahub-jmeter][full][041] started session=ae6362b1-48bd-4e89-9542-fe82dbee00cc charger=EH-US-CHG-0041/CON-US-0041 status=PREPARING remote=Accepted attempt=1/1
2026-06-25 03:29:30,637 INFO o.a.j.t.JMeterThread: Thread started: 100 driver charging journeys 1-42
2026-06-25 03:29:31,069 INFO o.a.j.p.j.s.J.Full charging journey with SSE: [electrahub-jmeter][full][042] registered uid=74a4f465-a011-4ec1-b87b-71677505464b
2026-06-25 03:29:31,205 INFO o.a.j.p.j.s.J.Full charging journey with SSE: [electrahub-jmeter][full][042] accepted terms; refreshing token through login
2026-06-25 03:29:31,411 INFO o.a.j.p.j.s.J.Full charging journey with SSE: [electrahub-jmeter][full][042] logged in uid=74a4f465-a011-4ec1-b87b-71677505464b
2026-06-25 03:29:31,702 INFO o.a.j.p.j.s.J.Full charging journey with SSE: [electrahub-jmeter][full][042] payment ready wallet=120.00
2026-06-25 03:29:31,903 INFO o.a.j.p.j.s.J.Full charging journey with SSE: [electrahub-jmeter][full][042] dynamic connector selection found no available connector; using CSV connector
2026-06-25 03:29:32,506 INFO o.a.j.p.j.s.J.Full charging journey with SSE: [electrahub-jmeter][full][042] started session=d946ff07-ce0e-42eb-bc94-3e8c481777a2 charger=EH-US-CHG-0042/CON-US-0042 status=PREPARING remote=Accepted attempt=1/1
2026-06-25 03:29:33,036 INFO o.a.j.t.JMeterThread: Thread started: 100 driver charging journeys 1-43
2026-06-25 03:29:33,460 INFO o.a.j.p.j.s.J.Full charging journey with SSE: [electrahub-jmeter][full][001] sse ok connected=1 snapshot=2 updates=39 receipts=0 heartbeats=0
2026-06-25 03:29:33,460 INFO o.a.j.p.j.s.J.Full charging journey with SSE: [electrahub-jmeter][full][004] sse ok connected=1 snapshot=2 updates=37 receipts=0 heartbeats=0
2026-06-25 03:29:33,464 INFO o.a.j.p.j.s.J.Full charging journey with SSE: [electrahub-jmeter][full][001] holding session for 81s before stop
2026-06-25 03:29:33,464 INFO o.a.j.p.j.s.J.Full charging journey with SSE: [electrahub-jmeter][full][004] holding session for 86s before stop
2026-06-25 03:29:33,469 INFO o.a.j.p.j.s.J.Full charging journey with SSE: [electrahub-jmeter][full][043] registered uid=d41ed53d-f3da-4055-9b15-b3265a618002
2026-06-25 03:29:33,612 INFO o.a.j.p.j.s.J.Full charging journey with SSE: [electrahub-jmeter][full][043] accepted terms; refreshing token through login
2026-06-25 03:29:33,805 INFO o.a.j.p.j.s.J.Full charging journey with SSE: [electrahub-jmeter][full][043] logged in uid=d41ed53d-f3da-4055-9b15-b3265a618002
2026-06-25 03:29:34,045 INFO o.a.j.p.j.s.J.Full charging journey with SSE: [electrahub-jmeter][full][043] payment ready wallet=120.00
2026-06-25 03:29:34,163 INFO o.a.j.p.j.s.J.Full charging journey with SSE: [electrahub-jmeter][full][043] dynamic connector selection found no available connector; using CSV connector
2026-06-25 03:29:34,428 INFO o.a.j.p.j.s.J.Full charging journey with SSE: [electrahub-jmeter][full][002] sse ok connected=1 snapshot=2 updates=37 receipts=0 heartbeats=0
2026-06-25 03:29:34,430 INFO o.a.j.p.j.s.J.Full charging journey with SSE: [electrahub-jmeter][full][002] holding session for 81s before stop
2026-06-25 03:29:35,435 INFO o.a.j.t.JMeterThread: Thread started: 100 driver charging journeys 1-44
2026-06-25 03:29:35,503 INFO o.a.j.p.j.s.J.Full charging journey with SSE: [electrahub-jmeter][full][003] sse ok connected=1 snapshot=2 updates=39 receipts=0 heartbeats=0
2026-06-25 03:29:35,504 INFO o.a.j.p.j.s.J.Full charging journey with SSE: [electrahub-jmeter][full][043] started session=638e5344-c5dc-4b4b-abec-f009d3c26ab2 charger=EH-US-CHG-0043/CON-US-0043 status=PREPARING remote=Accepted attempt=1/1
2026-06-25 03:29:35,505 INFO o.a.j.p.j.s.J.Full charging journey with SSE: [electrahub-jmeter][full][003] holding session for 82s before stop
2026-06-25 03:29:35,786 INFO o.a.j.p.j.s.J.Full charging journey with SSE: [electrahub-jmeter][full][044] registered uid=375cc253-7cda-45f3-830a-d2df3b8c796b
2026-06-25 03:29:35,924 INFO o.a.j.p.j.s.J.Full charging journey with SSE: [electrahub-jmeter][full][044] accepted terms; refreshing token through login
2026-06-25 03:29:36,110 INFO o.a.j.p.j.s.J.Full charging journey with SSE: [electrahub-jmeter][full][044] logged in uid=375cc253-7cda-45f3-830a-d2df3b8c796b
2026-06-25 03:29:36,432 INFO o.a.j.p.j.s.J.Full charging journey with SSE: [electrahub-jmeter][full][044] payment ready wallet=120.00
2026-06-25 03:29:36,542 INFO o.a.j.p.j.s.J.Full charging journey with SSE: [electrahub-jmeter][full][044] dynamic connector selection found no available connector; using CSV connector
2026-06-25 03:29:37,554 INFO o.a.j.p.j.s.J.Full charging journey with SSE: [electrahub-jmeter][full][044] started session=b0f8b3cc-5074-401e-9d04-407f3fefd861 charger=EH-US-CHG-0044/CON-US-0044 status=PREPARING remote=Accepted attempt=1/1
2026-06-25 03:29:37,837 INFO o.a.j.t.JMeterThread: Thread started: 100 driver charging journeys 1-45
2026-06-25 03:29:38,219 INFO o.a.j.p.j.s.J.Full charging journey with SSE: [electrahub-jmeter][full][045] registered uid=02fc0aaf-1c14-4542-9679-dda7cbd193d1
2026-06-25 03:29:38,359 INFO o.a.j.p.j.s.J.Full charging journey with SSE: [electrahub-jmeter][full][045] accepted terms; refreshing token through login
2026-06-25 03:29:38,585 INFO o.a.j.p.j.s.J.Full charging journey with SSE: [electrahub-jmeter][full][045] logged in uid=02fc0aaf-1c14-4542-9679-dda7cbd193d1
2026-06-25 03:29:38,824 INFO o.a.j.p.j.s.J.Full charging journey with SSE: [electrahub-jmeter][full][045] payment ready wallet=120.00
2026-06-25 03:29:38,927 INFO o.a.j.p.j.s.J.Full charging journey with SSE: [electrahub-jmeter][full][045] dynamic connector selection found no available connector; using CSV connector
2026-06-25 03:29:39,577 INFO o.a.j.p.j.s.J.Full charging journey with SSE: [electrahub-jmeter][full][045] started session=83ed198f-db34-4b5d-ab9f-c95204135416 charger=EH-US-CHG-0045/CON-US-0045 status=PREPARING remote=Accepted attempt=1/1
2026-06-25 03:29:40,236 INFO o.a.j.t.JMeterThread: Thread started: 100 driver charging journeys 1-46
2026-06-25 03:29:40,520 INFO o.a.j.p.j.s.J.Full charging journey with SSE: [electrahub-jmeter][full][005] sse ok connected=1 snapshot=2 updates=37 receipts=0 heartbeats=0
2026-06-25 03:29:40,522 INFO o.a.j.p.j.s.J.Full charging journey with SSE: [electrahub-jmeter][full][005] holding session for 82s before stop
2026-06-25 03:29:40,685 INFO o.a.j.p.j.s.J.Full charging journey with SSE: [electrahub-jmeter][full][046] registered uid=6253b5e0-7f2b-446f-9626-d324af889bcb
2026-06-25 03:29:40,877 INFO o.a.j.p.j.s.J.Full charging journey with SSE: [electrahub-jmeter][full][046] accepted terms; refreshing token through login
2026-06-25 03:29:41,056 INFO o.a.j.p.j.s.J.Full charging journey with SSE: [electrahub-jmeter][full][046] logged in uid=6253b5e0-7f2b-446f-9626-d324af889bcb
2026-06-25 03:29:41,326 INFO o.a.j.p.j.s.J.Full charging journey with SSE: [electrahub-jmeter][full][046] payment ready wallet=120.00
2026-06-25 03:29:41,425 INFO o.a.j.p.j.s.J.Full charging journey with SSE: [electrahub-jmeter][full][046] dynamic connector selection found no available connector; using CSV connector
2026-06-25 03:29:42,635 INFO o.a.j.t.JMeterThread: Thread started: 100 driver charging journeys 1-47
2026-06-25 03:29:42,700 INFO o.a.j.p.j.s.J.Full charging journey with SSE: [electrahub-jmeter][full][046] started session=be733283-273f-4454-8084-a561ad188fd2 charger=EH-US-CHG-0046/CON-US-0046 status=PREPARING remote=Accepted attempt=1/1
2026-06-25 03:29:42,752 INFO o.a.j.p.j.s.J.Full charging journey with SSE: [electrahub-jmeter][full][006] sse ok connected=1 snapshot=2 updates=37 receipts=0 heartbeats=0
2026-06-25 03:29:42,753 INFO o.a.j.p.j.s.J.Full charging journey with SSE: [electrahub-jmeter][full][006] holding session for 82s before stop
2026-06-25 03:29:42,970 INFO o.a.j.p.j.s.J.Full charging journey with SSE: [electrahub-jmeter][full][047] registered uid=217c1a4e-5330-4cb0-a529-169bf8521153
2026-06-25 03:29:43,104 INFO o.a.j.p.j.s.J.Full charging journey with SSE: [electrahub-jmeter][full][047] accepted terms; refreshing token through login
2026-06-25 03:29:43,360 INFO o.a.j.p.j.s.J.Full charging journey with SSE: [electrahub-jmeter][full][047] logged in uid=217c1a4e-5330-4cb0-a529-169bf8521153
2026-06-25 03:29:43,622 INFO o.a.j.p.j.s.J.Full charging journey with SSE: [electrahub-jmeter][full][047] payment ready wallet=120.00
2026-06-25 03:29:43,801 INFO o.a.j.p.j.s.J.Full charging journey with SSE: [electrahub-jmeter][full][047] dynamic connector selection found no available connector; using CSV connector
2026-06-25 03:29:44,803 INFO o.a.j.p.j.s.J.Full charging journey with SSE: [electrahub-jmeter][full][047] started session=3a9de003-8759-4c92-9b61-f9db6e229c4e charger=EH-US-CHG-0047/CON-US-0047 status=PREPARING remote=Accepted attempt=1/1
2026-06-25 03:29:45,032 INFO o.a.j.t.JMeterThread: Thread started: 100 driver charging journeys 1-48
2026-06-25 03:29:45,353 INFO o.a.j.p.j.s.J.Full charging journey with SSE: [electrahub-jmeter][full][048] registered uid=ecc2b99c-4cd8-4f4b-ad5a-e05b79d6904e
2026-06-25 03:29:45,497 INFO o.a.j.p.j.s.J.Full charging journey with SSE: [electrahub-jmeter][full][048] accepted terms; refreshing token through login
2026-06-25 03:29:45,664 INFO o.a.j.p.j.s.J.Full charging journey with SSE: [electrahub-jmeter][full][048] logged in uid=ecc2b99c-4cd8-4f4b-ad5a-e05b79d6904e
2026-06-25 03:29:45,728 INFO o.a.j.p.j.s.J.Full charging journey with SSE: [electrahub-jmeter][full][007] sse ok connected=1 snapshot=2 updates=37 receipts=0 heartbeats=0
2026-06-25 03:29:45,730 INFO o.a.j.p.j.s.J.Full charging journey with SSE: [electrahub-jmeter][full][007] holding session for 81s before stop
2026-06-25 03:29:45,954 INFO o.a.j.p.j.s.J.Full charging journey with SSE: [electrahub-jmeter][full][048] payment ready wallet=120.00
2026-06-25 03:29:46,052 INFO o.a.j.p.j.s.J.Full charging journey with SSE: [electrahub-jmeter][full][048] dynamic connector selection found no available connector; using CSV connector
2026-06-25 03:29:46,811 INFO o.a.j.p.j.s.J.Full charging journey with SSE: [electrahub-jmeter][full][048] started session=f27094a2-c6f2-43be-82dc-5a459a7bc27c charger=EH-US-CHG-0048/CON-US-0048 status=PREPARING remote=Accepted attempt=1/1
2026-06-25 03:29:47,438 INFO o.a.j.t.JMeterThread: Thread started: 100 driver charging journeys 1-49
2026-06-25 03:29:47,740 INFO o.a.j.p.j.s.J.Full charging journey with SSE: [electrahub-jmeter][full][008] sse ok connected=1 snapshot=2 updates=37 receipts=0 heartbeats=0
2026-06-25 03:29:47,741 INFO o.a.j.p.j.s.J.Full charging journey with SSE: [electrahub-jmeter][full][008] holding session for 82s before stop
2026-06-25 03:29:47,767 INFO o.a.j.p.j.s.J.Full charging journey with SSE: [electrahub-jmeter][full][049] registered uid=3829509d-ef29-4c1c-9850-342287588968
2026-06-25 03:29:47,796 INFO o.a.j.p.j.s.J.Full charging journey with SSE: [electrahub-jmeter][full][010] sse ok connected=1 snapshot=2 updates=37 receipts=0 heartbeats=0
2026-06-25 03:29:47,797 INFO o.a.j.p.j.s.J.Full charging journey with SSE: [electrahub-jmeter][full][010] holding session for 87s before stop
2026-06-25 03:29:47,935 INFO o.a.j.p.j.s.J.Full charging journey with SSE: [electrahub-jmeter][full][049] accepted terms; refreshing token through login
2026-06-25 03:29:48,118 INFO o.a.j.p.j.s.J.Full charging journey with SSE: [electrahub-jmeter][full][049] logged in uid=3829509d-ef29-4c1c-9850-342287588968
2026-06-25 03:29:48,393 INFO o.a.j.p.j.s.J.Full charging journey with SSE: [electrahub-jmeter][full][049] payment ready wallet=120.00
2026-06-25 03:29:48,543 INFO o.a.j.p.j.s.J.Full charging journey with SSE: [electrahub-jmeter][full][049] dynamic connector selection found no available connector; using CSV connector
2026-06-25 03:29:49,832 INFO o.a.j.t.JMeterThread: Thread started: 100 driver charging journeys 1-50
2026-06-25 03:29:49,855 INFO o.a.j.p.j.s.J.Full charging journey with SSE: [electrahub-jmeter][full][049] started session=456841d5-b6b9-4712-82ad-aae1f31ba0b6 charger=EH-US-CHG-0049/CON-US-0049 status=PREPARING remote=Accepted attempt=1/1
2026-06-25 03:29:50,181 INFO o.a.j.p.j.s.J.Full charging journey with SSE: [electrahub-jmeter][full][050] registered uid=85931bc5-1049-4445-9ba2-b6aea3a3200f
2026-06-25 03:29:50,314 INFO o.a.j.p.j.s.J.Full charging journey with SSE: [electrahub-jmeter][full][050] accepted terms; refreshing token through login
2026-06-25 03:29:50,525 INFO o.a.j.p.j.s.J.Full charging journey with SSE: [electrahub-jmeter][full][050] logged in uid=85931bc5-1049-4445-9ba2-b6aea3a3200f
2026-06-25 03:29:50,815 INFO o.a.j.p.j.s.J.Full charging journey with SSE: [electrahub-jmeter][full][050] payment ready wallet=120.00
2026-06-25 03:29:50,957 INFO o.a.j.p.j.s.J.Full charging journey with SSE: [electrahub-jmeter][full][009] sse ok connected=1 snapshot=2 updates=37 receipts=0 heartbeats=0
2026-06-25 03:29:50,958 INFO o.a.j.p.j.s.J.Full charging journey with SSE: [electrahub-jmeter][full][009] holding session for 81s before stop
2026-06-25 03:29:51,025 INFO o.a.j.p.j.s.J.Full charging journey with SSE: [electrahub-jmeter][full][050] dynamic connector selection found no available connector; using CSV connector
2026-06-25 03:29:51,794 INFO o.a.j.p.j.s.J.Full charging journey with SSE: [electrahub-jmeter][full][050] started session=53febd2a-aca4-4f57-bb07-dce6ef5f7bdb charger=EH-US-CHG-0050/CON-US-0050 status=PREPARING remote=Accepted attempt=1/1
2026-06-25 03:29:54,821 INFO o.a.j.p.j.s.J.Full charging journey with SSE: [electrahub-jmeter][full][011] sse ok connected=1 snapshot=2 updates=37 receipts=0 heartbeats=0
2026-06-25 03:29:54,822 INFO o.a.j.p.j.s.J.Full charging journey with SSE: [electrahub-jmeter][full][011] holding session for 82s before stop
2026-06-25 03:29:56,838 INFO o.a.j.p.j.s.J.Full charging journey with SSE: [electrahub-jmeter][full][012] sse ok connected=1 snapshot=2 updates=39 receipts=0 heartbeats=0
2026-06-25 03:29:56,839 INFO o.a.j.p.j.s.J.Full charging journey with SSE: [electrahub-jmeter][full][012] holding session for 82s before stop
2026-06-25 03:29:59,870 INFO o.a.j.p.j.s.J.Full charging journey with SSE: [electrahub-jmeter][full][013] sse ok connected=1 snapshot=2 updates=37 receipts=0 heartbeats=0
2026-06-25 03:29:59,871 INFO o.a.j.p.j.s.J.Full charging journey with SSE: [electrahub-jmeter][full][013] holding session for 82s before stop
2026-06-25 03:30:01,887 INFO o.a.j.p.j.s.J.Full charging journey with SSE: [electrahub-jmeter][full][014] sse ok connected=1 snapshot=2 updates=37 receipts=0 heartbeats=0
2026-06-25 03:30:01,888 INFO o.a.j.p.j.s.J.Full charging journey with SSE: [electrahub-jmeter][full][014] holding session for 82s before stop
2026-06-25 03:30:03,949 INFO o.a.j.p.j.s.J.Full charging journey with SSE: [electrahub-jmeter][full][015] sse ok connected=1 snapshot=2 updates=39 receipts=0 heartbeats=0
2026-06-25 03:30:03,951 INFO o.a.j.p.j.s.J.Full charging journey with SSE: [electrahub-jmeter][full][015] holding session for 82s before stop
2026-06-25 03:30:06,947 INFO o.a.j.p.j.s.J.Full charging journey with SSE: [electrahub-jmeter][full][016] sse ok connected=1 snapshot=2 updates=37 receipts=0 heartbeats=0
2026-06-25 03:30:06,949 INFO o.a.j.p.j.s.J.Full charging journey with SSE: [electrahub-jmeter][full][016] holding session for 82s before stop
2026-06-25 03:30:08,971 INFO o.a.j.p.j.s.J.Full charging journey with SSE: [electrahub-jmeter][full][017] sse ok connected=1 snapshot=2 updates=37 receipts=0 heartbeats=0
2026-06-25 03:30:08,972 INFO o.a.j.p.j.s.J.Full charging journey with SSE: [electrahub-jmeter][full][017] holding session for 82s before stop
2026-06-25 03:30:11,048 INFO o.a.j.p.j.s.J.Full charging journey with SSE: [electrahub-jmeter][full][018] sse ok connected=1 snapshot=2 updates=39 receipts=0 heartbeats=0
2026-06-25 03:30:11,050 INFO o.a.j.p.j.s.J.Full charging journey with SSE: [electrahub-jmeter][full][018] holding session for 83s before stop
2026-06-25 03:30:14,162 INFO o.a.j.p.j.s.J.Full charging journey with SSE: [electrahub-jmeter][full][019] sse ok connected=1 snapshot=2 updates=37 receipts=0 heartbeats=0
2026-06-25 03:30:14,164 INFO o.a.j.p.j.s.J.Full charging journey with SSE: [electrahub-jmeter][full][019] holding session for 82s before stop
2026-06-25 03:30:16,194 INFO o.a.j.p.j.s.J.Full charging journey with SSE: [electrahub-jmeter][full][020] sse ok connected=1 snapshot=2 updates=37 receipts=0 heartbeats=0
2026-06-25 03:30:16,195 INFO o.a.j.p.j.s.J.Full charging journey with SSE: [electrahub-jmeter][full][020] holding session for 82s before stop
2026-06-25 03:30:19,217 INFO o.a.j.p.j.s.J.Full charging journey with SSE: [electrahub-jmeter][full][021] sse ok connected=1 snapshot=2 updates=39 receipts=0 heartbeats=0
2026-06-25 03:30:19,218 INFO o.a.j.p.j.s.J.Full charging journey with SSE: [electrahub-jmeter][full][021] holding session for 82s before stop
2026-06-25 03:30:21,235 INFO o.a.j.p.j.s.J.Full charging journey with SSE: [electrahub-jmeter][full][022] sse ok connected=1 snapshot=2 updates=37 receipts=0 heartbeats=0
2026-06-25 03:30:21,236 INFO o.a.j.p.j.s.J.Full charging journey with SSE: [electrahub-jmeter][full][022] holding session for 82s before stop
2026-06-25 03:30:21,239 INFO o.a.j.p.j.s.J.Full charging journey with SSE: [electrahub-jmeter][full][024] sse ok connected=1 snapshot=2 updates=39 receipts=0 heartbeats=0
2026-06-25 03:30:21,239 INFO o.a.j.p.j.s.J.Full charging journey with SSE: [electrahub-jmeter][full][024] holding session for 87s before stop
2026-06-25 03:30:23,256 INFO o.a.j.p.j.s.J.Full charging journey with SSE: [electrahub-jmeter][full][023] sse ok connected=1 snapshot=2 updates=37 receipts=0 heartbeats=0
2026-06-25 03:30:23,257 INFO o.a.j.p.j.s.J.Full charging journey with SSE: [electrahub-jmeter][full][023] holding session for 82s before stop
2026-06-25 03:30:28,286 INFO o.a.j.p.j.s.J.Full charging journey with SSE: [electrahub-jmeter][full][025] sse ok connected=1 snapshot=2 updates=37 receipts=0 heartbeats=0
2026-06-25 03:30:28,287 INFO o.a.j.p.j.s.J.Full charging journey with SSE: [electrahub-jmeter][full][025] holding session for 82s before stop
2026-06-25 03:30:30,314 INFO o.a.j.p.j.s.J.Full charging journey with SSE: [electrahub-jmeter][full][026] sse ok connected=1 snapshot=2 updates=39 receipts=0 heartbeats=0
2026-06-25 03:30:30,315 INFO o.a.j.p.j.s.J.Full charging journey with SSE: [electrahub-jmeter][full][026] holding session for 82s before stop
2026-06-25 03:30:33,341 INFO o.a.j.p.j.s.J.Full charging journey with SSE: [electrahub-jmeter][full][027] sse ok connected=1 snapshot=2 updates=37 receipts=0 heartbeats=0
2026-06-25 03:30:33,342 INFO o.a.j.p.j.s.J.Full charging journey with SSE: [electrahub-jmeter][full][027] holding session for 82s before stop
2026-06-25 03:30:35,362 INFO o.a.j.p.j.s.J.Full charging journey with SSE: [electrahub-jmeter][full][028] sse ok connected=1 snapshot=2 updates=37 receipts=0 heartbeats=0
2026-06-25 03:30:35,363 INFO o.a.j.p.j.s.J.Full charging journey with SSE: [electrahub-jmeter][full][028] holding session for 82s before stop
2026-06-25 03:30:38,399 INFO o.a.j.p.j.s.J.Full charging journey with SSE: [electrahub-jmeter][full][029] sse ok connected=1 snapshot=2 updates=37 receipts=0 heartbeats=0
2026-06-25 03:30:38,400 INFO o.a.j.p.j.s.J.Full charging journey with SSE: [electrahub-jmeter][full][029] holding session for 82s before stop
2026-06-25 03:30:40,408 INFO o.a.j.p.j.s.J.Full charging journey with SSE: [electrahub-jmeter][full][032] sse ok connected=1 snapshot=2 updates=37 receipts=0 heartbeats=0
2026-06-25 03:30:40,409 INFO o.a.j.p.j.s.J.Full charging journey with SSE: [electrahub-jmeter][full][032] holding session for 87s before stop
2026-06-25 03:30:40,411 INFO o.a.j.p.j.s.J.Full charging journey with SSE: [electrahub-jmeter][full][030] sse ok connected=1 snapshot=2 updates=37 receipts=0 heartbeats=0
2026-06-25 03:30:40,412 INFO o.a.j.p.j.s.J.Full charging journey with SSE: [electrahub-jmeter][full][030] holding session for 82s before stop
2026-06-25 03:30:42,430 INFO o.a.j.p.j.s.J.Full charging journey with SSE: [electrahub-jmeter][full][031] sse ok connected=1 snapshot=2 updates=37 receipts=0 heartbeats=0
2026-06-25 03:30:42,431 INFO o.a.j.p.j.s.J.Full charging journey with SSE: [electrahub-jmeter][full][031] holding session for 82s before stop
2026-06-25 03:30:47,505 INFO o.a.j.p.j.s.J.Full charging journey with SSE: [electrahub-jmeter][full][033] sse ok connected=1 snapshot=2 updates=37 receipts=0 heartbeats=0
2026-06-25 03:30:47,506 INFO o.a.j.p.j.s.J.Full charging journey with SSE: [electrahub-jmeter][full][033] holding session for 82s before stop
2026-06-25 03:30:49,549 INFO o.a.j.p.j.s.J.Full charging journey with SSE: [electrahub-jmeter][full][034] sse ok connected=1 snapshot=2 updates=39 receipts=0 heartbeats=0
2026-06-25 03:30:49,550 INFO o.a.j.p.j.s.J.Full charging journey with SSE: [electrahub-jmeter][full][034] holding session for 83s before stop
2026-06-25 03:30:52,559 INFO o.a.j.p.j.s.J.Full charging journey with SSE: [electrahub-jmeter][full][035] sse ok connected=1 snapshot=2 updates=37 receipts=0 heartbeats=0
2026-06-25 03:30:52,560 INFO o.a.j.p.j.s.J.Full charging journey with SSE: [electrahub-jmeter][full][035] holding session for 82s before stop
2026-06-25 03:30:54,559 INFO o.a.j.p.j.s.J.Full charging journey with SSE: [electrahub-jmeter][full][036] sse ok connected=1 snapshot=2 updates=37 receipts=0 heartbeats=0
2026-06-25 03:30:54,560 INFO o.a.j.p.j.s.J.Full charging journey with SSE: [electrahub-jmeter][full][036] holding session for 82s before stop
2026-06-25 03:30:56,583 INFO o.a.j.p.j.s.J.Full charging journey with SSE: [electrahub-jmeter][full][037] sse ok connected=1 snapshot=2 updates=39 receipts=0 heartbeats=0
2026-06-25 03:30:56,584 INFO o.a.j.p.j.s.J.Full charging journey with SSE: [electrahub-jmeter][full][037] holding session for 83s before stop
2026-06-25 03:30:58,609 INFO o.a.j.p.j.s.J.Full charging journey with SSE: [electrahub-jmeter][full][001] stop requested session=a251bfe3-c508-45ae-8f3f-5c8cee70c6c1
2026-06-25 03:30:59,612 INFO o.a.j.p.j.s.J.Full charging journey with SSE: [electrahub-jmeter][full][002] stop requested session=21b4e404-7420-4195-821f-86762d06caf1
2026-06-25 03:30:59,658 INFO o.a.j.p.j.s.J.Full charging journey with SSE: [electrahub-jmeter][full][038] sse ok connected=1 snapshot=2 updates=37 receipts=0 heartbeats=0
2026-06-25 03:30:59,659 INFO o.a.j.p.j.s.J.Full charging journey with SSE: [electrahub-jmeter][full][038] holding session for 82s before stop
2026-06-25 03:31:01,639 INFO o.a.j.p.j.s.J.Full charging journey with SSE: [electrahub-jmeter][full][039] sse ok connected=1 snapshot=2 updates=37 receipts=0 heartbeats=0
2026-06-25 03:31:01,640 INFO o.a.j.p.j.s.J.Full charging journey with SSE: [electrahub-jmeter][full][039] holding session for 82s before stop
2026-06-25 03:31:01,647 INFO o.a.j.p.j.s.J.Full charging journey with SSE: [electrahub-jmeter][full][003] stop requested session=087140ed-87df-4360-a884-0a06a8121274
2026-06-25 03:31:03,682 INFO o.a.j.p.j.s.J.Full charging journey with SSE: [electrahub-jmeter][full][004] stop requested session=cda5b6eb-906e-4aad-8d2b-fdbd077d4dc9
2026-06-25 03:31:04,677 INFO o.a.j.p.j.s.J.Full charging journey with SSE: [electrahub-jmeter][full][040] sse ok connected=1 snapshot=2 updates=37 receipts=0 heartbeats=0
2026-06-25 03:31:04,678 INFO o.a.j.p.j.s.J.Full charging journey with SSE: [electrahub-jmeter][full][040] holding session for 82s before stop
2026-06-25 03:31:04,969 INFO o.a.j.p.j.s.J.Full charging journey with SSE: [electrahub-jmeter][full][001] receipt ok session=a251bfe3-c508-45ae-8f3f-5c8cee70c6c1 status=Completed total=2.3065
2026-06-25 03:31:04,987 INFO o.a.j.r.Summariser: summary +      1 in 00:03:13 =    0.0/s Avg: 191938 Min: 191938 Max: 191938 Err:     0 (0.00%) Active: 50 Started: 50 Finished: 0
2026-06-25 03:31:04,988 INFO o.a.j.t.JMeterThread: Thread is done: 100 driver charging journeys 1-1
2026-06-25 03:31:04,989 INFO o.a.j.t.JMeterThread: Thread finished: 100 driver charging journeys 1-1
2026-06-25 03:31:05,934 INFO o.a.j.p.j.s.J.Full charging journey with SSE: [electrahub-jmeter][full][002] receipt ok session=21b4e404-7420-4195-821f-86762d06caf1 status=Completed total=2.3065
2026-06-25 03:31:05,935 INFO o.a.j.t.JMeterThread: Thread is done: 100 driver charging journeys 1-2
2026-06-25 03:31:05,936 INFO o.a.j.t.JMeterThread: Thread finished: 100 driver charging journeys 1-2
2026-06-25 03:31:06,695 INFO o.a.j.p.j.s.J.Full charging journey with SSE: [electrahub-jmeter][full][005] stop requested session=9dc0c07d-265f-4c04-bb15-8450e723cd28
2026-06-25 03:31:06,760 INFO o.a.j.p.j.s.J.Full charging journey with SSE: [electrahub-jmeter][full][041] sse ok connected=1 snapshot=2 updates=37 receipts=0 heartbeats=0
2026-06-25 03:31:06,761 INFO o.a.j.p.j.s.J.Full charging journey with SSE: [electrahub-jmeter][full][041] holding session for 82s before stop
2026-06-25 03:31:08,025 INFO o.a.j.p.j.s.J.Full charging journey with SSE: [electrahub-jmeter][full][003] receipt ok session=087140ed-87df-4360-a884-0a06a8121274 status=Completed total=2.3065
2026-06-25 03:31:08,027 INFO o.a.j.t.JMeterThread: Thread is done: 100 driver charging journeys 1-3
2026-06-25 03:31:08,027 INFO o.a.j.t.JMeterThread: Thread finished: 100 driver charging journeys 1-3
2026-06-25 03:31:08,725 INFO o.a.j.p.j.s.J.Full charging journey with SSE: [electrahub-jmeter][full][042] sse ok connected=1 snapshot=2 updates=39 receipts=0 heartbeats=0
2026-06-25 03:31:08,726 INFO o.a.j.p.j.s.J.Full charging journey with SSE: [electrahub-jmeter][full][042] holding session for 82s before stop
2026-06-25 03:31:08,726 INFO o.a.j.p.j.s.J.Full charging journey with SSE: [electrahub-jmeter][full][006] stop requested session=3dbc701e-50e7-4b73-95f7-0465cb1f864a
2026-06-25 03:31:10,005 INFO o.a.j.p.j.s.J.Full charging journey with SSE: [electrahub-jmeter][full][004] receipt ok session=cda5b6eb-906e-4aad-8d2b-fdbd077d4dc9 status=Completed total=2.3065
2026-06-25 03:31:10,007 INFO o.a.j.t.JMeterThread: Thread is done: 100 driver charging journeys 1-4
2026-06-25 03:31:10,008 INFO o.a.j.t.JMeterThread: Thread finished: 100 driver charging journeys 1-4
2026-06-25 03:31:10,748 INFO o.a.j.p.j.s.J.Full charging journey with SSE: [electrahub-jmeter][full][007] stop requested session=404040cd-64c7-4414-9459-fba9265a85b0
2026-06-25 03:31:11,998 INFO o.a.j.p.j.s.J.Full charging journey with SSE: [electrahub-jmeter][full][043] sse ok connected=1 snapshot=2 updates=39 receipts=0 heartbeats=0
2026-06-25 03:31:11,999 INFO o.a.j.p.j.s.J.Full charging journey with SSE: [electrahub-jmeter][full][043] holding session for 82s before stop
2026-06-25 03:31:13,252 INFO o.a.j.p.j.s.J.Full charging journey with SSE: [electrahub-jmeter][full][005] receipt ok session=9dc0c07d-265f-4c04-bb15-8450e723cd28 status=Completed total=2.3073
2026-06-25 03:31:13,254 INFO o.a.j.t.JMeterThread: Thread is done: 100 driver charging journeys 1-5
2026-06-25 03:31:13,255 INFO o.a.j.t.JMeterThread: Thread finished: 100 driver charging journeys 1-5
2026-06-25 03:31:13,937 INFO o.a.j.p.j.s.J.Full charging journey with SSE: [electrahub-jmeter][full][044] sse ok connected=1 snapshot=2 updates=37 receipts=0 heartbeats=0
2026-06-25 03:31:13,938 INFO o.a.j.p.j.s.J.Full charging journey with SSE: [electrahub-jmeter][full][044] holding session for 82s before stop
2026-06-25 03:31:13,941 INFO o.a.j.p.j.s.J.Full charging journey with SSE: [electrahub-jmeter][full][008] stop requested session=1c060e54-c351-49e4-b4d2-d317ccbdc432
2026-06-25 03:31:15,198 INFO o.a.j.p.j.s.J.Full charging journey with SSE: [electrahub-jmeter][full][006] receipt ok session=3dbc701e-50e7-4b73-95f7-0465cb1f864a status=Completed total=2.3073
2026-06-25 03:31:15,200 INFO o.a.j.t.JMeterThread: Thread is done: 100 driver charging journeys 1-6
2026-06-25 03:31:15,201 INFO o.a.j.t.JMeterThread: Thread finished: 100 driver charging journeys 1-6
2026-06-25 03:31:15,956 INFO o.a.j.p.j.s.J.Full charging journey with SSE: [electrahub-jmeter][full][045] sse ok connected=1 snapshot=2 updates=39 receipts=0 heartbeats=0
2026-06-25 03:31:15,958 INFO o.a.j.p.j.s.J.Full charging journey with SSE: [electrahub-jmeter][full][045] holding session for 82s before stop
2026-06-25 03:31:15,962 INFO o.a.j.p.j.s.J.Full charging journey with SSE: [electrahub-jmeter][full][009] stop requested session=88926dc6-94c7-4eec-8e1d-bb82beb96462
2026-06-25 03:31:17,242 INFO o.a.j.p.j.s.J.Full charging journey with SSE: [electrahub-jmeter][full][007] receipt ok session=404040cd-64c7-4414-9459-fba9265a85b0 status=Completed total=2.3065
2026-06-25 03:31:17,244 INFO o.a.j.t.JMeterThread: Thread is done: 100 driver charging journeys 1-7
2026-06-25 03:31:17,245 INFO o.a.j.t.JMeterThread: Thread finished: 100 driver charging journeys 1-7
2026-06-25 03:31:18,989 INFO o.a.j.p.j.s.J.Full charging journey with SSE: [electrahub-jmeter][full][010] stop requested session=983c0457-bbb2-4b70-83fa-448c22231592
2026-06-25 03:31:19,065 INFO o.a.j.p.j.s.J.Full charging journey with SSE: [electrahub-jmeter][full][046] sse ok connected=1 snapshot=2 updates=37 receipts=0 heartbeats=0
2026-06-25 03:31:19,066 INFO o.a.j.p.j.s.J.Full charging journey with SSE: [electrahub-jmeter][full][046] holding session for 82s before stop
2026-06-25 03:31:20,289 INFO o.a.j.p.j.s.J.Full charging journey with SSE: [electrahub-jmeter][full][008] receipt ok session=1c060e54-c351-49e4-b4d2-d317ccbdc432 status=Completed total=2.3073
2026-06-25 03:31:20,290 INFO o.a.j.t.JMeterThread: Thread is done: 100 driver charging journeys 1-8
2026-06-25 03:31:20,291 INFO o.a.j.t.JMeterThread: Thread finished: 100 driver charging journeys 1-8
2026-06-25 03:31:21,010 INFO o.a.j.p.j.s.J.Full charging journey with SSE: [electrahub-jmeter][full][047] sse ok connected=1 snapshot=2 updates=37 receipts=0 heartbeats=0
2026-06-25 03:31:21,011 INFO o.a.j.p.j.s.J.Full charging journey with SSE: [electrahub-jmeter][full][047] holding session for 82s before stop
2026-06-25 03:31:21,013 INFO o.a.j.p.j.s.J.Full charging journey with SSE: [electrahub-jmeter][full][011] stop requested session=e432005b-20ad-400f-a049-cbe5d8127812
2026-06-25 03:31:22,238 INFO o.a.j.p.j.s.J.Full charging journey with SSE: [electrahub-jmeter][full][009] receipt ok session=88926dc6-94c7-4eec-8e1d-bb82beb96462 status=Completed total=2.3065
2026-06-25 03:31:22,239 INFO o.a.j.t.JMeterThread: Thread is done: 100 driver charging journeys 1-9
2026-06-25 03:31:22,240 INFO o.a.j.t.JMeterThread: Thread finished: 100 driver charging journeys 1-9
2026-06-25 03:31:23,026 INFO o.a.j.p.j.s.J.Full charging journey with SSE: [electrahub-jmeter][full][048] sse ok connected=1 snapshot=2 updates=39 receipts=0 heartbeats=0
2026-06-25 03:31:23,027 INFO o.a.j.p.j.s.J.Full charging journey with SSE: [electrahub-jmeter][full][048] holding session for 83s before stop
2026-06-25 03:31:23,030 INFO o.a.j.p.j.s.J.Full charging journey with SSE: [electrahub-jmeter][full][012] stop requested session=1d396304-b216-4709-85db-274c9c781291
2026-06-25 03:31:25,305 INFO o.a.j.p.j.s.J.Full charging journey with SSE: [electrahub-jmeter][full][010] receipt ok session=983c0457-bbb2-4b70-83fa-448c22231592 status=Completed total=2.3073
2026-06-25 03:31:25,307 INFO o.a.j.t.JMeterThread: Thread is done: 100 driver charging journeys 1-10
2026-06-25 03:31:25,308 INFO o.a.j.t.JMeterThread: Thread finished: 100 driver charging journeys 1-10
2026-06-25 03:31:26,065 INFO o.a.j.p.j.s.J.Full charging journey with SSE: [electrahub-jmeter][full][049] sse ok connected=1 snapshot=2 updates=39 receipts=0 heartbeats=0
2026-06-25 03:31:26,066 INFO o.a.j.p.j.s.J.Full charging journey with SSE: [electrahub-jmeter][full][049] holding session for 82s before stop
2026-06-25 03:31:26,066 INFO o.a.j.p.j.s.J.Full charging journey with SSE: [electrahub-jmeter][full][013] stop requested session=0c0670f8-fa00-49f2-b8ef-328d9fe52b53
2026-06-25 03:31:27,420 INFO o.a.j.p.j.s.J.Full charging journey with SSE: [electrahub-jmeter][full][011] receipt ok session=e432005b-20ad-400f-a049-cbe5d8127812 status=Completed total=2.3073
2026-06-25 03:31:27,421 INFO o.a.j.t.JMeterThread: Thread is done: 100 driver charging journeys 1-11
2026-06-25 03:31:27,422 INFO o.a.j.t.JMeterThread: Thread finished: 100 driver charging journeys 1-11
2026-06-25 03:31:28,093 INFO o.a.j.p.j.s.J.Full charging journey with SSE: [electrahub-jmeter][full][014] stop requested session=7e9c3dc8-584c-48f6-bb75-65eb37255f7e
2026-06-25 03:31:28,096 INFO o.a.j.p.j.s.J.Full charging journey with SSE: [electrahub-jmeter][full][050] sse ok connected=1 snapshot=2 updates=37 receipts=0 heartbeats=0
2026-06-25 03:31:28,097 INFO o.a.j.p.j.s.J.Full charging journey with SSE: [electrahub-jmeter][full][050] holding session for 82s before stop
2026-06-25 03:31:29,314 INFO o.a.j.p.j.s.J.Full charging journey with SSE: [electrahub-jmeter][full][012] receipt ok session=1d396304-b216-4709-85db-274c9c781291 status=Completed total=2.3065
2026-06-25 03:31:29,315 INFO o.a.j.t.JMeterThread: Thread is done: 100 driver charging journeys 1-12
2026-06-25 03:31:29,316 INFO o.a.j.t.JMeterThread: Thread finished: 100 driver charging journeys 1-12
2026-06-25 03:31:30,123 INFO o.a.j.p.j.s.J.Full charging journey with SSE: [electrahub-jmeter][full][015] stop requested session=4f800231-8e47-4c3d-aaf2-c0b6c535db12
2026-06-25 03:31:32,438 INFO o.a.j.p.j.s.J.Full charging journey with SSE: [electrahub-jmeter][full][013] receipt ok session=0c0670f8-fa00-49f2-b8ef-328d9fe52b53 status=Completed total=2.3073
2026-06-25 03:31:32,440 INFO o.a.j.r.Summariser: summary +     12 in 00:00:27 =    0.4/s Avg: 190233 Min: 189681 Max: 190709 Err:     0 (0.00%) Active: 38 Started: 50 Finished: 12
2026-06-25 03:31:32,441 INFO o.a.j.r.Summariser: summary =     13 in 00:03:40 =    0.1/s Avg: 190364 Min: 189681 Max: 191938 Err:     0 (0.00%)
2026-06-25 03:31:32,441 INFO o.a.j.t.JMeterThread: Thread is done: 100 driver charging journeys 1-13
2026-06-25 03:31:32,442 INFO o.a.j.t.JMeterThread: Thread finished: 100 driver charging journeys 1-13
2026-06-25 03:31:33,150 INFO o.a.j.p.j.s.J.Full charging journey with SSE: [electrahub-jmeter][full][016] stop requested session=3fd7fcb5-85e9-495a-8646-2d12001c9228
2026-06-25 03:31:34,359 INFO o.a.j.p.j.s.J.Full charging journey with SSE: [electrahub-jmeter][full][014] receipt ok session=7e9c3dc8-584c-48f6-bb75-65eb37255f7e status=Completed total=2.3073
2026-06-25 03:31:34,361 INFO o.a.j.t.JMeterThread: Thread is done: 100 driver charging journeys 1-14
2026-06-25 03:31:34,361 INFO o.a.j.t.JMeterThread: Thread finished: 100 driver charging journeys 1-14
2026-06-25 03:31:35,177 INFO o.a.j.p.j.s.J.Full charging journey with SSE: [electrahub-jmeter][full][017] stop requested session=5c8b6791-0fad-4055-88c2-4561796103c1
2026-06-25 03:31:36,457 INFO o.a.j.p.j.s.J.Full charging journey with SSE: [electrahub-jmeter][full][015] receipt ok session=4f800231-8e47-4c3d-aaf2-c0b6c535db12 status=Completed total=2.3065
2026-06-25 03:31:36,458 INFO o.a.j.t.JMeterThread: Thread is done: 100 driver charging journeys 1-15
2026-06-25 03:31:36,459 INFO o.a.j.t.JMeterThread: Thread finished: 100 driver charging journeys 1-15
2026-06-25 03:31:38,200 INFO o.a.j.p.j.s.J.Full charging journey with SSE: [electrahub-jmeter][full][018] stop requested session=2410eae9-b256-48a0-9c14-a3284d86f788
2026-06-25 03:31:39,521 INFO o.a.j.p.j.s.J.Full charging journey with SSE: [electrahub-jmeter][full][016] receipt ok session=3fd7fcb5-85e9-495a-8646-2d12001c9228 status=Completed total=2.3073
2026-06-25 03:31:39,523 INFO o.a.j.t.JMeterThread: Thread is done: 100 driver charging journeys 1-16
2026-06-25 03:31:39,524 INFO o.a.j.t.JMeterThread: Thread finished: 100 driver charging journeys 1-16
2026-06-25 03:31:40,219 INFO o.a.j.p.j.s.J.Full charging journey with SSE: [electrahub-jmeter][full][019] stop requested session=c0893abd-fa7c-48e5-9c7a-3b77f1a027b9
2026-06-25 03:31:41,504 INFO o.a.j.p.j.s.J.Full charging journey with SSE: [electrahub-jmeter][full][017] receipt ok session=5c8b6791-0fad-4055-88c2-4561796103c1 status=Completed total=2.3073
2026-06-25 03:31:41,505 INFO o.a.j.t.JMeterThread: Thread is done: 100 driver charging journeys 1-17
2026-06-25 03:31:41,505 INFO o.a.j.t.JMeterThread: Thread finished: 100 driver charging journeys 1-17
2026-06-25 03:31:42,385 INFO o.a.j.p.j.s.J.Full charging journey with SSE: [electrahub-jmeter][full][020] stop requested session=5359faf0-59a7-4a5a-a8da-8ed366c29d7c
2026-06-25 03:31:44,616 INFO o.a.j.p.j.s.J.Full charging journey with SSE: [electrahub-jmeter][full][018] receipt ok session=2410eae9-b256-48a0-9c14-a3284d86f788 status=Completed total=2.3073
2026-06-25 03:31:44,617 INFO o.a.j.t.JMeterThread: Thread is done: 100 driver charging journeys 1-18
2026-06-25 03:31:44,618 INFO o.a.j.t.JMeterThread: Thread finished: 100 driver charging journeys 1-18
2026-06-25 03:31:45,415 INFO o.a.j.p.j.s.J.Full charging journey with SSE: [electrahub-jmeter][full][021] stop requested session=2e5cedff-3568-487e-bdbd-bcaa548dd4e9
2026-06-25 03:31:46,703 INFO o.a.j.p.j.s.J.Full charging journey with SSE: [electrahub-jmeter][full][019] receipt ok session=c0893abd-fa7c-48e5-9c7a-3b77f1a027b9 status=Completed total=2.3073
2026-06-25 03:31:46,704 INFO o.a.j.t.JMeterThread: Thread is done: 100 driver charging journeys 1-19
2026-06-25 03:31:46,707 INFO o.a.j.t.JMeterThread: Thread finished: 100 driver charging journeys 1-19
2026-06-25 03:31:47,438 INFO o.a.j.p.j.s.J.Full charging journey with SSE: [electrahub-jmeter][full][022] stop requested session=072ed11c-3e39-4313-9216-54b68e9a8762
2026-06-25 03:31:48,709 INFO o.a.j.p.j.s.J.Full charging journey with SSE: [electrahub-jmeter][full][020] receipt ok session=5359faf0-59a7-4a5a-a8da-8ed366c29d7c status=Completed total=2.3073
2026-06-25 03:31:48,710 INFO o.a.j.t.JMeterThread: Thread is done: 100 driver charging journeys 1-20
2026-06-25 03:31:48,711 INFO o.a.j.t.JMeterThread: Thread finished: 100 driver charging journeys 1-20
2026-06-25 03:31:49,464 INFO o.a.j.p.j.s.J.Full charging journey with SSE: [electrahub-jmeter][full][023] stop requested session=55213b1f-7f7a-4524-9b5f-273a3255c201
2026-06-25 03:31:51,717 INFO o.a.j.p.j.s.J.Full charging journey with SSE: [electrahub-jmeter][full][021] receipt ok session=2e5cedff-3568-487e-bdbd-bcaa548dd4e9 status=Completed total=2.3073
2026-06-25 03:31:51,719 INFO o.a.j.t.JMeterThread: Thread is done: 100 driver charging journeys 1-21
2026-06-25 03:31:51,720 INFO o.a.j.t.JMeterThread: Thread finished: 100 driver charging journeys 1-21
2026-06-25 03:31:52,489 INFO o.a.j.p.j.s.J.Full charging journey with SSE: [electrahub-jmeter][full][024] stop requested session=d6dc2c30-b482-467e-8ca9-d240c9b28625
2026-06-25 03:31:53,792 INFO o.a.j.p.j.s.J.Full charging journey with SSE: [electrahub-jmeter][full][022] receipt ok session=072ed11c-3e39-4313-9216-54b68e9a8762 status=Completed total=2.3073
2026-06-25 03:31:53,794 INFO o.a.j.t.JMeterThread: Thread is done: 100 driver charging journeys 1-22
2026-06-25 03:31:53,795 INFO o.a.j.t.JMeterThread: Thread finished: 100 driver charging journeys 1-22
2026-06-25 03:31:54,507 INFO o.a.j.p.j.s.J.Full charging journey with SSE: [electrahub-jmeter][full][025] stop requested session=28d90566-4e71-42ac-a302-4c5655db6257
2026-06-25 03:31:55,782 INFO o.a.j.p.j.s.J.Full charging journey with SSE: [electrahub-jmeter][full][023] receipt ok session=55213b1f-7f7a-4524-9b5f-273a3255c201 status=Completed total=2.3073
2026-06-25 03:31:55,783 INFO o.a.j.t.JMeterThread: Thread is done: 100 driver charging journeys 1-23
2026-06-25 03:31:55,784 INFO o.a.j.t.JMeterThread: Thread finished: 100 driver charging journeys 1-23
2026-06-25 03:31:56,534 INFO o.a.j.p.j.s.J.Full charging journey with SSE: [electrahub-jmeter][full][026] stop requested session=2ad513fe-98be-4d70-9ebc-34fe874413c5
2026-06-25 03:31:58,732 INFO o.a.j.p.j.s.J.Full charging journey with SSE: [electrahub-jmeter][full][024] receipt ok session=d6dc2c30-b482-467e-8ca9-d240c9b28625 status=Completed total=2.3073
2026-06-25 03:31:58,733 INFO o.a.j.t.JMeterThread: Thread is done: 100 driver charging journeys 1-24
2026-06-25 03:31:58,734 INFO o.a.j.t.JMeterThread: Thread finished: 100 driver charging journeys 1-24
2026-06-25 03:31:59,557 INFO o.a.j.p.j.s.J.Full charging journey with SSE: [electrahub-jmeter][full][027] stop requested session=a6f23329-d1df-4ac0-8008-c2d48038ff71
2026-06-25 03:32:00,815 INFO o.a.j.p.j.s.J.Full charging journey with SSE: [electrahub-jmeter][full][025] receipt ok session=28d90566-4e71-42ac-a302-4c5655db6257 status=Completed total=2.3073
2026-06-25 03:32:00,818 INFO o.a.j.r.Summariser: summary +     12 in 00:00:28 =    0.4/s Avg: 190276 Min: 189854 Max: 190665 Err:     0 (0.00%) Active: 26 Started: 50 Finished: 24
2026-06-25 03:32:00,819 INFO o.a.j.r.Summariser: summary =     25 in 00:04:09 =    0.1/s Avg: 190322 Min: 189681 Max: 191938 Err:     0 (0.00%)
2026-06-25 03:32:00,820 INFO o.a.j.t.JMeterThread: Thread is done: 100 driver charging journeys 1-25
2026-06-25 03:32:00,821 INFO o.a.j.t.JMeterThread: Thread finished: 100 driver charging journeys 1-25
2026-06-25 03:32:01,583 INFO o.a.j.p.j.s.J.Full charging journey with SSE: [electrahub-jmeter][full][028] stop requested session=668a3c93-3b80-4764-ac5f-9e16ad4caa7e
2026-06-25 03:32:02,815 INFO o.a.j.p.j.s.J.Full charging journey with SSE: [electrahub-jmeter][full][026] receipt ok session=2ad513fe-98be-4d70-9ebc-34fe874413c5 status=Completed total=2.3065
2026-06-25 03:32:02,817 INFO o.a.j.t.JMeterThread: Thread is done: 100 driver charging journeys 1-26
2026-06-25 03:32:02,818 INFO o.a.j.t.JMeterThread: Thread finished: 100 driver charging journeys 1-26
2026-06-25 03:32:04,613 INFO o.a.j.p.j.s.J.Full charging journey with SSE: [electrahub-jmeter][full][029] stop requested session=6d1614c2-8b86-4c2a-8000-04723b0a0c1a
2026-06-25 03:32:05,886 INFO o.a.j.p.j.s.J.Full charging journey with SSE: [electrahub-jmeter][full][027] receipt ok session=a6f23329-d1df-4ac0-8008-c2d48038ff71 status=Completed total=2.3073
2026-06-25 03:32:05,887 INFO o.a.j.t.JMeterThread: Thread is done: 100 driver charging journeys 1-27
2026-06-25 03:32:05,888 INFO o.a.j.t.JMeterThread: Thread finished: 100 driver charging journeys 1-27
2026-06-25 03:32:06,620 INFO o.a.j.p.j.s.J.Full charging journey with SSE: [electrahub-jmeter][full][030] stop requested session=d1171000-9460-4efc-aac3-3844a161bd42
2026-06-25 03:32:07,840 INFO o.a.j.p.j.s.J.Full charging journey with SSE: [electrahub-jmeter][full][028] receipt ok session=668a3c93-3b80-4764-ac5f-9e16ad4caa7e status=Completed total=2.3073
2026-06-25 03:32:07,841 INFO o.a.j.t.JMeterThread: Thread is done: 100 driver charging journeys 1-28
2026-06-25 03:32:07,841 INFO o.a.j.t.JMeterThread: Thread finished: 100 driver charging journeys 1-28
2026-06-25 03:32:08,642 INFO o.a.j.p.j.s.J.Full charging journey with SSE: [electrahub-jmeter][full][031] stop requested session=632a7af8-97b4-4c8d-a214-2650fd0ad90f
2026-06-25 03:32:10,861 INFO o.a.j.p.j.s.J.Full charging journey with SSE: [electrahub-jmeter][full][029] receipt ok session=6d1614c2-8b86-4c2a-8000-04723b0a0c1a status=Completed total=2.3073
2026-06-25 03:32:10,862 INFO o.a.j.t.JMeterThread: Thread is done: 100 driver charging journeys 1-29
2026-06-25 03:32:10,863 INFO o.a.j.t.JMeterThread: Thread finished: 100 driver charging journeys 1-29
2026-06-25 03:32:11,681 INFO o.a.j.p.j.s.J.Full charging journey with SSE: [electrahub-jmeter][full][032] stop requested session=0179f2c6-eae4-43bd-a8e2-f473ccba4476
2026-06-25 03:32:13,059 INFO o.a.j.p.j.s.J.Full charging journey with SSE: [electrahub-jmeter][full][030] receipt ok session=d1171000-9460-4efc-aac3-3844a161bd42 status=Completed total=2.3073
2026-06-25 03:32:13,061 INFO o.a.j.t.JMeterThread: Thread is done: 100 driver charging journeys 1-30
2026-06-25 03:32:13,061 INFO o.a.j.t.JMeterThread: Thread finished: 100 driver charging journeys 1-30
2026-06-25 03:32:13,848 INFO o.a.j.p.j.s.J.Full charging journey with SSE: [electrahub-jmeter][full][033] stop requested session=37b31ad2-6fc3-42ad-ad7c-47986a132cc1
2026-06-25 03:32:15,038 INFO o.a.j.p.j.s.J.Full charging journey with SSE: [electrahub-jmeter][full][031] receipt ok session=632a7af8-97b4-4c8d-a214-2650fd0ad90f status=Completed total=2.3073
2026-06-25 03:32:15,039 INFO o.a.j.t.JMeterThread: Thread is done: 100 driver charging journeys 1-31
2026-06-25 03:32:15,041 INFO o.a.j.t.JMeterThread: Thread finished: 100 driver charging journeys 1-31
2026-06-25 03:32:16,884 INFO o.a.j.p.j.s.J.Full charging journey with SSE: [electrahub-jmeter][full][034] stop requested session=345de56b-3246-4500-ae82-781d6e53138c
2026-06-25 03:32:18,154 INFO o.a.j.p.j.s.J.Full charging journey with SSE: [electrahub-jmeter][full][032] receipt ok session=0179f2c6-eae4-43bd-a8e2-f473ccba4476 status=Completed total=2.3073
2026-06-25 03:32:18,155 INFO o.a.j.t.JMeterThread: Thread is done: 100 driver charging journeys 1-32
2026-06-25 03:32:18,156 INFO o.a.j.t.JMeterThread: Thread finished: 100 driver charging journeys 1-32
2026-06-25 03:32:18,907 INFO o.a.j.p.j.s.J.Full charging journey with SSE: [electrahub-jmeter][full][035] stop requested session=4aec1dc2-dca2-4cf3-8378-c20ace80db17
2026-06-25 03:32:20,116 INFO o.a.j.p.j.s.J.Full charging journey with SSE: [electrahub-jmeter][full][033] receipt ok session=37b31ad2-6fc3-42ad-ad7c-47986a132cc1 status=Completed total=2.3073
2026-06-25 03:32:20,117 INFO o.a.j.t.JMeterThread: Thread is done: 100 driver charging journeys 1-33
2026-06-25 03:32:20,118 INFO o.a.j.t.JMeterThread: Thread finished: 100 driver charging journeys 1-33
2026-06-25 03:32:20,937 INFO o.a.j.p.j.s.J.Full charging journey with SSE: [electrahub-jmeter][full][036] stop requested session=8caea14d-3fe0-4615-9a12-64545ccd1bd4
2026-06-25 03:32:23,167 INFO o.a.j.p.j.s.J.Full charging journey with SSE: [electrahub-jmeter][full][034] receipt ok session=345de56b-3246-4500-ae82-781d6e53138c status=Completed total=2.3073
2026-06-25 03:32:23,169 INFO o.a.j.t.JMeterThread: Thread is done: 100 driver charging journeys 1-34
2026-06-25 03:32:23,170 INFO o.a.j.t.JMeterThread: Thread finished: 100 driver charging journeys 1-34
2026-06-25 03:32:23,975 INFO o.a.j.p.j.s.J.Full charging journey with SSE: [electrahub-jmeter][full][037] stop requested session=965443de-3664-4563-a8b7-380577fda743
2026-06-25 03:32:25,253 INFO o.a.j.p.j.s.J.Full charging journey with SSE: [electrahub-jmeter][full][035] receipt ok session=4aec1dc2-dca2-4cf3-8378-c20ace80db17 status=Completed total=2.3073
2026-06-25 03:32:25,255 INFO o.a.j.t.JMeterThread: Thread is done: 100 driver charging journeys 1-35
2026-06-25 03:32:25,255 INFO o.a.j.t.JMeterThread: Thread finished: 100 driver charging journeys 1-35
2026-06-25 03:32:25,989 INFO o.a.j.p.j.s.J.Full charging journey with SSE: [electrahub-jmeter][full][038] stop requested session=0aa62c7d-971e-4da5-b727-a1c4933931db
2026-06-25 03:32:27,192 INFO o.a.j.p.j.s.J.Full charging journey with SSE: [electrahub-jmeter][full][036] receipt ok session=8caea14d-3fe0-4615-9a12-64545ccd1bd4 status=Completed total=2.3073
2026-06-25 03:32:27,193 INFO o.a.j.t.JMeterThread: Thread is done: 100 driver charging journeys 1-36
2026-06-25 03:32:27,194 INFO o.a.j.t.JMeterThread: Thread finished: 100 driver charging journeys 1-36
2026-06-25 03:32:28,009 INFO o.a.j.p.j.s.J.Full charging journey with SSE: [electrahub-jmeter][full][039] stop requested session=cb517230-8f24-4819-a058-9ed2b312be70
2026-06-25 03:32:30,258 INFO o.a.j.p.j.s.J.Full charging journey with SSE: [electrahub-jmeter][full][037] receipt ok session=965443de-3664-4563-a8b7-380577fda743 status=Completed total=2.3073
2026-06-25 03:32:30,259 INFO o.a.j.r.Summariser: summary +     12 in 00:00:29 =    0.4/s Avg: 190379 Min: 189812 Max: 190868 Err:     0 (0.00%) Active: 14 Started: 50 Finished: 36
2026-06-25 03:32:30,260 INFO o.a.j.r.Summariser: summary =     37 in 00:04:38 =    0.1/s Avg: 190340 Min: 189681 Max: 191938 Err:     0 (0.00%)
2026-06-25 03:32:30,261 INFO o.a.j.t.JMeterThread: Thread is done: 100 driver charging journeys 1-37
2026-06-25 03:32:30,261 INFO o.a.j.t.JMeterThread: Thread finished: 100 driver charging journeys 1-37
2026-06-25 03:32:31,042 INFO o.a.j.p.j.s.J.Full charging journey with SSE: [electrahub-jmeter][full][040] stop requested session=fd41cf4d-ef68-4daf-858b-e11aed136f44
2026-06-25 03:32:32,315 INFO o.a.j.p.j.s.J.Full charging journey with SSE: [electrahub-jmeter][full][038] receipt ok session=0aa62c7d-971e-4da5-b727-a1c4933931db status=Completed total=2.3073
2026-06-25 03:32:32,316 INFO o.a.j.t.JMeterThread: Thread is done: 100 driver charging journeys 1-38
2026-06-25 03:32:32,317 INFO o.a.j.t.JMeterThread: Thread finished: 100 driver charging journeys 1-38
2026-06-25 03:32:33,065 INFO o.a.j.p.j.s.J.Full charging journey with SSE: [electrahub-jmeter][full][041] stop requested session=ae6362b1-48bd-4e89-9542-fe82dbee00cc
2026-06-25 03:32:34,260 INFO o.a.j.p.j.s.J.Full charging journey with SSE: [electrahub-jmeter][full][039] receipt ok session=cb517230-8f24-4819-a058-9ed2b312be70 status=Completed total=2.3073
2026-06-25 03:32:34,261 INFO o.a.j.t.JMeterThread: Thread is done: 100 driver charging journeys 1-39
2026-06-25 03:32:34,262 INFO o.a.j.t.JMeterThread: Thread finished: 100 driver charging journeys 1-39
2026-06-25 03:32:35,082 INFO o.a.j.p.j.s.J.Full charging journey with SSE: [electrahub-jmeter][full][042] stop requested session=d946ff07-ce0e-42eb-bc94-3e8c481777a2
2026-06-25 03:32:37,315 INFO o.a.j.p.j.s.J.Full charging journey with SSE: [electrahub-jmeter][full][040] receipt ok session=fd41cf4d-ef68-4daf-858b-e11aed136f44 status=Completed total=2.3073
2026-06-25 03:32:37,317 INFO o.a.j.t.JMeterThread: Thread is done: 100 driver charging journeys 1-40
2026-06-25 03:32:37,318 INFO o.a.j.t.JMeterThread: Thread finished: 100 driver charging journeys 1-40
2026-06-25 03:32:38,100 INFO o.a.j.p.j.s.J.Full charging journey with SSE: [electrahub-jmeter][full][043] stop requested session=638e5344-c5dc-4b4b-abec-f009d3c26ab2
2026-06-25 03:32:39,403 INFO o.a.j.p.j.s.J.Full charging journey with SSE: [electrahub-jmeter][full][041] receipt ok session=ae6362b1-48bd-4e89-9542-fe82dbee00cc status=Completed total=2.3073
2026-06-25 03:32:39,404 INFO o.a.j.t.JMeterThread: Thread is done: 100 driver charging journeys 1-41
2026-06-25 03:32:39,405 INFO o.a.j.t.JMeterThread: Thread finished: 100 driver charging journeys 1-41
2026-06-25 03:32:40,115 INFO o.a.j.p.j.s.J.Full charging journey with SSE: [electrahub-jmeter][full][044] stop requested session=b0f8b3cc-5074-401e-9d04-407f3fefd861
2026-06-25 03:32:41,336 INFO o.a.j.p.j.s.J.Full charging journey with SSE: [electrahub-jmeter][full][042] receipt ok session=d946ff07-ce0e-42eb-bc94-3e8c481777a2 status=Completed total=2.3065
2026-06-25 03:32:41,337 INFO o.a.j.t.JMeterThread: Thread is done: 100 driver charging journeys 1-42
2026-06-25 03:32:41,338 INFO o.a.j.t.JMeterThread: Thread finished: 100 driver charging journeys 1-42
2026-06-25 03:32:42,138 INFO o.a.j.p.j.s.J.Full charging journey with SSE: [electrahub-jmeter][full][045] stop requested session=83ed198f-db34-4b5d-ab9f-c95204135416
2026-06-25 03:32:44,556 INFO o.a.j.p.j.s.J.Full charging journey with SSE: [electrahub-jmeter][full][043] receipt ok session=638e5344-c5dc-4b4b-abec-f009d3c26ab2 status=Completed total=2.3073
2026-06-25 03:32:44,557 INFO o.a.j.t.JMeterThread: Thread is done: 100 driver charging journeys 1-43
2026-06-25 03:32:44,558 INFO o.a.j.t.JMeterThread: Thread finished: 100 driver charging journeys 1-43
2026-06-25 03:32:45,305 INFO o.a.j.p.j.s.J.Full charging journey with SSE: [electrahub-jmeter][full][046] stop requested session=be733283-273f-4454-8084-a561ad188fd2
2026-06-25 03:32:46,506 INFO o.a.j.p.j.s.J.Full charging journey with SSE: [electrahub-jmeter][full][044] receipt ok session=b0f8b3cc-5074-401e-9d04-407f3fefd861 status=Completed total=2.3073
2026-06-25 03:32:46,508 INFO o.a.j.t.JMeterThread: Thread is done: 100 driver charging journeys 1-44
2026-06-25 03:32:46,509 INFO o.a.j.t.JMeterThread: Thread finished: 100 driver charging journeys 1-44
2026-06-25 03:32:47,326 INFO o.a.j.p.j.s.J.Full charging journey with SSE: [electrahub-jmeter][full][047] stop requested session=3a9de003-8759-4c92-9b61-f9db6e229c4e
2026-06-25 03:32:48,560 INFO o.a.j.p.j.s.J.Full charging journey with SSE: [electrahub-jmeter][full][045] receipt ok session=83ed198f-db34-4b5d-ab9f-c95204135416 status=Completed total=2.3073
2026-06-25 03:32:48,561 INFO o.a.j.t.JMeterThread: Thread is done: 100 driver charging journeys 1-45
2026-06-25 03:32:48,562 INFO o.a.j.t.JMeterThread: Thread finished: 100 driver charging journeys 1-45
2026-06-25 03:32:50,346 INFO o.a.j.p.j.s.J.Full charging journey with SSE: [electrahub-jmeter][full][048] stop requested session=f27094a2-c6f2-43be-82dc-5a459a7bc27c
2026-06-25 03:32:51,639 INFO o.a.j.p.j.s.J.Full charging journey with SSE: [electrahub-jmeter][full][046] receipt ok session=be733283-273f-4454-8084-a561ad188fd2 status=Completed total=2.3073
2026-06-25 03:32:51,641 INFO o.a.j.t.JMeterThread: Thread is done: 100 driver charging journeys 1-46
2026-06-25 03:32:51,642 INFO o.a.j.t.JMeterThread: Thread finished: 100 driver charging journeys 1-46
2026-06-25 03:32:52,368 INFO o.a.j.p.j.s.J.Full charging journey with SSE: [electrahub-jmeter][full][049] stop requested session=456841d5-b6b9-4712-82ad-aae1f31ba0b6
2026-06-25 03:32:53,650 INFO o.a.j.p.j.s.J.Full charging journey with SSE: [electrahub-jmeter][full][047] receipt ok session=3a9de003-8759-4c92-9b61-f9db6e229c4e status=Completed total=2.3073
2026-06-25 03:32:53,651 INFO o.a.j.t.JMeterThread: Thread is done: 100 driver charging journeys 1-47
2026-06-25 03:32:53,652 INFO o.a.j.t.JMeterThread: Thread finished: 100 driver charging journeys 1-47
2026-06-25 03:32:54,391 INFO o.a.j.p.j.s.J.Full charging journey with SSE: [electrahub-jmeter][full][050] stop requested session=53febd2a-aca4-4f57-bb07-dce6ef5f7bdb
2026-06-25 03:32:56,609 INFO o.a.j.p.j.s.J.Full charging journey with SSE: [electrahub-jmeter][full][048] receipt ok session=f27094a2-c6f2-43be-82dc-5a459a7bc27c status=Completed total=2.308
2026-06-25 03:32:56,610 INFO o.a.j.t.JMeterThread: Thread is done: 100 driver charging journeys 1-48
2026-06-25 03:32:56,611 INFO o.a.j.t.JMeterThread: Thread finished: 100 driver charging journeys 1-48
2026-06-25 03:32:58,620 INFO o.a.j.p.j.s.J.Full charging journey with SSE: [electrahub-jmeter][full][049] receipt ok session=456841d5-b6b9-4712-82ad-aae1f31ba0b6 status=Completed total=2.3073
2026-06-25 03:32:58,621 INFO o.a.j.t.JMeterThread: Thread is done: 100 driver charging journeys 1-49
2026-06-25 03:32:58,622 INFO o.a.j.t.JMeterThread: Thread finished: 100 driver charging journeys 1-49
2026-06-25 03:33:00,635 INFO o.a.j.p.j.s.J.Full charging journey with SSE: [electrahub-jmeter][full][050] receipt ok session=53febd2a-aca4-4f57-bb07-dce6ef5f7bdb status=Completed total=2.3073
2026-06-25 03:33:00,639 INFO o.a.j.r.Summariser: summary +     13 in 00:00:30 =    0.4/s Avg: 190333 Min: 189820 Max: 190825 Err:     0 (0.00%) Active: 1 Started: 50 Finished: 49
2026-06-25 03:33:00,640 INFO o.a.j.r.Summariser: summary =     50 in 00:05:08 =    0.2/s Avg: 190339 Min: 189681 Max: 191938 Err:     0 (0.00%)
2026-06-25 03:33:00,641 INFO o.a.j.t.JMeterThread: Thread is done: 100 driver charging journeys 1-50
2026-06-25 03:33:00,642 INFO o.a.j.t.JMeterThread: Thread finished: 100 driver charging journeys 1-50
2026-06-25 03:33:00,643 INFO o.a.j.e.StandardJMeterEngine: Notifying test listeners of end of test
2026-06-25 03:33:00,644 INFO o.a.j.s.FileServer: Close: scripts/jmeter/data/connectors-100.csv
2026-06-25 03:33:00,648 INFO o.a.j.r.Summariser: summary =     50 in 00:05:09 =    0.2/s Avg: 190339 Min: 189681 Max: 191938 Err:     0 (0.00%)
2026-06-25 03:33:00,649 INFO o.a.j.JMeter: Generating Dashboard
2026-06-25 03:33:00,649 INFO o.a.j.r.d.ReportGenerator: Flushing result collector before report Generation
2026-06-25 03:33:00,670 INFO o.a.j.r.p.NormalizerSampleConsumer: Using format, 'ms', to parse timeStamp field
2026-06-25 03:33:00,778 INFO o.a.j.r.p.AbstractSampleConsumer: class org.apache.jmeter.report.processor.AggregateConsumer#stopProducing(): beginDate produced 0 samples
2026-06-25 03:33:00,779 INFO o.a.j.r.p.AbstractSampleConsumer: class org.apache.jmeter.report.processor.AggregateConsumer#stopProducing(): endDate produced 0 samples
2026-06-25 03:33:00,782 INFO o.a.j.r.p.AbstractSampleConsumer: class org.apache.jmeter.report.processor.ApdexSummaryConsumer#stopProducing(): apdexSummary produced 0 samples
2026-06-25 03:33:00,783 INFO o.a.j.r.p.AbstractSampleConsumer: class org.apache.jmeter.report.processor.RequestsSummaryConsumer#stopProducing(): requestsSummary produced 0 samples
2026-06-25 03:33:00,787 INFO o.a.j.r.p.AbstractSampleConsumer: class org.apache.jmeter.report.processor.StatisticsSummaryConsumer#stopProducing(): statisticsSummary produced 0 samples
2026-06-25 03:33:00,792 INFO o.a.j.r.p.AbstractSampleConsumer: class org.apache.jmeter.report.processor.Top5ErrorsBySamplerConsumer#stopProducing(): top5ErrorsBySampler produced 0 samples
2026-06-25 03:33:00,793 INFO o.a.j.r.p.AbstractSampleConsumer: class org.apache.jmeter.report.processor.ErrorsSummaryConsumer#stopProducing(): errorsSummary produced 0 samples
2026-06-25 03:33:00,794 INFO o.a.j.r.p.AbstractSampleConsumer: class org.apache.jmeter.report.processor.graph.impl.HitsPerSecondGraphConsumer#stopProducing(): hitsPerSecond produced 0 samples
2026-06-25 03:33:00,832 INFO o.a.j.r.p.AbstractSampleConsumer: class org.apache.jmeter.report.processor.graph.impl.LatencyVSRequestGraphConsumer#stopProducing(): latencyVsRequest produced 0 samples
2026-06-25 03:33:00,833 INFO o.a.j.r.p.AbstractSampleConsumer: class org.apache.jmeter.report.processor.graph.impl.SyntheticResponseTimeDistributionGraphConsumer#stopProducing(): syntheticResponseTimeDistribution produced 0 samples
2026-06-25 03:33:00,834 INFO o.a.j.r.p.AbstractSampleConsumer: class org.apache.jmeter.report.processor.graph.impl.BytesThroughputGraphConsumer#stopProducing(): bytesThroughputOverTime produced 0 samples
2026-06-25 03:33:00,836 INFO o.a.j.r.p.AbstractSampleConsumer: class org.apache.jmeter.report.processor.graph.impl.CodesPerSecondGraphConsumer#stopProducing(): codesPerSecond produced 0 samples
2026-06-25 03:33:00,880 INFO o.a.j.r.p.AbstractSampleConsumer: class org.apache.jmeter.report.processor.graph.impl.ResponseTimeVSRequestGraphConsumer#stopProducing(): responseTimeVsRequest produced 0 samples
2026-06-25 03:33:00,881 INFO o.a.j.r.p.AbstractSampleConsumer: class org.apache.jmeter.report.processor.FilterConsumer#stopProducing(): startIntervalControlerFilter produced 350 samples
2026-06-25 03:33:00,881 INFO o.a.j.r.p.AbstractSampleConsumer: class org.apache.jmeter.report.processor.graph.impl.TotalTPSGraphConsumer#stopProducing(): totalTPS produced 0 samples
2026-06-25 03:33:00,882 INFO o.a.j.r.p.AbstractSampleConsumer: class org.apache.jmeter.report.processor.graph.impl.ActiveThreadsGraphConsumer#stopProducing(): activeThreadsOverTime produced 0 samples
2026-06-25 03:33:00,883 INFO o.a.j.r.p.AbstractSampleConsumer: class org.apache.jmeter.report.processor.graph.impl.TimeVSThreadGraphConsumer#stopProducing(): timeVsThreads produced 0 samples
2026-06-25 03:33:00,884 INFO o.a.j.r.p.AbstractSampleConsumer: class org.apache.jmeter.report.processor.graph.impl.ResponseTimeDistributionGraphConsumer#stopProducing(): responseTimeDistribution produced 0 samples
2026-06-25 03:33:00,885 INFO o.a.j.r.p.AbstractSampleConsumer: class org.apache.jmeter.report.processor.graph.impl.TransactionsPerSecondGraphConsumer#stopProducing(): transactionsPerSecond produced 0 samples
2026-06-25 03:33:00,887 INFO o.a.j.r.p.AbstractSampleConsumer: class org.apache.jmeter.report.processor.graph.impl.ResponseTimePercentilesGraphConsumer#stopProducing(): responseTimePercentiles produced 0 samples
2026-06-25 03:33:00,889 INFO o.a.j.r.p.AbstractSampleConsumer: class org.apache.jmeter.report.processor.graph.impl.ResponseTimePercentilesOverTimeGraphConsumer#stopProducing(): responseTimePercentilesOverTime produced 0 samples
2026-06-25 03:33:00,890 INFO o.a.j.r.p.AbstractSampleConsumer: class org.apache.jmeter.report.processor.graph.impl.ResponseTimeOverTimeGraphConsumer#stopProducing(): responseTimesOverTime produced 0 samples
2026-06-25 03:33:00,891 INFO o.a.j.r.p.AbstractSampleConsumer: class org.apache.jmeter.report.processor.graph.impl.ConnectTimeOverTimeGraphConsumer#stopProducing(): connectTimeOverTime produced 0 samples
2026-06-25 03:33:00,892 INFO o.a.j.r.p.AbstractSampleConsumer: class org.apache.jmeter.report.processor.graph.impl.LatencyOverTimeGraphConsumer#stopProducing(): latenciesOverTime produced 0 samples
2026-06-25 03:33:00,893 INFO o.a.j.r.p.AbstractSampleConsumer: class org.apache.jmeter.report.processor.FilterConsumer#stopProducing(): nameFilter produced 750 samples
2026-06-25 03:33:00,893 INFO o.a.j.r.p.AbstractSampleConsumer: class org.apache.jmeter.report.processor.FilterConsumer#stopProducing(): dateRangeFilter produced 150 samples
2026-06-25 03:33:00,894 INFO o.a.j.r.p.AbstractSampleConsumer: class org.apache.jmeter.report.processor.NormalizerSampleConsumer#stopProducing(): normalizer produced 50 samples
2026-06-25 03:33:00,895 INFO o.a.j.r.p.CsvFileSampleSource: produce(): 50 samples produced in 193ms on channel 0
2026-06-25 03:33:00,896 INFO o.a.j.r.d.ReportGenerator: Exporting data using exporter:'json' of className:'org.apache.jmeter.report.dashboard.JsonExporter'
2026-06-25 03:33:01,033 INFO o.a.j.r.d.JsonExporter: Found data for consumer statisticsSummary in context
2026-06-25 03:33:01,034 INFO o.a.j.r.d.JsonExporter: Creating statistics for overall
2026-06-25 03:33:01,035 INFO o.a.j.r.d.JsonExporter: Creating statistics for other transactions
2026-06-25 03:33:01,036 INFO o.a.j.r.d.JsonExporter: Checking output folder
2026-06-25 03:33:01,039 INFO o.a.j.r.d.JsonExporter: Writing statistics JSON to /work/outputs/jmeter/prod-50-auth9/report/statistics.json
2026-06-25 03:33:01,080 INFO o.a.j.r.d.ReportGenerator: Exporting data using exporter:'html' of className:'org.apache.jmeter.report.dashboard.HtmlTemplateExporter'
2026-06-25 03:33:01,089 INFO o.a.j.r.d.HtmlTemplateExporter: Will generate dashboard in folder: /work/outputs/jmeter/prod-50-auth9/report
2026-06-25 03:33:01,160 INFO o.a.j.r.d.HtmlTemplateExporter: Report will be generated in: /work/outputs/jmeter/prod-50-auth9/report, creating folder structure
2026-06-25 03:33:01,168 INFO o.a.j.r.d.TemplateVisitor: Copying folder from '/opt/apache-jmeter-5.5/bin/report-template' to '/work/outputs/jmeter/prod-50-auth9/report', got message: /work/outputs/jmeter/prod-50-auth9/report, found non empty folder with following content [/work/outputs/jmeter/prod-50-auth9/report/statistics.json], will be ignored
2026-06-25 03:33:02,598 INFO o.a.j.JMeter: Dashboard generated
