2026-07-02 00:54:52,823 INFO o.a.j.u.JMeterUtils: Setting Locale to en_EN
2026-07-02 00:54:52,851 INFO o.a.j.JMeter: Loading user properties from: /opt/apache-jmeter-5.6.3/bin/user.properties
2026-07-02 00:54:52,852 INFO o.a.j.JMeter: Loading system properties from: /opt/apache-jmeter-5.6.3/bin/system.properties
2026-07-02 00:54:52,854 INFO o.a.j.JMeter: Setting JMeter property: base_url=https://api.electrahub.net
2026-07-02 00:54:52,855 INFO o.a.j.JMeter: Setting JMeter property: users=50
2026-07-02 00:54:52,855 INFO o.a.j.JMeter: Setting JMeter property: ramp_seconds=300
2026-07-02 00:54:52,856 INFO o.a.j.JMeter: Setting JMeter property: hold_seconds=120
2026-07-02 00:54:52,857 INFO o.a.j.JMeter: Setting JMeter property: sse_seconds=60
2026-07-02 00:54:52,858 INFO o.a.j.JMeter: Setting JMeter property: dynamic_connector_selection=true
2026-07-02 00:54:52,859 INFO o.a.j.JMeter: Setting JMeter property: run_id=redis-load-50
2026-07-02 00:54:52,867 INFO o.a.j.JMeter: Copyright (c) 1998-2024 The Apache Software Foundation
2026-07-02 00:54:52,869 INFO o.a.j.JMeter: Version 5.6.3
2026-07-02 00:54:52,870 INFO o.a.j.JMeter: java.version=17.0.19
2026-07-02 00:54:52,871 INFO o.a.j.JMeter: java.vm.name=OpenJDK 64-Bit Server VM
2026-07-02 00:54:52,872 INFO o.a.j.JMeter: os.name=Linux
2026-07-02 00:54:52,873 INFO o.a.j.JMeter: os.arch=amd64
2026-07-02 00:54:52,874 INFO o.a.j.JMeter: os.version=6.18.33.1-microsoft-standard-WSL2
2026-07-02 00:54:52,875 INFO o.a.j.JMeter: file.encoding=UTF-8
2026-07-02 00:54:52,875 INFO o.a.j.JMeter: java.awt.headless=true
2026-07-02 00:54:52,876 INFO o.a.j.JMeter: Max memory     =1073741824
2026-07-02 00:54:52,877 INFO o.a.j.JMeter: Available Processors =16
2026-07-02 00:54:52,885 INFO o.a.j.JMeter: Default Locale=English (EN)
2026-07-02 00:54:52,886 INFO o.a.j.JMeter: JMeter  Locale=English (EN)
2026-07-02 00:54:52,888 INFO o.a.j.JMeter: JMeterHome=/opt/apache-jmeter-5.6.3
2026-07-02 00:54:52,888 INFO o.a.j.JMeter: user.dir  =/work
2026-07-02 00:54:52,889 INFO o.a.j.JMeter: PWD       =/work
2026-07-02 00:54:52,890 INFO o.a.j.JMeter: IP: 172.17.0.35 Name: 8e369f8a4fda FullName: 8e369f8a4fda
2026-07-02 00:54:52,905 INFO o.a.j.JMeter: Setting property 'jmeter.reportgenerator.outputdir' to:'/work/outputs/jmeter/prod-redis-load-50/report'
2026-07-02 00:54:52,913 INFO o.a.j.s.FileServer: Default base='/work'
2026-07-02 00:54:52,917 INFO o.a.j.s.FileServer: Set new base='/work/scripts/jmeter'
2026-07-02 00:54:53,123 INFO o.a.j.s.SaveService: Testplan (JMX) version: 2.2. Testlog (JTL) version: 2.2
2026-07-02 00:54:53,155 INFO o.a.j.s.SaveService: Using SaveService properties version 5.0
2026-07-02 00:54:53,165 INFO o.a.j.s.SaveService: Using SaveService properties file encoding UTF-8
2026-07-02 00:54:53,168 INFO o.a.j.s.SaveService: Loading file: scripts/jmeter/03-full-e2e-charging-100-users.jmx
2026-07-02 00:54:53,236 INFO o.a.j.JMeter: Creating summariser <summary>
2026-07-02 00:54:53,245 INFO o.a.j.r.d.ReportGenerator: ReportGenerator will use for Parsing the separator: ','
2026-07-02 00:54:53,246 INFO o.a.j.r.d.ReportGenerator: Will generate report at end of test from  results file: outputs/jmeter/prod-redis-load-50/results.jtl
2026-07-02 00:54:53,246 INFO o.a.j.r.d.ReportGenerator: Reading report generator properties from: /opt/apache-jmeter-5.6.3/bin/reportgenerator.properties
2026-07-02 00:54:53,248 INFO o.a.j.r.d.ReportGenerator: Merging with JMeter properties
2026-07-02 00:54:53,253 INFO o.a.j.r.c.ReportGeneratorConfiguration: Property 'jmeter.reportgenerator.temp_dir' not found, using default value 'temp' instead.
2026-07-02 00:54:53,256 INFO o.a.j.r.c.ReportGeneratorConfiguration: Property 'jmeter.reportgenerator.apdex_per_transaction' not found, using default value 'null' instead.
2026-07-02 00:54:53,260 INFO o.a.j.r.c.ReportGeneratorConfiguration: apdex_per_transaction is empty, not APDEX per transaction customization
2026-07-02 00:54:53,261 INFO o.a.j.r.c.ReportGeneratorConfiguration: Property 'jmeter.reportgenerator.sample_filter' not found, using default value 'null' instead.
2026-07-02 00:54:53,262 INFO o.a.j.r.c.ReportGeneratorConfiguration: Property 'jmeter.reportgenerator.report_title' not found, using default value 'null' instead.
2026-07-02 00:54:53,263 INFO o.a.j.r.c.ReportGeneratorConfiguration: Property 'jmeter.reportgenerator.start_date' not found, using default value 'null' instead.
2026-07-02 00:54:53,263 INFO o.a.j.r.c.ReportGeneratorConfiguration: Property 'jmeter.reportgenerator.end_date' not found, using default value 'null' instead.
2026-07-02 00:54:53,264 INFO o.a.j.r.c.ReportGeneratorConfiguration: Property 'jmeter.reportgenerator.date_format' not found, using default value 'null' instead.
2026-07-02 00:54:53,265 INFO o.a.j.r.c.ReportGeneratorConfiguration: Will use date range start date: null, end date: null
2026-07-02 00:54:53,269 INFO o.a.j.r.c.ReportGeneratorConfiguration: Property 'jmeter.reportgenerator.graph.totalTPS.exclude_controllers' not found, using default value 'false' instead.
2026-07-02 00:54:53,270 INFO o.a.j.r.c.ReportGeneratorConfiguration: Property 'jmeter.reportgenerator.graph.activeThreadsOverTime.exclude_controllers' not found, using default value 'false' instead.
2026-07-02 00:54:53,270 INFO o.a.j.r.c.ReportGeneratorConfiguration: Property 'jmeter.reportgenerator.graph.timeVsThreads.exclude_controllers' not found, using default value 'false' instead.
2026-07-02 00:54:53,271 INFO o.a.j.r.c.ReportGeneratorConfiguration: Property 'jmeter.reportgenerator.graph.responseTimeDistribution.exclude_controllers' not found, using default value 'false' instead.
2026-07-02 00:54:53,272 INFO o.a.j.r.c.ReportGeneratorConfiguration: Property 'jmeter.reportgenerator.graph.transactionsPerSecond.exclude_controllers' not found, using default value 'false' instead.
2026-07-02 00:54:53,273 INFO o.a.j.r.c.ReportGeneratorConfiguration: Property 'jmeter.reportgenerator.graph.responseTimePercentiles.exclude_controllers' not found, using default value 'false' instead.
2026-07-02 00:54:53,274 INFO o.a.j.r.c.ReportGeneratorConfiguration: Property 'jmeter.reportgenerator.graph.responseTimePercentilesOverTime.exclude_controllers' not found, using default value 'false' instead.
2026-07-02 00:54:53,275 INFO o.a.j.r.c.ReportGeneratorConfiguration: Property 'jmeter.reportgenerator.graph.responseTimesOverTime.exclude_controllers' not found, using default value 'false' instead.
2026-07-02 00:54:53,275 INFO o.a.j.r.c.ReportGeneratorConfiguration: Property 'jmeter.reportgenerator.graph.connectTimeOverTime.exclude_controllers' not found, using default value 'false' instead.
2026-07-02 00:54:53,276 INFO o.a.j.r.c.ReportGeneratorConfiguration: Property 'jmeter.reportgenerator.graph.latenciesOverTime.exclude_controllers' not found, using default value 'false' instead.
2026-07-02 00:54:53,277 INFO o.a.j.r.c.ReportGeneratorConfiguration: Property 'jmeter.reportgenerator.exporter.json.filters_only_sample_series' not found, using default value 'true' instead.
2026-07-02 00:54:53,278 INFO o.a.j.r.c.ReportGeneratorConfiguration: Property 'jmeter.reportgenerator.exporter.json.series_filter' not found, using default value '' instead.
2026-07-02 00:54:53,278 INFO o.a.j.r.c.ReportGeneratorConfiguration: Property 'jmeter.reportgenerator.exporter.json.show_controllers_only' not found, using default value 'false' instead.
2026-07-02 00:54:53,280 INFO o.a.j.r.c.ReportGeneratorConfiguration: Property 'jmeter.reportgenerator.exporter.html.filters_only_sample_series' not found, using default value 'true' instead.
2026-07-02 00:54:53,281 INFO o.a.j.r.c.ReportGeneratorConfiguration: Property 'jmeter.reportgenerator.exporter.html.series_filter' not found, using default value '' instead.
2026-07-02 00:54:53,282 INFO o.a.j.r.c.ReportGeneratorConfiguration: Property 'jmeter.reportgenerator.exporter.html.show_controllers_only' not found, using default value 'false' instead.
2026-07-02 00:54:53,295 INFO o.a.j.e.StandardJMeterEngine: Running the test!
2026-07-02 00:54:53,296 INFO o.a.j.s.SampleEvent: List of sample_variables: []
2026-07-02 00:54:53,297 INFO o.a.j.s.SampleEvent: List of sample_variables: []
2026-07-02 00:54:53,301 INFO o.a.j.e.u.CompoundVariable: Note: Function class names must contain the string: '.functions.'
2026-07-02 00:54:53,302 INFO o.a.j.e.u.CompoundVariable: Note: Function class names must not contain the string: '.gui.'
2026-07-02 00:54:53,520 INFO o.a.j.JMeter: Running test (1782953693520)
2026-07-02 00:54:53,537 INFO o.a.j.e.StandardJMeterEngine: Starting ThreadGroup: 1 : 100 driver charging journeys
2026-07-02 00:54:53,538 INFO o.a.j.e.StandardJMeterEngine: Starting 50 threads for group 100 driver charging journeys.
2026-07-02 00:54:53,539 INFO o.a.j.e.StandardJMeterEngine: Thread will continue on error
2026-07-02 00:54:53,540 INFO o.a.j.t.ThreadGroup: Starting thread group... number=1 threads=50 ramp-up=300 delayedStart=false
2026-07-02 00:54:53,552 INFO o.a.j.t.JMeterThread: Thread started: 100 driver charging journeys 1-1
2026-07-02 00:54:53,556 INFO o.a.j.s.FileServer: Stored: scripts/jmeter/data/connectors-100.csv
2026-07-02 00:54:53,564 INFO o.a.j.t.ThreadGroup: Started thread group number 1
2026-07-02 00:54:53,564 INFO o.a.j.e.StandardJMeterEngine: All thread groups have been started
2026-07-02 00:54:53,573 INFO o.a.j.s.SampleResult: Note: Sample TimeStamps are START times
2026-07-02 00:54:53,574 INFO o.a.j.s.SampleResult: sampleresult.default.encoding is set to UTF-8
2026-07-02 00:54:53,574 INFO o.a.j.s.SampleResult: sampleresult.useNanoTime=true
2026-07-02 00:54:53,575 INFO o.a.j.s.SampleResult: sampleresult.nanoThreadSleep=5000
2026-07-02 00:54:55,112 INFO o.a.j.p.j.s.J.Full charging journey with SSE: [electrahub-jmeter][full][001] step=register
2026-07-02 00:54:55,856 INFO o.a.j.p.j.s.J.Full charging journey with SSE: [electrahub-jmeter][full][001] http POST /auth/api/auth/register status=200 elapsedMs=301
2026-07-02 00:54:55,886 INFO o.a.j.p.j.s.J.Full charging journey with SSE: [electrahub-jmeter][full][001] registered uid=1f886f1f-2a70-41f3-883d-1d56d9e725a7
2026-07-02 00:54:55,907 INFO o.a.j.p.j.s.J.Full charging journey with SSE: [electrahub-jmeter][full][001] step=payment state before setup
2026-07-02 00:54:55,986 INFO o.a.j.p.j.s.J.Full charging journey with SSE: [electrahub-jmeter][full][001] http GET /payment/api/v1/payment/state status=451 elapsedMs=78
2026-07-02 00:54:55,988 INFO o.a.j.p.j.s.J.Full charging journey with SSE: [electrahub-jmeter][full][001] step=accept terms
2026-07-02 00:54:56,071 INFO o.a.j.p.j.s.J.Full charging journey with SSE: [electrahub-jmeter][full][001] http POST /auth/api/terms/accept status=201 elapsedMs=82
2026-07-02 00:54:56,084 INFO o.a.j.p.j.s.J.Full charging journey with SSE: [electrahub-jmeter][full][001] accepted terms; refreshing token through login
2026-07-02 00:54:56,087 INFO o.a.j.p.j.s.J.Full charging journey with SSE: [electrahub-jmeter][full][001] step=login
2026-07-02 00:54:56,345 INFO o.a.j.p.j.s.J.Full charging journey with SSE: [electrahub-jmeter][full][001] http POST /auth/api/auth/login status=200 elapsedMs=254
2026-07-02 00:54:56,347 INFO o.a.j.p.j.s.J.Full charging journey with SSE: [electrahub-jmeter][full][001] logged in uid=1f886f1f-2a70-41f3-883d-1d56d9e725a7
2026-07-02 00:54:56,348 INFO o.a.j.p.j.s.J.Full charging journey with SSE: [electrahub-jmeter][full][001] step=payment state after terms
2026-07-02 00:54:56,438 INFO o.a.j.p.j.s.J.Full charging journey with SSE: [electrahub-jmeter][full][001] http GET /payment/api/v1/payment/state status=200 elapsedMs=89
2026-07-02 00:54:56,439 INFO o.a.j.p.j.s.J.Full charging journey with SSE: [electrahub-jmeter][full][001] step=add card
2026-07-02 00:54:56,518 INFO o.a.j.p.j.s.J.Full charging journey with SSE: [electrahub-jmeter][full][001] http POST /payment/api/v1/payment/cards status=201 elapsedMs=77
2026-07-02 00:54:56,520 INFO o.a.j.p.j.s.J.Full charging journey with SSE: [electrahub-jmeter][full][001] step=wallet topup
2026-07-02 00:54:56,599 INFO o.a.j.p.j.s.J.Full charging journey with SSE: [electrahub-jmeter][full][001] http POST /payment/api/v1/payment/wallet/topups status=201 elapsedMs=77
2026-07-02 00:54:56,601 INFO o.a.j.p.j.s.J.Full charging journey with SSE: [electrahub-jmeter][full][001] step=payment state after setup
2026-07-02 00:54:56,678 INFO o.a.j.p.j.s.J.Full charging journey with SSE: [electrahub-jmeter][full][001] http GET /payment/api/v1/payment/state status=200 elapsedMs=76
2026-07-02 00:54:56,679 INFO o.a.j.p.j.s.J.Full charging journey with SSE: [electrahub-jmeter][full][001] payment ready wallet=120.00
2026-07-02 00:54:56,680 INFO o.a.j.p.j.s.J.Full charging journey with SSE: [electrahub-jmeter][full][001] step=charger graphql list
2026-07-02 00:54:56,812 INFO o.a.j.p.j.s.J.Full charging journey with SSE: [electrahub-jmeter][full][001] http POST /charger/graphql status=200 elapsedMs=131
2026-07-02 00:54:56,830 INFO o.a.j.p.j.s.J.Full charging journey with SSE: [electrahub-jmeter][full][001] dynamic connector selection found no available connector; using CSV connector
2026-07-02 00:54:56,831 INFO o.a.j.p.j.s.J.Full charging journey with SSE: [electrahub-jmeter][full][001] step=charger graphql view
2026-07-02 00:54:56,932 INFO o.a.j.p.j.s.J.Full charging journey with SSE: [electrahub-jmeter][full][001] http POST /charger/graphql status=200 elapsedMs=99
2026-07-02 00:54:56,934 INFO o.a.j.p.j.s.J.Full charging journey with SSE: [electrahub-jmeter][full][001] step=payment state before start
2026-07-02 00:54:57,005 INFO o.a.j.p.j.s.J.Full charging journey with SSE: [electrahub-jmeter][full][001] http GET /payment/api/v1/payment/state status=200 elapsedMs=70
2026-07-02 00:54:57,041 INFO o.a.j.p.j.s.J.Full charging journey with SSE: [electrahub-jmeter][full][001] using connector csv fallback attempts=10 startIndex=1/100
2026-07-02 00:54:57,046 INFO o.a.j.p.j.s.J.Full charging journey with SSE: [electrahub-jmeter][full][001] step=start charging attempt 1
2026-07-02 00:54:57,460 INFO o.a.j.p.j.s.J.Full charging journey with SSE: [electrahub-jmeter][full][001] http POST /session/api/v1/sessions/start status=201 elapsedMs=412
2026-07-02 00:54:57,462 INFO o.a.j.p.j.s.J.Full charging journey with SSE: [electrahub-jmeter][full][001] started session=5bc9b0a4-b0a4-4478-92e6-808dd4fcf364 charger=EH-US-CHG-0001/CON-US-0001 status=PREPARING remote=Accepted attempt=1/10
2026-07-02 00:54:57,463 INFO o.a.j.p.j.s.J.Full charging journey with SSE: [electrahub-jmeter][full][001] step=active sessions
2026-07-02 00:54:58,484 INFO o.a.j.p.j.s.J.Full charging journey with SSE: [electrahub-jmeter][full][001] http GET /session/api/v1/sessions/active status=200 elapsedMs=1020
2026-07-02 00:54:59,549 INFO o.a.j.t.JMeterThread: Thread started: 100 driver charging journeys 1-2
2026-07-02 00:54:59,556 INFO o.a.j.p.j.s.J.Full charging journey with SSE: [electrahub-jmeter][full][002] step=register
2026-07-02 00:54:59,822 INFO o.a.j.p.j.s.J.Full charging journey with SSE: [electrahub-jmeter][full][002] http POST /auth/api/auth/register status=200 elapsedMs=210
2026-07-02 00:54:59,824 INFO o.a.j.p.j.s.J.Full charging journey with SSE: [electrahub-jmeter][full][002] registered uid=d65039bb-a85b-4453-a83b-7948766f5862
2026-07-02 00:54:59,831 INFO o.a.j.p.j.s.J.Full charging journey with SSE: [electrahub-jmeter][full][002] step=payment state before setup
2026-07-02 00:54:59,908 INFO o.a.j.p.j.s.J.Full charging journey with SSE: [electrahub-jmeter][full][002] http GET /payment/api/v1/payment/state status=451 elapsedMs=76
2026-07-02 00:54:59,909 INFO o.a.j.p.j.s.J.Full charging journey with SSE: [electrahub-jmeter][full][002] step=accept terms
2026-07-02 00:54:59,974 INFO o.a.j.p.j.s.J.Full charging journey with SSE: [electrahub-jmeter][full][002] http POST /auth/api/terms/accept status=201 elapsedMs=64
2026-07-02 00:54:59,975 INFO o.a.j.p.j.s.J.Full charging journey with SSE: [electrahub-jmeter][full][002] accepted terms; refreshing token through login
2026-07-02 00:54:59,976 INFO o.a.j.p.j.s.J.Full charging journey with SSE: [electrahub-jmeter][full][002] step=login
2026-07-02 00:55:00,125 INFO o.a.j.p.j.s.J.Full charging journey with SSE: [electrahub-jmeter][full][002] http POST /auth/api/auth/login status=200 elapsedMs=148
2026-07-02 00:55:00,126 INFO o.a.j.p.j.s.J.Full charging journey with SSE: [electrahub-jmeter][full][002] logged in uid=d65039bb-a85b-4453-a83b-7948766f5862
2026-07-02 00:55:00,127 INFO o.a.j.p.j.s.J.Full charging journey with SSE: [electrahub-jmeter][full][002] step=payment state after terms
2026-07-02 00:55:00,199 INFO o.a.j.p.j.s.J.Full charging journey with SSE: [electrahub-jmeter][full][002] http GET /payment/api/v1/payment/state status=200 elapsedMs=71
2026-07-02 00:55:00,200 INFO o.a.j.p.j.s.J.Full charging journey with SSE: [electrahub-jmeter][full][002] step=add card
2026-07-02 00:55:00,273 INFO o.a.j.p.j.s.J.Full charging journey with SSE: [electrahub-jmeter][full][002] http POST /payment/api/v1/payment/cards status=201 elapsedMs=71
2026-07-02 00:55:00,274 INFO o.a.j.p.j.s.J.Full charging journey with SSE: [electrahub-jmeter][full][002] step=wallet topup
2026-07-02 00:55:00,347 INFO o.a.j.p.j.s.J.Full charging journey with SSE: [electrahub-jmeter][full][002] http POST /payment/api/v1/payment/wallet/topups status=201 elapsedMs=72
2026-07-02 00:55:00,348 INFO o.a.j.p.j.s.J.Full charging journey with SSE: [electrahub-jmeter][full][002] step=payment state after setup
2026-07-02 00:55:00,419 INFO o.a.j.p.j.s.J.Full charging journey with SSE: [electrahub-jmeter][full][002] http GET /payment/api/v1/payment/state status=200 elapsedMs=70
2026-07-02 00:55:00,421 INFO o.a.j.p.j.s.J.Full charging journey with SSE: [electrahub-jmeter][full][002] payment ready wallet=120.00
2026-07-02 00:55:00,423 INFO o.a.j.p.j.s.J.Full charging journey with SSE: [electrahub-jmeter][full][002] step=charger graphql list
2026-07-02 00:55:00,525 INFO o.a.j.p.j.s.J.Full charging journey with SSE: [electrahub-jmeter][full][002] http POST /charger/graphql status=200 elapsedMs=100
2026-07-02 00:55:00,528 INFO o.a.j.p.j.s.J.Full charging journey with SSE: [electrahub-jmeter][full][002] dynamic connector selection found no available connector; using CSV connector
2026-07-02 00:55:00,529 INFO o.a.j.p.j.s.J.Full charging journey with SSE: [electrahub-jmeter][full][002] step=charger graphql view
2026-07-02 00:55:00,620 INFO o.a.j.p.j.s.J.Full charging journey with SSE: [electrahub-jmeter][full][002] http POST /charger/graphql status=200 elapsedMs=90
2026-07-02 00:55:00,622 INFO o.a.j.p.j.s.J.Full charging journey with SSE: [electrahub-jmeter][full][002] step=payment state before start
2026-07-02 00:55:00,691 INFO o.a.j.p.j.s.J.Full charging journey with SSE: [electrahub-jmeter][full][002] http GET /payment/api/v1/payment/state status=200 elapsedMs=66
2026-07-02 00:55:00,697 INFO o.a.j.p.j.s.J.Full charging journey with SSE: [electrahub-jmeter][full][002] using connector csv fallback attempts=10 startIndex=2/100
2026-07-02 00:55:00,698 INFO o.a.j.p.j.s.J.Full charging journey with SSE: [electrahub-jmeter][full][002] step=start charging attempt 1
2026-07-02 00:55:01,502 INFO o.a.j.p.j.s.J.Full charging journey with SSE: [electrahub-jmeter][full][002] http POST /session/api/v1/sessions/start status=201 elapsedMs=802
2026-07-02 00:55:01,503 INFO o.a.j.p.j.s.J.Full charging journey with SSE: [electrahub-jmeter][full][002] started session=73118c4f-57b2-414c-81c4-df7288d8a034 charger=EH-US-CHG-0002/CON-US-0002 status=PREPARING remote=Accepted attempt=1/10
2026-07-02 00:55:01,504 INFO o.a.j.p.j.s.J.Full charging journey with SSE: [electrahub-jmeter][full][002] step=active sessions
2026-07-02 00:55:02,505 INFO o.a.j.p.j.s.J.Full charging journey with SSE: [electrahub-jmeter][full][002] http GET /session/api/v1/sessions/active status=200 elapsedMs=1001
2026-07-02 00:55:05,549 INFO o.a.j.t.JMeterThread: Thread started: 100 driver charging journeys 1-3
2026-07-02 00:55:05,555 INFO o.a.j.p.j.s.J.Full charging journey with SSE: [electrahub-jmeter][full][003] step=register
2026-07-02 00:55:05,821 INFO o.a.j.p.j.s.J.Full charging journey with SSE: [electrahub-jmeter][full][003] http POST /auth/api/auth/register status=200 elapsedMs=213
2026-07-02 00:55:05,822 INFO o.a.j.p.j.s.J.Full charging journey with SSE: [electrahub-jmeter][full][003] registered uid=dccd3ce9-249b-4bab-8c78-861fbbd899ee
2026-07-02 00:55:05,830 INFO o.a.j.p.j.s.J.Full charging journey with SSE: [electrahub-jmeter][full][003] step=payment state before setup
2026-07-02 00:55:05,892 INFO o.a.j.p.j.s.J.Full charging journey with SSE: [electrahub-jmeter][full][003] http GET /payment/api/v1/payment/state status=451 elapsedMs=62
2026-07-02 00:55:05,893 INFO o.a.j.p.j.s.J.Full charging journey with SSE: [electrahub-jmeter][full][003] step=accept terms
2026-07-02 00:55:05,957 INFO o.a.j.p.j.s.J.Full charging journey with SSE: [electrahub-jmeter][full][003] http POST /auth/api/terms/accept status=201 elapsedMs=63
2026-07-02 00:55:05,958 INFO o.a.j.p.j.s.J.Full charging journey with SSE: [electrahub-jmeter][full][003] accepted terms; refreshing token through login
2026-07-02 00:55:05,959 INFO o.a.j.p.j.s.J.Full charging journey with SSE: [electrahub-jmeter][full][003] step=login
2026-07-02 00:55:06,131 INFO o.a.j.p.j.s.J.Full charging journey with SSE: [electrahub-jmeter][full][003] http POST /auth/api/auth/login status=200 elapsedMs=171
2026-07-02 00:55:06,132 INFO o.a.j.p.j.s.J.Full charging journey with SSE: [electrahub-jmeter][full][003] logged in uid=dccd3ce9-249b-4bab-8c78-861fbbd899ee
2026-07-02 00:55:06,132 INFO o.a.j.p.j.s.J.Full charging journey with SSE: [electrahub-jmeter][full][003] step=payment state after terms
2026-07-02 00:55:06,215 INFO o.a.j.p.j.s.J.Full charging journey with SSE: [electrahub-jmeter][full][003] http GET /payment/api/v1/payment/state status=200 elapsedMs=82
2026-07-02 00:55:06,217 INFO o.a.j.p.j.s.J.Full charging journey with SSE: [electrahub-jmeter][full][003] step=add card
2026-07-02 00:55:06,290 INFO o.a.j.p.j.s.J.Full charging journey with SSE: [electrahub-jmeter][full][003] http POST /payment/api/v1/payment/cards status=201 elapsedMs=72
2026-07-02 00:55:06,291 INFO o.a.j.p.j.s.J.Full charging journey with SSE: [electrahub-jmeter][full][003] step=wallet topup
2026-07-02 00:55:06,354 INFO o.a.j.p.j.s.J.Full charging journey with SSE: [electrahub-jmeter][full][003] http POST /payment/api/v1/payment/wallet/topups status=201 elapsedMs=62
2026-07-02 00:55:06,355 INFO o.a.j.p.j.s.J.Full charging journey with SSE: [electrahub-jmeter][full][003] step=payment state after setup
2026-07-02 00:55:06,423 INFO o.a.j.p.j.s.J.Full charging journey with SSE: [electrahub-jmeter][full][003] http GET /payment/api/v1/payment/state status=200 elapsedMs=67
2026-07-02 00:55:06,424 INFO o.a.j.p.j.s.J.Full charging journey with SSE: [electrahub-jmeter][full][003] payment ready wallet=120.00
2026-07-02 00:55:06,425 INFO o.a.j.p.j.s.J.Full charging journey with SSE: [electrahub-jmeter][full][003] step=charger graphql list
2026-07-02 00:55:06,521 INFO o.a.j.p.j.s.J.Full charging journey with SSE: [electrahub-jmeter][full][003] http POST /charger/graphql status=200 elapsedMs=95
2026-07-02 00:55:06,523 INFO o.a.j.p.j.s.J.Full charging journey with SSE: [electrahub-jmeter][full][003] dynamic connector selection found no available connector; using CSV connector
2026-07-02 00:55:06,524 INFO o.a.j.p.j.s.J.Full charging journey with SSE: [electrahub-jmeter][full][003] step=charger graphql view
2026-07-02 00:55:06,607 INFO o.a.j.p.j.s.J.Full charging journey with SSE: [electrahub-jmeter][full][003] http POST /charger/graphql status=200 elapsedMs=81
2026-07-02 00:55:06,608 INFO o.a.j.p.j.s.J.Full charging journey with SSE: [electrahub-jmeter][full][003] step=payment state before start
2026-07-02 00:55:06,677 INFO o.a.j.p.j.s.J.Full charging journey with SSE: [electrahub-jmeter][full][003] http GET /payment/api/v1/payment/state status=200 elapsedMs=68
2026-07-02 00:55:06,681 INFO o.a.j.p.j.s.J.Full charging journey with SSE: [electrahub-jmeter][full][003] using connector csv fallback attempts=10 startIndex=3/100
2026-07-02 00:55:06,682 INFO o.a.j.p.j.s.J.Full charging journey with SSE: [electrahub-jmeter][full][003] step=start charging attempt 1
2026-07-02 00:55:07,532 INFO o.a.j.p.j.s.J.Full charging journey with SSE: [electrahub-jmeter][full][003] http POST /session/api/v1/sessions/start status=201 elapsedMs=848
2026-07-02 00:55:07,533 INFO o.a.j.p.j.s.J.Full charging journey with SSE: [electrahub-jmeter][full][003] started session=e36889f1-84b8-4f1e-a55a-69b5dabe6b82 charger=EH-US-CHG-0003/CON-US-0003 status=PREPARING remote=Accepted attempt=1/10
2026-07-02 00:55:07,534 INFO o.a.j.p.j.s.J.Full charging journey with SSE: [electrahub-jmeter][full][003] step=active sessions
2026-07-02 00:55:08,548 INFO o.a.j.p.j.s.J.Full charging journey with SSE: [electrahub-jmeter][full][003] http GET /session/api/v1/sessions/active status=200 elapsedMs=1014
2026-07-02 00:55:13,024 INFO o.a.j.t.JMeterThread: Thread started: 100 driver charging journeys 1-4
2026-07-02 00:55:13,028 INFO o.a.j.p.j.s.J.Full charging journey with SSE: [electrahub-jmeter][full][004] step=register
2026-07-02 00:55:13,292 INFO o.a.j.p.j.s.J.Full charging journey with SSE: [electrahub-jmeter][full][004] http POST /auth/api/auth/register status=200 elapsedMs=215
2026-07-02 00:55:13,293 INFO o.a.j.p.j.s.J.Full charging journey with SSE: [electrahub-jmeter][full][004] registered uid=3169b560-255b-4e62-a428-e9601f9f8e3b
2026-07-02 00:55:13,300 INFO o.a.j.p.j.s.J.Full charging journey with SSE: [electrahub-jmeter][full][004] step=payment state before setup
2026-07-02 00:55:13,360 INFO o.a.j.p.j.s.J.Full charging journey with SSE: [electrahub-jmeter][full][004] http GET /payment/api/v1/payment/state status=451 elapsedMs=59
2026-07-02 00:55:13,361 INFO o.a.j.p.j.s.J.Full charging journey with SSE: [electrahub-jmeter][full][004] step=accept terms
2026-07-02 00:55:13,424 INFO o.a.j.p.j.s.J.Full charging journey with SSE: [electrahub-jmeter][full][004] http POST /auth/api/terms/accept status=201 elapsedMs=61
2026-07-02 00:55:13,425 INFO o.a.j.p.j.s.J.Full charging journey with SSE: [electrahub-jmeter][full][004] accepted terms; refreshing token through login
2026-07-02 00:55:13,426 INFO o.a.j.p.j.s.J.Full charging journey with SSE: [electrahub-jmeter][full][004] step=login
2026-07-02 00:55:13,581 INFO o.a.j.p.j.s.J.Full charging journey with SSE: [electrahub-jmeter][full][004] http POST /auth/api/auth/login status=200 elapsedMs=154
2026-07-02 00:55:13,583 INFO o.a.j.p.j.s.J.Full charging journey with SSE: [electrahub-jmeter][full][004] logged in uid=3169b560-255b-4e62-a428-e9601f9f8e3b
2026-07-02 00:55:13,583 INFO o.a.j.p.j.s.J.Full charging journey with SSE: [electrahub-jmeter][full][004] step=payment state after terms
2026-07-02 00:55:13,659 INFO o.a.j.p.j.s.J.Full charging journey with SSE: [electrahub-jmeter][full][004] http GET /payment/api/v1/payment/state status=200 elapsedMs=75
2026-07-02 00:55:13,661 INFO o.a.j.p.j.s.J.Full charging journey with SSE: [electrahub-jmeter][full][004] step=add card
2026-07-02 00:55:13,731 INFO o.a.j.p.j.s.J.Full charging journey with SSE: [electrahub-jmeter][full][004] http POST /payment/api/v1/payment/cards status=201 elapsedMs=69
2026-07-02 00:55:13,733 INFO o.a.j.p.j.s.J.Full charging journey with SSE: [electrahub-jmeter][full][004] step=wallet topup
2026-07-02 00:55:13,799 INFO o.a.j.p.j.s.J.Full charging journey with SSE: [electrahub-jmeter][full][004] http POST /payment/api/v1/payment/wallet/topups status=201 elapsedMs=65
2026-07-02 00:55:13,800 INFO o.a.j.p.j.s.J.Full charging journey with SSE: [electrahub-jmeter][full][004] step=payment state after setup
2026-07-02 00:55:13,858 INFO o.a.j.p.j.s.J.Full charging journey with SSE: [electrahub-jmeter][full][004] http GET /payment/api/v1/payment/state status=200 elapsedMs=57
2026-07-02 00:55:13,859 INFO o.a.j.p.j.s.J.Full charging journey with SSE: [electrahub-jmeter][full][004] payment ready wallet=120.00
2026-07-02 00:55:13,861 INFO o.a.j.p.j.s.J.Full charging journey with SSE: [electrahub-jmeter][full][004] step=charger graphql list
2026-07-02 00:55:13,955 INFO o.a.j.p.j.s.J.Full charging journey with SSE: [electrahub-jmeter][full][004] http POST /charger/graphql status=200 elapsedMs=93
2026-07-02 00:55:13,957 INFO o.a.j.p.j.s.J.Full charging journey with SSE: [electrahub-jmeter][full][004] dynamic connector selection found no available connector; using CSV connector
2026-07-02 00:55:13,958 INFO o.a.j.p.j.s.J.Full charging journey with SSE: [electrahub-jmeter][full][004] step=charger graphql view
2026-07-02 00:55:14,035 INFO o.a.j.p.j.s.J.Full charging journey with SSE: [electrahub-jmeter][full][004] http POST /charger/graphql status=200 elapsedMs=77
2026-07-02 00:55:14,036 INFO o.a.j.p.j.s.J.Full charging journey with SSE: [electrahub-jmeter][full][004] step=payment state before start
2026-07-02 00:55:14,096 INFO o.a.j.p.j.s.J.Full charging journey with SSE: [electrahub-jmeter][full][004] http GET /payment/api/v1/payment/state status=200 elapsedMs=60
2026-07-02 00:55:14,100 INFO o.a.j.p.j.s.J.Full charging journey with SSE: [electrahub-jmeter][full][004] using connector csv fallback attempts=10 startIndex=4/100
2026-07-02 00:55:14,101 INFO o.a.j.p.j.s.J.Full charging journey with SSE: [electrahub-jmeter][full][004] step=start charging attempt 1
2026-07-02 00:55:15,038 INFO o.a.j.p.j.s.J.Full charging journey with SSE: [electrahub-jmeter][full][004] http POST /session/api/v1/sessions/start status=201 elapsedMs=936
2026-07-02 00:55:15,039 INFO o.a.j.p.j.s.J.Full charging journey with SSE: [electrahub-jmeter][full][004] started session=d281b52e-6ba9-48b1-817d-7f9322be19ee charger=EH-US-CHG-0004/CON-US-0004 status=PREPARING remote=Accepted attempt=1/10
2026-07-02 00:55:15,040 INFO o.a.j.p.j.s.J.Full charging journey with SSE: [electrahub-jmeter][full][004] step=active sessions
2026-07-02 00:55:16,048 INFO o.a.j.p.j.s.J.Full charging journey with SSE: [electrahub-jmeter][full][004] http GET /session/api/v1/sessions/active status=200 elapsedMs=1008
2026-07-02 00:55:17,548 INFO o.a.j.t.JMeterThread: Thread started: 100 driver charging journeys 1-5
2026-07-02 00:55:17,555 INFO o.a.j.p.j.s.J.Full charging journey with SSE: [electrahub-jmeter][full][005] step=register
2026-07-02 00:55:17,808 INFO o.a.j.p.j.s.J.Full charging journey with SSE: [electrahub-jmeter][full][005] http POST /auth/api/auth/register status=200 elapsedMs=206
2026-07-02 00:55:17,810 INFO o.a.j.p.j.s.J.Full charging journey with SSE: [electrahub-jmeter][full][005] registered uid=53b28c43-b90e-440e-9f71-af7fca93306d
2026-07-02 00:55:17,833 INFO o.a.j.p.j.s.J.Full charging journey with SSE: [electrahub-jmeter][full][005] step=payment state before setup
2026-07-02 00:55:17,894 INFO o.a.j.p.j.s.J.Full charging journey with SSE: [electrahub-jmeter][full][005] http GET /payment/api/v1/payment/state status=451 elapsedMs=60
2026-07-02 00:55:17,895 INFO o.a.j.p.j.s.J.Full charging journey with SSE: [electrahub-jmeter][full][005] step=accept terms
2026-07-02 00:55:17,958 INFO o.a.j.p.j.s.J.Full charging journey with SSE: [electrahub-jmeter][full][005] http POST /auth/api/terms/accept status=201 elapsedMs=62
2026-07-02 00:55:17,959 INFO o.a.j.p.j.s.J.Full charging journey with SSE: [electrahub-jmeter][full][005] accepted terms; refreshing token through login
2026-07-02 00:55:17,960 INFO o.a.j.p.j.s.J.Full charging journey with SSE: [electrahub-jmeter][full][005] step=login
2026-07-02 00:55:18,109 INFO o.a.j.p.j.s.J.Full charging journey with SSE: [electrahub-jmeter][full][005] http POST /auth/api/auth/login status=200 elapsedMs=148
2026-07-02 00:55:18,113 INFO o.a.j.p.j.s.J.Full charging journey with SSE: [electrahub-jmeter][full][005] logged in uid=53b28c43-b90e-440e-9f71-af7fca93306d
2026-07-02 00:55:18,115 INFO o.a.j.p.j.s.J.Full charging journey with SSE: [electrahub-jmeter][full][005] step=payment state after terms
2026-07-02 00:55:18,190 INFO o.a.j.p.j.s.J.Full charging journey with SSE: [electrahub-jmeter][full][005] http GET /payment/api/v1/payment/state status=200 elapsedMs=74
2026-07-02 00:55:18,191 INFO o.a.j.p.j.s.J.Full charging journey with SSE: [electrahub-jmeter][full][005] step=add card
2026-07-02 00:55:18,256 INFO o.a.j.p.j.s.J.Full charging journey with SSE: [electrahub-jmeter][full][005] http POST /payment/api/v1/payment/cards status=201 elapsedMs=64
2026-07-02 00:55:18,257 INFO o.a.j.p.j.s.J.Full charging journey with SSE: [electrahub-jmeter][full][005] step=wallet topup
2026-07-02 00:55:18,338 INFO o.a.j.p.j.s.J.Full charging journey with SSE: [electrahub-jmeter][full][005] http POST /payment/api/v1/payment/wallet/topups status=201 elapsedMs=80
2026-07-02 00:55:18,339 INFO o.a.j.p.j.s.J.Full charging journey with SSE: [electrahub-jmeter][full][005] step=payment state after setup
2026-07-02 00:55:18,402 INFO o.a.j.p.j.s.J.Full charging journey with SSE: [electrahub-jmeter][full][005] http GET /payment/api/v1/payment/state status=200 elapsedMs=62
2026-07-02 00:55:18,403 INFO o.a.j.p.j.s.J.Full charging journey with SSE: [electrahub-jmeter][full][005] payment ready wallet=120.00
2026-07-02 00:55:18,403 INFO o.a.j.p.j.s.J.Full charging journey with SSE: [electrahub-jmeter][full][005] step=charger graphql list
2026-07-02 00:55:18,508 INFO o.a.j.p.j.s.J.Full charging journey with SSE: [electrahub-jmeter][full][005] http POST /charger/graphql status=200 elapsedMs=104
2026-07-02 00:55:18,510 INFO o.a.j.p.j.s.J.Full charging journey with SSE: [electrahub-jmeter][full][005] dynamic connector selection found no available connector; using CSV connector
2026-07-02 00:55:18,511 INFO o.a.j.p.j.s.J.Full charging journey with SSE: [electrahub-jmeter][full][005] step=charger graphql view
2026-07-02 00:55:18,606 INFO o.a.j.p.j.s.J.Full charging journey with SSE: [electrahub-jmeter][full][005] http POST /charger/graphql status=200 elapsedMs=92
2026-07-02 00:55:18,607 INFO o.a.j.p.j.s.J.Full charging journey with SSE: [electrahub-jmeter][full][005] step=payment state before start
2026-07-02 00:55:18,671 INFO o.a.j.p.j.s.J.Full charging journey with SSE: [electrahub-jmeter][full][005] http GET /payment/api/v1/payment/state status=200 elapsedMs=63
2026-07-02 00:55:18,675 INFO o.a.j.p.j.s.J.Full charging journey with SSE: [electrahub-jmeter][full][005] using connector csv fallback attempts=10 startIndex=5/100
2026-07-02 00:55:18,676 INFO o.a.j.p.j.s.J.Full charging journey with SSE: [electrahub-jmeter][full][005] step=start charging attempt 1
2026-07-02 00:55:18,756 INFO o.a.j.p.j.s.J.Full charging journey with SSE: [electrahub-jmeter][full][005] http POST /session/api/v1/sessions/start status=409 elapsedMs=79
2026-07-02 00:55:18,757 INFO o.a.j.p.j.s.J.Full charging journey with SSE: [electrahub-jmeter][full][005] start skipped EH-US-CHG-0005/CON-US-0005 HTTP 409; trying next connector
2026-07-02 00:55:19,759 INFO o.a.j.p.j.s.J.Full charging journey with SSE: [electrahub-jmeter][full][005] step=start charging attempt 2
2026-07-02 00:55:20,015 INFO o.a.j.p.j.s.J.Full charging journey with SSE: [electrahub-jmeter][full][005] http POST /session/api/v1/sessions/start status=409 elapsedMs=255
2026-07-02 00:55:20,016 INFO o.a.j.p.j.s.J.Full charging journey with SSE: [electrahub-jmeter][full][005] start skipped EH-US-CHG-0006/CON-US-0006 HTTP 409; trying next connector
2026-07-02 00:55:21,017 INFO o.a.j.p.j.s.J.Full charging journey with SSE: [electrahub-jmeter][full][005] step=start charging attempt 3
2026-07-02 00:55:21,164 INFO o.a.j.p.j.s.J.Full charging journey with SSE: [electrahub-jmeter][full][005] http POST /session/api/v1/sessions/start status=409 elapsedMs=144
2026-07-02 00:55:21,164 INFO o.a.j.p.j.s.J.Full charging journey with SSE: [electrahub-jmeter][full][005] start skipped EH-US-CHG-0007/CON-US-0007 HTTP 409; trying next connector
2026-07-02 00:55:22,166 INFO o.a.j.p.j.s.J.Full charging journey with SSE: [electrahub-jmeter][full][005] step=start charging attempt 4
2026-07-02 00:55:23,093 INFO o.a.j.p.j.s.J.Full charging journey with SSE: [electrahub-jmeter][full][005] http POST /session/api/v1/sessions/start status=201 elapsedMs=926
2026-07-02 00:55:23,094 INFO o.a.j.p.j.s.J.Full charging journey with SSE: [electrahub-jmeter][full][005] started session=dde543b5-7b3a-4265-ab69-92d730731c16 charger=EH-US-CHG-0008/CON-US-0008 status=PREPARING remote=Accepted attempt=4/10
2026-07-02 00:55:23,096 INFO o.a.j.p.j.s.J.Full charging journey with SSE: [electrahub-jmeter][full][005] step=active sessions
2026-07-02 00:55:23,548 INFO o.a.j.t.JMeterThread: Thread started: 100 driver charging journeys 1-6
2026-07-02 00:55:23,555 INFO o.a.j.p.j.s.J.Full charging journey with SSE: [electrahub-jmeter][full][006] step=register
2026-07-02 00:55:23,783 INFO o.a.j.p.j.s.J.Full charging journey with SSE: [electrahub-jmeter][full][006] http POST /auth/api/auth/register status=200 elapsedMs=186
2026-07-02 00:55:23,783 INFO o.a.j.p.j.s.J.Full charging journey with SSE: [electrahub-jmeter][full][006] registered uid=5f8a6e29-09e7-415f-b36c-1a31545f98d4
2026-07-02 00:55:23,791 INFO o.a.j.p.j.s.J.Full charging journey with SSE: [electrahub-jmeter][full][006] step=payment state before setup
2026-07-02 00:55:23,854 INFO o.a.j.p.j.s.J.Full charging journey with SSE: [electrahub-jmeter][full][006] http GET /payment/api/v1/payment/state status=451 elapsedMs=62
2026-07-02 00:55:23,854 INFO o.a.j.p.j.s.J.Full charging journey with SSE: [electrahub-jmeter][full][006] step=accept terms
2026-07-02 00:55:23,942 INFO o.a.j.p.j.s.J.Full charging journey with SSE: [electrahub-jmeter][full][006] http POST /auth/api/terms/accept status=201 elapsedMs=87
2026-07-02 00:55:23,943 INFO o.a.j.p.j.s.J.Full charging journey with SSE: [electrahub-jmeter][full][006] accepted terms; refreshing token through login
2026-07-02 00:55:23,944 INFO o.a.j.p.j.s.J.Full charging journey with SSE: [electrahub-jmeter][full][006] step=login
2026-07-02 00:55:24,103 INFO o.a.j.p.j.s.J.Full charging journey with SSE: [electrahub-jmeter][full][005] http GET /session/api/v1/sessions/active status=200 elapsedMs=1007
2026-07-02 00:55:24,103 INFO o.a.j.p.j.s.J.Full charging journey with SSE: [electrahub-jmeter][full][006] http POST /auth/api/auth/login status=200 elapsedMs=158
2026-07-02 00:55:24,105 INFO o.a.j.p.j.s.J.Full charging journey with SSE: [electrahub-jmeter][full][006] logged in uid=5f8a6e29-09e7-415f-b36c-1a31545f98d4
2026-07-02 00:55:24,106 INFO o.a.j.p.j.s.J.Full charging journey with SSE: [electrahub-jmeter][full][006] step=payment state after terms
2026-07-02 00:55:24,191 INFO o.a.j.p.j.s.J.Full charging journey with SSE: [electrahub-jmeter][full][006] http GET /payment/api/v1/payment/state status=200 elapsedMs=85
2026-07-02 00:55:24,192 INFO o.a.j.p.j.s.J.Full charging journey with SSE: [electrahub-jmeter][full][006] step=add card
2026-07-02 00:55:24,257 INFO o.a.j.p.j.s.J.Full charging journey with SSE: [electrahub-jmeter][full][006] http POST /payment/api/v1/payment/cards status=201 elapsedMs=63
2026-07-02 00:55:24,258 INFO o.a.j.p.j.s.J.Full charging journey with SSE: [electrahub-jmeter][full][006] step=wallet topup
2026-07-02 00:55:24,324 INFO o.a.j.p.j.s.J.Full charging journey with SSE: [electrahub-jmeter][full][006] http POST /payment/api/v1/payment/wallet/topups status=201 elapsedMs=65
2026-07-02 00:55:24,325 INFO o.a.j.p.j.s.J.Full charging journey with SSE: [electrahub-jmeter][full][006] step=payment state after setup
2026-07-02 00:55:24,383 INFO o.a.j.p.j.s.J.Full charging journey with SSE: [electrahub-jmeter][full][006] http GET /payment/api/v1/payment/state status=200 elapsedMs=56
2026-07-02 00:55:24,384 INFO o.a.j.p.j.s.J.Full charging journey with SSE: [electrahub-jmeter][full][006] payment ready wallet=120.00
2026-07-02 00:55:24,384 INFO o.a.j.p.j.s.J.Full charging journey with SSE: [electrahub-jmeter][full][006] step=charger graphql list
2026-07-02 00:55:24,495 INFO o.a.j.p.j.s.J.Full charging journey with SSE: [electrahub-jmeter][full][006] http POST /charger/graphql status=200 elapsedMs=110
2026-07-02 00:55:24,496 INFO o.a.j.p.j.s.J.Full charging journey with SSE: [electrahub-jmeter][full][006] dynamic connector selection found no available connector; using CSV connector
2026-07-02 00:55:24,497 INFO o.a.j.p.j.s.J.Full charging journey with SSE: [electrahub-jmeter][full][006] step=charger graphql view
2026-07-02 00:55:24,579 INFO o.a.j.p.j.s.J.Full charging journey with SSE: [electrahub-jmeter][full][006] http POST /charger/graphql status=200 elapsedMs=81
2026-07-02 00:55:24,580 INFO o.a.j.p.j.s.J.Full charging journey with SSE: [electrahub-jmeter][full][006] step=payment state before start
2026-07-02 00:55:24,643 INFO o.a.j.p.j.s.J.Full charging journey with SSE: [electrahub-jmeter][full][006] http GET /payment/api/v1/payment/state status=200 elapsedMs=61
2026-07-02 00:55:24,646 INFO o.a.j.p.j.s.J.Full charging journey with SSE: [electrahub-jmeter][full][006] using connector csv fallback attempts=10 startIndex=6/100
2026-07-02 00:55:24,647 INFO o.a.j.p.j.s.J.Full charging journey with SSE: [electrahub-jmeter][full][006] step=start charging attempt 1
2026-07-02 00:55:24,719 INFO o.a.j.p.j.s.J.Full charging journey with SSE: [electrahub-jmeter][full][006] http POST /session/api/v1/sessions/start status=409 elapsedMs=71
2026-07-02 00:55:24,720 INFO o.a.j.p.j.s.J.Full charging journey with SSE: [electrahub-jmeter][full][006] start skipped EH-US-CHG-0006/CON-US-0006 HTTP 409; trying next connector
2026-07-02 00:55:25,721 INFO o.a.j.p.j.s.J.Full charging journey with SSE: [electrahub-jmeter][full][006] step=start charging attempt 2
2026-07-02 00:55:25,794 INFO o.a.j.p.j.s.J.Full charging journey with SSE: [electrahub-jmeter][full][006] http POST /session/api/v1/sessions/start status=409 elapsedMs=72
2026-07-02 00:55:25,795 INFO o.a.j.p.j.s.J.Full charging journey with SSE: [electrahub-jmeter][full][006] start skipped EH-US-CHG-0007/CON-US-0007 HTTP 409; trying next connector
2026-07-02 00:55:26,796 INFO o.a.j.p.j.s.J.Full charging journey with SSE: [electrahub-jmeter][full][006] step=start charging attempt 3
2026-07-02 00:55:26,867 INFO o.a.j.p.j.s.J.Full charging journey with SSE: [electrahub-jmeter][full][006] http POST /session/api/v1/sessions/start status=409 elapsedMs=70
2026-07-02 00:55:26,868 INFO o.a.j.p.j.s.J.Full charging journey with SSE: [electrahub-jmeter][full][006] start skipped EH-US-CHG-0008/CON-US-0008 HTTP 409; trying next connector
2026-07-02 00:55:27,869 INFO o.a.j.p.j.s.J.Full charging journey with SSE: [electrahub-jmeter][full][006] step=start charging attempt 4
2026-07-02 00:55:28,124 INFO o.a.j.p.j.s.J.Full charging journey with SSE: [electrahub-jmeter][full][006] http POST /session/api/v1/sessions/start status=201 elapsedMs=254
2026-07-02 00:55:28,125 INFO o.a.j.p.j.s.J.Full charging journey with SSE: [electrahub-jmeter][full][006] started session=e0b6104c-cc42-46ef-9ac2-bef2f19446e9 charger=EH-US-CHG-0009/CON-US-0009 status=PREPARING remote=Accepted attempt=4/10
2026-07-02 00:55:28,126 INFO o.a.j.p.j.s.J.Full charging journey with SSE: [electrahub-jmeter][full][006] step=active sessions
2026-07-02 00:55:29,130 INFO o.a.j.p.j.s.J.Full charging journey with SSE: [electrahub-jmeter][full][006] http GET /session/api/v1/sessions/active status=200 elapsedMs=1003
2026-07-02 00:55:29,548 INFO o.a.j.t.JMeterThread: Thread started: 100 driver charging journeys 1-7
2026-07-02 00:55:29,553 INFO o.a.j.p.j.s.J.Full charging journey with SSE: [electrahub-jmeter][full][007] step=register
2026-07-02 00:55:29,875 INFO o.a.j.p.j.s.J.Full charging journey with SSE: [electrahub-jmeter][full][007] http POST /auth/api/auth/register status=200 elapsedMs=256
2026-07-02 00:55:29,876 INFO o.a.j.p.j.s.J.Full charging journey with SSE: [electrahub-jmeter][full][007] registered uid=3db50a27-6a8f-477b-8354-6308c4b90bf2
2026-07-02 00:55:29,884 INFO o.a.j.p.j.s.J.Full charging journey with SSE: [electrahub-jmeter][full][007] step=payment state before setup
2026-07-02 00:55:29,988 INFO o.a.j.p.j.s.J.Full charging journey with SSE: [electrahub-jmeter][full][007] http GET /payment/api/v1/payment/state status=451 elapsedMs=103
2026-07-02 00:55:29,989 INFO o.a.j.p.j.s.J.Full charging journey with SSE: [electrahub-jmeter][full][007] step=accept terms
2026-07-02 00:55:30,052 INFO o.a.j.p.j.s.J.Full charging journey with SSE: [electrahub-jmeter][full][007] http POST /auth/api/terms/accept status=201 elapsedMs=62
2026-07-02 00:55:30,053 INFO o.a.j.p.j.s.J.Full charging journey with SSE: [electrahub-jmeter][full][007] accepted terms; refreshing token through login
2026-07-02 00:55:30,054 INFO o.a.j.p.j.s.J.Full charging journey with SSE: [electrahub-jmeter][full][007] step=login
2026-07-02 00:55:30,265 INFO o.a.j.p.j.s.J.Full charging journey with SSE: [electrahub-jmeter][full][007] http POST /auth/api/auth/login status=200 elapsedMs=210
2026-07-02 00:55:30,266 INFO o.a.j.p.j.s.J.Full charging journey with SSE: [electrahub-jmeter][full][007] logged in uid=3db50a27-6a8f-477b-8354-6308c4b90bf2
2026-07-02 00:55:30,267 INFO o.a.j.p.j.s.J.Full charging journey with SSE: [electrahub-jmeter][full][007] step=payment state after terms
2026-07-02 00:55:30,348 INFO o.a.j.p.j.s.J.Full charging journey with SSE: [electrahub-jmeter][full][007] http GET /payment/api/v1/payment/state status=200 elapsedMs=81
2026-07-02 00:55:30,349 INFO o.a.j.p.j.s.J.Full charging journey with SSE: [electrahub-jmeter][full][007] step=add card
2026-07-02 00:55:30,419 INFO o.a.j.p.j.s.J.Full charging journey with SSE: [electrahub-jmeter][full][007] http POST /payment/api/v1/payment/cards status=201 elapsedMs=67
2026-07-02 00:55:30,420 INFO o.a.j.p.j.s.J.Full charging journey with SSE: [electrahub-jmeter][full][007] step=wallet topup
2026-07-02 00:55:30,488 INFO o.a.j.p.j.s.J.Full charging journey with SSE: [electrahub-jmeter][full][007] http POST /payment/api/v1/payment/wallet/topups status=201 elapsedMs=65
2026-07-02 00:55:30,489 INFO o.a.j.p.j.s.J.Full charging journey with SSE: [electrahub-jmeter][full][007] step=payment state after setup
2026-07-02 00:55:30,558 INFO o.a.j.p.j.s.J.Full charging journey with SSE: [electrahub-jmeter][full][007] http GET /payment/api/v1/payment/state status=200 elapsedMs=68
2026-07-02 00:55:30,559 INFO o.a.j.p.j.s.J.Full charging journey with SSE: [electrahub-jmeter][full][007] payment ready wallet=120.00
2026-07-02 00:55:30,560 INFO o.a.j.p.j.s.J.Full charging journey with SSE: [electrahub-jmeter][full][007] step=charger graphql list
2026-07-02 00:55:30,692 INFO o.a.j.p.j.s.J.Full charging journey with SSE: [electrahub-jmeter][full][007] http POST /charger/graphql status=200 elapsedMs=131
2026-07-02 00:55:30,696 INFO o.a.j.p.j.s.J.Full charging journey with SSE: [electrahub-jmeter][full][007] dynamic connector selection found no available connector; using CSV connector
2026-07-02 00:55:30,697 INFO o.a.j.p.j.s.J.Full charging journey with SSE: [electrahub-jmeter][full][007] step=charger graphql view
2026-07-02 00:55:30,770 INFO o.a.j.p.j.s.J.Full charging journey with SSE: [electrahub-jmeter][full][007] http POST /charger/graphql status=200 elapsedMs=72
2026-07-02 00:55:30,772 INFO o.a.j.p.j.s.J.Full charging journey with SSE: [electrahub-jmeter][full][007] step=payment state before start
2026-07-02 00:55:30,846 INFO o.a.j.p.j.s.J.Full charging journey with SSE: [electrahub-jmeter][full][007] http GET /payment/api/v1/payment/state status=200 elapsedMs=73
2026-07-02 00:55:30,850 INFO o.a.j.p.j.s.J.Full charging journey with SSE: [electrahub-jmeter][full][007] using connector csv fallback attempts=10 startIndex=7/100
2026-07-02 00:55:30,851 INFO o.a.j.p.j.s.J.Full charging journey with SSE: [electrahub-jmeter][full][007] step=start charging attempt 1
2026-07-02 00:55:30,923 INFO o.a.j.p.j.s.J.Full charging journey with SSE: [electrahub-jmeter][full][007] http POST /session/api/v1/sessions/start status=409 elapsedMs=71
2026-07-02 00:55:30,925 INFO o.a.j.p.j.s.J.Full charging journey with SSE: [electrahub-jmeter][full][007] start skipped EH-US-CHG-0007/CON-US-0007 HTTP 409; trying next connector
2026-07-02 00:55:31,927 INFO o.a.j.p.j.s.J.Full charging journey with SSE: [electrahub-jmeter][full][007] step=start charging attempt 2
2026-07-02 00:55:32,001 INFO o.a.j.p.j.s.J.Full charging journey with SSE: [electrahub-jmeter][full][007] http POST /session/api/v1/sessions/start status=409 elapsedMs=72
2026-07-02 00:55:32,002 INFO o.a.j.p.j.s.J.Full charging journey with SSE: [electrahub-jmeter][full][007] start skipped EH-US-CHG-0008/CON-US-0008 HTTP 409; trying next connector
2026-07-02 00:55:33,003 INFO o.a.j.p.j.s.J.Full charging journey with SSE: [electrahub-jmeter][full][007] step=start charging attempt 3
2026-07-02 00:55:33,079 INFO o.a.j.p.j.s.J.Full charging journey with SSE: [electrahub-jmeter][full][007] http POST /session/api/v1/sessions/start status=409 elapsedMs=75
2026-07-02 00:55:33,080 INFO o.a.j.p.j.s.J.Full charging journey with SSE: [electrahub-jmeter][full][007] start skipped EH-US-CHG-0009/CON-US-0009 HTTP 409; trying next connector
2026-07-02 00:55:34,081 INFO o.a.j.p.j.s.J.Full charging journey with SSE: [electrahub-jmeter][full][007] step=start charging attempt 4
2026-07-02 00:55:34,154 INFO o.a.j.p.j.s.J.Full charging journey with SSE: [electrahub-jmeter][full][007] http POST /session/api/v1/sessions/start status=409 elapsedMs=71
2026-07-02 00:55:34,155 INFO o.a.j.p.j.s.J.Full charging journey with SSE: [electrahub-jmeter][full][007] start skipped EH-US-CHG-0010/CON-US-0010 HTTP 409; trying next connector
2026-07-02 00:55:35,156 INFO o.a.j.p.j.s.J.Full charging journey with SSE: [electrahub-jmeter][full][007] step=start charging attempt 5
2026-07-02 00:55:35,548 INFO o.a.j.t.JMeterThread: Thread started: 100 driver charging journeys 1-8
2026-07-02 00:55:35,554 INFO o.a.j.p.j.s.J.Full charging journey with SSE: [electrahub-jmeter][full][008] step=register
2026-07-02 00:55:35,785 INFO o.a.j.p.j.s.J.Full charging journey with SSE: [electrahub-jmeter][full][008] http POST /auth/api/auth/register status=200 elapsedMs=190
2026-07-02 00:55:35,786 INFO o.a.j.p.j.s.J.Full charging journey with SSE: [electrahub-jmeter][full][008] registered uid=c1c4a8f4-9e20-4aed-af66-4c5d70628aaf
2026-07-02 00:55:35,793 INFO o.a.j.p.j.s.J.Full charging journey with SSE: [electrahub-jmeter][full][008] step=payment state before setup
2026-07-02 00:55:35,853 INFO o.a.j.p.j.s.J.Full charging journey with SSE: [electrahub-jmeter][full][008] http GET /payment/api/v1/payment/state status=451 elapsedMs=59
2026-07-02 00:55:35,854 INFO o.a.j.p.j.s.J.Full charging journey with SSE: [electrahub-jmeter][full][008] step=accept terms
2026-07-02 00:55:35,921 INFO o.a.j.p.j.s.J.Full charging journey with SSE: [electrahub-jmeter][full][008] http POST /auth/api/terms/accept status=201 elapsedMs=66
2026-07-02 00:55:35,922 INFO o.a.j.p.j.s.J.Full charging journey with SSE: [electrahub-jmeter][full][008] accepted terms; refreshing token through login
2026-07-02 00:55:35,923 INFO o.a.j.p.j.s.J.Full charging journey with SSE: [electrahub-jmeter][full][008] step=login
2026-07-02 00:55:36,079 INFO o.a.j.p.j.s.J.Full charging journey with SSE: [electrahub-jmeter][full][008] http POST /auth/api/auth/login status=200 elapsedMs=154
2026-07-02 00:55:36,080 INFO o.a.j.p.j.s.J.Full charging journey with SSE: [electrahub-jmeter][full][008] logged in uid=c1c4a8f4-9e20-4aed-af66-4c5d70628aaf
2026-07-02 00:55:36,081 INFO o.a.j.p.j.s.J.Full charging journey with SSE: [electrahub-jmeter][full][008] step=payment state after terms
2026-07-02 00:55:36,154 INFO o.a.j.p.j.s.J.Full charging journey with SSE: [electrahub-jmeter][full][008] http GET /payment/api/v1/payment/state status=200 elapsedMs=72
2026-07-02 00:55:36,155 INFO o.a.j.p.j.s.J.Full charging journey with SSE: [electrahub-jmeter][full][008] step=add card
2026-07-02 00:55:36,179 INFO o.a.j.p.j.s.J.Full charging journey with SSE: [electrahub-jmeter][full][007] http POST /session/api/v1/sessions/start status=201 elapsedMs=1021
2026-07-02 00:55:36,180 INFO o.a.j.p.j.s.J.Full charging journey with SSE: [electrahub-jmeter][full][007] started session=d6bbbf23-8fa7-45e5-915a-909a743992e6 charger=EH-US-CHG-0011/CON-US-0011 status=PREPARING remote=Accepted attempt=5/10
2026-07-02 00:55:36,181 INFO o.a.j.p.j.s.J.Full charging journey with SSE: [electrahub-jmeter][full][007] step=active sessions
2026-07-02 00:55:36,219 INFO o.a.j.p.j.s.J.Full charging journey with SSE: [electrahub-jmeter][full][008] http POST /payment/api/v1/payment/cards status=201 elapsedMs=62
2026-07-02 00:55:36,221 INFO o.a.j.p.j.s.J.Full charging journey with SSE: [electrahub-jmeter][full][008] step=wallet topup
2026-07-02 00:55:36,286 INFO o.a.j.p.j.s.J.Full charging journey with SSE: [electrahub-jmeter][full][008] http POST /payment/api/v1/payment/wallet/topups status=201 elapsedMs=64
2026-07-02 00:55:36,287 INFO o.a.j.p.j.s.J.Full charging journey with SSE: [electrahub-jmeter][full][008] step=payment state after setup
2026-07-02 00:55:36,350 INFO o.a.j.p.j.s.J.Full charging journey with SSE: [electrahub-jmeter][full][008] http GET /payment/api/v1/payment/state status=200 elapsedMs=62
2026-07-02 00:55:36,351 INFO o.a.j.p.j.s.J.Full charging journey with SSE: [electrahub-jmeter][full][008] payment ready wallet=120.00
2026-07-02 00:55:36,352 INFO o.a.j.p.j.s.J.Full charging journey with SSE: [electrahub-jmeter][full][008] step=charger graphql list
2026-07-02 00:55:36,461 INFO o.a.j.p.j.s.J.Full charging journey with SSE: [electrahub-jmeter][full][008] http POST /charger/graphql status=200 elapsedMs=107
2026-07-02 00:55:36,462 INFO o.a.j.p.j.s.J.Full charging journey with SSE: [electrahub-jmeter][full][008] dynamic connector selection found no available connector; using CSV connector
2026-07-02 00:55:36,463 INFO o.a.j.p.j.s.J.Full charging journey with SSE: [electrahub-jmeter][full][008] step=charger graphql view
2026-07-02 00:55:36,555 INFO o.a.j.p.j.s.J.Full charging journey with SSE: [electrahub-jmeter][full][008] http POST /charger/graphql status=200 elapsedMs=91
2026-07-02 00:55:36,556 INFO o.a.j.p.j.s.J.Full charging journey with SSE: [electrahub-jmeter][full][008] step=payment state before start
2026-07-02 00:55:36,618 INFO o.a.j.p.j.s.J.Full charging journey with SSE: [electrahub-jmeter][full][008] http GET /payment/api/v1/payment/state status=200 elapsedMs=62
2026-07-02 00:55:36,622 INFO o.a.j.p.j.s.J.Full charging journey with SSE: [electrahub-jmeter][full][008] using connector csv fallback attempts=10 startIndex=8/100
2026-07-02 00:55:36,623 INFO o.a.j.p.j.s.J.Full charging journey with SSE: [electrahub-jmeter][full][008] step=start charging attempt 1
2026-07-02 00:55:36,700 INFO o.a.j.p.j.s.J.Full charging journey with SSE: [electrahub-jmeter][full][008] http POST /session/api/v1/sessions/start status=409 elapsedMs=76
2026-07-02 00:55:36,701 INFO o.a.j.p.j.s.J.Full charging journey with SSE: [electrahub-jmeter][full][008] start skipped EH-US-CHG-0008/CON-US-0008 HTTP 409; trying next connector
2026-07-02 00:55:37,184 INFO o.a.j.p.j.s.J.Full charging journey with SSE: [electrahub-jmeter][full][007] http GET /session/api/v1/sessions/active status=200 elapsedMs=1002
2026-07-02 00:55:37,702 INFO o.a.j.p.j.s.J.Full charging journey with SSE: [electrahub-jmeter][full][008] step=start charging attempt 2
2026-07-02 00:55:37,787 INFO o.a.j.p.j.s.J.Full charging journey with SSE: [electrahub-jmeter][full][008] http POST /session/api/v1/sessions/start status=409 elapsedMs=84
2026-07-02 00:55:37,788 INFO o.a.j.p.j.s.J.Full charging journey with SSE: [electrahub-jmeter][full][008] start skipped EH-US-CHG-0009/CON-US-0009 HTTP 409; trying next connector
2026-07-02 00:55:38,789 INFO o.a.j.p.j.s.J.Full charging journey with SSE: [electrahub-jmeter][full][008] step=start charging attempt 3
2026-07-02 00:55:38,868 INFO o.a.j.p.j.s.J.Full charging journey with SSE: [electrahub-jmeter][full][008] http POST /session/api/v1/sessions/start status=409 elapsedMs=78
2026-07-02 00:55:38,869 INFO o.a.j.p.j.s.J.Full charging journey with SSE: [electrahub-jmeter][full][008] start skipped EH-US-CHG-0010/CON-US-0010 HTTP 409; trying next connector
2026-07-02 00:55:39,870 INFO o.a.j.p.j.s.J.Full charging journey with SSE: [electrahub-jmeter][full][008] step=start charging attempt 4
2026-07-02 00:55:39,944 INFO o.a.j.p.j.s.J.Full charging journey with SSE: [electrahub-jmeter][full][008] http POST /session/api/v1/sessions/start status=409 elapsedMs=72
2026-07-02 00:55:39,945 INFO o.a.j.p.j.s.J.Full charging journey with SSE: [electrahub-jmeter][full][008] start skipped EH-US-CHG-0011/CON-US-0011 HTTP 409; trying next connector
2026-07-02 00:55:40,946 INFO o.a.j.p.j.s.J.Full charging journey with SSE: [electrahub-jmeter][full][008] step=start charging attempt 5
2026-07-02 00:55:41,229 INFO o.a.j.p.j.s.J.Full charging journey with SSE: [electrahub-jmeter][full][008] http POST /session/api/v1/sessions/start status=201 elapsedMs=282
2026-07-02 00:55:41,230 INFO o.a.j.p.j.s.J.Full charging journey with SSE: [electrahub-jmeter][full][008] started session=e5cb6848-6905-47a9-880e-771a26ac526e charger=EH-US-CHG-0012/CON-US-0012 status=PREPARING remote=Accepted attempt=5/10
2026-07-02 00:55:41,231 INFO o.a.j.p.j.s.J.Full charging journey with SSE: [electrahub-jmeter][full][008] step=active sessions
2026-07-02 00:55:41,545 INFO o.a.j.t.JMeterThread: Thread started: 100 driver charging journeys 1-9
2026-07-02 00:55:41,551 INFO o.a.j.p.j.s.J.Full charging journey with SSE: [electrahub-jmeter][full][009] step=register
2026-07-02 00:55:41,817 INFO o.a.j.p.j.s.J.Full charging journey with SSE: [electrahub-jmeter][full][009] http POST /auth/api/auth/register status=200 elapsedMs=224
2026-07-02 00:55:41,819 INFO o.a.j.p.j.s.J.Full charging journey with SSE: [electrahub-jmeter][full][009] registered uid=c9b52d50-ce5f-47d4-9c1f-8872e0004744
2026-07-02 00:55:41,827 INFO o.a.j.p.j.s.J.Full charging journey with SSE: [electrahub-jmeter][full][009] step=payment state before setup
2026-07-02 00:55:41,881 INFO o.a.j.p.j.s.J.Full charging journey with SSE: [electrahub-jmeter][full][009] http GET /payment/api/v1/payment/state status=451 elapsedMs=53
2026-07-02 00:55:41,882 INFO o.a.j.p.j.s.J.Full charging journey with SSE: [electrahub-jmeter][full][009] step=accept terms
2026-07-02 00:55:41,947 INFO o.a.j.p.j.s.J.Full charging journey with SSE: [electrahub-jmeter][full][009] http POST /auth/api/terms/accept status=201 elapsedMs=63
2026-07-02 00:55:41,948 INFO o.a.j.p.j.s.J.Full charging journey with SSE: [electrahub-jmeter][full][009] accepted terms; refreshing token through login
2026-07-02 00:55:41,949 INFO o.a.j.p.j.s.J.Full charging journey with SSE: [electrahub-jmeter][full][009] step=login
2026-07-02 00:55:42,171 INFO o.a.j.p.j.s.J.Full charging journey with SSE: [electrahub-jmeter][full][009] http POST /auth/api/auth/login status=200 elapsedMs=221
2026-07-02 00:55:42,172 INFO o.a.j.p.j.s.J.Full charging journey with SSE: [electrahub-jmeter][full][009] logged in uid=c9b52d50-ce5f-47d4-9c1f-8872e0004744
2026-07-02 00:55:42,172 INFO o.a.j.p.j.s.J.Full charging journey with SSE: [electrahub-jmeter][full][009] step=payment state after terms
2026-07-02 00:55:42,229 INFO o.a.j.p.j.s.J.Full charging journey with SSE: [electrahub-jmeter][full][008] http GET /session/api/v1/sessions/active status=200 elapsedMs=997
2026-07-02 00:55:42,248 INFO o.a.j.p.j.s.J.Full charging journey with SSE: [electrahub-jmeter][full][009] http GET /payment/api/v1/payment/state status=200 elapsedMs=75
2026-07-02 00:55:42,249 INFO o.a.j.p.j.s.J.Full charging journey with SSE: [electrahub-jmeter][full][009] step=add card
2026-07-02 00:55:42,311 INFO o.a.j.p.j.s.J.Full charging journey with SSE: [electrahub-jmeter][full][009] http POST /payment/api/v1/payment/cards status=201 elapsedMs=61
2026-07-02 00:55:42,312 INFO o.a.j.p.j.s.J.Full charging journey with SSE: [electrahub-jmeter][full][009] step=wallet topup
2026-07-02 00:55:42,382 INFO o.a.j.p.j.s.J.Full charging journey with SSE: [electrahub-jmeter][full][009] http POST /payment/api/v1/payment/wallet/topups status=201 elapsedMs=69
2026-07-02 00:55:42,383 INFO o.a.j.p.j.s.J.Full charging journey with SSE: [electrahub-jmeter][full][009] step=payment state after setup
2026-07-02 00:55:42,466 INFO o.a.j.p.j.s.J.Full charging journey with SSE: [electrahub-jmeter][full][009] http GET /payment/api/v1/payment/state status=200 elapsedMs=82
2026-07-02 00:55:42,468 INFO o.a.j.p.j.s.J.Full charging journey with SSE: [electrahub-jmeter][full][009] payment ready wallet=120.00
2026-07-02 00:55:42,470 INFO o.a.j.p.j.s.J.Full charging journey with SSE: [electrahub-jmeter][full][009] step=charger graphql list
2026-07-02 00:55:42,576 INFO o.a.j.p.j.s.J.Full charging journey with SSE: [electrahub-jmeter][full][009] http POST /charger/graphql status=200 elapsedMs=104
2026-07-02 00:55:42,577 INFO o.a.j.p.j.s.J.Full charging journey with SSE: [electrahub-jmeter][full][009] dynamic connector selection found no available connector; using CSV connector
2026-07-02 00:55:42,578 INFO o.a.j.p.j.s.J.Full charging journey with SSE: [electrahub-jmeter][full][009] step=charger graphql view
2026-07-02 00:55:42,868 INFO o.a.j.p.j.s.J.Full charging journey with SSE: [electrahub-jmeter][full][009] http POST /charger/graphql status=200 elapsedMs=289
2026-07-02 00:55:42,869 INFO o.a.j.p.j.s.J.Full charging journey with SSE: [electrahub-jmeter][full][009] step=payment state before start
2026-07-02 00:55:43,713 INFO o.a.j.p.j.s.J.Full charging journey with SSE: [electrahub-jmeter][full][009] http GET /payment/api/v1/payment/state status=200 elapsedMs=843
2026-07-02 00:55:43,716 INFO o.a.j.p.j.s.J.Full charging journey with SSE: [electrahub-jmeter][full][009] using connector csv fallback attempts=10 startIndex=9/100
2026-07-02 00:55:43,717 INFO o.a.j.p.j.s.J.Full charging journey with SSE: [electrahub-jmeter][full][009] step=start charging attempt 1
2026-07-02 00:55:43,812 INFO o.a.j.p.j.s.J.Full charging journey with SSE: [electrahub-jmeter][full][009] http POST /session/api/v1/sessions/start status=409 elapsedMs=94
2026-07-02 00:55:43,813 INFO o.a.j.p.j.s.J.Full charging journey with SSE: [electrahub-jmeter][full][009] start skipped EH-US-CHG-0009/CON-US-0009 HTTP 409; trying next connector
2026-07-02 00:55:44,814 INFO o.a.j.p.j.s.J.Full charging journey with SSE: [electrahub-jmeter][full][009] step=start charging attempt 2
2026-07-02 00:55:44,891 INFO o.a.j.p.j.s.J.Full charging journey with SSE: [electrahub-jmeter][full][009] http POST /session/api/v1/sessions/start status=409 elapsedMs=75
2026-07-02 00:55:44,892 INFO o.a.j.p.j.s.J.Full charging journey with SSE: [electrahub-jmeter][full][009] start skipped EH-US-CHG-0010/CON-US-0010 HTTP 409; trying next connector
2026-07-02 00:55:45,893 INFO o.a.j.p.j.s.J.Full charging journey with SSE: [electrahub-jmeter][full][009] step=start charging attempt 3
2026-07-02 00:55:45,969 INFO o.a.j.p.j.s.J.Full charging journey with SSE: [electrahub-jmeter][full][009] http POST /session/api/v1/sessions/start status=409 elapsedMs=74
2026-07-02 00:55:45,972 INFO o.a.j.p.j.s.J.Full charging journey with SSE: [electrahub-jmeter][full][009] start skipped EH-US-CHG-0011/CON-US-0011 HTTP 409; trying next connector
2026-07-02 00:55:46,973 INFO o.a.j.p.j.s.J.Full charging journey with SSE: [electrahub-jmeter][full][009] step=start charging attempt 4
2026-07-02 00:55:47,054 INFO o.a.j.p.j.s.J.Full charging journey with SSE: [electrahub-jmeter][full][009] http POST /session/api/v1/sessions/start status=409 elapsedMs=80
2026-07-02 00:55:47,055 INFO o.a.j.p.j.s.J.Full charging journey with SSE: [electrahub-jmeter][full][009] start skipped EH-US-CHG-0012/CON-US-0012 HTTP 409; trying next connector
2026-07-02 00:55:47,549 INFO o.a.j.t.JMeterThread: Thread started: 100 driver charging journeys 1-10
2026-07-02 00:55:47,558 INFO o.a.j.p.j.s.J.Full charging journey with SSE: [electrahub-jmeter][full][010] step=register
2026-07-02 00:55:47,795 INFO o.a.j.p.j.s.J.Full charging journey with SSE: [electrahub-jmeter][full][010] http POST /auth/api/auth/register status=200 elapsedMs=234
2026-07-02 00:55:47,796 INFO o.a.j.p.j.s.J.Full charging journey with SSE: [electrahub-jmeter][full][010] registered uid=4971c788-990e-4bbb-89f8-89284239e96c
2026-07-02 00:55:47,806 INFO o.a.j.p.j.s.J.Full charging journey with SSE: [electrahub-jmeter][full][010] step=payment state before setup
2026-07-02 00:55:47,873 INFO o.a.j.p.j.s.J.Full charging journey with SSE: [electrahub-jmeter][full][010] http GET /payment/api/v1/payment/state status=451 elapsedMs=66
2026-07-02 00:55:47,874 INFO o.a.j.p.j.s.J.Full charging journey with SSE: [electrahub-jmeter][full][010] step=accept terms
2026-07-02 00:55:47,944 INFO o.a.j.p.j.s.J.Full charging journey with SSE: [electrahub-jmeter][full][010] http POST /auth/api/terms/accept status=201 elapsedMs=69
2026-07-02 00:55:47,946 INFO o.a.j.p.j.s.J.Full charging journey with SSE: [electrahub-jmeter][full][010] accepted terms; refreshing token through login
2026-07-02 00:55:47,946 INFO o.a.j.p.j.s.J.Full charging journey with SSE: [electrahub-jmeter][full][010] step=login
2026-07-02 00:55:48,055 INFO o.a.j.p.j.s.J.Full charging journey with SSE: [electrahub-jmeter][full][009] step=start charging attempt 5
2026-07-02 00:55:48,165 INFO o.a.j.p.j.s.J.Full charging journey with SSE: [electrahub-jmeter][full][010] http POST /auth/api/auth/login status=200 elapsedMs=217
2026-07-02 00:55:48,168 INFO o.a.j.p.j.s.J.Full charging journey with SSE: [electrahub-jmeter][full][010] logged in uid=4971c788-990e-4bbb-89f8-89284239e96c
2026-07-02 00:55:48,169 INFO o.a.j.p.j.s.J.Full charging journey with SSE: [electrahub-jmeter][full][010] step=payment state after terms
2026-07-02 00:55:48,242 INFO o.a.j.p.j.s.J.Full charging journey with SSE: [electrahub-jmeter][full][010] http GET /payment/api/v1/payment/state status=200 elapsedMs=72
2026-07-02 00:55:48,243 INFO o.a.j.p.j.s.J.Full charging journey with SSE: [electrahub-jmeter][full][010] step=add card
2026-07-02 00:55:48,258 INFO o.a.j.p.j.s.J.Full charging journey with SSE: [electrahub-jmeter][full][009] http POST /session/api/v1/sessions/start status=201 elapsedMs=165
2026-07-02 00:55:48,259 INFO o.a.j.p.j.s.J.Full charging journey with SSE: [electrahub-jmeter][full][009] started session=f18fbeb0-0f9d-4211-a732-ea0cd6663864 charger=EH-US-CHG-0013/CON-US-0013 status=PREPARING remote=Accepted attempt=5/10
2026-07-02 00:55:48,260 INFO o.a.j.p.j.s.J.Full charging journey with SSE: [electrahub-jmeter][full][009] step=active sessions
2026-07-02 00:55:48,312 INFO o.a.j.p.j.s.J.Full charging journey with SSE: [electrahub-jmeter][full][010] http POST /payment/api/v1/payment/cards status=201 elapsedMs=67
2026-07-02 00:55:48,313 INFO o.a.j.p.j.s.J.Full charging journey with SSE: [electrahub-jmeter][full][010] step=wallet topup
2026-07-02 00:55:48,402 INFO o.a.j.p.j.s.J.Full charging journey with SSE: [electrahub-jmeter][full][010] http POST /payment/api/v1/payment/wallet/topups status=201 elapsedMs=87
2026-07-02 00:55:48,403 INFO o.a.j.p.j.s.J.Full charging journey with SSE: [electrahub-jmeter][full][010] step=payment state after setup
2026-07-02 00:55:48,464 INFO o.a.j.p.j.s.J.Full charging journey with SSE: [electrahub-jmeter][full][010] http GET /payment/api/v1/payment/state status=200 elapsedMs=60
2026-07-02 00:55:48,465 INFO o.a.j.p.j.s.J.Full charging journey with SSE: [electrahub-jmeter][full][010] payment ready wallet=120.00
2026-07-02 00:55:48,466 INFO o.a.j.p.j.s.J.Full charging journey with SSE: [electrahub-jmeter][full][010] step=charger graphql list
2026-07-02 00:55:48,569 INFO o.a.j.p.j.s.J.Full charging journey with SSE: [electrahub-jmeter][full][010] http POST /charger/graphql status=200 elapsedMs=102
2026-07-02 00:55:48,570 INFO o.a.j.p.j.s.J.Full charging journey with SSE: [electrahub-jmeter][full][010] dynamic connector selection found no available connector; using CSV connector
2026-07-02 00:55:48,571 INFO o.a.j.p.j.s.J.Full charging journey with SSE: [electrahub-jmeter][full][010] step=charger graphql view
2026-07-02 00:55:48,648 INFO o.a.j.p.j.s.J.Full charging journey with SSE: [electrahub-jmeter][full][010] http POST /charger/graphql status=200 elapsedMs=76
2026-07-02 00:55:48,648 INFO o.a.j.p.j.s.J.Full charging journey with SSE: [electrahub-jmeter][full][010] step=payment state before start
2026-07-02 00:55:48,711 INFO o.a.j.p.j.s.J.Full charging journey with SSE: [electrahub-jmeter][full][010] http GET /payment/api/v1/payment/state status=200 elapsedMs=62
2026-07-02 00:55:48,714 INFO o.a.j.p.j.s.J.Full charging journey with SSE: [electrahub-jmeter][full][010] using connector csv fallback attempts=10 startIndex=10/100
2026-07-02 00:55:48,715 INFO o.a.j.p.j.s.J.Full charging journey with SSE: [electrahub-jmeter][full][010] step=start charging attempt 1
2026-07-02 00:55:48,792 INFO o.a.j.p.j.s.J.Full charging journey with SSE: [electrahub-jmeter][full][010] http POST /session/api/v1/sessions/start status=409 elapsedMs=75
2026-07-02 00:55:48,792 INFO o.a.j.p.j.s.J.Full charging journey with SSE: [electrahub-jmeter][full][010] start skipped EH-US-CHG-0010/CON-US-0010 HTTP 409; trying next connector
2026-07-02 00:55:49,296 INFO o.a.j.p.j.s.J.Full charging journey with SSE: [electrahub-jmeter][full][009] http GET /session/api/v1/sessions/active status=200 elapsedMs=1035
2026-07-02 00:55:49,794 INFO o.a.j.p.j.s.J.Full charging journey with SSE: [electrahub-jmeter][full][010] step=start charging attempt 2
2026-07-02 00:55:49,868 INFO o.a.j.p.j.s.J.Full charging journey with SSE: [electrahub-jmeter][full][010] http POST /session/api/v1/sessions/start status=409 elapsedMs=73
2026-07-02 00:55:49,868 INFO o.a.j.p.j.s.J.Full charging journey with SSE: [electrahub-jmeter][full][010] start skipped EH-US-CHG-0011/CON-US-0011 HTTP 409; trying next connector
2026-07-02 00:55:50,869 INFO o.a.j.p.j.s.J.Full charging journey with SSE: [electrahub-jmeter][full][010] step=start charging attempt 3
2026-07-02 00:55:50,954 INFO o.a.j.p.j.s.J.Full charging journey with SSE: [electrahub-jmeter][full][010] http POST /session/api/v1/sessions/start status=409 elapsedMs=84
2026-07-02 00:55:50,955 INFO o.a.j.p.j.s.J.Full charging journey with SSE: [electrahub-jmeter][full][010] start skipped EH-US-CHG-0012/CON-US-0012 HTTP 409; trying next connector
2026-07-02 00:55:51,956 INFO o.a.j.p.j.s.J.Full charging journey with SSE: [electrahub-jmeter][full][010] step=start charging attempt 4
2026-07-02 00:55:52,040 INFO o.a.j.p.j.s.J.Full charging journey with SSE: [electrahub-jmeter][full][010] http POST /session/api/v1/sessions/start status=409 elapsedMs=83
2026-07-02 00:55:52,041 INFO o.a.j.p.j.s.J.Full charging journey with SSE: [electrahub-jmeter][full][010] start skipped EH-US-CHG-0013/CON-US-0013 HTTP 409; trying next connector
2026-07-02 00:55:53,042 INFO o.a.j.p.j.s.J.Full charging journey with SSE: [electrahub-jmeter][full][010] step=start charging attempt 5
2026-07-02 00:55:53,322 INFO o.a.j.p.j.s.J.Full charging journey with SSE: [electrahub-jmeter][full][010] http POST /session/api/v1/sessions/start status=201 elapsedMs=278
2026-07-02 00:55:53,323 INFO o.a.j.p.j.s.J.Full charging journey with SSE: [electrahub-jmeter][full][010] started session=e516d714-ea83-4f8c-88ab-419a8fb44ecf charger=EH-US-CHG-0014/CON-US-0014 status=PREPARING remote=Accepted attempt=5/10
2026-07-02 00:55:53,324 INFO o.a.j.p.j.s.J.Full charging journey with SSE: [electrahub-jmeter][full][010] step=active sessions
2026-07-02 00:55:53,545 INFO o.a.j.t.JMeterThread: Thread started: 100 driver charging journeys 1-11
2026-07-02 00:55:53,552 INFO o.a.j.p.j.s.J.Full charging journey with SSE: [electrahub-jmeter][full][011] step=register
2026-07-02 00:55:53,873 INFO o.a.j.p.j.s.J.Full charging journey with SSE: [electrahub-jmeter][full][011] http POST /auth/api/auth/register status=200 elapsedMs=278
2026-07-02 00:55:53,874 INFO o.a.j.p.j.s.J.Full charging journey with SSE: [electrahub-jmeter][full][011] registered uid=7f4c9953-a33e-4d5b-8b70-99b0fd442c39
2026-07-02 00:55:53,884 INFO o.a.j.p.j.s.J.Full charging journey with SSE: [electrahub-jmeter][full][011] step=payment state before setup
2026-07-02 00:55:53,969 INFO o.a.j.p.j.s.J.Full charging journey with SSE: [electrahub-jmeter][full][011] http GET /payment/api/v1/payment/state status=451 elapsedMs=85
2026-07-02 00:55:53,970 INFO o.a.j.p.j.s.J.Full charging journey with SSE: [electrahub-jmeter][full][011] step=accept terms
2026-07-02 00:55:54,038 INFO o.a.j.p.j.s.J.Full charging journey with SSE: [electrahub-jmeter][full][011] http POST /auth/api/terms/accept status=201 elapsedMs=66
2026-07-02 00:55:54,040 INFO o.a.j.p.j.s.J.Full charging journey with SSE: [electrahub-jmeter][full][011] accepted terms; refreshing token through login
2026-07-02 00:55:54,040 INFO o.a.j.p.j.s.J.Full charging journey with SSE: [electrahub-jmeter][full][011] step=login
2026-07-02 00:55:54,276 INFO o.a.j.p.j.s.J.Full charging journey with SSE: [electrahub-jmeter][full][011] http POST /auth/api/auth/login status=200 elapsedMs=235
2026-07-02 00:55:54,278 INFO o.a.j.p.j.s.J.Full charging journey with SSE: [electrahub-jmeter][full][011] logged in uid=7f4c9953-a33e-4d5b-8b70-99b0fd442c39
2026-07-02 00:55:54,279 INFO o.a.j.p.j.s.J.Full charging journey with SSE: [electrahub-jmeter][full][011] step=payment state after terms
2026-07-02 00:55:54,334 INFO o.a.j.p.j.s.J.Full charging journey with SSE: [electrahub-jmeter][full][010] http GET /session/api/v1/sessions/active status=200 elapsedMs=1010
2026-07-02 00:55:54,364 INFO o.a.j.p.j.s.J.Full charging journey with SSE: [electrahub-jmeter][full][011] http GET /payment/api/v1/payment/state status=200 elapsedMs=85
2026-07-02 00:55:54,365 INFO o.a.j.p.j.s.J.Full charging journey with SSE: [electrahub-jmeter][full][011] step=add card
2026-07-02 00:55:54,431 INFO o.a.j.p.j.s.J.Full charging journey with SSE: [electrahub-jmeter][full][011] http POST /payment/api/v1/payment/cards status=201 elapsedMs=65
2026-07-02 00:55:54,432 INFO o.a.j.p.j.s.J.Full charging journey with SSE: [electrahub-jmeter][full][011] step=wallet topup
2026-07-02 00:55:54,499 INFO o.a.j.p.j.s.J.Full charging journey with SSE: [electrahub-jmeter][full][011] http POST /payment/api/v1/payment/wallet/topups status=201 elapsedMs=66
2026-07-02 00:55:54,500 INFO o.a.j.p.j.s.J.Full charging journey with SSE: [electrahub-jmeter][full][011] step=payment state after setup
2026-07-02 00:55:54,571 INFO o.a.j.p.j.s.J.Full charging journey with SSE: [electrahub-jmeter][full][011] http GET /payment/api/v1/payment/state status=200 elapsedMs=71
2026-07-02 00:55:54,572 INFO o.a.j.p.j.s.J.Full charging journey with SSE: [electrahub-jmeter][full][011] payment ready wallet=120.00
2026-07-02 00:55:54,573 INFO o.a.j.p.j.s.J.Full charging journey with SSE: [electrahub-jmeter][full][011] step=charger graphql list
2026-07-02 00:55:54,687 INFO o.a.j.p.j.s.J.Full charging journey with SSE: [electrahub-jmeter][full][011] http POST /charger/graphql status=200 elapsedMs=113
2026-07-02 00:55:54,689 INFO o.a.j.p.j.s.J.Full charging journey with SSE: [electrahub-jmeter][full][011] dynamic connector selection found no available connector; using CSV connector
2026-07-02 00:55:54,690 INFO o.a.j.p.j.s.J.Full charging journey with SSE: [electrahub-jmeter][full][011] step=charger graphql view
2026-07-02 00:55:54,806 INFO o.a.j.p.j.s.J.Full charging journey with SSE: [electrahub-jmeter][full][011] http POST /charger/graphql status=200 elapsedMs=115
2026-07-02 00:55:54,807 INFO o.a.j.p.j.s.J.Full charging journey with SSE: [electrahub-jmeter][full][011] step=payment state before start
2026-07-02 00:55:54,879 INFO o.a.j.p.j.s.J.Full charging journey with SSE: [electrahub-jmeter][full][011] http GET /payment/api/v1/payment/state status=200 elapsedMs=71
2026-07-02 00:55:54,883 INFO o.a.j.p.j.s.J.Full charging journey with SSE: [electrahub-jmeter][full][011] using connector csv fallback attempts=10 startIndex=11/100
2026-07-02 00:55:54,884 INFO o.a.j.p.j.s.J.Full charging journey with SSE: [electrahub-jmeter][full][011] step=start charging attempt 1
2026-07-02 00:55:54,977 INFO o.a.j.p.j.s.J.Full charging journey with SSE: [electrahub-jmeter][full][011] http POST /session/api/v1/sessions/start status=409 elapsedMs=91
2026-07-02 00:55:54,977 INFO o.a.j.p.j.s.J.Full charging journey with SSE: [electrahub-jmeter][full][011] start skipped EH-US-CHG-0011/CON-US-0011 HTTP 409; trying next connector
2026-07-02 00:55:55,978 INFO o.a.j.p.j.s.J.Full charging journey with SSE: [electrahub-jmeter][full][011] step=start charging attempt 2
2026-07-02 00:55:56,060 INFO o.a.j.p.j.s.J.Full charging journey with SSE: [electrahub-jmeter][full][011] http POST /session/api/v1/sessions/start status=409 elapsedMs=81
2026-07-02 00:55:56,061 INFO o.a.j.p.j.s.J.Full charging journey with SSE: [electrahub-jmeter][full][011] start skipped EH-US-CHG-0012/CON-US-0012 HTTP 409; trying next connector
2026-07-02 00:55:57,062 INFO o.a.j.p.j.s.J.Full charging journey with SSE: [electrahub-jmeter][full][011] step=start charging attempt 3
2026-07-02 00:55:57,137 INFO o.a.j.p.j.s.J.Full charging journey with SSE: [electrahub-jmeter][full][011] http POST /session/api/v1/sessions/start status=409 elapsedMs=74
2026-07-02 00:55:57,137 INFO o.a.j.p.j.s.J.Full charging journey with SSE: [electrahub-jmeter][full][011] start skipped EH-US-CHG-0013/CON-US-0013 HTTP 409; trying next connector
2026-07-02 00:55:58,139 INFO o.a.j.p.j.s.J.Full charging journey with SSE: [electrahub-jmeter][full][011] step=start charging attempt 4
2026-07-02 00:55:58,217 INFO o.a.j.p.j.s.J.Full charging journey with SSE: [electrahub-jmeter][full][011] http POST /session/api/v1/sessions/start status=409 elapsedMs=74
2026-07-02 00:55:58,218 INFO o.a.j.p.j.s.J.Full charging journey with SSE: [electrahub-jmeter][full][011] start skipped EH-US-CHG-0014/CON-US-0014 HTTP 409; trying next connector
2026-07-02 00:55:59,220 INFO o.a.j.p.j.s.J.Full charging journey with SSE: [electrahub-jmeter][full][011] step=start charging attempt 5
2026-07-02 00:55:59,371 INFO o.a.j.p.j.s.J.Full charging journey with SSE: [electrahub-jmeter][full][011] http POST /session/api/v1/sessions/start status=201 elapsedMs=150
2026-07-02 00:55:59,372 INFO o.a.j.p.j.s.J.Full charging journey with SSE: [electrahub-jmeter][full][011] started session=8c6a53ce-0aba-4884-8ef0-ee5a773ec26f charger=EH-US-CHG-0015/CON-US-0015 status=PREPARING remote=Accepted attempt=5/10
2026-07-02 00:55:59,372 INFO o.a.j.p.j.s.J.Full charging journey with SSE: [electrahub-jmeter][full][011] step=active sessions
2026-07-02 00:55:59,547 INFO o.a.j.t.JMeterThread: Thread started: 100 driver charging journeys 1-12
2026-07-02 00:55:59,552 INFO o.a.j.p.j.s.J.Full charging journey with SSE: [electrahub-jmeter][full][012] step=register
2026-07-02 00:55:59,785 INFO o.a.j.p.j.s.J.Full charging journey with SSE: [electrahub-jmeter][full][012] http POST /auth/api/auth/register status=200 elapsedMs=185
2026-07-02 00:55:59,786 INFO o.a.j.p.j.s.J.Full charging journey with SSE: [electrahub-jmeter][full][012] registered uid=97b34063-210d-409b-bd5b-637f9a838505
2026-07-02 00:55:59,794 INFO o.a.j.p.j.s.J.Full charging journey with SSE: [electrahub-jmeter][full][012] step=payment state before setup
2026-07-02 00:55:59,865 INFO o.a.j.p.j.s.J.Full charging journey with SSE: [electrahub-jmeter][full][012] http GET /payment/api/v1/payment/state status=451 elapsedMs=70
2026-07-02 00:55:59,866 INFO o.a.j.p.j.s.J.Full charging journey with SSE: [electrahub-jmeter][full][012] step=accept terms
2026-07-02 00:55:59,933 INFO o.a.j.p.j.s.J.Full charging journey with SSE: [electrahub-jmeter][full][012] http POST /auth/api/terms/accept status=201 elapsedMs=67
2026-07-02 00:55:59,934 INFO o.a.j.p.j.s.J.Full charging journey with SSE: [electrahub-jmeter][full][012] accepted terms; refreshing token through login
2026-07-02 00:55:59,934 INFO o.a.j.p.j.s.J.Full charging journey with SSE: [electrahub-jmeter][full][012] step=login
2026-07-02 00:56:00,075 INFO o.a.j.p.j.s.J.Full charging journey with SSE: [electrahub-jmeter][full][012] http POST /auth/api/auth/login status=200 elapsedMs=140
2026-07-02 00:56:00,076 INFO o.a.j.p.j.s.J.Full charging journey with SSE: [electrahub-jmeter][full][012] logged in uid=97b34063-210d-409b-bd5b-637f9a838505
2026-07-02 00:56:00,077 INFO o.a.j.p.j.s.J.Full charging journey with SSE: [electrahub-jmeter][full][012] step=payment state after terms
2026-07-02 00:56:00,139 INFO o.a.j.p.j.s.J.Full charging journey with SSE: [electrahub-jmeter][full][012] http GET /payment/api/v1/payment/state status=200 elapsedMs=62
2026-07-02 00:56:00,140 INFO o.a.j.p.j.s.J.Full charging journey with SSE: [electrahub-jmeter][full][012] step=add card
2026-07-02 00:56:00,201 INFO o.a.j.p.j.s.J.Full charging journey with SSE: [electrahub-jmeter][full][012] http POST /payment/api/v1/payment/cards status=201 elapsedMs=60
2026-07-02 00:56:00,202 INFO o.a.j.p.j.s.J.Full charging journey with SSE: [electrahub-jmeter][full][012] step=wallet topup
2026-07-02 00:56:00,268 INFO o.a.j.p.j.s.J.Full charging journey with SSE: [electrahub-jmeter][full][012] http POST /payment/api/v1/payment/wallet/topups status=201 elapsedMs=65
2026-07-02 00:56:00,269 INFO o.a.j.p.j.s.J.Full charging journey with SSE: [electrahub-jmeter][full][012] step=payment state after setup
2026-07-02 00:56:00,330 INFO o.a.j.p.j.s.J.Full charging journey with SSE: [electrahub-jmeter][full][012] http GET /payment/api/v1/payment/state status=200 elapsedMs=60
2026-07-02 00:56:00,331 INFO o.a.j.p.j.s.J.Full charging journey with SSE: [electrahub-jmeter][full][012] payment ready wallet=120.00
2026-07-02 00:56:00,332 INFO o.a.j.p.j.s.J.Full charging journey with SSE: [electrahub-jmeter][full][012] step=charger graphql list
2026-07-02 00:56:00,379 INFO o.a.j.p.j.s.J.Full charging journey with SSE: [electrahub-jmeter][full][011] http GET /session/api/v1/sessions/active status=200 elapsedMs=1006
2026-07-02 00:56:00,436 INFO o.a.j.p.j.s.J.Full charging journey with SSE: [electrahub-jmeter][full][012] http POST /charger/graphql status=200 elapsedMs=103
2026-07-02 00:56:00,438 INFO o.a.j.p.j.s.J.Full charging journey with SSE: [electrahub-jmeter][full][012] dynamic connector selection found no available connector; using CSV connector
2026-07-02 00:56:00,439 INFO o.a.j.p.j.s.J.Full charging journey with SSE: [electrahub-jmeter][full][012] step=charger graphql view
2026-07-02 00:56:00,515 INFO o.a.j.p.j.s.J.Full charging journey with SSE: [electrahub-jmeter][full][012] http POST /charger/graphql status=200 elapsedMs=75
2026-07-02 00:56:00,518 INFO o.a.j.p.j.s.J.Full charging journey with SSE: [electrahub-jmeter][full][012] step=payment state before start
2026-07-02 00:56:00,589 INFO o.a.j.p.j.s.J.Full charging journey with SSE: [electrahub-jmeter][full][012] http GET /payment/api/v1/payment/state status=200 elapsedMs=71
2026-07-02 00:56:00,594 INFO o.a.j.p.j.s.J.Full charging journey with SSE: [electrahub-jmeter][full][012] using connector csv fallback attempts=10 startIndex=12/100
2026-07-02 00:56:00,595 INFO o.a.j.p.j.s.J.Full charging journey with SSE: [electrahub-jmeter][full][012] step=start charging attempt 1
2026-07-02 00:56:00,669 INFO o.a.j.p.j.s.J.Full charging journey with SSE: [electrahub-jmeter][full][012] http POST /session/api/v1/sessions/start status=409 elapsedMs=73
2026-07-02 00:56:00,671 INFO o.a.j.p.j.s.J.Full charging journey with SSE: [electrahub-jmeter][full][012] start skipped EH-US-CHG-0012/CON-US-0012 HTTP 409; trying next connector
2026-07-02 00:56:01,672 INFO o.a.j.p.j.s.J.Full charging journey with SSE: [electrahub-jmeter][full][012] step=start charging attempt 2
2026-07-02 00:56:01,746 INFO o.a.j.p.j.s.J.Full charging journey with SSE: [electrahub-jmeter][full][012] http POST /session/api/v1/sessions/start status=409 elapsedMs=73
2026-07-02 00:56:01,747 INFO o.a.j.p.j.s.J.Full charging journey with SSE: [electrahub-jmeter][full][012] start skipped EH-US-CHG-0013/CON-US-0013 HTTP 409; trying next connector
2026-07-02 00:56:02,400 INFO o.a.j.p.j.s.J.Full charging journey with SSE: [electrahub-jmeter][full][001] sse ok connected=1 snapshot=2 updates=25 receipts=0 heartbeats=0
2026-07-02 00:56:02,403 INFO o.a.j.p.j.s.J.Full charging journey with SSE: [electrahub-jmeter][full][001] holding session for 53s before stop
2026-07-02 00:56:02,748 INFO o.a.j.p.j.s.J.Full charging journey with SSE: [electrahub-jmeter][full][012] step=start charging attempt 3
2026-07-02 00:56:02,821 INFO o.a.j.p.j.s.J.Full charging journey with SSE: [electrahub-jmeter][full][012] http POST /session/api/v1/sessions/start status=409 elapsedMs=72
2026-07-02 00:56:02,822 INFO o.a.j.p.j.s.J.Full charging journey with SSE: [electrahub-jmeter][full][012] start skipped EH-US-CHG-0014/CON-US-0014 HTTP 409; trying next connector
2026-07-02 00:56:03,823 INFO o.a.j.p.j.s.J.Full charging journey with SSE: [electrahub-jmeter][full][012] step=start charging attempt 4
2026-07-02 00:56:03,894 INFO o.a.j.p.j.s.J.Full charging journey with SSE: [electrahub-jmeter][full][012] http POST /session/api/v1/sessions/start status=409 elapsedMs=70
2026-07-02 00:56:03,895 INFO o.a.j.p.j.s.J.Full charging journey with SSE: [electrahub-jmeter][full][012] start skipped EH-US-CHG-0015/CON-US-0015 HTTP 409; trying next connector
2026-07-02 00:56:04,896 INFO o.a.j.p.j.s.J.Full charging journey with SSE: [electrahub-jmeter][full][012] step=start charging attempt 5
2026-07-02 00:56:05,420 INFO o.a.j.p.j.s.J.Full charging journey with SSE: [electrahub-jmeter][full][002] sse ok connected=1 snapshot=2 updates=23 receipts=0 heartbeats=0
2026-07-02 00:56:05,421 INFO o.a.j.p.j.s.J.Full charging journey with SSE: [electrahub-jmeter][full][002] holding session for 55s before stop
2026-07-02 00:56:05,426 INFO o.a.j.p.j.s.J.Full charging journey with SSE: [electrahub-jmeter][full][012] http POST /session/api/v1/sessions/start status=201 elapsedMs=529
2026-07-02 00:56:05,427 INFO o.a.j.p.j.s.J.Full charging journey with SSE: [electrahub-jmeter][full][012] started session=0e559f28-e51a-4452-8944-92c1f4ed63ca charger=EH-US-CHG-0016/CON-US-0016 status=PREPARING remote=Accepted attempt=5/10
2026-07-02 00:56:05,428 INFO o.a.j.p.j.s.J.Full charging journey with SSE: [electrahub-jmeter][full][012] step=active sessions
2026-07-02 00:56:05,544 INFO o.a.j.t.JMeterThread: Thread started: 100 driver charging journeys 1-13
2026-07-02 00:56:05,550 INFO o.a.j.p.j.s.J.Full charging journey with SSE: [electrahub-jmeter][full][013] step=register
2026-07-02 00:56:05,803 INFO o.a.j.p.j.s.J.Full charging journey with SSE: [electrahub-jmeter][full][013] http POST /auth/api/auth/register status=200 elapsedMs=197
2026-07-02 00:56:05,804 INFO o.a.j.p.j.s.J.Full charging journey with SSE: [electrahub-jmeter][full][013] registered uid=42ba5194-eea6-4805-811d-dd6d18ff767e
2026-07-02 00:56:05,811 INFO o.a.j.p.j.s.J.Full charging journey with SSE: [electrahub-jmeter][full][013] step=payment state before setup
2026-07-02 00:56:05,875 INFO o.a.j.p.j.s.J.Full charging journey with SSE: [electrahub-jmeter][full][013] http GET /payment/api/v1/payment/state status=451 elapsedMs=63
2026-07-02 00:56:05,876 INFO o.a.j.p.j.s.J.Full charging journey with SSE: [electrahub-jmeter][full][013] step=accept terms
2026-07-02 00:56:05,938 INFO o.a.j.p.j.s.J.Full charging journey with SSE: [electrahub-jmeter][full][013] http POST /auth/api/terms/accept status=201 elapsedMs=61
2026-07-02 00:56:05,939 INFO o.a.j.p.j.s.J.Full charging journey with SSE: [electrahub-jmeter][full][013] accepted terms; refreshing token through login
2026-07-02 00:56:05,939 INFO o.a.j.p.j.s.J.Full charging journey with SSE: [electrahub-jmeter][full][013] step=login
2026-07-02 00:56:06,156 INFO o.a.j.p.j.s.J.Full charging journey with SSE: [electrahub-jmeter][full][013] http POST /auth/api/auth/login status=200 elapsedMs=216
2026-07-02 00:56:06,157 INFO o.a.j.p.j.s.J.Full charging journey with SSE: [electrahub-jmeter][full][013] logged in uid=42ba5194-eea6-4805-811d-dd6d18ff767e
2026-07-02 00:56:06,158 INFO o.a.j.p.j.s.J.Full charging journey with SSE: [electrahub-jmeter][full][013] step=payment state after terms
2026-07-02 00:56:06,232 INFO o.a.j.p.j.s.J.Full charging journey with SSE: [electrahub-jmeter][full][013] http GET /payment/api/v1/payment/state status=200 elapsedMs=74
2026-07-02 00:56:06,233 INFO o.a.j.p.j.s.J.Full charging journey with SSE: [electrahub-jmeter][full][013] step=add card
2026-07-02 00:56:06,299 INFO o.a.j.p.j.s.J.Full charging journey with SSE: [electrahub-jmeter][full][013] http POST /payment/api/v1/payment/cards status=201 elapsedMs=65
2026-07-02 00:56:06,300 INFO o.a.j.p.j.s.J.Full charging journey with SSE: [electrahub-jmeter][full][013] step=wallet topup
2026-07-02 00:56:06,362 INFO o.a.j.p.j.s.J.Full charging journey with SSE: [electrahub-jmeter][full][013] http POST /payment/api/v1/payment/wallet/topups status=201 elapsedMs=61
2026-07-02 00:56:06,362 INFO o.a.j.p.j.s.J.Full charging journey with SSE: [electrahub-jmeter][full][013] step=payment state after setup
2026-07-02 00:56:06,426 INFO o.a.j.p.j.s.J.Full charging journey with SSE: [electrahub-jmeter][full][012] http GET /session/api/v1/sessions/active status=200 elapsedMs=998
2026-07-02 00:56:06,427 INFO o.a.j.p.j.s.J.Full charging journey with SSE: [electrahub-jmeter][full][013] http GET /payment/api/v1/payment/state status=200 elapsedMs=64
2026-07-02 00:56:06,428 INFO o.a.j.p.j.s.J.Full charging journey with SSE: [electrahub-jmeter][full][013] payment ready wallet=120.00
2026-07-02 00:56:06,429 INFO o.a.j.p.j.s.J.Full charging journey with SSE: [electrahub-jmeter][full][013] step=charger graphql list
2026-07-02 00:56:06,529 INFO o.a.j.p.j.s.J.Full charging journey with SSE: [electrahub-jmeter][full][013] http POST /charger/graphql status=200 elapsedMs=99
2026-07-02 00:56:06,530 INFO o.a.j.p.j.s.J.Full charging journey with SSE: [electrahub-jmeter][full][013] dynamic connector selection found no available connector; using CSV connector
2026-07-02 00:56:06,531 INFO o.a.j.p.j.s.J.Full charging journey with SSE: [electrahub-jmeter][full][013] step=charger graphql view
2026-07-02 00:56:06,610 INFO o.a.j.p.j.s.J.Full charging journey with SSE: [electrahub-jmeter][full][013] http POST /charger/graphql status=200 elapsedMs=78
2026-07-02 00:56:06,610 INFO o.a.j.p.j.s.J.Full charging journey with SSE: [electrahub-jmeter][full][013] step=payment state before start
2026-07-02 00:56:06,673 INFO o.a.j.p.j.s.J.Full charging journey with SSE: [electrahub-jmeter][full][013] http GET /payment/api/v1/payment/state status=200 elapsedMs=61
2026-07-02 00:56:06,676 INFO o.a.j.p.j.s.J.Full charging journey with SSE: [electrahub-jmeter][full][013] using connector csv fallback attempts=10 startIndex=13/100
2026-07-02 00:56:06,677 INFO o.a.j.p.j.s.J.Full charging journey with SSE: [electrahub-jmeter][full][013] step=start charging attempt 1
2026-07-02 00:56:06,751 INFO o.a.j.p.j.s.J.Full charging journey with SSE: [electrahub-jmeter][full][013] http POST /session/api/v1/sessions/start status=409 elapsedMs=73
2026-07-02 00:56:06,752 INFO o.a.j.p.j.s.J.Full charging journey with SSE: [electrahub-jmeter][full][013] start skipped EH-US-CHG-0013/CON-US-0013 HTTP 409; trying next connector
2026-07-02 00:56:07,752 INFO o.a.j.p.j.s.J.Full charging journey with SSE: [electrahub-jmeter][full][013] step=start charging attempt 2
2026-07-02 00:56:07,837 INFO o.a.j.p.j.s.J.Full charging journey with SSE: [electrahub-jmeter][full][013] http POST /session/api/v1/sessions/start status=409 elapsedMs=83
2026-07-02 00:56:07,838 INFO o.a.j.p.j.s.J.Full charging journey with SSE: [electrahub-jmeter][full][013] start skipped EH-US-CHG-0014/CON-US-0014 HTTP 409; trying next connector
2026-07-02 00:56:08,839 INFO o.a.j.p.j.s.J.Full charging journey with SSE: [electrahub-jmeter][full][013] step=start charging attempt 3
2026-07-02 00:56:08,906 INFO o.a.j.p.j.s.J.Full charging journey with SSE: [electrahub-jmeter][full][013] http POST /session/api/v1/sessions/start status=409 elapsedMs=66
2026-07-02 00:56:08,906 INFO o.a.j.p.j.s.J.Full charging journey with SSE: [electrahub-jmeter][full][013] start skipped EH-US-CHG-0015/CON-US-0015 HTTP 409; trying next connector
2026-07-02 00:56:09,907 INFO o.a.j.p.j.s.J.Full charging journey with SSE: [electrahub-jmeter][full][013] step=start charging attempt 4
2026-07-02 00:56:09,983 INFO o.a.j.p.j.s.J.Full charging journey with SSE: [electrahub-jmeter][full][013] http POST /session/api/v1/sessions/start status=409 elapsedMs=75
2026-07-02 00:56:09,984 INFO o.a.j.p.j.s.J.Full charging journey with SSE: [electrahub-jmeter][full][013] start skipped EH-US-CHG-0016/CON-US-0016 HTTP 409; trying next connector
2026-07-02 00:56:10,985 INFO o.a.j.p.j.s.J.Full charging journey with SSE: [electrahub-jmeter][full][013] step=start charging attempt 5
2026-07-02 00:56:11,057 INFO o.a.j.p.j.s.J.Full charging journey with SSE: [electrahub-jmeter][full][013] http POST /session/api/v1/sessions/start status=409 elapsedMs=70
2026-07-02 00:56:11,057 INFO o.a.j.p.j.s.J.Full charging journey with SSE: [electrahub-jmeter][full][013] start skipped EH-US-CHG-0017/CON-US-0017 HTTP 409; trying next connector
2026-07-02 00:56:11,470 INFO o.a.j.p.j.s.J.Full charging journey with SSE: [electrahub-jmeter][full][003] sse ok connected=1 snapshot=2 updates=23 receipts=0 heartbeats=0
2026-07-02 00:56:11,471 INFO o.a.j.p.j.s.J.Full charging journey with SSE: [electrahub-jmeter][full][003] holding session for 55s before stop
2026-07-02 00:56:11,542 INFO o.a.j.t.JMeterThread: Thread started: 100 driver charging journeys 1-14
2026-07-02 00:56:11,547 INFO o.a.j.p.j.s.J.Full charging journey with SSE: [electrahub-jmeter][full][014] step=register
2026-07-02 00:56:11,778 INFO o.a.j.p.j.s.J.Full charging journey with SSE: [electrahub-jmeter][full][014] http POST /auth/api/auth/register status=200 elapsedMs=230
2026-07-02 00:56:11,779 INFO o.a.j.p.j.s.J.Full charging journey with SSE: [electrahub-jmeter][full][014] registered uid=608b573e-88f4-4851-825e-29fe8ba6d91f
2026-07-02 00:56:11,785 INFO o.a.j.p.j.s.J.Full charging journey with SSE: [electrahub-jmeter][full][014] step=payment state before setup
2026-07-02 00:56:11,841 INFO o.a.j.p.j.s.J.Full charging journey with SSE: [electrahub-jmeter][full][014] http GET /payment/api/v1/payment/state status=451 elapsedMs=55
2026-07-02 00:56:11,842 INFO o.a.j.p.j.s.J.Full charging journey with SSE: [electrahub-jmeter][full][014] step=accept terms
2026-07-02 00:56:11,910 INFO o.a.j.p.j.s.J.Full charging journey with SSE: [electrahub-jmeter][full][014] http POST /auth/api/terms/accept status=201 elapsedMs=67
2026-07-02 00:56:11,911 INFO o.a.j.p.j.s.J.Full charging journey with SSE: [electrahub-jmeter][full][014] accepted terms; refreshing token through login
2026-07-02 00:56:11,912 INFO o.a.j.p.j.s.J.Full charging journey with SSE: [electrahub-jmeter][full][014] step=login
2026-07-02 00:56:12,058 INFO o.a.j.p.j.s.J.Full charging journey with SSE: [electrahub-jmeter][full][013] step=start charging attempt 6
2026-07-02 00:56:12,062 INFO o.a.j.p.j.s.J.Full charging journey with SSE: [electrahub-jmeter][full][014] http POST /auth/api/auth/login status=200 elapsedMs=149
2026-07-02 00:56:12,063 INFO o.a.j.p.j.s.J.Full charging journey with SSE: [electrahub-jmeter][full][014] logged in uid=608b573e-88f4-4851-825e-29fe8ba6d91f
2026-07-02 00:56:12,064 INFO o.a.j.p.j.s.J.Full charging journey with SSE: [electrahub-jmeter][full][014] step=payment state after terms
2026-07-02 00:56:12,131 INFO o.a.j.p.j.s.J.Full charging journey with SSE: [electrahub-jmeter][full][014] http GET /payment/api/v1/payment/state status=200 elapsedMs=67
2026-07-02 00:56:12,131 INFO o.a.j.p.j.s.J.Full charging journey with SSE: [electrahub-jmeter][full][014] step=add card
2026-07-02 00:56:12,205 INFO o.a.j.p.j.s.J.Full charging journey with SSE: [electrahub-jmeter][full][014] http POST /payment/api/v1/payment/cards status=201 elapsedMs=72
2026-07-02 00:56:12,206 INFO o.a.j.p.j.s.J.Full charging journey with SSE: [electrahub-jmeter][full][014] step=wallet topup
2026-07-02 00:56:12,268 INFO o.a.j.p.j.s.J.Full charging journey with SSE: [electrahub-jmeter][full][014] http POST /payment/api/v1/payment/wallet/topups status=201 elapsedMs=62
2026-07-02 00:56:12,269 INFO o.a.j.p.j.s.J.Full charging journey with SSE: [electrahub-jmeter][full][014] step=payment state after setup
2026-07-02 00:56:12,327 INFO o.a.j.p.j.s.J.Full charging journey with SSE: [electrahub-jmeter][full][014] http GET /payment/api/v1/payment/state status=200 elapsedMs=57
2026-07-02 00:56:12,328 INFO o.a.j.p.j.s.J.Full charging journey with SSE: [electrahub-jmeter][full][014] payment ready wallet=120.00
2026-07-02 00:56:12,329 INFO o.a.j.p.j.s.J.Full charging journey with SSE: [electrahub-jmeter][full][014] step=charger graphql list
2026-07-02 00:56:12,423 INFO o.a.j.p.j.s.J.Full charging journey with SSE: [electrahub-jmeter][full][014] http POST /charger/graphql status=200 elapsedMs=93
2026-07-02 00:56:12,425 INFO o.a.j.p.j.s.J.Full charging journey with SSE: [electrahub-jmeter][full][014] dynamic connector selection found no available connector; using CSV connector
2026-07-02 00:56:12,425 INFO o.a.j.p.j.s.J.Full charging journey with SSE: [electrahub-jmeter][full][014] step=charger graphql view
2026-07-02 00:56:12,478 INFO o.a.j.p.j.s.J.Full charging journey with SSE: [electrahub-jmeter][full][013] http POST /session/api/v1/sessions/start status=201 elapsedMs=379
2026-07-02 00:56:12,479 INFO o.a.j.p.j.s.J.Full charging journey with SSE: [electrahub-jmeter][full][013] started session=a7a842c2-2b6e-4deb-b3f3-acec0f432aa2 charger=EH-US-CHG-0018/CON-US-0018 status=PREPARING remote=Accepted attempt=6/10
2026-07-02 00:56:12,480 INFO o.a.j.p.j.s.J.Full charging journey with SSE: [electrahub-jmeter][full][013] step=active sessions
2026-07-02 00:56:12,503 INFO o.a.j.p.j.s.J.Full charging journey with SSE: [electrahub-jmeter][full][014] http POST /charger/graphql status=200 elapsedMs=77
2026-07-02 00:56:12,504 INFO o.a.j.p.j.s.J.Full charging journey with SSE: [electrahub-jmeter][full][014] step=payment state before start
2026-07-02 00:56:12,563 INFO o.a.j.p.j.s.J.Full charging journey with SSE: [electrahub-jmeter][full][014] http GET /payment/api/v1/payment/state status=200 elapsedMs=58
2026-07-02 00:56:12,566 INFO o.a.j.p.j.s.J.Full charging journey with SSE: [electrahub-jmeter][full][014] using connector csv fallback attempts=10 startIndex=14/100
2026-07-02 00:56:12,567 INFO o.a.j.p.j.s.J.Full charging journey with SSE: [electrahub-jmeter][full][014] step=start charging attempt 1
2026-07-02 00:56:12,634 INFO o.a.j.p.j.s.J.Full charging journey with SSE: [electrahub-jmeter][full][014] http POST /session/api/v1/sessions/start status=409 elapsedMs=66
2026-07-02 00:56:12,635 INFO o.a.j.p.j.s.J.Full charging journey with SSE: [electrahub-jmeter][full][014] start skipped EH-US-CHG-0014/CON-US-0014 HTTP 409; trying next connector
2026-07-02 00:56:13,491 INFO o.a.j.p.j.s.J.Full charging journey with SSE: [electrahub-jmeter][full][013] http GET /session/api/v1/sessions/active status=200 elapsedMs=1010
2026-07-02 00:56:14,615 INFO o.a.j.p.j.s.J.Full charging journey with SSE: [electrahub-jmeter][full][014] step=start charging attempt 2
2026-07-02 00:56:15,481 INFO o.a.j.p.j.s.J.Full charging journey with SSE: [electrahub-jmeter][full][014] http POST /session/api/v1/sessions/start status=409 elapsedMs=865
2026-07-02 00:56:15,482 INFO o.a.j.p.j.s.J.Full charging journey with SSE: [electrahub-jmeter][full][014] start skipped EH-US-CHG-0015/CON-US-0015 HTTP 409; trying next connector
2026-07-02 00:56:16,483 INFO o.a.j.p.j.s.J.Full charging journey with SSE: [electrahub-jmeter][full][014] step=start charging attempt 3
2026-07-02 00:56:16,553 INFO o.a.j.p.j.s.J.Full charging journey with SSE: [electrahub-jmeter][full][014] http POST /session/api/v1/sessions/start status=409 elapsedMs=69
2026-07-02 00:56:16,554 INFO o.a.j.p.j.s.J.Full charging journey with SSE: [electrahub-jmeter][full][014] start skipped EH-US-CHG-0016/CON-US-0016 HTTP 409; trying next connector
2026-07-02 00:56:17,542 INFO o.a.j.t.JMeterThread: Thread started: 100 driver charging journeys 1-15
2026-07-02 00:56:17,549 INFO o.a.j.p.j.s.J.Full charging journey with SSE: [electrahub-jmeter][full][015] step=register
2026-07-02 00:56:17,555 INFO o.a.j.p.j.s.J.Full charging journey with SSE: [electrahub-jmeter][full][014] step=start charging attempt 4
2026-07-02 00:56:17,709 INFO o.a.j.p.j.s.J.Full charging journey with SSE: [electrahub-jmeter][full][014] http POST /session/api/v1/sessions/start status=409 elapsedMs=117
2026-07-02 00:56:17,710 INFO o.a.j.p.j.s.J.Full charging journey with SSE: [electrahub-jmeter][full][014] start skipped EH-US-CHG-0017/CON-US-0017 HTTP 409; trying next connector
2026-07-02 00:56:17,749 INFO o.a.j.p.j.s.J.Full charging journey with SSE: [electrahub-jmeter][full][015] http POST /auth/api/auth/register status=200 elapsedMs=200
2026-07-02 00:56:17,750 INFO o.a.j.p.j.s.J.Full charging journey with SSE: [electrahub-jmeter][full][015] registered uid=95715312-2c5d-4cc3-b8a8-83e1855cab0a
2026-07-02 00:56:17,759 INFO o.a.j.p.j.s.J.Full charging journey with SSE: [electrahub-jmeter][full][015] step=payment state before setup
2026-07-02 00:56:17,819 INFO o.a.j.p.j.s.J.Full charging journey with SSE: [electrahub-jmeter][full][015] http GET /payment/api/v1/payment/state status=451 elapsedMs=59
2026-07-02 00:56:17,820 INFO o.a.j.p.j.s.J.Full charging journey with SSE: [electrahub-jmeter][full][015] step=accept terms
2026-07-02 00:56:17,884 INFO o.a.j.p.j.s.J.Full charging journey with SSE: [electrahub-jmeter][full][015] http POST /auth/api/terms/accept status=201 elapsedMs=63
2026-07-02 00:56:17,885 INFO o.a.j.p.j.s.J.Full charging journey with SSE: [electrahub-jmeter][full][015] accepted terms; refreshing token through login
2026-07-02 00:56:17,886 INFO o.a.j.p.j.s.J.Full charging journey with SSE: [electrahub-jmeter][full][015] step=login
2026-07-02 00:56:18,034 INFO o.a.j.p.j.s.J.Full charging journey with SSE: [electrahub-jmeter][full][015] http POST /auth/api/auth/login status=200 elapsedMs=147
2026-07-02 00:56:18,036 INFO o.a.j.p.j.s.J.Full charging journey with SSE: [electrahub-jmeter][full][015] logged in uid=95715312-2c5d-4cc3-b8a8-83e1855cab0a
2026-07-02 00:56:18,036 INFO o.a.j.p.j.s.J.Full charging journey with SSE: [electrahub-jmeter][full][015] step=payment state after terms
2026-07-02 00:56:18,104 INFO o.a.j.p.j.s.J.Full charging journey with SSE: [electrahub-jmeter][full][015] http GET /payment/api/v1/payment/state status=200 elapsedMs=67
2026-07-02 00:56:18,105 INFO o.a.j.p.j.s.J.Full charging journey with SSE: [electrahub-jmeter][full][015] step=add card
2026-07-02 00:56:18,170 INFO o.a.j.p.j.s.J.Full charging journey with SSE: [electrahub-jmeter][full][015] http POST /payment/api/v1/payment/cards status=201 elapsedMs=63
2026-07-02 00:56:18,170 INFO o.a.j.p.j.s.J.Full charging journey with SSE: [electrahub-jmeter][full][015] step=wallet topup
2026-07-02 00:56:18,237 INFO o.a.j.p.j.s.J.Full charging journey with SSE: [electrahub-jmeter][full][015] http POST /payment/api/v1/payment/wallet/topups status=201 elapsedMs=66
2026-07-02 00:56:18,237 INFO o.a.j.p.j.s.J.Full charging journey with SSE: [electrahub-jmeter][full][015] step=payment state after setup
2026-07-02 00:56:18,279 INFO o.a.j.p.j.s.J.Full charging journey with SSE: [electrahub-jmeter][full][004] sse ok connected=1 snapshot=2 updates=23 receipts=0 heartbeats=0
2026-07-02 00:56:18,280 INFO o.a.j.p.j.s.J.Full charging journey with SSE: [electrahub-jmeter][full][004] holding session for 55s before stop
2026-07-02 00:56:18,309 INFO o.a.j.p.j.s.J.Full charging journey with SSE: [electrahub-jmeter][full][015] http GET /payment/api/v1/payment/state status=200 elapsedMs=71
2026-07-02 00:56:18,310 INFO o.a.j.p.j.s.J.Full charging journey with SSE: [electrahub-jmeter][full][015] payment ready wallet=120.00
2026-07-02 00:56:18,311 INFO o.a.j.p.j.s.J.Full charging journey with SSE: [electrahub-jmeter][full][015] step=charger graphql list
2026-07-02 00:56:18,412 INFO o.a.j.p.j.s.J.Full charging journey with SSE: [electrahub-jmeter][full][015] http POST /charger/graphql status=200 elapsedMs=100
2026-07-02 00:56:18,415 INFO o.a.j.p.j.s.J.Full charging journey with SSE: [electrahub-jmeter][full][015] dynamic connector selection found no available connector; using CSV connector
2026-07-02 00:56:18,416 INFO o.a.j.p.j.s.J.Full charging journey with SSE: [electrahub-jmeter][full][015] step=charger graphql view
2026-07-02 00:56:18,489 INFO o.a.j.p.j.s.J.Full charging journey with SSE: [electrahub-jmeter][full][015] http POST /charger/graphql status=200 elapsedMs=72
2026-07-02 00:56:18,490 INFO o.a.j.p.j.s.J.Full charging journey with SSE: [electrahub-jmeter][full][015] step=payment state before start
2026-07-02 00:56:18,553 INFO o.a.j.p.j.s.J.Full charging journey with SSE: [electrahub-jmeter][full][015] http GET /payment/api/v1/payment/state status=200 elapsedMs=62
2026-07-02 00:56:18,557 INFO o.a.j.p.j.s.J.Full charging journey with SSE: [electrahub-jmeter][full][015] using connector csv fallback attempts=10 startIndex=15/100
2026-07-02 00:56:18,557 INFO o.a.j.p.j.s.J.Full charging journey with SSE: [electrahub-jmeter][full][015] step=start charging attempt 1
2026-07-02 00:56:18,630 INFO o.a.j.p.j.s.J.Full charging journey with SSE: [electrahub-jmeter][full][015] http POST /session/api/v1/sessions/start status=409 elapsedMs=72
2026-07-02 00:56:18,631 INFO o.a.j.p.j.s.J.Full charging journey with SSE: [electrahub-jmeter][full][015] start skipped EH-US-CHG-0015/CON-US-0015 HTTP 409; trying next connector
2026-07-02 00:56:18,711 INFO o.a.j.p.j.s.J.Full charging journey with SSE: [electrahub-jmeter][full][014] step=start charging attempt 5
2026-07-02 00:56:18,776 INFO o.a.j.p.j.s.J.Full charging journey with SSE: [electrahub-jmeter][full][014] http POST /session/api/v1/sessions/start status=409 elapsedMs=64
2026-07-02 00:56:18,777 INFO o.a.j.p.j.s.J.Full charging journey with SSE: [electrahub-jmeter][full][014] start skipped EH-US-CHG-0018/CON-US-0018 HTTP 409; trying next connector
2026-07-02 00:56:19,632 INFO o.a.j.p.j.s.J.Full charging journey with SSE: [electrahub-jmeter][full][015] step=start charging attempt 2
2026-07-02 00:56:19,701 INFO o.a.j.p.j.s.J.Full charging journey with SSE: [electrahub-jmeter][full][015] http POST /session/api/v1/sessions/start status=409 elapsedMs=67
2026-07-02 00:56:19,702 INFO o.a.j.p.j.s.J.Full charging journey with SSE: [electrahub-jmeter][full][015] start skipped EH-US-CHG-0016/CON-US-0016 HTTP 409; trying next connector
2026-07-02 00:56:19,778 INFO o.a.j.p.j.s.J.Full charging journey with SSE: [electrahub-jmeter][full][014] step=start charging attempt 6
2026-07-02 00:56:20,310 INFO o.a.j.p.j.s.J.Full charging journey with SSE: [electrahub-jmeter][full][014] http POST /session/api/v1/sessions/start status=201 elapsedMs=530
2026-07-02 00:56:20,311 INFO o.a.j.p.j.s.J.Full charging journey with SSE: [electrahub-jmeter][full][014] started session=526f2a5a-6129-4ca5-85bb-515993447013 charger=EH-US-CHG-0019/CON-US-0019 status=PREPARING remote=Accepted attempt=6/10
2026-07-02 00:56:20,311 INFO o.a.j.p.j.s.J.Full charging journey with SSE: [electrahub-jmeter][full][014] step=active sessions
2026-07-02 00:56:20,703 INFO o.a.j.p.j.s.J.Full charging journey with SSE: [electrahub-jmeter][full][015] step=start charging attempt 3
2026-07-02 00:56:20,799 INFO o.a.j.p.j.s.J.Full charging journey with SSE: [electrahub-jmeter][full][015] http POST /session/api/v1/sessions/start status=409 elapsedMs=95
2026-07-02 00:56:20,800 INFO o.a.j.p.j.s.J.Full charging journey with SSE: [electrahub-jmeter][full][015] start skipped EH-US-CHG-0017/CON-US-0017 HTTP 409; trying next connector
2026-07-02 00:56:21,305 INFO o.a.j.p.j.s.J.Full charging journey with SSE: [electrahub-jmeter][full][014] http GET /session/api/v1/sessions/active status=200 elapsedMs=993
2026-07-02 00:56:21,801 INFO o.a.j.p.j.s.J.Full charging journey with SSE: [electrahub-jmeter][full][015] step=start charging attempt 4
2026-07-02 00:56:21,879 INFO o.a.j.p.j.s.J.Full charging journey with SSE: [electrahub-jmeter][full][015] http POST /session/api/v1/sessions/start status=409 elapsedMs=77
2026-07-02 00:56:21,879 INFO o.a.j.p.j.s.J.Full charging journey with SSE: [electrahub-jmeter][full][015] start skipped EH-US-CHG-0018/CON-US-0018 HTTP 409; trying next connector
2026-07-02 00:56:22,880 INFO o.a.j.p.j.s.J.Full charging journey with SSE: [electrahub-jmeter][full][015] step=start charging attempt 5
2026-07-02 00:56:22,962 INFO o.a.j.p.j.s.J.Full charging journey with SSE: [electrahub-jmeter][full][015] http POST /session/api/v1/sessions/start status=409 elapsedMs=81
2026-07-02 00:56:22,965 INFO o.a.j.p.j.s.J.Full charging journey with SSE: [electrahub-jmeter][full][015] start skipped EH-US-CHG-0019/CON-US-0019 HTTP 409; trying next connector
2026-07-02 00:56:23,542 INFO o.a.j.t.JMeterThread: Thread started: 100 driver charging journeys 1-16
2026-07-02 00:56:23,548 INFO o.a.j.p.j.s.J.Full charging journey with SSE: [electrahub-jmeter][full][016] step=register
2026-07-02 00:56:23,751 INFO o.a.j.p.j.s.J.Full charging journey with SSE: [electrahub-jmeter][full][016] http POST /auth/api/auth/register status=200 elapsedMs=202
2026-07-02 00:56:23,751 INFO o.a.j.p.j.s.J.Full charging journey with SSE: [electrahub-jmeter][full][016] registered uid=9c8c7bd4-f0b0-415c-b7d7-a22140c6c77c
2026-07-02 00:56:23,761 INFO o.a.j.p.j.s.J.Full charging journey with SSE: [electrahub-jmeter][full][016] step=payment state before setup
2026-07-02 00:56:23,819 INFO o.a.j.p.j.s.J.Full charging journey with SSE: [electrahub-jmeter][full][016] http GET /payment/api/v1/payment/state status=451 elapsedMs=57
2026-07-02 00:56:23,821 INFO o.a.j.p.j.s.J.Full charging journey with SSE: [electrahub-jmeter][full][016] step=accept terms
2026-07-02 00:56:23,890 INFO o.a.j.p.j.s.J.Full charging journey with SSE: [electrahub-jmeter][full][016] http POST /auth/api/terms/accept status=201 elapsedMs=68
2026-07-02 00:56:23,891 INFO o.a.j.p.j.s.J.Full charging journey with SSE: [electrahub-jmeter][full][016] accepted terms; refreshing token through login
2026-07-02 00:56:23,892 INFO o.a.j.p.j.s.J.Full charging journey with SSE: [electrahub-jmeter][full][016] step=login
2026-07-02 00:56:23,966 INFO o.a.j.p.j.s.J.Full charging journey with SSE: [electrahub-jmeter][full][015] step=start charging attempt 6
2026-07-02 00:56:24,054 INFO o.a.j.p.j.s.J.Full charging journey with SSE: [electrahub-jmeter][full][016] http POST /auth/api/auth/login status=200 elapsedMs=161
2026-07-02 00:56:24,055 INFO o.a.j.p.j.s.J.Full charging journey with SSE: [electrahub-jmeter][full][016] logged in uid=9c8c7bd4-f0b0-415c-b7d7-a22140c6c77c
2026-07-02 00:56:24,056 INFO o.a.j.p.j.s.J.Full charging journey with SSE: [electrahub-jmeter][full][016] step=payment state after terms
2026-07-02 00:56:24,138 INFO o.a.j.p.j.s.J.Full charging journey with SSE: [electrahub-jmeter][full][016] http GET /payment/api/v1/payment/state status=200 elapsedMs=81
2026-07-02 00:56:24,139 INFO o.a.j.p.j.s.J.Full charging journey with SSE: [electrahub-jmeter][full][016] step=add card
2026-07-02 00:56:24,202 INFO o.a.j.p.j.s.J.Full charging journey with SSE: [electrahub-jmeter][full][016] http POST /payment/api/v1/payment/cards status=201 elapsedMs=61
2026-07-02 00:56:24,203 INFO o.a.j.p.j.s.J.Full charging journey with SSE: [electrahub-jmeter][full][016] step=wallet topup
2026-07-02 00:56:24,269 INFO o.a.j.p.j.s.J.Full charging journey with SSE: [electrahub-jmeter][full][016] http POST /payment/api/v1/payment/wallet/topups status=201 elapsedMs=65
2026-07-02 00:56:24,269 INFO o.a.j.p.j.s.J.Full charging journey with SSE: [electrahub-jmeter][full][016] step=payment state after setup
2026-07-02 00:56:24,348 INFO o.a.j.p.j.s.J.Full charging journey with SSE: [electrahub-jmeter][full][016] http GET /payment/api/v1/payment/state status=200 elapsedMs=78
2026-07-02 00:56:24,349 INFO o.a.j.p.j.s.J.Full charging journey with SSE: [electrahub-jmeter][full][016] payment ready wallet=120.00
2026-07-02 00:56:24,349 INFO o.a.j.p.j.s.J.Full charging journey with SSE: [electrahub-jmeter][full][016] step=charger graphql list
2026-07-02 00:56:24,350 INFO o.a.j.p.j.s.J.Full charging journey with SSE: [electrahub-jmeter][full][015] http POST /session/api/v1/sessions/start status=201 elapsedMs=343
2026-07-02 00:56:24,351 INFO o.a.j.p.j.s.J.Full charging journey with SSE: [electrahub-jmeter][full][015] started session=05cd5b9c-fd38-4522-9f8f-845f324e62aa charger=EH-US-CHG-0020/CON-US-0020 status=PREPARING remote=Accepted attempt=6/10
2026-07-02 00:56:24,351 INFO o.a.j.p.j.s.J.Full charging journey with SSE: [electrahub-jmeter][full][015] step=active sessions
2026-07-02 00:56:24,474 INFO o.a.j.p.j.s.J.Full charging journey with SSE: [electrahub-jmeter][full][016] http POST /charger/graphql status=200 elapsedMs=123
2026-07-02 00:56:24,476 INFO o.a.j.p.j.s.J.Full charging journey with SSE: [electrahub-jmeter][full][016] dynamic connector selection found no available connector; using CSV connector
2026-07-02 00:56:24,476 INFO o.a.j.p.j.s.J.Full charging journey with SSE: [electrahub-jmeter][full][016] step=charger graphql view
2026-07-02 00:56:24,549 INFO o.a.j.p.j.s.J.Full charging journey with SSE: [electrahub-jmeter][full][016] http POST /charger/graphql status=200 elapsedMs=71
2026-07-02 00:56:24,550 INFO o.a.j.p.j.s.J.Full charging journey with SSE: [electrahub-jmeter][full][016] step=payment state before start
2026-07-02 00:56:24,624 INFO o.a.j.p.j.s.J.Full charging journey with SSE: [electrahub-jmeter][full][016] http GET /payment/api/v1/payment/state status=200 elapsedMs=73
2026-07-02 00:56:24,629 INFO o.a.j.p.j.s.J.Full charging journey with SSE: [electrahub-jmeter][full][016] using connector csv fallback attempts=10 startIndex=16/100
2026-07-02 00:56:24,630 INFO o.a.j.p.j.s.J.Full charging journey with SSE: [electrahub-jmeter][full][016] step=start charging attempt 1
2026-07-02 00:56:24,726 INFO o.a.j.p.j.s.J.Full charging journey with SSE: [electrahub-jmeter][full][016] http POST /session/api/v1/sessions/start status=409 elapsedMs=95
2026-07-02 00:56:24,728 INFO o.a.j.p.j.s.J.Full charging journey with SSE: [electrahub-jmeter][full][016] start skipped EH-US-CHG-0016/CON-US-0016 HTTP 409; trying next connector
2026-07-02 00:56:25,350 INFO o.a.j.p.j.s.J.Full charging journey with SSE: [electrahub-jmeter][full][015] http GET /session/api/v1/sessions/active status=200 elapsedMs=998
2026-07-02 00:56:25,729 INFO o.a.j.p.j.s.J.Full charging journey with SSE: [electrahub-jmeter][full][016] step=start charging attempt 2
2026-07-02 00:56:25,813 INFO o.a.j.p.j.s.J.Full charging journey with SSE: [electrahub-jmeter][full][016] http POST /session/api/v1/sessions/start status=409 elapsedMs=83
2026-07-02 00:56:25,814 INFO o.a.j.p.j.s.J.Full charging journey with SSE: [electrahub-jmeter][full][016] start skipped EH-US-CHG-0017/CON-US-0017 HTTP 409; trying next connector
2026-07-02 00:56:26,362 INFO o.a.j.p.j.s.J.Full charging journey with SSE: [electrahub-jmeter][full][005] sse ok connected=1 snapshot=2 updates=23 receipts=0 heartbeats=0
2026-07-02 00:56:26,363 INFO o.a.j.p.j.s.J.Full charging journey with SSE: [electrahub-jmeter][full][005] holding session for 52s before stop
2026-07-02 00:56:26,815 INFO o.a.j.p.j.s.J.Full charging journey with SSE: [electrahub-jmeter][full][016] step=start charging attempt 3
2026-07-02 00:56:26,894 INFO o.a.j.p.j.s.J.Full charging journey with SSE: [electrahub-jmeter][full][016] http POST /session/api/v1/sessions/start status=409 elapsedMs=78
2026-07-02 00:56:26,895 INFO o.a.j.p.j.s.J.Full charging journey with SSE: [electrahub-jmeter][full][016] start skipped EH-US-CHG-0018/CON-US-0018 HTTP 409; trying next connector
2026-07-02 00:56:27,896 INFO o.a.j.p.j.s.J.Full charging journey with SSE: [electrahub-jmeter][full][016] step=start charging attempt 4
2026-07-02 00:56:27,985 INFO o.a.j.p.j.s.J.Full charging journey with SSE: [electrahub-jmeter][full][016] http POST /session/api/v1/sessions/start status=409 elapsedMs=88
2026-07-02 00:56:27,986 INFO o.a.j.p.j.s.J.Full charging journey with SSE: [electrahub-jmeter][full][016] start skipped EH-US-CHG-0019/CON-US-0019 HTTP 409; trying next connector
2026-07-02 00:56:28,988 INFO o.a.j.p.j.s.J.Full charging journey with SSE: [electrahub-jmeter][full][016] step=start charging attempt 5
2026-07-02 00:56:29,070 INFO o.a.j.p.j.s.J.Full charging journey with SSE: [electrahub-jmeter][full][016] http POST /session/api/v1/sessions/start status=409 elapsedMs=80
2026-07-02 00:56:29,070 INFO o.a.j.p.j.s.J.Full charging journey with SSE: [electrahub-jmeter][full][016] start skipped EH-US-CHG-0020/CON-US-0020 HTTP 409; trying next connector
2026-07-02 00:56:29,542 INFO o.a.j.t.JMeterThread: Thread started: 100 driver charging journeys 1-17
2026-07-02 00:56:29,547 INFO o.a.j.p.j.s.J.Full charging journey with SSE: [electrahub-jmeter][full][017] step=register
2026-07-02 00:56:29,731 INFO o.a.j.p.j.s.J.Full charging journey with SSE: [electrahub-jmeter][full][017] http POST /auth/api/auth/register status=200 elapsedMs=183
2026-07-02 00:56:29,732 INFO o.a.j.p.j.s.J.Full charging journey with SSE: [electrahub-jmeter][full][017] registered uid=4c22f833-7c8d-4084-b158-ae781809b90f
2026-07-02 00:56:29,739 INFO o.a.j.p.j.s.J.Full charging journey with SSE: [electrahub-jmeter][full][017] step=payment state before setup
2026-07-02 00:56:29,804 INFO o.a.j.p.j.s.J.Full charging journey with SSE: [electrahub-jmeter][full][017] http GET /payment/api/v1/payment/state status=451 elapsedMs=64
2026-07-02 00:56:29,805 INFO o.a.j.p.j.s.J.Full charging journey with SSE: [electrahub-jmeter][full][017] step=accept terms
2026-07-02 00:56:29,873 INFO o.a.j.p.j.s.J.Full charging journey with SSE: [electrahub-jmeter][full][017] http POST /auth/api/terms/accept status=201 elapsedMs=67
2026-07-02 00:56:29,874 INFO o.a.j.p.j.s.J.Full charging journey with SSE: [electrahub-jmeter][full][017] accepted terms; refreshing token through login
2026-07-02 00:56:29,875 INFO o.a.j.p.j.s.J.Full charging journey with SSE: [electrahub-jmeter][full][017] step=login
2026-07-02 00:56:30,067 INFO o.a.j.p.j.s.J.Full charging journey with SSE: [electrahub-jmeter][full][017] http POST /auth/api/auth/login status=200 elapsedMs=191
2026-07-02 00:56:30,068 INFO o.a.j.p.j.s.J.Full charging journey with SSE: [electrahub-jmeter][full][017] logged in uid=4c22f833-7c8d-4084-b158-ae781809b90f
2026-07-02 00:56:30,068 INFO o.a.j.p.j.s.J.Full charging journey with SSE: [electrahub-jmeter][full][017] step=payment state after terms
2026-07-02 00:56:30,071 INFO o.a.j.p.j.s.J.Full charging journey with SSE: [electrahub-jmeter][full][016] step=start charging attempt 6
2026-07-02 00:56:30,142 INFO o.a.j.p.j.s.J.Full charging journey with SSE: [electrahub-jmeter][full][017] http GET /payment/api/v1/payment/state status=200 elapsedMs=73
2026-07-02 00:56:30,143 INFO o.a.j.p.j.s.J.Full charging journey with SSE: [electrahub-jmeter][full][017] step=add card
2026-07-02 00:56:30,214 INFO o.a.j.p.j.s.J.Full charging journey with SSE: [electrahub-jmeter][full][017] http POST /payment/api/v1/payment/cards status=201 elapsedMs=70
2026-07-02 00:56:30,215 INFO o.a.j.p.j.s.J.Full charging journey with SSE: [electrahub-jmeter][full][017] step=wallet topup
2026-07-02 00:56:30,280 INFO o.a.j.p.j.s.J.Full charging journey with SSE: [electrahub-jmeter][full][017] http POST /payment/api/v1/payment/wallet/topups status=201 elapsedMs=64
2026-07-02 00:56:30,281 INFO o.a.j.p.j.s.J.Full charging journey with SSE: [electrahub-jmeter][full][017] step=payment state after setup
2026-07-02 00:56:30,342 INFO o.a.j.p.j.s.J.Full charging journey with SSE: [electrahub-jmeter][full][017] http GET /payment/api/v1/payment/state status=200 elapsedMs=60
2026-07-02 00:56:30,343 INFO o.a.j.p.j.s.J.Full charging journey with SSE: [electrahub-jmeter][full][017] payment ready wallet=120.00
2026-07-02 00:56:30,344 INFO o.a.j.p.j.s.J.Full charging journey with SSE: [electrahub-jmeter][full][017] step=charger graphql list
2026-07-02 00:56:30,396 INFO o.a.j.p.j.s.J.Full charging journey with SSE: [electrahub-jmeter][full][016] http POST /session/api/v1/sessions/start status=201 elapsedMs=271
2026-07-02 00:56:30,397 INFO o.a.j.p.j.s.J.Full charging journey with SSE: [electrahub-jmeter][full][016] started session=5d8bb7d3-b102-4678-814c-179a29c6130c charger=EH-US-CHG-0021/CON-US-0021 status=PREPARING remote=Accepted attempt=6/10
2026-07-02 00:56:30,398 INFO o.a.j.p.j.s.J.Full charging journey with SSE: [electrahub-jmeter][full][016] step=active sessions
2026-07-02 00:56:30,447 INFO o.a.j.p.j.s.J.Full charging journey with SSE: [electrahub-jmeter][full][017] http POST /charger/graphql status=200 elapsedMs=102
2026-07-02 00:56:30,449 INFO o.a.j.p.j.s.J.Full charging journey with SSE: [electrahub-jmeter][full][017] dynamic connector selection found no available connector; using CSV connector
2026-07-02 00:56:30,449 INFO o.a.j.p.j.s.J.Full charging journey with SSE: [electrahub-jmeter][full][017] step=charger graphql view
2026-07-02 00:56:30,527 INFO o.a.j.p.j.s.J.Full charging journey with SSE: [electrahub-jmeter][full][017] http POST /charger/graphql status=200 elapsedMs=77
2026-07-02 00:56:30,528 INFO o.a.j.p.j.s.J.Full charging journey with SSE: [electrahub-jmeter][full][017] step=payment state before start
2026-07-02 00:56:30,588 INFO o.a.j.p.j.s.J.Full charging journey with SSE: [electrahub-jmeter][full][017] http GET /payment/api/v1/payment/state status=200 elapsedMs=59
2026-07-02 00:56:30,592 INFO o.a.j.p.j.s.J.Full charging journey with SSE: [electrahub-jmeter][full][017] using connector csv fallback attempts=10 startIndex=17/100
2026-07-02 00:56:30,593 INFO o.a.j.p.j.s.J.Full charging journey with SSE: [electrahub-jmeter][full][017] step=start charging attempt 1
2026-07-02 00:56:30,661 INFO o.a.j.p.j.s.J.Full charging journey with SSE: [electrahub-jmeter][full][017] http POST /session/api/v1/sessions/start status=409 elapsedMs=67
2026-07-02 00:56:30,662 INFO o.a.j.p.j.s.J.Full charging journey with SSE: [electrahub-jmeter][full][017] start skipped EH-US-CHG-0017/CON-US-0017 HTTP 409; trying next connector
2026-07-02 00:56:31,399 INFO o.a.j.p.j.s.J.Full charging journey with SSE: [electrahub-jmeter][full][016] http GET /session/api/v1/sessions/active status=200 elapsedMs=1000
2026-07-02 00:56:31,663 INFO o.a.j.p.j.s.J.Full charging journey with SSE: [electrahub-jmeter][full][017] step=start charging attempt 2
2026-07-02 00:56:31,737 INFO o.a.j.p.j.s.J.Full charging journey with SSE: [electrahub-jmeter][full][017] http POST /session/api/v1/sessions/start status=409 elapsedMs=73
2026-07-02 00:56:31,738 INFO o.a.j.p.j.s.J.Full charging journey with SSE: [electrahub-jmeter][full][017] start skipped EH-US-CHG-0018/CON-US-0018 HTTP 409; trying next connector
2026-07-02 00:56:32,409 INFO o.a.j.p.j.s.J.Full charging journey with SSE: [electrahub-jmeter][full][006] sse ok connected=1 snapshot=2 updates=25 receipts=0 heartbeats=0
2026-07-02 00:56:32,410 INFO o.a.j.p.j.s.J.Full charging journey with SSE: [electrahub-jmeter][full][006] holding session for 52s before stop
2026-07-02 00:56:32,739 INFO o.a.j.p.j.s.J.Full charging journey with SSE: [electrahub-jmeter][full][017] step=start charging attempt 3
2026-07-02 00:56:32,811 INFO o.a.j.p.j.s.J.Full charging journey with SSE: [electrahub-jmeter][full][017] http POST /session/api/v1/sessions/start status=409 elapsedMs=71
2026-07-02 00:56:32,812 INFO o.a.j.p.j.s.J.Full charging journey with SSE: [electrahub-jmeter][full][017] start skipped EH-US-CHG-0019/CON-US-0019 HTTP 409; trying next connector
2026-07-02 00:56:33,813 INFO o.a.j.p.j.s.J.Full charging journey with SSE: [electrahub-jmeter][full][017] step=start charging attempt 4
2026-07-02 00:56:33,895 INFO o.a.j.p.j.s.J.Full charging journey with SSE: [electrahub-jmeter][full][017] http POST /session/api/v1/sessions/start status=409 elapsedMs=80
2026-07-02 00:56:33,896 INFO o.a.j.p.j.s.J.Full charging journey with SSE: [electrahub-jmeter][full][017] start skipped EH-US-CHG-0020/CON-US-0020 HTTP 409; trying next connector
2026-07-02 00:56:34,897 INFO o.a.j.p.j.s.J.Full charging journey with SSE: [electrahub-jmeter][full][017] step=start charging attempt 5
2026-07-02 00:56:34,969 INFO o.a.j.p.j.s.J.Full charging journey with SSE: [electrahub-jmeter][full][017] http POST /session/api/v1/sessions/start status=409 elapsedMs=71
2026-07-02 00:56:34,970 INFO o.a.j.p.j.s.J.Full charging journey with SSE: [electrahub-jmeter][full][017] start skipped EH-US-CHG-0021/CON-US-0021 HTTP 409; trying next connector
2026-07-02 00:56:35,544 INFO o.a.j.t.JMeterThread: Thread started: 100 driver charging journeys 1-18
2026-07-02 00:56:35,549 INFO o.a.j.p.j.s.J.Full charging journey with SSE: [electrahub-jmeter][full][018] step=register
2026-07-02 00:56:35,749 INFO o.a.j.p.j.s.J.Full charging journey with SSE: [electrahub-jmeter][full][018] http POST /auth/api/auth/register status=200 elapsedMs=199
2026-07-02 00:56:35,750 INFO o.a.j.p.j.s.J.Full charging journey with SSE: [electrahub-jmeter][full][018] registered uid=ba314064-8853-4a1c-84e1-19b33e2e058d
2026-07-02 00:56:35,758 INFO o.a.j.p.j.s.J.Full charging journey with SSE: [electrahub-jmeter][full][018] step=payment state before setup
2026-07-02 00:56:35,824 INFO o.a.j.p.j.s.J.Full charging journey with SSE: [electrahub-jmeter][full][018] http GET /payment/api/v1/payment/state status=451 elapsedMs=66
2026-07-02 00:56:35,825 INFO o.a.j.p.j.s.J.Full charging journey with SSE: [electrahub-jmeter][full][018] step=accept terms
2026-07-02 00:56:35,894 INFO o.a.j.p.j.s.J.Full charging journey with SSE: [electrahub-jmeter][full][018] http POST /auth/api/terms/accept status=201 elapsedMs=68
2026-07-02 00:56:35,895 INFO o.a.j.p.j.s.J.Full charging journey with SSE: [electrahub-jmeter][full][018] accepted terms; refreshing token through login
2026-07-02 00:56:35,895 INFO o.a.j.p.j.s.J.Full charging journey with SSE: [electrahub-jmeter][full][018] step=login
2026-07-02 00:56:35,971 INFO o.a.j.p.j.s.J.Full charging journey with SSE: [electrahub-jmeter][full][017] step=start charging attempt 6
2026-07-02 00:56:36,128 INFO o.a.j.p.j.s.J.Full charging journey with SSE: [electrahub-jmeter][full][018] http POST /auth/api/auth/login status=200 elapsedMs=232
2026-07-02 00:56:36,129 INFO o.a.j.p.j.s.J.Full charging journey with SSE: [electrahub-jmeter][full][018] logged in uid=ba314064-8853-4a1c-84e1-19b33e2e058d
2026-07-02 00:56:36,129 INFO o.a.j.p.j.s.J.Full charging journey with SSE: [electrahub-jmeter][full][018] step=payment state after terms
2026-07-02 00:56:36,198 INFO o.a.j.p.j.s.J.Full charging journey with SSE: [electrahub-jmeter][full][018] http GET /payment/api/v1/payment/state status=200 elapsedMs=68
2026-07-02 00:56:36,199 INFO o.a.j.p.j.s.J.Full charging journey with SSE: [electrahub-jmeter][full][018] step=add card
2026-07-02 00:56:36,268 INFO o.a.j.p.j.s.J.Full charging journey with SSE: [electrahub-jmeter][full][018] http POST /payment/api/v1/payment/cards status=201 elapsedMs=68
2026-07-02 00:56:36,269 INFO o.a.j.p.j.s.J.Full charging journey with SSE: [electrahub-jmeter][full][018] step=wallet topup
2026-07-02 00:56:36,332 INFO o.a.j.p.j.s.J.Full charging journey with SSE: [electrahub-jmeter][full][018] http POST /payment/api/v1/payment/wallet/topups status=201 elapsedMs=61
2026-07-02 00:56:36,332 INFO o.a.j.p.j.s.J.Full charging journey with SSE: [electrahub-jmeter][full][018] step=payment state after setup
2026-07-02 00:56:36,392 INFO o.a.j.p.j.s.J.Full charging journey with SSE: [electrahub-jmeter][full][018] http GET /payment/api/v1/payment/state status=200 elapsedMs=59
2026-07-02 00:56:36,393 INFO o.a.j.p.j.s.J.Full charging journey with SSE: [electrahub-jmeter][full][018] payment ready wallet=120.00
2026-07-02 00:56:36,393 INFO o.a.j.p.j.s.J.Full charging journey with SSE: [electrahub-jmeter][full][018] step=charger graphql list
2026-07-02 00:56:36,455 INFO o.a.j.p.j.s.J.Full charging journey with SSE: [electrahub-jmeter][full][017] http POST /session/api/v1/sessions/start status=201 elapsedMs=439
2026-07-02 00:56:36,456 INFO o.a.j.p.j.s.J.Full charging journey with SSE: [electrahub-jmeter][full][017] started session=5dc80e9c-7f1d-4f37-87c9-99cc91996cf7 charger=EH-US-CHG-0022/CON-US-0022 status=PREPARING remote=Accepted attempt=6/10
2026-07-02 00:56:36,457 INFO o.a.j.p.j.s.J.Full charging journey with SSE: [electrahub-jmeter][full][017] step=active sessions
2026-07-02 00:56:36,540 INFO o.a.j.p.j.s.J.Full charging journey with SSE: [electrahub-jmeter][full][018] http POST /charger/graphql status=200 elapsedMs=146
2026-07-02 00:56:36,541 INFO o.a.j.p.j.s.J.Full charging journey with SSE: [electrahub-jmeter][full][018] dynamic connector selection found no available connector; using CSV connector
2026-07-02 00:56:36,542 INFO o.a.j.p.j.s.J.Full charging journey with SSE: [electrahub-jmeter][full][018] step=charger graphql view
2026-07-02 00:56:36,624 INFO o.a.j.p.j.s.J.Full charging journey with SSE: [electrahub-jmeter][full][018] http POST /charger/graphql status=200 elapsedMs=81
2026-07-02 00:56:36,625 INFO o.a.j.p.j.s.J.Full charging journey with SSE: [electrahub-jmeter][full][018] step=payment state before start
2026-07-02 00:56:36,683 INFO o.a.j.p.j.s.J.Full charging journey with SSE: [electrahub-jmeter][full][018] http GET /payment/api/v1/payment/state status=200 elapsedMs=58
2026-07-02 00:56:36,687 INFO o.a.j.p.j.s.J.Full charging journey with SSE: [electrahub-jmeter][full][018] using connector csv fallback attempts=10 startIndex=18/100
2026-07-02 00:56:36,687 INFO o.a.j.p.j.s.J.Full charging journey with SSE: [electrahub-jmeter][full][018] step=start charging attempt 1
2026-07-02 00:56:36,758 INFO o.a.j.p.j.s.J.Full charging journey with SSE: [electrahub-jmeter][full][018] http POST /session/api/v1/sessions/start status=409 elapsedMs=70
2026-07-02 00:56:36,760 INFO o.a.j.p.j.s.J.Full charging journey with SSE: [electrahub-jmeter][full][018] start skipped EH-US-CHG-0018/CON-US-0018 HTTP 409; trying next connector
2026-07-02 00:56:37,457 INFO o.a.j.p.j.s.J.Full charging journey with SSE: [electrahub-jmeter][full][017] http GET /session/api/v1/sessions/active status=200 elapsedMs=998
2026-07-02 00:56:37,761 INFO o.a.j.p.j.s.J.Full charging journey with SSE: [electrahub-jmeter][full][018] step=start charging attempt 2
2026-07-02 00:56:37,835 INFO o.a.j.p.j.s.J.Full charging journey with SSE: [electrahub-jmeter][full][018] http POST /session/api/v1/sessions/start status=409 elapsedMs=73
2026-07-02 00:56:37,836 INFO o.a.j.p.j.s.J.Full charging journey with SSE: [electrahub-jmeter][full][018] start skipped EH-US-CHG-0019/CON-US-0019 HTTP 409; trying next connector
2026-07-02 00:56:38,837 INFO o.a.j.p.j.s.J.Full charging journey with SSE: [electrahub-jmeter][full][018] step=start charging attempt 3
2026-07-02 00:56:38,913 INFO o.a.j.p.j.s.J.Full charging journey with SSE: [electrahub-jmeter][full][018] http POST /session/api/v1/sessions/start status=409 elapsedMs=75
2026-07-02 00:56:38,914 INFO o.a.j.p.j.s.J.Full charging journey with SSE: [electrahub-jmeter][full][018] start skipped EH-US-CHG-0020/CON-US-0020 HTTP 409; trying next connector
2026-07-02 00:56:39,474 INFO o.a.j.p.j.s.J.Full charging journey with SSE: [electrahub-jmeter][full][007] sse ok connected=1 snapshot=2 updates=23 receipts=0 heartbeats=0
2026-07-02 00:56:39,475 INFO o.a.j.p.j.s.J.Full charging journey with SSE: [electrahub-jmeter][full][007] holding session for 51s before stop
2026-07-02 00:56:39,915 INFO o.a.j.p.j.s.J.Full charging journey with SSE: [electrahub-jmeter][full][018] step=start charging attempt 4
2026-07-02 00:56:39,994 INFO o.a.j.p.j.s.J.Full charging journey with SSE: [electrahub-jmeter][full][018] http POST /session/api/v1/sessions/start status=409 elapsedMs=78
2026-07-02 00:56:39,994 INFO o.a.j.p.j.s.J.Full charging journey with SSE: [electrahub-jmeter][full][018] start skipped EH-US-CHG-0021/CON-US-0021 HTTP 409; trying next connector
2026-07-02 00:56:40,995 INFO o.a.j.p.j.s.J.Full charging journey with SSE: [electrahub-jmeter][full][018] step=start charging attempt 5
2026-07-02 00:56:41,070 INFO o.a.j.p.j.s.J.Full charging journey with SSE: [electrahub-jmeter][full][018] http POST /session/api/v1/sessions/start status=409 elapsedMs=73
2026-07-02 00:56:41,072 INFO o.a.j.p.j.s.J.Full charging journey with SSE: [electrahub-jmeter][full][018] start skipped EH-US-CHG-0022/CON-US-0022 HTTP 409; trying next connector
2026-07-02 00:56:41,543 INFO o.a.j.t.JMeterThread: Thread started: 100 driver charging journeys 1-19
2026-07-02 00:56:41,550 INFO o.a.j.p.j.s.J.Full charging journey with SSE: [electrahub-jmeter][full][019] step=register
2026-07-02 00:56:41,756 INFO o.a.j.p.j.s.J.Full charging journey with SSE: [electrahub-jmeter][full][019] http POST /auth/api/auth/register status=200 elapsedMs=205
2026-07-02 00:56:41,758 INFO o.a.j.p.j.s.J.Full charging journey with SSE: [electrahub-jmeter][full][019] registered uid=347a00c0-2c97-4a38-951e-01ef34a9c019
2026-07-02 00:56:41,764 INFO o.a.j.p.j.s.J.Full charging journey with SSE: [electrahub-jmeter][full][019] step=payment state before setup
2026-07-02 00:56:41,824 INFO o.a.j.p.j.s.J.Full charging journey with SSE: [electrahub-jmeter][full][019] http GET /payment/api/v1/payment/state status=451 elapsedMs=59
2026-07-02 00:56:41,825 INFO o.a.j.p.j.s.J.Full charging journey with SSE: [electrahub-jmeter][full][019] step=accept terms
2026-07-02 00:56:41,887 INFO o.a.j.p.j.s.J.Full charging journey with SSE: [electrahub-jmeter][full][019] http POST /auth/api/terms/accept status=201 elapsedMs=61
2026-07-02 00:56:41,888 INFO o.a.j.p.j.s.J.Full charging journey with SSE: [electrahub-jmeter][full][019] accepted terms; refreshing token through login
2026-07-02 00:56:41,889 INFO o.a.j.p.j.s.J.Full charging journey with SSE: [electrahub-jmeter][full][019] step=login
2026-07-02 00:56:42,053 INFO o.a.j.p.j.s.J.Full charging journey with SSE: [electrahub-jmeter][full][019] http POST /auth/api/auth/login status=200 elapsedMs=162
2026-07-02 00:56:42,054 INFO o.a.j.p.j.s.J.Full charging journey with SSE: [electrahub-jmeter][full][019] logged in uid=347a00c0-2c97-4a38-951e-01ef34a9c019
2026-07-02 00:56:42,055 INFO o.a.j.p.j.s.J.Full charging journey with SSE: [electrahub-jmeter][full][019] step=payment state after terms
2026-07-02 00:56:42,073 INFO o.a.j.p.j.s.J.Full charging journey with SSE: [electrahub-jmeter][full][018] step=start charging attempt 6
2026-07-02 00:56:42,133 INFO o.a.j.p.j.s.J.Full charging journey with SSE: [electrahub-jmeter][full][019] http GET /payment/api/v1/payment/state status=200 elapsedMs=78
2026-07-02 00:56:42,134 INFO o.a.j.p.j.s.J.Full charging journey with SSE: [electrahub-jmeter][full][019] step=add card
2026-07-02 00:56:42,197 INFO o.a.j.p.j.s.J.Full charging journey with SSE: [electrahub-jmeter][full][018] http POST /session/api/v1/sessions/start status=409 elapsedMs=82
2026-07-02 00:56:42,198 INFO o.a.j.p.j.s.J.Full charging journey with SSE: [electrahub-jmeter][full][018] start skipped EH-US-CHG-0023/CON-US-0023 HTTP 409; trying next connector
2026-07-02 00:56:42,200 INFO o.a.j.p.j.s.J.Full charging journey with SSE: [electrahub-jmeter][full][019] http POST /payment/api/v1/payment/cards status=201 elapsedMs=65
2026-07-02 00:56:42,200 INFO o.a.j.p.j.s.J.Full charging journey with SSE: [electrahub-jmeter][full][019] step=wallet topup
2026-07-02 00:56:42,271 INFO o.a.j.p.j.s.J.Full charging journey with SSE: [electrahub-jmeter][full][019] http POST /payment/api/v1/payment/wallet/topups status=201 elapsedMs=70
2026-07-02 00:56:42,272 INFO o.a.j.p.j.s.J.Full charging journey with SSE: [electrahub-jmeter][full][019] step=payment state after setup
2026-07-02 00:56:42,335 INFO o.a.j.p.j.s.J.Full charging journey with SSE: [electrahub-jmeter][full][019] http GET /payment/api/v1/payment/state status=200 elapsedMs=62
2026-07-02 00:56:42,336 INFO o.a.j.p.j.s.J.Full charging journey with SSE: [electrahub-jmeter][full][019] payment ready wallet=120.00
2026-07-02 00:56:42,336 INFO o.a.j.p.j.s.J.Full charging journey with SSE: [electrahub-jmeter][full][019] step=charger graphql list
2026-07-02 00:56:42,439 INFO o.a.j.p.j.s.J.Full charging journey with SSE: [electrahub-jmeter][full][019] http POST /charger/graphql status=200 elapsedMs=102
2026-07-02 00:56:42,444 INFO o.a.j.p.j.s.J.Full charging journey with SSE: [electrahub-jmeter][full][019] dynamic connector selection found no available connector; using CSV connector
2026-07-02 00:56:42,445 INFO o.a.j.p.j.s.J.Full charging journey with SSE: [electrahub-jmeter][full][019] step=charger graphql view
2026-07-02 00:56:42,522 INFO o.a.j.p.j.s.J.Full charging journey with SSE: [electrahub-jmeter][full][019] http POST /charger/graphql status=200 elapsedMs=76
2026-07-02 00:56:42,523 INFO o.a.j.p.j.s.J.Full charging journey with SSE: [electrahub-jmeter][full][019] step=payment state before start
2026-07-02 00:56:42,582 INFO o.a.j.p.j.s.J.Full charging journey with SSE: [electrahub-jmeter][full][019] http GET /payment/api/v1/payment/state status=200 elapsedMs=58
2026-07-02 00:56:42,585 INFO o.a.j.p.j.s.J.Full charging journey with SSE: [electrahub-jmeter][full][019] using connector csv fallback attempts=10 startIndex=19/100
2026-07-02 00:56:42,586 INFO o.a.j.p.j.s.J.Full charging journey with SSE: [electrahub-jmeter][full][019] step=start charging attempt 1
2026-07-02 00:56:42,658 INFO o.a.j.p.j.s.J.Full charging journey with SSE: [electrahub-jmeter][full][019] http POST /session/api/v1/sessions/start status=409 elapsedMs=71
2026-07-02 00:56:42,659 INFO o.a.j.p.j.s.J.Full charging journey with SSE: [electrahub-jmeter][full][019] start skipped EH-US-CHG-0019/CON-US-0019 HTTP 409; trying next connector
2026-07-02 00:56:43,199 INFO o.a.j.p.j.s.J.Full charging journey with SSE: [electrahub-jmeter][full][018] step=start charging attempt 7
2026-07-02 00:56:43,272 INFO o.a.j.p.j.s.J.Full charging journey with SSE: [electrahub-jmeter][full][018] http POST /session/api/v1/sessions/start status=409 elapsedMs=72
2026-07-02 00:56:43,273 INFO o.a.j.p.j.s.J.Full charging journey with SSE: [electrahub-jmeter][full][018] start skipped EH-US-CHG-0024/CON-US-0024 HTTP 409; trying next connector
2026-07-02 00:56:43,660 INFO o.a.j.p.j.s.J.Full charging journey with SSE: [electrahub-jmeter][full][019] step=start charging attempt 2
2026-07-02 00:56:43,749 INFO o.a.j.p.j.s.J.Full charging journey with SSE: [electrahub-jmeter][full][019] http POST /session/api/v1/sessions/start status=409 elapsedMs=87
2026-07-02 00:56:43,750 INFO o.a.j.p.j.s.J.Full charging journey with SSE: [electrahub-jmeter][full][019] start skipped EH-US-CHG-0020/CON-US-0020 HTTP 409; trying next connector
2026-07-02 00:56:44,274 INFO o.a.j.p.j.s.J.Full charging journey with SSE: [electrahub-jmeter][full][018] step=start charging attempt 8
2026-07-02 00:56:44,519 INFO o.a.j.p.j.s.J.Full charging journey with SSE: [electrahub-jmeter][full][018] http POST /session/api/v1/sessions/start status=201 elapsedMs=244
2026-07-02 00:56:44,520 INFO o.a.j.p.j.s.J.Full charging journey with SSE: [electrahub-jmeter][full][018] started session=7d43fed7-4359-4051-a521-25c7e6a65b89 charger=EH-US-CHG-0025/CON-US-0025 status=PREPARING remote=Accepted attempt=8/10
2026-07-02 00:56:44,521 INFO o.a.j.p.j.s.J.Full charging journey with SSE: [electrahub-jmeter][full][018] step=active sessions
2026-07-02 00:56:44,752 INFO o.a.j.p.j.s.J.Full charging journey with SSE: [electrahub-jmeter][full][019] step=start charging attempt 3
2026-07-02 00:56:44,830 INFO o.a.j.p.j.s.J.Full charging journey with SSE: [electrahub-jmeter][full][019] http POST /session/api/v1/sessions/start status=409 elapsedMs=77
2026-07-02 00:56:44,831 INFO o.a.j.p.j.s.J.Full charging journey with SSE: [electrahub-jmeter][full][019] start skipped EH-US-CHG-0021/CON-US-0021 HTTP 409; trying next connector
2026-07-02 00:56:48,020 INFO o.a.j.p.j.s.J.Full charging journey with SSE: [electrahub-jmeter][full][018] http GET /session/api/v1/sessions/active status=200 elapsedMs=3498
2026-07-02 00:56:48,025 INFO o.a.j.p.j.s.J.Full charging journey with SSE: [electrahub-jmeter][full][008] sse ok connected=1 snapshot=2 updates=25 receipts=0 heartbeats=0
2026-07-02 00:56:48,026 INFO o.a.j.p.j.s.J.Full charging journey with SSE: [electrahub-jmeter][full][008] holding session for 48s before stop
2026-07-02 00:56:48,281 INFO o.a.j.t.JMeterThread: Thread started: 100 driver charging journeys 1-20
2026-07-02 00:56:48,288 INFO o.a.j.p.j.s.J.Full charging journey with SSE: [electrahub-jmeter][full][020] step=register
2026-07-02 00:56:48,326 INFO o.a.j.p.j.s.J.Full charging journey with SSE: [electrahub-jmeter][full][019] step=start charging attempt 4
2026-07-02 00:56:48,461 INFO o.a.j.p.j.s.J.Full charging journey with SSE: [electrahub-jmeter][full][019] http POST /session/api/v1/sessions/start status=409 elapsedMs=86
2026-07-02 00:56:48,462 INFO o.a.j.p.j.s.J.Full charging journey with SSE: [electrahub-jmeter][full][019] start skipped EH-US-CHG-0022/CON-US-0022 HTTP 409; trying next connector
2026-07-02 00:56:48,471 INFO o.a.j.p.j.s.J.Full charging journey with SSE: [electrahub-jmeter][full][020] http POST /auth/api/auth/register status=200 elapsedMs=182
2026-07-02 00:56:48,472 INFO o.a.j.p.j.s.J.Full charging journey with SSE: [electrahub-jmeter][full][020] registered uid=5cc90e2a-f38d-46ef-9de7-b6ecf4475c62
2026-07-02 00:56:48,478 INFO o.a.j.p.j.s.J.Full charging journey with SSE: [electrahub-jmeter][full][020] step=payment state before setup
2026-07-02 00:56:48,534 INFO o.a.j.p.j.s.J.Full charging journey with SSE: [electrahub-jmeter][full][020] http GET /payment/api/v1/payment/state status=451 elapsedMs=55
2026-07-02 00:56:48,535 INFO o.a.j.p.j.s.J.Full charging journey with SSE: [electrahub-jmeter][full][020] step=accept terms
2026-07-02 00:56:48,596 INFO o.a.j.p.j.s.J.Full charging journey with SSE: [electrahub-jmeter][full][020] http POST /auth/api/terms/accept status=201 elapsedMs=60
2026-07-02 00:56:48,597 INFO o.a.j.p.j.s.J.Full charging journey with SSE: [electrahub-jmeter][full][020] accepted terms; refreshing token through login
2026-07-02 00:56:48,598 INFO o.a.j.p.j.s.J.Full charging journey with SSE: [electrahub-jmeter][full][020] step=login
2026-07-02 00:56:48,758 INFO o.a.j.p.j.s.J.Full charging journey with SSE: [electrahub-jmeter][full][020] http POST /auth/api/auth/login status=200 elapsedMs=159
2026-07-02 00:56:48,759 INFO o.a.j.p.j.s.J.Full charging journey with SSE: [electrahub-jmeter][full][020] logged in uid=5cc90e2a-f38d-46ef-9de7-b6ecf4475c62
2026-07-02 00:56:48,759 INFO o.a.j.p.j.s.J.Full charging journey with SSE: [electrahub-jmeter][full][020] step=payment state after terms
2026-07-02 00:56:48,825 INFO o.a.j.p.j.s.J.Full charging journey with SSE: [electrahub-jmeter][full][020] http GET /payment/api/v1/payment/state status=200 elapsedMs=65
2026-07-02 00:56:48,826 INFO o.a.j.p.j.s.J.Full charging journey with SSE: [electrahub-jmeter][full][020] step=add card
2026-07-02 00:56:48,892 INFO o.a.j.p.j.s.J.Full charging journey with SSE: [electrahub-jmeter][full][020] http POST /payment/api/v1/payment/cards status=201 elapsedMs=65
2026-07-02 00:56:48,893 INFO o.a.j.p.j.s.J.Full charging journey with SSE: [electrahub-jmeter][full][020] step=wallet topup
2026-07-02 00:56:48,953 INFO o.a.j.p.j.s.J.Full charging journey with SSE: [electrahub-jmeter][full][020] http POST /payment/api/v1/payment/wallet/topups status=201 elapsedMs=59
2026-07-02 00:56:48,954 INFO o.a.j.p.j.s.J.Full charging journey with SSE: [electrahub-jmeter][full][020] step=payment state after setup
2026-07-02 00:56:49,018 INFO o.a.j.p.j.s.J.Full charging journey with SSE: [electrahub-jmeter][full][020] http GET /payment/api/v1/payment/state status=200 elapsedMs=63
2026-07-02 00:56:49,019 INFO o.a.j.p.j.s.J.Full charging journey with SSE: [electrahub-jmeter][full][020] payment ready wallet=120.00
2026-07-02 00:56:49,020 INFO o.a.j.p.j.s.J.Full charging journey with SSE: [electrahub-jmeter][full][020] step=charger graphql list
2026-07-02 00:56:49,117 INFO o.a.j.p.j.s.J.Full charging journey with SSE: [electrahub-jmeter][full][020] http POST /charger/graphql status=200 elapsedMs=96
2026-07-02 00:56:49,121 INFO o.a.j.p.j.s.J.Full charging journey with SSE: [electrahub-jmeter][full][020] dynamic connector selection found no available connector; using CSV connector
2026-07-02 00:56:49,122 INFO o.a.j.p.j.s.J.Full charging journey with SSE: [electrahub-jmeter][full][020] step=charger graphql view
2026-07-02 00:56:49,200 INFO o.a.j.p.j.s.J.Full charging journey with SSE: [electrahub-jmeter][full][020] http POST /charger/graphql status=200 elapsedMs=77
2026-07-02 00:56:49,201 INFO o.a.j.p.j.s.J.Full charging journey with SSE: [electrahub-jmeter][full][020] step=payment state before start
2026-07-02 00:56:49,267 INFO o.a.j.p.j.s.J.Full charging journey with SSE: [electrahub-jmeter][full][020] http GET /payment/api/v1/payment/state status=200 elapsedMs=66
2026-07-02 00:56:49,270 INFO o.a.j.p.j.s.J.Full charging journey with SSE: [electrahub-jmeter][full][020] using connector csv fallback attempts=10 startIndex=20/100
2026-07-02 00:56:49,271 INFO o.a.j.p.j.s.J.Full charging journey with SSE: [electrahub-jmeter][full][020] step=start charging attempt 1
2026-07-02 00:56:49,346 INFO o.a.j.p.j.s.J.Full charging journey with SSE: [electrahub-jmeter][full][020] http POST /session/api/v1/sessions/start status=409 elapsedMs=74
2026-07-02 00:56:49,347 INFO o.a.j.p.j.s.J.Full charging journey with SSE: [electrahub-jmeter][full][020] start skipped EH-US-CHG-0020/CON-US-0020 HTTP 409; trying next connector
2026-07-02 00:56:49,463 INFO o.a.j.p.j.s.J.Full charging journey with SSE: [electrahub-jmeter][full][019] step=start charging attempt 5
2026-07-02 00:56:49,537 INFO o.a.j.p.j.s.J.Full charging journey with SSE: [electrahub-jmeter][full][019] http POST /session/api/v1/sessions/start status=409 elapsedMs=73
2026-07-02 00:56:49,537 INFO o.a.j.p.j.s.J.Full charging journey with SSE: [electrahub-jmeter][full][019] start skipped EH-US-CHG-0023/CON-US-0023 HTTP 409; trying next connector
2026-07-02 00:56:50,348 INFO o.a.j.p.j.s.J.Full charging journey with SSE: [electrahub-jmeter][full][020] step=start charging attempt 2
2026-07-02 00:56:50,423 INFO o.a.j.p.j.s.J.Full charging journey with SSE: [electrahub-jmeter][full][020] http POST /session/api/v1/sessions/start status=409 elapsedMs=74
2026-07-02 00:56:50,424 INFO o.a.j.p.j.s.J.Full charging journey with SSE: [electrahub-jmeter][full][020] start skipped EH-US-CHG-0021/CON-US-0021 HTTP 409; trying next connector
2026-07-02 00:56:50,538 INFO o.a.j.p.j.s.J.Full charging journey with SSE: [electrahub-jmeter][full][019] step=start charging attempt 6
2026-07-02 00:56:50,613 INFO o.a.j.p.j.s.J.Full charging journey with SSE: [electrahub-jmeter][full][019] http POST /session/api/v1/sessions/start status=409 elapsedMs=74
2026-07-02 00:56:50,614 INFO o.a.j.p.j.s.J.Full charging journey with SSE: [electrahub-jmeter][full][019] start skipped EH-US-CHG-0024/CON-US-0024 HTTP 409; trying next connector
2026-07-02 00:56:51,425 INFO o.a.j.p.j.s.J.Full charging journey with SSE: [electrahub-jmeter][full][020] step=start charging attempt 3
2026-07-02 00:56:51,498 INFO o.a.j.p.j.s.J.Full charging journey with SSE: [electrahub-jmeter][full][020] http POST /session/api/v1/sessions/start status=409 elapsedMs=72
2026-07-02 00:56:51,499 INFO o.a.j.p.j.s.J.Full charging journey with SSE: [electrahub-jmeter][full][020] start skipped EH-US-CHG-0022/CON-US-0022 HTTP 409; trying next connector
2026-07-02 00:56:51,615 INFO o.a.j.p.j.s.J.Full charging journey with SSE: [electrahub-jmeter][full][019] step=start charging attempt 7
2026-07-02 00:56:51,685 INFO o.a.j.p.j.s.J.Full charging journey with SSE: [electrahub-jmeter][full][019] http POST /session/api/v1/sessions/start status=409 elapsedMs=69
2026-07-02 00:56:51,685 INFO o.a.j.p.j.s.J.Full charging journey with SSE: [electrahub-jmeter][full][019] start skipped EH-US-CHG-0025/CON-US-0025 HTTP 409; trying next connector
2026-07-02 00:56:52,500 INFO o.a.j.p.j.s.J.Full charging journey with SSE: [electrahub-jmeter][full][020] step=start charging attempt 4
2026-07-02 00:56:52,571 INFO o.a.j.p.j.s.J.Full charging journey with SSE: [electrahub-jmeter][full][020] http POST /session/api/v1/sessions/start status=409 elapsedMs=70
2026-07-02 00:56:52,572 INFO o.a.j.p.j.s.J.Full charging journey with SSE: [electrahub-jmeter][full][020] start skipped EH-US-CHG-0023/CON-US-0023 HTTP 409; trying next connector
2026-07-02 00:56:52,686 INFO o.a.j.p.j.s.J.Full charging journey with SSE: [electrahub-jmeter][full][019] step=start charging attempt 8
2026-07-02 00:56:52,758 INFO o.a.j.p.j.s.J.Full charging journey with SSE: [electrahub-jmeter][full][019] http POST /session/api/v1/sessions/start status=409 elapsedMs=70
2026-07-02 00:56:52,758 INFO o.a.j.p.j.s.J.Full charging journey with SSE: [electrahub-jmeter][full][019] start skipped EH-US-CHG-0026/CON-US-0026 HTTP 409; trying next connector
2026-07-02 00:56:53,543 INFO o.a.j.t.JMeterThread: Thread started: 100 driver charging journeys 1-21
2026-07-02 00:56:53,549 INFO o.a.j.p.j.s.J.Full charging journey with SSE: [electrahub-jmeter][full][021] step=register
2026-07-02 00:56:53,573 INFO o.a.j.p.j.s.J.Full charging journey with SSE: [electrahub-jmeter][full][020] step=start charging attempt 5
2026-07-02 00:56:53,706 INFO o.a.j.p.j.s.J.Full charging journey with SSE: [electrahub-jmeter][full][020] http POST /session/api/v1/sessions/start status=409 elapsedMs=78
2026-07-02 00:56:53,707 INFO o.a.j.p.j.s.J.Full charging journey with SSE: [electrahub-jmeter][full][020] start skipped EH-US-CHG-0024/CON-US-0024 HTTP 409; trying next connector
2026-07-02 00:56:53,729 INFO o.a.j.p.j.s.J.Full charging journey with SSE: [electrahub-jmeter][full][021] http POST /auth/api/auth/register status=200 elapsedMs=179
2026-07-02 00:56:53,730 INFO o.a.j.p.j.s.J.Full charging journey with SSE: [electrahub-jmeter][full][021] registered uid=a28007cf-45cc-47d6-9a02-8c8a001b29d0
2026-07-02 00:56:53,740 INFO o.a.j.p.j.s.J.Full charging journey with SSE: [electrahub-jmeter][full][021] step=payment state before setup
2026-07-02 00:56:53,760 INFO o.a.j.p.j.s.J.Full charging journey with SSE: [electrahub-jmeter][full][019] step=start charging attempt 9
2026-07-02 00:56:53,798 INFO o.a.j.p.j.s.J.Full charging journey with SSE: [electrahub-jmeter][full][021] http GET /payment/api/v1/payment/state status=451 elapsedMs=57
2026-07-02 00:56:53,800 INFO o.a.j.p.j.s.J.Full charging journey with SSE: [electrahub-jmeter][full][021] step=accept terms
2026-07-02 00:56:53,855 INFO o.a.j.p.j.s.J.Full charging journey with SSE: [electrahub-jmeter][full][019] http POST /session/api/v1/sessions/start status=409 elapsedMs=94
2026-07-02 00:56:53,855 INFO o.a.j.p.j.s.J.Full charging journey with SSE: [electrahub-jmeter][full][019] start skipped EH-US-CHG-0027/CON-US-0027 HTTP 409; trying next connector
2026-07-02 00:56:53,875 INFO o.a.j.p.j.s.J.Full charging journey with SSE: [electrahub-jmeter][full][021] http POST /auth/api/terms/accept status=201 elapsedMs=74
2026-07-02 00:56:53,876 INFO o.a.j.p.j.s.J.Full charging journey with SSE: [electrahub-jmeter][full][021] accepted terms; refreshing token through login
2026-07-02 00:56:53,876 INFO o.a.j.p.j.s.J.Full charging journey with SSE: [electrahub-jmeter][full][021] step=login
2026-07-02 00:56:54,037 INFO o.a.j.p.j.s.J.Full charging journey with SSE: [electrahub-jmeter][full][021] http POST /auth/api/auth/login status=200 elapsedMs=160
2026-07-02 00:56:54,038 INFO o.a.j.p.j.s.J.Full charging journey with SSE: [electrahub-jmeter][full][021] logged in uid=a28007cf-45cc-47d6-9a02-8c8a001b29d0
2026-07-02 00:56:54,038 INFO o.a.j.p.j.s.J.Full charging journey with SSE: [electrahub-jmeter][full][021] step=payment state after terms
2026-07-02 00:56:54,084 INFO o.a.j.p.j.s.J.Full charging journey with SSE: [electrahub-jmeter][full][009] sse ok connected=1 snapshot=2 updates=25 receipts=0 heartbeats=0
2026-07-02 00:56:54,085 INFO o.a.j.p.j.s.J.Full charging journey with SSE: [electrahub-jmeter][full][009] holding session for 48s before stop
2026-07-02 00:56:54,107 INFO o.a.j.p.j.s.J.Full charging journey with SSE: [electrahub-jmeter][full][021] http GET /payment/api/v1/payment/state status=200 elapsedMs=68
2026-07-02 00:56:54,108 INFO o.a.j.p.j.s.J.Full charging journey with SSE: [electrahub-jmeter][full][021] step=add card
2026-07-02 00:56:54,174 INFO o.a.j.p.j.s.J.Full charging journey with SSE: [electrahub-jmeter][full][021] http POST /payment/api/v1/payment/cards status=201 elapsedMs=65
2026-07-02 00:56:54,175 INFO o.a.j.p.j.s.J.Full charging journey with SSE: [electrahub-jmeter][full][021] step=wallet topup
2026-07-02 00:56:54,241 INFO o.a.j.p.j.s.J.Full charging journey with SSE: [electrahub-jmeter][full][021] http POST /payment/api/v1/payment/wallet/topups status=201 elapsedMs=65
2026-07-02 00:56:54,242 INFO o.a.j.p.j.s.J.Full charging journey with SSE: [electrahub-jmeter][full][021] step=payment state after setup
2026-07-02 00:56:54,304 INFO o.a.j.p.j.s.J.Full charging journey with SSE: [electrahub-jmeter][full][021] http GET /payment/api/v1/payment/state status=200 elapsedMs=61
2026-07-02 00:56:54,305 INFO o.a.j.p.j.s.J.Full charging journey with SSE: [electrahub-jmeter][full][021] payment ready wallet=120.00
2026-07-02 00:56:54,305 INFO o.a.j.p.j.s.J.Full charging journey with SSE: [electrahub-jmeter][full][021] step=charger graphql list
2026-07-02 00:56:54,412 INFO o.a.j.p.j.s.J.Full charging journey with SSE: [electrahub-jmeter][full][021] http POST /charger/graphql status=200 elapsedMs=106
2026-07-02 00:56:54,414 INFO o.a.j.p.j.s.J.Full charging journey with SSE: [electrahub-jmeter][full][021] dynamic connector selection found no available connector; using CSV connector
2026-07-02 00:56:54,415 INFO o.a.j.p.j.s.J.Full charging journey with SSE: [electrahub-jmeter][full][021] step=charger graphql view
2026-07-02 00:56:54,490 INFO o.a.j.p.j.s.J.Full charging journey with SSE: [electrahub-jmeter][full][021] http POST /charger/graphql status=200 elapsedMs=74
2026-07-02 00:56:54,491 INFO o.a.j.p.j.s.J.Full charging journey with SSE: [electrahub-jmeter][full][021] step=payment state before start
2026-07-02 00:56:54,548 INFO o.a.j.p.j.s.J.Full charging journey with SSE: [electrahub-jmeter][full][021] http GET /payment/api/v1/payment/state status=200 elapsedMs=57
2026-07-02 00:56:54,554 INFO o.a.j.p.j.s.J.Full charging journey with SSE: [electrahub-jmeter][full][021] using connector csv fallback attempts=10 startIndex=21/100
2026-07-02 00:56:54,554 INFO o.a.j.p.j.s.J.Full charging journey with SSE: [electrahub-jmeter][full][021] step=start charging attempt 1
2026-07-02 00:56:54,630 INFO o.a.j.p.j.s.J.Full charging journey with SSE: [electrahub-jmeter][full][021] http POST /session/api/v1/sessions/start status=409 elapsedMs=75
2026-07-02 00:56:54,631 INFO o.a.j.p.j.s.J.Full charging journey with SSE: [electrahub-jmeter][full][021] start skipped EH-US-CHG-0021/CON-US-0021 HTTP 409; trying next connector
2026-07-02 00:56:54,708 INFO o.a.j.p.j.s.J.Full charging journey with SSE: [electrahub-jmeter][full][020] step=start charging attempt 6
2026-07-02 00:56:54,777 INFO o.a.j.p.j.s.J.Full charging journey with SSE: [electrahub-jmeter][full][020] http POST /session/api/v1/sessions/start status=409 elapsedMs=68
2026-07-02 00:56:54,778 INFO o.a.j.p.j.s.J.Full charging journey with SSE: [electrahub-jmeter][full][020] start skipped EH-US-CHG-0025/CON-US-0025 HTTP 409; trying next connector
2026-07-02 00:56:54,857 INFO o.a.j.p.j.s.J.Full charging journey with SSE: [electrahub-jmeter][full][019] step=start charging attempt 10
2026-07-02 00:56:54,930 INFO o.a.j.p.j.s.J.Full charging journey with SSE: [electrahub-jmeter][full][019] http POST /session/api/v1/sessions/start status=409 elapsedMs=72
2026-07-02 00:56:54,936 ERROR o.a.j.p.j.s.J.Full charging journey with SSE: [electrahub-jmeter][full][019] failed
java.lang.IllegalStateException: start charging session failed with HTTP 409: {"timestamp":"2026-07-02T00:56:54.903569254Z","status":409,"error":"Conflict","message":"Connector is not available for charging.","path":"/api/v1/sessions/start"}
	at java.base/jdk.internal.reflect.NativeConstructorAccessorImpl.newInstance0(Native Method) ~[?:?]
	at java.base/jdk.internal.reflect.NativeConstructorAccessorImpl.newInstance(Unknown Source) ~[?:?]
	at java.base/jdk.internal.reflect.DelegatingConstructorAccessorImpl.newInstance(Unknown Source) ~[?:?]
	at java.base/java.lang.reflect.Constructor.newInstanceWithCaller(Unknown Source) ~[?:?]
	at java.base/java.lang.reflect.Constructor.newInstance(Unknown Source) ~[?:?]
	at org.codehaus.groovy.reflection.CachedConstructor.invoke(CachedConstructor.java:72) ~[groovy-3.0.20.jar:3.0.20]
	at org.codehaus.groovy.reflection.CachedConstructor.doConstructorInvoke(CachedConstructor.java:59) ~[groovy-3.0.20.jar:3.0.20]
	at org.codehaus.groovy.runtime.callsite.ConstructorSite$ConstructorSiteNoUnwrap.callConstructor(ConstructorSite.java:84) ~[groovy-3.0.20.jar:3.0.20]
	at org.codehaus.groovy.runtime.callsite.CallSiteArray.defaultCallConstructor(CallSiteArray.java:59) ~[groovy-3.0.20.jar:3.0.20]
	at org.codehaus.groovy.runtime.callsite.AbstractCallSite.callConstructor(AbstractCallSite.java:263) ~[groovy-3.0.20.jar:3.0.20]
	at org.codehaus.groovy.runtime.callsite.AbstractCallSite.callConstructor(AbstractCallSite.java:277) ~[groovy-3.0.20.jar:3.0.20]
	at Script1$_run_closure8.doCall(Script1.groovy:145) ~[?:?]
	at jdk.internal.reflect.GeneratedMethodAccessor26.invoke(Unknown Source) ~[?:?]
	at java.base/jdk.internal.reflect.DelegatingMethodAccessorImpl.invoke(Unknown Source) ~[?:?]
	at java.base/java.lang.reflect.Method.invoke(Unknown Source) ~[?:?]
	at org.codehaus.groovy.reflection.CachedMethod.invoke(CachedMethod.java:107) ~[groovy-3.0.20.jar:3.0.20]
	at groovy.lang.MetaMethod.doMethodInvoke(MetaMethod.java:323) ~[groovy-3.0.20.jar:3.0.20]
	at org.codehaus.groovy.runtime.metaclass.ClosureMetaClass.invokeMethod(ClosureMetaClass.java:274) ~[groovy-3.0.20.jar:3.0.20]
	at groovy.lang.MetaClassImpl.invokeMethod(MetaClassImpl.java:1030) ~[groovy-3.0.20.jar:3.0.20]
	at org.codehaus.groovy.runtime.callsite.PogoMetaClassSite.call(PogoMetaClassSite.java:38) ~[groovy-3.0.20.jar:3.0.20]
	at org.codehaus.groovy.runtime.callsite.CallSiteArray.defaultCall(CallSiteArray.java:47) [groovy-3.0.20.jar:3.0.20]
	at org.codehaus.groovy.runtime.callsite.AbstractCallSite.call(AbstractCallSite.java:125) ~[groovy-3.0.20.jar:3.0.20]
	at org.codehaus.groovy.runtime.callsite.AbstractCallSite.call(AbstractCallSite.java:157) [groovy-3.0.20.jar:3.0.20]
	at Script1$_run_closure15.doCall(Script1.groovy:423) ~[?:?]
	at jdk.internal.reflect.GeneratedMethodAccessor67.invoke(Unknown Source) ~[?:?]
	at java.base/jdk.internal.reflect.DelegatingMethodAccessorImpl.invoke(Unknown Source) ~[?:?]
	at java.base/java.lang.reflect.Method.invoke(Unknown Source) ~[?:?]
	at org.codehaus.groovy.reflection.CachedMethod.invoke(CachedMethod.java:107) ~[groovy-3.0.20.jar:3.0.20]
	at groovy.lang.MetaMethod.doMethodInvoke(MetaMethod.java:323) ~[groovy-3.0.20.jar:3.0.20]
	at org.codehaus.groovy.runtime.metaclass.ClosureMetaClass.invokeMethod(ClosureMetaClass.java:274) ~[groovy-3.0.20.jar:3.0.20]
	at groovy.lang.MetaClassImpl.invokeMethod(MetaClassImpl.java:1030) ~[groovy-3.0.20.jar:3.0.20]
	at org.codehaus.groovy.runtime.callsite.PogoMetaClassSite.call(PogoMetaClassSite.java:38) ~[groovy-3.0.20.jar:3.0.20]
	at org.codehaus.groovy.runtime.callsite.AbstractCallSite.call(AbstractCallSite.java:139) [groovy-3.0.20.jar:3.0.20]
	at Script1.run(Script1.groovy:553) [script:?]
	at org.codehaus.groovy.jsr223.GroovyScriptEngineImpl.eval(GroovyScriptEngineImpl.java:317) [groovy-jsr223-3.0.20.jar:3.0.20]
	at org.codehaus.groovy.jsr223.GroovyCompiledScript.eval(GroovyCompiledScript.java:71) [groovy-jsr223-3.0.20.jar:3.0.20]
	at java.scripting/javax.script.CompiledScript.eval(Unknown Source) [java.scripting:?]
	at org.apache.jmeter.util.JSR223TestElement.processFileOrScript(JSR223TestElement.java:216) [ApacheJMeter_core.jar:5.6.3]
	at org.apache.jmeter.protocol.java.sampler.JSR223Sampler.sample(JSR223Sampler.java:72) [ApacheJMeter_java.jar:5.6.3]
	at org.apache.jmeter.threads.JMeterThread.doSampling(JMeterThread.java:651) [ApacheJMeter_core.jar:5.6.3]
	at org.apache.jmeter.threads.JMeterThread.executeSamplePackage(JMeterThread.java:570) [ApacheJMeter_core.jar:5.6.3]
	at org.apache.jmeter.threads.JMeterThread.processSampler(JMeterThread.java:501) [ApacheJMeter_core.jar:5.6.3]
	at org.apache.jmeter.threads.JMeterThread.run(JMeterThread.java:268) [ApacheJMeter_core.jar:5.6.3]
	at java.base/java.lang.Thread.run(Unknown Source) [?:?]
2026-07-02 00:56:54,942 ERROR o.a.j.p.j.s.JSR223Sampler: Problem in JSR223 script Full charging journey with SSE, message: javax.script.ScriptException: java.lang.IllegalStateException: start charging session failed with HTTP 409: {"timestamp":"2026-07-02T00:56:54.903569254Z","status":409,"error":"Conflict","message":"Connector is not available for charging.","path":"/api/v1/sessions/start"}
javax.script.ScriptException: java.lang.IllegalStateException: start charging session failed with HTTP 409: {"timestamp":"2026-07-02T00:56:54.903569254Z","status":409,"error":"Conflict","message":"Connector is not available for charging.","path":"/api/v1/sessions/start"}
	at org.codehaus.groovy.jsr223.GroovyScriptEngineImpl.eval(GroovyScriptEngineImpl.java:320) ~[groovy-jsr223-3.0.20.jar:3.0.20]
	at org.codehaus.groovy.jsr223.GroovyCompiledScript.eval(GroovyCompiledScript.java:71) ~[groovy-jsr223-3.0.20.jar:3.0.20]
	at java.scripting/javax.script.CompiledScript.eval(Unknown Source) ~[java.scripting:?]
	at org.apache.jmeter.util.JSR223TestElement.processFileOrScript(JSR223TestElement.java:216) ~[ApacheJMeter_core.jar:5.6.3]
	at org.apache.jmeter.protocol.java.sampler.JSR223Sampler.sample(JSR223Sampler.java:72) [ApacheJMeter_java.jar:5.6.3]
	at org.apache.jmeter.threads.JMeterThread.doSampling(JMeterThread.java:651) [ApacheJMeter_core.jar:5.6.3]
	at org.apache.jmeter.threads.JMeterThread.executeSamplePackage(JMeterThread.java:570) [ApacheJMeter_core.jar:5.6.3]
	at org.apache.jmeter.threads.JMeterThread.processSampler(JMeterThread.java:501) [ApacheJMeter_core.jar:5.6.3]
	at org.apache.jmeter.threads.JMeterThread.run(JMeterThread.java:268) [ApacheJMeter_core.jar:5.6.3]
	at java.base/java.lang.Thread.run(Unknown Source) [?:?]
Caused by: java.lang.IllegalStateException: start charging session failed with HTTP 409: {"timestamp":"2026-07-02T00:56:54.903569254Z","status":409,"error":"Conflict","message":"Connector is not available for charging.","path":"/api/v1/sessions/start"}
	at java.base/jdk.internal.reflect.NativeConstructorAccessorImpl.newInstance0(Native Method) ~[?:?]
	at java.base/jdk.internal.reflect.NativeConstructorAccessorImpl.newInstance(Unknown Source) ~[?:?]
	at java.base/jdk.internal.reflect.DelegatingConstructorAccessorImpl.newInstance(Unknown Source) ~[?:?]
	at java.base/java.lang.reflect.Constructor.newInstanceWithCaller(Unknown Source) ~[?:?]
	at java.base/java.lang.reflect.Constructor.newInstance(Unknown Source) ~[?:?]
	at org.codehaus.groovy.reflection.CachedConstructor.invoke(CachedConstructor.java:72) ~[groovy-3.0.20.jar:3.0.20]
	at org.codehaus.groovy.reflection.CachedConstructor.doConstructorInvoke(CachedConstructor.java:59) ~[groovy-3.0.20.jar:3.0.20]
	at org.codehaus.groovy.runtime.callsite.ConstructorSite$ConstructorSiteNoUnwrap.callConstructor(ConstructorSite.java:84) ~[groovy-3.0.20.jar:3.0.20]
	at org.codehaus.groovy.runtime.callsite.CallSiteArray.defaultCallConstructor(CallSiteArray.java:59) ~[groovy-3.0.20.jar:3.0.20]
	at org.codehaus.groovy.runtime.callsite.AbstractCallSite.callConstructor(AbstractCallSite.java:263) ~[groovy-3.0.20.jar:3.0.20]
	at org.codehaus.groovy.runtime.callsite.AbstractCallSite.callConstructor(AbstractCallSite.java:277) ~[groovy-3.0.20.jar:3.0.20]
	at Script1$_run_closure8.doCall(Script1.groovy:145) ~[?:?]
	at jdk.internal.reflect.GeneratedMethodAccessor26.invoke(Unknown Source) ~[?:?]
	at java.base/jdk.internal.reflect.DelegatingMethodAccessorImpl.invoke(Unknown Source) ~[?:?]
	at java.base/java.lang.reflect.Method.invoke(Unknown Source) ~[?:?]
	at org.codehaus.groovy.reflection.CachedMethod.invoke(CachedMethod.java:107) ~[groovy-3.0.20.jar:3.0.20]
	at groovy.lang.MetaMethod.doMethodInvoke(MetaMethod.java:323) ~[groovy-3.0.20.jar:3.0.20]
	at org.codehaus.groovy.runtime.metaclass.ClosureMetaClass.invokeMethod(ClosureMetaClass.java:274) ~[groovy-3.0.20.jar:3.0.20]
	at groovy.lang.MetaClassImpl.invokeMethod(MetaClassImpl.java:1030) ~[groovy-3.0.20.jar:3.0.20]
	at org.codehaus.groovy.runtime.callsite.PogoMetaClassSite.call(PogoMetaClassSite.java:38) ~[groovy-3.0.20.jar:3.0.20]
	at org.codehaus.groovy.runtime.callsite.CallSiteArray.defaultCall(CallSiteArray.java:47) ~[groovy-3.0.20.jar:3.0.20]
	at org.codehaus.groovy.runtime.callsite.AbstractCallSite.call(AbstractCallSite.java:125) ~[groovy-3.0.20.jar:3.0.20]
	at org.codehaus.groovy.runtime.callsite.AbstractCallSite.call(AbstractCallSite.java:157) ~[groovy-3.0.20.jar:3.0.20]
	at Script1$_run_closure15.doCall(Script1.groovy:423) ~[?:?]
	at jdk.internal.reflect.GeneratedMethodAccessor67.invoke(Unknown Source) ~[?:?]
	at java.base/jdk.internal.reflect.DelegatingMethodAccessorImpl.invoke(Unknown Source) ~[?:?]
	at java.base/java.lang.reflect.Method.invoke(Unknown Source) ~[?:?]
	at org.codehaus.groovy.reflection.CachedMethod.invoke(CachedMethod.java:107) ~[groovy-3.0.20.jar:3.0.20]
	at groovy.lang.MetaMethod.doMethodInvoke(MetaMethod.java:323) ~[groovy-3.0.20.jar:3.0.20]
	at org.codehaus.groovy.runtime.metaclass.ClosureMetaClass.invokeMethod(ClosureMetaClass.java:274) ~[groovy-3.0.20.jar:3.0.20]
	at groovy.lang.MetaClassImpl.invokeMethod(MetaClassImpl.java:1030) ~[groovy-3.0.20.jar:3.0.20]
	at org.codehaus.groovy.runtime.callsite.PogoMetaClassSite.call(PogoMetaClassSite.java:38) ~[groovy-3.0.20.jar:3.0.20]
	at org.codehaus.groovy.runtime.callsite.AbstractCallSite.call(AbstractCallSite.java:139) ~[groovy-3.0.20.jar:3.0.20]
	at Script1.run(Script1.groovy:553) ~[?:?]
	at org.codehaus.groovy.jsr223.GroovyScriptEngineImpl.eval(GroovyScriptEngineImpl.java:317) ~[groovy-jsr223-3.0.20.jar:3.0.20]
	... 9 more
2026-07-02 00:56:54,945 INFO o.a.j.t.JMeterThread: Thread is done: 100 driver charging journeys 1-19
2026-07-02 00:56:54,945 INFO o.a.j.t.JMeterThread: Thread finished: 100 driver charging journeys 1-19
2026-07-02 00:56:55,632 INFO o.a.j.p.j.s.J.Full charging journey with SSE: [electrahub-jmeter][full][021] step=start charging attempt 2
2026-07-02 00:56:55,705 INFO o.a.j.p.j.s.J.Full charging journey with SSE: [electrahub-jmeter][full][021] http POST /session/api/v1/sessions/start status=409 elapsedMs=72
2026-07-02 00:56:55,706 INFO o.a.j.p.j.s.J.Full charging journey with SSE: [electrahub-jmeter][full][021] start skipped EH-US-CHG-0022/CON-US-0022 HTTP 409; trying next connector
2026-07-02 00:56:55,779 INFO o.a.j.p.j.s.J.Full charging journey with SSE: [electrahub-jmeter][full][020] step=start charging attempt 7
2026-07-02 00:56:55,859 INFO o.a.j.p.j.s.J.Full charging journey with SSE: [electrahub-jmeter][full][020] http POST /session/api/v1/sessions/start status=409 elapsedMs=78
2026-07-02 00:56:55,859 INFO o.a.j.p.j.s.J.Full charging journey with SSE: [electrahub-jmeter][full][020] start skipped EH-US-CHG-0026/CON-US-0026 HTTP 409; trying next connector
2026-07-02 00:56:56,707 INFO o.a.j.p.j.s.J.Full charging journey with SSE: [electrahub-jmeter][full][021] step=start charging attempt 3
2026-07-02 00:56:56,773 INFO o.a.j.p.j.s.J.Full charging journey with SSE: [electrahub-jmeter][full][021] http POST /session/api/v1/sessions/start status=409 elapsedMs=65
2026-07-02 00:56:56,774 INFO o.a.j.p.j.s.J.Full charging journey with SSE: [electrahub-jmeter][full][021] start skipped EH-US-CHG-0023/CON-US-0023 HTTP 409; trying next connector
2026-07-02 00:56:56,860 INFO o.a.j.p.j.s.J.Full charging journey with SSE: [electrahub-jmeter][full][020] step=start charging attempt 8
2026-07-02 00:56:56,931 INFO o.a.j.p.j.s.J.Full charging journey with SSE: [electrahub-jmeter][full][020] http POST /session/api/v1/sessions/start status=409 elapsedMs=70
2026-07-02 00:56:56,932 INFO o.a.j.p.j.s.J.Full charging journey with SSE: [electrahub-jmeter][full][020] start skipped EH-US-CHG-0027/CON-US-0027 HTTP 409; trying next connector
2026-07-02 00:56:57,775 INFO o.a.j.p.j.s.J.Full charging journey with SSE: [electrahub-jmeter][full][021] step=start charging attempt 4
2026-07-02 00:56:57,848 INFO o.a.j.p.j.s.J.Full charging journey with SSE: [electrahub-jmeter][full][021] http POST /session/api/v1/sessions/start status=409 elapsedMs=72
2026-07-02 00:56:57,849 INFO o.a.j.p.j.s.J.Full charging journey with SSE: [electrahub-jmeter][full][021] start skipped EH-US-CHG-0024/CON-US-0024 HTTP 409; trying next connector
2026-07-02 00:56:57,933 INFO o.a.j.p.j.s.J.Full charging journey with SSE: [electrahub-jmeter][full][020] step=start charging attempt 9
2026-07-02 00:56:58,002 INFO o.a.j.p.j.s.J.Full charging journey with SSE: [electrahub-jmeter][full][020] http POST /session/api/v1/sessions/start status=409 elapsedMs=67
2026-07-02 00:56:58,002 INFO o.a.j.p.j.s.J.Full charging journey with SSE: [electrahub-jmeter][full][020] start skipped EH-US-CHG-0028/CON-US-0028 HTTP 409; trying next connector
2026-07-02 00:56:58,850 INFO o.a.j.p.j.s.J.Full charging journey with SSE: [electrahub-jmeter][full][021] step=start charging attempt 5
2026-07-02 00:56:58,920 INFO o.a.j.p.j.s.J.Full charging journey with SSE: [electrahub-jmeter][full][021] http POST /session/api/v1/sessions/start status=409 elapsedMs=69
2026-07-02 00:56:58,921 INFO o.a.j.p.j.s.J.Full charging journey with SSE: [electrahub-jmeter][full][021] start skipped EH-US-CHG-0025/CON-US-0025 HTTP 409; trying next connector
2026-07-02 00:56:59,003 INFO o.a.j.p.j.s.J.Full charging journey with SSE: [electrahub-jmeter][full][020] step=start charging attempt 10
2026-07-02 00:56:59,078 INFO o.a.j.p.j.s.J.Full charging journey with SSE: [electrahub-jmeter][full][020] http POST /session/api/v1/sessions/start status=409 elapsedMs=74
2026-07-02 00:56:59,078 ERROR o.a.j.p.j.s.J.Full charging journey with SSE: [electrahub-jmeter][full][020] failed
java.lang.IllegalStateException: start charging session failed with HTTP 409: {"timestamp":"2026-07-02T00:56:59.048288797Z","status":409,"error":"Conflict","message":"Connector is not available for charging.","path":"/api/v1/sessions/start"}
	at java.base/jdk.internal.reflect.NativeConstructorAccessorImpl.newInstance0(Native Method) ~[?:?]
	at java.base/jdk.internal.reflect.NativeConstructorAccessorImpl.newInstance(Unknown Source) ~[?:?]
	at java.base/jdk.internal.reflect.DelegatingConstructorAccessorImpl.newInstance(Unknown Source) ~[?:?]
	at java.base/java.lang.reflect.Constructor.newInstanceWithCaller(Unknown Source) ~[?:?]
	at java.base/java.lang.reflect.Constructor.newInstance(Unknown Source) ~[?:?]
	at org.codehaus.groovy.reflection.CachedConstructor.invoke(CachedConstructor.java:72) ~[groovy-3.0.20.jar:3.0.20]
	at org.codehaus.groovy.reflection.CachedConstructor.doConstructorInvoke(CachedConstructor.java:59) ~[groovy-3.0.20.jar:3.0.20]
	at org.codehaus.groovy.runtime.callsite.ConstructorSite$ConstructorSiteNoUnwrap.callConstructor(ConstructorSite.java:84) ~[groovy-3.0.20.jar:3.0.20]
	at org.codehaus.groovy.runtime.callsite.AbstractCallSite.callConstructor(AbstractCallSite.java:277) ~[groovy-3.0.20.jar:3.0.20]
	at Script1$_run_closure8.doCall(Script1.groovy:145) ~[?:?]
	at jdk.internal.reflect.GeneratedMethodAccessor26.invoke(Unknown Source) ~[?:?]
	at java.base/jdk.internal.reflect.DelegatingMethodAccessorImpl.invoke(Unknown Source) ~[?:?]
	at java.base/java.lang.reflect.Method.invoke(Unknown Source) ~[?:?]
	at org.codehaus.groovy.reflection.CachedMethod.invoke(CachedMethod.java:107) ~[groovy-3.0.20.jar:3.0.20]
	at groovy.lang.MetaMethod.doMethodInvoke(MetaMethod.java:323) ~[groovy-3.0.20.jar:3.0.20]
	at org.codehaus.groovy.runtime.metaclass.ClosureMetaClass.invokeMethod(ClosureMetaClass.java:274) ~[groovy-3.0.20.jar:3.0.20]
	at groovy.lang.MetaClassImpl.invokeMethod(MetaClassImpl.java:1030) ~[groovy-3.0.20.jar:3.0.20]
	at org.codehaus.groovy.runtime.callsite.PogoMetaClassSite.call(PogoMetaClassSite.java:38) ~[groovy-3.0.20.jar:3.0.20]
	at org.codehaus.groovy.runtime.callsite.AbstractCallSite.call(AbstractCallSite.java:157) ~[groovy-3.0.20.jar:3.0.20]
	at Script1$_run_closure15.doCall(Script1.groovy:423) ~[?:?]
	at jdk.internal.reflect.GeneratedMethodAccessor67.invoke(Unknown Source) ~[?:?]
	at java.base/jdk.internal.reflect.DelegatingMethodAccessorImpl.invoke(Unknown Source) ~[?:?]
	at java.base/java.lang.reflect.Method.invoke(Unknown Source) ~[?:?]
	at org.codehaus.groovy.reflection.CachedMethod.invoke(CachedMethod.java:107) ~[groovy-3.0.20.jar:3.0.20]
	at groovy.lang.MetaMethod.doMethodInvoke(MetaMethod.java:323) ~[groovy-3.0.20.jar:3.0.20]
	at org.codehaus.groovy.runtime.metaclass.ClosureMetaClass.invokeMethod(ClosureMetaClass.java:274) ~[groovy-3.0.20.jar:3.0.20]
	at groovy.lang.MetaClassImpl.invokeMethod(MetaClassImpl.java:1030) ~[groovy-3.0.20.jar:3.0.20]
	at org.codehaus.groovy.runtime.callsite.PogoMetaClassSite.call(PogoMetaClassSite.java:38) ~[groovy-3.0.20.jar:3.0.20]
	at org.codehaus.groovy.runtime.callsite.AbstractCallSite.call(AbstractCallSite.java:139) [groovy-3.0.20.jar:3.0.20]
	at Script1.run(Script1.groovy:553) [script:?]
	at org.codehaus.groovy.jsr223.GroovyScriptEngineImpl.eval(GroovyScriptEngineImpl.java:317) [groovy-jsr223-3.0.20.jar:3.0.20]
	at org.codehaus.groovy.jsr223.GroovyCompiledScript.eval(GroovyCompiledScript.java:71) [groovy-jsr223-3.0.20.jar:3.0.20]
	at java.scripting/javax.script.CompiledScript.eval(Unknown Source) [java.scripting:?]
	at org.apache.jmeter.util.JSR223TestElement.processFileOrScript(JSR223TestElement.java:216) [ApacheJMeter_core.jar:5.6.3]
	at org.apache.jmeter.protocol.java.sampler.JSR223Sampler.sample(JSR223Sampler.java:72) [ApacheJMeter_java.jar:5.6.3]
	at org.apache.jmeter.threads.JMeterThread.doSampling(JMeterThread.java:651) [ApacheJMeter_core.jar:5.6.3]
	at org.apache.jmeter.threads.JMeterThread.executeSamplePackage(JMeterThread.java:570) [ApacheJMeter_core.jar:5.6.3]
	at org.apache.jmeter.threads.JMeterThread.processSampler(JMeterThread.java:501) [ApacheJMeter_core.jar:5.6.3]
	at org.apache.jmeter.threads.JMeterThread.run(JMeterThread.java:268) [ApacheJMeter_core.jar:5.6.3]
	at java.base/java.lang.Thread.run(Unknown Source) [?:?]
2026-07-02 00:56:59,080 ERROR o.a.j.p.j.s.JSR223Sampler: Problem in JSR223 script Full charging journey with SSE, message: javax.script.ScriptException: java.lang.IllegalStateException: start charging session failed with HTTP 409: {"timestamp":"2026-07-02T00:56:59.048288797Z","status":409,"error":"Conflict","message":"Connector is not available for charging.","path":"/api/v1/sessions/start"}
javax.script.ScriptException: java.lang.IllegalStateException: start charging session failed with HTTP 409: {"timestamp":"2026-07-02T00:56:59.048288797Z","status":409,"error":"Conflict","message":"Connector is not available for charging.","path":"/api/v1/sessions/start"}
	at org.codehaus.groovy.jsr223.GroovyScriptEngineImpl.eval(GroovyScriptEngineImpl.java:320) ~[groovy-jsr223-3.0.20.jar:3.0.20]
	at org.codehaus.groovy.jsr223.GroovyCompiledScript.eval(GroovyCompiledScript.java:71) ~[groovy-jsr223-3.0.20.jar:3.0.20]
	at java.scripting/javax.script.CompiledScript.eval(Unknown Source) ~[java.scripting:?]
	at org.apache.jmeter.util.JSR223TestElement.processFileOrScript(JSR223TestElement.java:216) ~[ApacheJMeter_core.jar:5.6.3]
	at org.apache.jmeter.protocol.java.sampler.JSR223Sampler.sample(JSR223Sampler.java:72) [ApacheJMeter_java.jar:5.6.3]
	at org.apache.jmeter.threads.JMeterThread.doSampling(JMeterThread.java:651) [ApacheJMeter_core.jar:5.6.3]
	at org.apache.jmeter.threads.JMeterThread.executeSamplePackage(JMeterThread.java:570) [ApacheJMeter_core.jar:5.6.3]
	at org.apache.jmeter.threads.JMeterThread.processSampler(JMeterThread.java:501) [ApacheJMeter_core.jar:5.6.3]
	at org.apache.jmeter.threads.JMeterThread.run(JMeterThread.java:268) [ApacheJMeter_core.jar:5.6.3]
	at java.base/java.lang.Thread.run(Unknown Source) [?:?]
Caused by: java.lang.IllegalStateException: start charging session failed with HTTP 409: {"timestamp":"2026-07-02T00:56:59.048288797Z","status":409,"error":"Conflict","message":"Connector is not available for charging.","path":"/api/v1/sessions/start"}
	at java.base/jdk.internal.reflect.NativeConstructorAccessorImpl.newInstance0(Native Method) ~[?:?]
	at java.base/jdk.internal.reflect.NativeConstructorAccessorImpl.newInstance(Unknown Source) ~[?:?]
	at java.base/jdk.internal.reflect.DelegatingConstructorAccessorImpl.newInstance(Unknown Source) ~[?:?]
	at java.base/java.lang.reflect.Constructor.newInstanceWithCaller(Unknown Source) ~[?:?]
	at java.base/java.lang.reflect.Constructor.newInstance(Unknown Source) ~[?:?]
	at org.codehaus.groovy.reflection.CachedConstructor.invoke(CachedConstructor.java:72) ~[groovy-3.0.20.jar:3.0.20]
	at org.codehaus.groovy.reflection.CachedConstructor.doConstructorInvoke(CachedConstructor.java:59) ~[groovy-3.0.20.jar:3.0.20]
	at org.codehaus.groovy.runtime.callsite.ConstructorSite$ConstructorSiteNoUnwrap.callConstructor(ConstructorSite.java:84) ~[groovy-3.0.20.jar:3.0.20]
	at org.codehaus.groovy.runtime.callsite.AbstractCallSite.callConstructor(AbstractCallSite.java:277) ~[groovy-3.0.20.jar:3.0.20]
	at Script1$_run_closure8.doCall(Script1.groovy:145) ~[?:?]
	at jdk.internal.reflect.GeneratedMethodAccessor26.invoke(Unknown Source) ~[?:?]
	at java.base/jdk.internal.reflect.DelegatingMethodAccessorImpl.invoke(Unknown Source) ~[?:?]
	at java.base/java.lang.reflect.Method.invoke(Unknown Source) ~[?:?]
	at org.codehaus.groovy.reflection.CachedMethod.invoke(CachedMethod.java:107) ~[groovy-3.0.20.jar:3.0.20]
	at groovy.lang.MetaMethod.doMethodInvoke(MetaMethod.java:323) ~[groovy-3.0.20.jar:3.0.20]
	at org.codehaus.groovy.runtime.metaclass.ClosureMetaClass.invokeMethod(ClosureMetaClass.java:274) ~[groovy-3.0.20.jar:3.0.20]
	at groovy.lang.MetaClassImpl.invokeMethod(MetaClassImpl.java:1030) ~[groovy-3.0.20.jar:3.0.20]
	at org.codehaus.groovy.runtime.callsite.PogoMetaClassSite.call(PogoMetaClassSite.java:38) ~[groovy-3.0.20.jar:3.0.20]
	at org.codehaus.groovy.runtime.callsite.AbstractCallSite.call(AbstractCallSite.java:157) ~[groovy-3.0.20.jar:3.0.20]
	at Script1$_run_closure15.doCall(Script1.groovy:423) ~[?:?]
	at jdk.internal.reflect.GeneratedMethodAccessor67.invoke(Unknown Source) ~[?:?]
	at java.base/jdk.internal.reflect.DelegatingMethodAccessorImpl.invoke(Unknown Source) ~[?:?]
	at java.base/java.lang.reflect.Method.invoke(Unknown Source) ~[?:?]
	at org.codehaus.groovy.reflection.CachedMethod.invoke(CachedMethod.java:107) ~[groovy-3.0.20.jar:3.0.20]
	at groovy.lang.MetaMethod.doMethodInvoke(MetaMethod.java:323) ~[groovy-3.0.20.jar:3.0.20]
	at org.codehaus.groovy.runtime.metaclass.ClosureMetaClass.invokeMethod(ClosureMetaClass.java:274) ~[groovy-3.0.20.jar:3.0.20]
	at groovy.lang.MetaClassImpl.invokeMethod(MetaClassImpl.java:1030) ~[groovy-3.0.20.jar:3.0.20]
	at org.codehaus.groovy.runtime.callsite.PogoMetaClassSite.call(PogoMetaClassSite.java:38) ~[groovy-3.0.20.jar:3.0.20]
	at org.codehaus.groovy.runtime.callsite.AbstractCallSite.call(AbstractCallSite.java:139) ~[groovy-3.0.20.jar:3.0.20]
	at Script1.run(Script1.groovy:553) ~[?:?]
	at org.codehaus.groovy.jsr223.GroovyScriptEngineImpl.eval(GroovyScriptEngineImpl.java:317) ~[groovy-jsr223-3.0.20.jar:3.0.20]
	... 9 more
2026-07-02 00:56:59,081 INFO o.a.j.t.JMeterThread: Thread is done: 100 driver charging journeys 1-20
2026-07-02 00:56:59,082 INFO o.a.j.t.JMeterThread: Thread finished: 100 driver charging journeys 1-20
2026-07-02 00:56:59,122 INFO o.a.j.p.j.s.J.Full charging journey with SSE: [electrahub-jmeter][full][010] sse ok connected=1 snapshot=2 updates=25 receipts=0 heartbeats=0
2026-07-02 00:56:59,123 INFO o.a.j.p.j.s.J.Full charging journey with SSE: [electrahub-jmeter][full][010] holding session for 49s before stop
2026-07-02 00:56:59,543 INFO o.a.j.t.JMeterThread: Thread started: 100 driver charging journeys 1-22
2026-07-02 00:56:59,547 INFO o.a.j.p.j.s.J.Full charging journey with SSE: [electrahub-jmeter][full][022] step=register
2026-07-02 00:56:59,662 INFO o.a.j.p.j.s.J.Full charging journey with SSE: [electrahub-jmeter][full][001] step=stop charging session
2026-07-02 00:56:59,739 INFO o.a.j.p.j.s.J.Full charging journey with SSE: [electrahub-jmeter][full][022] http POST /auth/api/auth/register status=200 elapsedMs=191
2026-07-02 00:56:59,740 INFO o.a.j.p.j.s.J.Full charging journey with SSE: [electrahub-jmeter][full][022] registered uid=bd7c8c5b-7723-470b-8ace-219daf4dcded
2026-07-02 00:56:59,748 INFO o.a.j.p.j.s.J.Full charging journey with SSE: [electrahub-jmeter][full][022] step=payment state before setup
2026-07-02 00:56:59,809 INFO o.a.j.p.j.s.J.Full charging journey with SSE: [electrahub-jmeter][full][022] http GET /payment/api/v1/payment/state status=451 elapsedMs=60
2026-07-02 00:56:59,809 INFO o.a.j.p.j.s.J.Full charging journey with SSE: [electrahub-jmeter][full][022] step=accept terms
2026-07-02 00:56:59,877 INFO o.a.j.p.j.s.J.Full charging journey with SSE: [electrahub-jmeter][full][022] http POST /auth/api/terms/accept status=201 elapsedMs=67
2026-07-02 00:56:59,878 INFO o.a.j.p.j.s.J.Full charging journey with SSE: [electrahub-jmeter][full][022] accepted terms; refreshing token through login
2026-07-02 00:56:59,878 INFO o.a.j.p.j.s.J.Full charging journey with SSE: [electrahub-jmeter][full][022] step=login
2026-07-02 00:56:59,922 INFO o.a.j.p.j.s.J.Full charging journey with SSE: [electrahub-jmeter][full][021] step=start charging attempt 6
2026-07-02 00:57:00,050 INFO o.a.j.p.j.s.J.Full charging journey with SSE: [electrahub-jmeter][full][022] http POST /auth/api/auth/login status=200 elapsedMs=171
2026-07-02 00:57:00,051 INFO o.a.j.p.j.s.J.Full charging journey with SSE: [electrahub-jmeter][full][021] http POST /session/api/v1/sessions/start status=409 elapsedMs=91
2026-07-02 00:57:00,051 INFO o.a.j.p.j.s.J.Full charging journey with SSE: [electrahub-jmeter][full][022] logged in uid=bd7c8c5b-7723-470b-8ace-219daf4dcded
2026-07-02 00:57:00,052 INFO o.a.j.p.j.s.J.Full charging journey with SSE: [electrahub-jmeter][full][022] step=payment state after terms
2026-07-02 00:57:00,052 INFO o.a.j.p.j.s.J.Full charging journey with SSE: [electrahub-jmeter][full][021] start skipped EH-US-CHG-0026/CON-US-0026 HTTP 409; trying next connector
2026-07-02 00:57:00,113 INFO o.a.j.p.j.s.J.Full charging journey with SSE: [electrahub-jmeter][full][022] http GET /payment/api/v1/payment/state status=200 elapsedMs=61
2026-07-02 00:57:00,114 INFO o.a.j.p.j.s.J.Full charging journey with SSE: [electrahub-jmeter][full][022] step=add card
2026-07-02 00:57:00,177 INFO o.a.j.p.j.s.J.Full charging journey with SSE: [electrahub-jmeter][full][022] http POST /payment/api/v1/payment/cards status=201 elapsedMs=61
2026-07-02 00:57:00,178 INFO o.a.j.p.j.s.J.Full charging journey with SSE: [electrahub-jmeter][full][022] step=wallet topup
2026-07-02 00:57:00,249 INFO o.a.j.p.j.s.J.Full charging journey with SSE: [electrahub-jmeter][full][022] http POST /payment/api/v1/payment/wallet/topups status=201 elapsedMs=69
2026-07-02 00:57:00,249 INFO o.a.j.p.j.s.J.Full charging journey with SSE: [electrahub-jmeter][full][022] step=payment state after setup
2026-07-02 00:57:00,309 INFO o.a.j.p.j.s.J.Full charging journey with SSE: [electrahub-jmeter][full][022] http GET /payment/api/v1/payment/state status=200 elapsedMs=59
2026-07-02 00:57:00,310 INFO o.a.j.p.j.s.J.Full charging journey with SSE: [electrahub-jmeter][full][022] payment ready wallet=120.00
2026-07-02 00:57:00,311 INFO o.a.j.p.j.s.J.Full charging journey with SSE: [electrahub-jmeter][full][022] step=charger graphql list
2026-07-02 00:57:00,403 INFO o.a.j.p.j.s.J.Full charging journey with SSE: [electrahub-jmeter][full][022] http POST /charger/graphql status=200 elapsedMs=91
2026-07-02 00:57:00,406 INFO o.a.j.p.j.s.J.Full charging journey with SSE: [electrahub-jmeter][full][022] dynamic connector selection found no available connector; using CSV connector
2026-07-02 00:57:00,406 INFO o.a.j.p.j.s.J.Full charging journey with SSE: [electrahub-jmeter][full][022] step=charger graphql view
2026-07-02 00:57:00,491 INFO o.a.j.p.j.s.J.Full charging journey with SSE: [electrahub-jmeter][full][022] http POST /charger/graphql status=200 elapsedMs=84
2026-07-02 00:57:00,491 INFO o.a.j.p.j.s.J.Full charging journey with SSE: [electrahub-jmeter][full][022] step=payment state before start
2026-07-02 00:57:00,552 INFO o.a.j.p.j.s.J.Full charging journey with SSE: [electrahub-jmeter][full][022] http GET /payment/api/v1/payment/state status=200 elapsedMs=60
2026-07-02 00:57:00,555 INFO o.a.j.p.j.s.J.Full charging journey with SSE: [electrahub-jmeter][full][022] using connector csv fallback attempts=10 startIndex=22/100
2026-07-02 00:57:00,556 INFO o.a.j.p.j.s.J.Full charging journey with SSE: [electrahub-jmeter][full][022] step=start charging attempt 1
2026-07-02 00:57:00,628 INFO o.a.j.p.j.s.J.Full charging journey with SSE: [electrahub-jmeter][full][022] http POST /session/api/v1/sessions/start status=409 elapsedMs=71
2026-07-02 00:57:00,629 INFO o.a.j.p.j.s.J.Full charging journey with SSE: [electrahub-jmeter][full][022] start skipped EH-US-CHG-0022/CON-US-0022 HTTP 409; trying next connector
2026-07-02 00:57:01,053 INFO o.a.j.p.j.s.J.Full charging journey with SSE: [electrahub-jmeter][full][021] step=start charging attempt 7
2026-07-02 00:57:01,117 INFO o.a.j.p.j.s.J.Full charging journey with SSE: [electrahub-jmeter][full][021] http POST /session/api/v1/sessions/start status=409 elapsedMs=63
2026-07-02 00:57:01,119 INFO o.a.j.p.j.s.J.Full charging journey with SSE: [electrahub-jmeter][full][021] start skipped EH-US-CHG-0027/CON-US-0027 HTTP 409; trying next connector
2026-07-02 00:57:01,630 INFO o.a.j.p.j.s.J.Full charging journey with SSE: [electrahub-jmeter][full][022] step=start charging attempt 2
2026-07-02 00:57:01,701 INFO o.a.j.p.j.s.J.Full charging journey with SSE: [electrahub-jmeter][full][022] http POST /session/api/v1/sessions/start status=409 elapsedMs=70
2026-07-02 00:57:01,702 INFO o.a.j.p.j.s.J.Full charging journey with SSE: [electrahub-jmeter][full][022] start skipped EH-US-CHG-0023/CON-US-0023 HTTP 409; trying next connector
2026-07-02 00:57:02,120 INFO o.a.j.p.j.s.J.Full charging journey with SSE: [electrahub-jmeter][full][021] step=start charging attempt 8
2026-07-02 00:57:02,190 INFO o.a.j.p.j.s.J.Full charging journey with SSE: [electrahub-jmeter][full][021] http POST /session/api/v1/sessions/start status=409 elapsedMs=69
2026-07-02 00:57:02,191 INFO o.a.j.p.j.s.J.Full charging journey with SSE: [electrahub-jmeter][full][021] start skipped EH-US-CHG-0028/CON-US-0028 HTTP 409; trying next connector
2026-07-02 00:57:02,703 INFO o.a.j.p.j.s.J.Full charging journey with SSE: [electrahub-jmeter][full][022] step=start charging attempt 3
2026-07-02 00:57:02,768 INFO o.a.j.p.j.s.J.Full charging journey with SSE: [electrahub-jmeter][full][022] http POST /session/api/v1/sessions/start status=409 elapsedMs=64
2026-07-02 00:57:02,769 INFO o.a.j.p.j.s.J.Full charging journey with SSE: [electrahub-jmeter][full][022] start skipped EH-US-CHG-0024/CON-US-0024 HTTP 409; trying next connector
2026-07-02 00:57:03,157 INFO o.a.j.p.j.s.J.Full charging journey with SSE: [electrahub-jmeter][full][001] http POST /session/api/v1/sessions/5bc9b0a4-b0a4-4478-92e6-808dd4fcf364/stop status=204 elapsedMs=3444
2026-07-02 00:57:03,158 INFO o.a.j.p.j.s.J.Full charging journey with SSE: [electrahub-jmeter][full][001] stop requested session=5bc9b0a4-b0a4-4478-92e6-808dd4fcf364
2026-07-02 00:57:03,158 INFO o.a.j.p.j.s.J.Full charging journey with SSE: [electrahub-jmeter][full][001] step=active sessions
2026-07-02 00:57:03,192 INFO o.a.j.p.j.s.J.Full charging journey with SSE: [electrahub-jmeter][full][021] step=start charging attempt 9
2026-07-02 00:57:03,262 INFO o.a.j.p.j.s.J.Full charging journey with SSE: [electrahub-jmeter][full][021] http POST /session/api/v1/sessions/start status=409 elapsedMs=69
2026-07-02 00:57:03,263 INFO o.a.j.p.j.s.J.Full charging journey with SSE: [electrahub-jmeter][full][021] start skipped EH-US-CHG-0029/CON-US-0029 HTTP 409; trying next connector
2026-07-02 00:57:03,770 INFO o.a.j.p.j.s.J.Full charging journey with SSE: [electrahub-jmeter][full][022] step=start charging attempt 4
2026-07-02 00:57:03,842 INFO o.a.j.p.j.s.J.Full charging journey with SSE: [electrahub-jmeter][full][022] http POST /session/api/v1/sessions/start status=409 elapsedMs=70
2026-07-02 00:57:03,842 INFO o.a.j.p.j.s.J.Full charging journey with SSE: [electrahub-jmeter][full][022] start skipped EH-US-CHG-0025/CON-US-0025 HTTP 409; trying next connector
2026-07-02 00:57:04,164 INFO o.a.j.p.j.s.J.Full charging journey with SSE: [electrahub-jmeter][full][001] http GET /session/api/v1/sessions/active status=200 elapsedMs=1005
2026-07-02 00:57:04,264 INFO o.a.j.p.j.s.J.Full charging journey with SSE: [electrahub-jmeter][full][021] step=start charging attempt 10
2026-07-02 00:57:04,330 INFO o.a.j.p.j.s.J.Full charging journey with SSE: [electrahub-jmeter][full][021] http POST /session/api/v1/sessions/start status=409 elapsedMs=65
2026-07-02 00:57:04,331 ERROR o.a.j.p.j.s.J.Full charging journey with SSE: [electrahub-jmeter][full][021] failed
java.lang.IllegalStateException: start charging session failed with HTTP 409: {"timestamp":"2026-07-02T00:57:04.306182476Z","status":409,"error":"Conflict","message":"Connector is not available for charging.","path":"/api/v1/sessions/start"}
	at java.base/jdk.internal.reflect.NativeConstructorAccessorImpl.newInstance0(Native Method) ~[?:?]
	at java.base/jdk.internal.reflect.NativeConstructorAccessorImpl.newInstance(Unknown Source) ~[?:?]
	at java.base/jdk.internal.reflect.DelegatingConstructorAccessorImpl.newInstance(Unknown Source) ~[?:?]
	at java.base/java.lang.reflect.Constructor.newInstanceWithCaller(Unknown Source) ~[?:?]
	at java.base/java.lang.reflect.Constructor.newInstance(Unknown Source) ~[?:?]
	at org.codehaus.groovy.reflection.CachedConstructor.invoke(CachedConstructor.java:72) ~[groovy-3.0.20.jar:3.0.20]
	at org.codehaus.groovy.reflection.CachedConstructor.doConstructorInvoke(CachedConstructor.java:59) ~[groovy-3.0.20.jar:3.0.20]
	at org.codehaus.groovy.runtime.callsite.ConstructorSite$ConstructorSiteNoUnwrap.callConstructor(ConstructorSite.java:84) ~[groovy-3.0.20.jar:3.0.20]
	at org.codehaus.groovy.runtime.callsite.AbstractCallSite.callConstructor(AbstractCallSite.java:277) ~[groovy-3.0.20.jar:3.0.20]
	at Script1$_run_closure8.doCall(Script1.groovy:145) ~[?:?]
	at jdk.internal.reflect.GeneratedMethodAccessor26.invoke(Unknown Source) ~[?:?]
	at java.base/jdk.internal.reflect.DelegatingMethodAccessorImpl.invoke(Unknown Source) ~[?:?]
	at java.base/java.lang.reflect.Method.invoke(Unknown Source) ~[?:?]
	at org.codehaus.groovy.reflection.CachedMethod.invoke(CachedMethod.java:107) ~[groovy-3.0.20.jar:3.0.20]
	at groovy.lang.MetaMethod.doMethodInvoke(MetaMethod.java:323) ~[groovy-3.0.20.jar:3.0.20]
	at org.codehaus.groovy.runtime.metaclass.ClosureMetaClass.invokeMethod(ClosureMetaClass.java:274) ~[groovy-3.0.20.jar:3.0.20]
	at groovy.lang.MetaClassImpl.invokeMethod(MetaClassImpl.java:1030) ~[groovy-3.0.20.jar:3.0.20]
	at org.codehaus.groovy.runtime.callsite.PogoMetaClassSite.call(PogoMetaClassSite.java:38) ~[groovy-3.0.20.jar:3.0.20]
	at org.codehaus.groovy.runtime.callsite.AbstractCallSite.call(AbstractCallSite.java:157) ~[groovy-3.0.20.jar:3.0.20]
	at Script1$_run_closure15.doCall(Script1.groovy:423) ~[?:?]
	at jdk.internal.reflect.GeneratedMethodAccessor67.invoke(Unknown Source) ~[?:?]
	at java.base/jdk.internal.reflect.DelegatingMethodAccessorImpl.invoke(Unknown Source) ~[?:?]
	at java.base/java.lang.reflect.Method.invoke(Unknown Source) ~[?:?]
	at org.codehaus.groovy.reflection.CachedMethod.invoke(CachedMethod.java:107) ~[groovy-3.0.20.jar:3.0.20]
	at groovy.lang.MetaMethod.doMethodInvoke(MetaMethod.java:323) ~[groovy-3.0.20.jar:3.0.20]
	at org.codehaus.groovy.runtime.metaclass.ClosureMetaClass.invokeMethod(ClosureMetaClass.java:274) ~[groovy-3.0.20.jar:3.0.20]
	at groovy.lang.MetaClassImpl.invokeMethod(MetaClassImpl.java:1030) ~[groovy-3.0.20.jar:3.0.20]
	at org.codehaus.groovy.runtime.callsite.PogoMetaClassSite.call(PogoMetaClassSite.java:38) ~[groovy-3.0.20.jar:3.0.20]
	at org.codehaus.groovy.runtime.callsite.AbstractCallSite.call(AbstractCallSite.java:139) [groovy-3.0.20.jar:3.0.20]
	at Script1.run(Script1.groovy:553) [script:?]
	at org.codehaus.groovy.jsr223.GroovyScriptEngineImpl.eval(GroovyScriptEngineImpl.java:317) [groovy-jsr223-3.0.20.jar:3.0.20]
	at org.codehaus.groovy.jsr223.GroovyCompiledScript.eval(GroovyCompiledScript.java:71) [groovy-jsr223-3.0.20.jar:3.0.20]
	at java.scripting/javax.script.CompiledScript.eval(Unknown Source) [java.scripting:?]
	at org.apache.jmeter.util.JSR223TestElement.processFileOrScript(JSR223TestElement.java:216) [ApacheJMeter_core.jar:5.6.3]
	at org.apache.jmeter.protocol.java.sampler.JSR223Sampler.sample(JSR223Sampler.java:72) [ApacheJMeter_java.jar:5.6.3]
	at org.apache.jmeter.threads.JMeterThread.doSampling(JMeterThread.java:651) [ApacheJMeter_core.jar:5.6.3]
	at org.apache.jmeter.threads.JMeterThread.executeSamplePackage(JMeterThread.java:570) [ApacheJMeter_core.jar:5.6.3]
	at org.apache.jmeter.threads.JMeterThread.processSampler(JMeterThread.java:501) [ApacheJMeter_core.jar:5.6.3]
	at org.apache.jmeter.threads.JMeterThread.run(JMeterThread.java:268) [ApacheJMeter_core.jar:5.6.3]
	at java.base/java.lang.Thread.run(Unknown Source) [?:?]
2026-07-02 00:57:04,332 ERROR o.a.j.p.j.s.JSR223Sampler: Problem in JSR223 script Full charging journey with SSE, message: javax.script.ScriptException: java.lang.IllegalStateException: start charging session failed with HTTP 409: {"timestamp":"2026-07-02T00:57:04.306182476Z","status":409,"error":"Conflict","message":"Connector is not available for charging.","path":"/api/v1/sessions/start"}
javax.script.ScriptException: java.lang.IllegalStateException: start charging session failed with HTTP 409: {"timestamp":"2026-07-02T00:57:04.306182476Z","status":409,"error":"Conflict","message":"Connector is not available for charging.","path":"/api/v1/sessions/start"}
	at org.codehaus.groovy.jsr223.GroovyScriptEngineImpl.eval(GroovyScriptEngineImpl.java:320) ~[groovy-jsr223-3.0.20.jar:3.0.20]
	at org.codehaus.groovy.jsr223.GroovyCompiledScript.eval(GroovyCompiledScript.java:71) ~[groovy-jsr223-3.0.20.jar:3.0.20]
	at java.scripting/javax.script.CompiledScript.eval(Unknown Source) ~[java.scripting:?]
	at org.apache.jmeter.util.JSR223TestElement.processFileOrScript(JSR223TestElement.java:216) ~[ApacheJMeter_core.jar:5.6.3]
	at org.apache.jmeter.protocol.java.sampler.JSR223Sampler.sample(JSR223Sampler.java:72) [ApacheJMeter_java.jar:5.6.3]
	at org.apache.jmeter.threads.JMeterThread.doSampling(JMeterThread.java:651) [ApacheJMeter_core.jar:5.6.3]
	at org.apache.jmeter.threads.JMeterThread.executeSamplePackage(JMeterThread.java:570) [ApacheJMeter_core.jar:5.6.3]
	at org.apache.jmeter.threads.JMeterThread.processSampler(JMeterThread.java:501) [ApacheJMeter_core.jar:5.6.3]
	at org.apache.jmeter.threads.JMeterThread.run(JMeterThread.java:268) [ApacheJMeter_core.jar:5.6.3]
	at java.base/java.lang.Thread.run(Unknown Source) [?:?]
Caused by: java.lang.IllegalStateException: start charging session failed with HTTP 409: {"timestamp":"2026-07-02T00:57:04.306182476Z","status":409,"error":"Conflict","message":"Connector is not available for charging.","path":"/api/v1/sessions/start"}
	at java.base/jdk.internal.reflect.NativeConstructorAccessorImpl.newInstance0(Native Method) ~[?:?]
	at java.base/jdk.internal.reflect.NativeConstructorAccessorImpl.newInstance(Unknown Source) ~[?:?]
	at java.base/jdk.internal.reflect.DelegatingConstructorAccessorImpl.newInstance(Unknown Source) ~[?:?]
	at java.base/java.lang.reflect.Constructor.newInstanceWithCaller(Unknown Source) ~[?:?]
	at java.base/java.lang.reflect.Constructor.newInstance(Unknown Source) ~[?:?]
	at org.codehaus.groovy.reflection.CachedConstructor.invoke(CachedConstructor.java:72) ~[groovy-3.0.20.jar:3.0.20]
	at org.codehaus.groovy.reflection.CachedConstructor.doConstructorInvoke(CachedConstructor.java:59) ~[groovy-3.0.20.jar:3.0.20]
	at org.codehaus.groovy.runtime.callsite.ConstructorSite$ConstructorSiteNoUnwrap.callConstructor(ConstructorSite.java:84) ~[groovy-3.0.20.jar:3.0.20]
	at org.codehaus.groovy.runtime.callsite.AbstractCallSite.callConstructor(AbstractCallSite.java:277) ~[groovy-3.0.20.jar:3.0.20]
	at Script1$_run_closure8.doCall(Script1.groovy:145) ~[?:?]
	at jdk.internal.reflect.GeneratedMethodAccessor26.invoke(Unknown Source) ~[?:?]
	at java.base/jdk.internal.reflect.DelegatingMethodAccessorImpl.invoke(Unknown Source) ~[?:?]
	at java.base/java.lang.reflect.Method.invoke(Unknown Source) ~[?:?]
	at org.codehaus.groovy.reflection.CachedMethod.invoke(CachedMethod.java:107) ~[groovy-3.0.20.jar:3.0.20]
	at groovy.lang.MetaMethod.doMethodInvoke(MetaMethod.java:323) ~[groovy-3.0.20.jar:3.0.20]
	at org.codehaus.groovy.runtime.metaclass.ClosureMetaClass.invokeMethod(ClosureMetaClass.java:274) ~[groovy-3.0.20.jar:3.0.20]
	at groovy.lang.MetaClassImpl.invokeMethod(MetaClassImpl.java:1030) ~[groovy-3.0.20.jar:3.0.20]
	at org.codehaus.groovy.runtime.callsite.PogoMetaClassSite.call(PogoMetaClassSite.java:38) ~[groovy-3.0.20.jar:3.0.20]
	at org.codehaus.groovy.runtime.callsite.AbstractCallSite.call(AbstractCallSite.java:157) ~[groovy-3.0.20.jar:3.0.20]
	at Script1$_run_closure15.doCall(Script1.groovy:423) ~[?:?]
	at jdk.internal.reflect.GeneratedMethodAccessor67.invoke(Unknown Source) ~[?:?]
	at java.base/jdk.internal.reflect.DelegatingMethodAccessorImpl.invoke(Unknown Source) ~[?:?]
	at java.base/java.lang.reflect.Method.invoke(Unknown Source) ~[?:?]
	at org.codehaus.groovy.reflection.CachedMethod.invoke(CachedMethod.java:107) ~[groovy-3.0.20.jar:3.0.20]
	at groovy.lang.MetaMethod.doMethodInvoke(MetaMethod.java:323) ~[groovy-3.0.20.jar:3.0.20]
	at org.codehaus.groovy.runtime.metaclass.ClosureMetaClass.invokeMethod(ClosureMetaClass.java:274) ~[groovy-3.0.20.jar:3.0.20]
	at groovy.lang.MetaClassImpl.invokeMethod(MetaClassImpl.java:1030) ~[groovy-3.0.20.jar:3.0.20]
	at org.codehaus.groovy.runtime.callsite.PogoMetaClassSite.call(PogoMetaClassSite.java:38) ~[groovy-3.0.20.jar:3.0.20]
	at org.codehaus.groovy.runtime.callsite.AbstractCallSite.call(AbstractCallSite.java:139) ~[groovy-3.0.20.jar:3.0.20]
	at Script1.run(Script1.groovy:553) ~[?:?]
	at org.codehaus.groovy.jsr223.GroovyScriptEngineImpl.eval(GroovyScriptEngineImpl.java:317) ~[groovy-jsr223-3.0.20.jar:3.0.20]
	... 9 more
2026-07-02 00:57:04,336 INFO o.a.j.r.Summariser: summary +      3 in 00:02:11 =    0.0/s Avg: 10831 Min: 10789 Max: 10906 Err:     3 (100.00%) Active: 20 Started: 22 Finished: 2
2026-07-02 00:57:04,337 INFO o.a.j.t.JMeterThread: Thread is done: 100 driver charging journeys 1-21
2026-07-02 00:57:04,337 INFO o.a.j.t.JMeterThread: Thread finished: 100 driver charging journeys 1-21
2026-07-02 00:57:04,678 INFO o.a.j.p.j.s.J.Full charging journey with SSE: [electrahub-jmeter][full][002] step=stop charging session
2026-07-02 00:57:04,843 INFO o.a.j.p.j.s.J.Full charging journey with SSE: [electrahub-jmeter][full][022] step=start charging attempt 5
2026-07-02 00:57:04,915 INFO o.a.j.p.j.s.J.Full charging journey with SSE: [electrahub-jmeter][full][022] http POST /session/api/v1/sessions/start status=409 elapsedMs=69
2026-07-02 00:57:04,916 INFO o.a.j.p.j.s.J.Full charging journey with SSE: [electrahub-jmeter][full][022] start skipped EH-US-CHG-0026/CON-US-0026 HTTP 409; trying next connector
2026-07-02 00:57:05,174 INFO o.a.j.p.j.s.J.Full charging journey with SSE: [electrahub-jmeter][full][011] sse ok connected=1 snapshot=2 updates=25 receipts=0 heartbeats=0
2026-07-02 00:57:05,175 INFO o.a.j.p.j.s.J.Full charging journey with SSE: [electrahub-jmeter][full][011] holding session for 49s before stop
2026-07-02 00:57:05,541 INFO o.a.j.t.JMeterThread: Thread started: 100 driver charging journeys 1-23
2026-07-02 00:57:05,546 INFO o.a.j.p.j.s.J.Full charging journey with SSE: [electrahub-jmeter][full][023] step=register
2026-07-02 00:57:05,734 INFO o.a.j.p.j.s.J.Full charging journey with SSE: [electrahub-jmeter][full][023] http POST /auth/api/auth/register status=200 elapsedMs=187
2026-07-02 00:57:05,735 INFO o.a.j.p.j.s.J.Full charging journey with SSE: [electrahub-jmeter][full][023] registered uid=2dabd1d7-b98d-4ae1-97a6-133e410ba2d6
2026-07-02 00:57:05,741 INFO o.a.j.p.j.s.J.Full charging journey with SSE: [electrahub-jmeter][full][023] step=payment state before setup
2026-07-02 00:57:05,808 INFO o.a.j.p.j.s.J.Full charging journey with SSE: [electrahub-jmeter][full][023] http GET /payment/api/v1/payment/state status=451 elapsedMs=66
2026-07-02 00:57:05,810 INFO o.a.j.p.j.s.J.Full charging journey with SSE: [electrahub-jmeter][full][023] step=accept terms
2026-07-02 00:57:05,877 INFO o.a.j.p.j.s.J.Full charging journey with SSE: [electrahub-jmeter][full][023] http POST /auth/api/terms/accept status=201 elapsedMs=66
2026-07-02 00:57:05,878 INFO o.a.j.p.j.s.J.Full charging journey with SSE: [electrahub-jmeter][full][023] accepted terms; refreshing token through login
2026-07-02 00:57:05,879 INFO o.a.j.p.j.s.J.Full charging journey with SSE: [electrahub-jmeter][full][023] step=login
2026-07-02 00:57:05,917 INFO o.a.j.p.j.s.J.Full charging journey with SSE: [electrahub-jmeter][full][022] step=start charging attempt 6
2026-07-02 00:57:06,035 INFO o.a.j.p.j.s.J.Full charging journey with SSE: [electrahub-jmeter][full][023] http POST /auth/api/auth/login status=200 elapsedMs=156
2026-07-02 00:57:06,036 INFO o.a.j.p.j.s.J.Full charging journey with SSE: [electrahub-jmeter][full][023] logged in uid=2dabd1d7-b98d-4ae1-97a6-133e410ba2d6
2026-07-02 00:57:06,037 INFO o.a.j.p.j.s.J.Full charging journey with SSE: [electrahub-jmeter][full][023] step=payment state after terms
2026-07-02 00:57:06,050 INFO o.a.j.p.j.s.J.Full charging journey with SSE: [electrahub-jmeter][full][022] http POST /session/api/v1/sessions/start status=409 elapsedMs=93
2026-07-02 00:57:06,051 INFO o.a.j.p.j.s.J.Full charging journey with SSE: [electrahub-jmeter][full][022] start skipped EH-US-CHG-0027/CON-US-0027 HTTP 409; trying next connector
2026-07-02 00:57:06,098 INFO o.a.j.p.j.s.J.Full charging journey with SSE: [electrahub-jmeter][full][023] http GET /payment/api/v1/payment/state status=200 elapsedMs=61
2026-07-02 00:57:06,099 INFO o.a.j.p.j.s.J.Full charging journey with SSE: [electrahub-jmeter][full][023] step=add card
2026-07-02 00:57:06,162 INFO o.a.j.p.j.s.J.Full charging journey with SSE: [electrahub-jmeter][full][023] http POST /payment/api/v1/payment/cards status=201 elapsedMs=62
2026-07-02 00:57:06,163 INFO o.a.j.p.j.s.J.Full charging journey with SSE: [electrahub-jmeter][full][023] step=wallet topup
2026-07-02 00:57:06,228 INFO o.a.j.p.j.s.J.Full charging journey with SSE: [electrahub-jmeter][full][023] http POST /payment/api/v1/payment/wallet/topups status=201 elapsedMs=64
2026-07-02 00:57:06,229 INFO o.a.j.p.j.s.J.Full charging journey with SSE: [electrahub-jmeter][full][023] step=payment state after setup
2026-07-02 00:57:06,295 INFO o.a.j.p.j.s.J.Full charging journey with SSE: [electrahub-jmeter][full][023] http GET /payment/api/v1/payment/state status=200 elapsedMs=65
2026-07-02 00:57:06,296 INFO o.a.j.p.j.s.J.Full charging journey with SSE: [electrahub-jmeter][full][023] payment ready wallet=120.00
2026-07-02 00:57:06,297 INFO o.a.j.p.j.s.J.Full charging journey with SSE: [electrahub-jmeter][full][023] step=charger graphql list
2026-07-02 00:57:06,396 INFO o.a.j.p.j.s.J.Full charging journey with SSE: [electrahub-jmeter][full][023] http POST /charger/graphql status=200 elapsedMs=97
2026-07-02 00:57:06,397 INFO o.a.j.p.j.s.J.Full charging journey with SSE: [electrahub-jmeter][full][023] dynamic connector selection found no available connector; using CSV connector
2026-07-02 00:57:06,398 INFO o.a.j.p.j.s.J.Full charging journey with SSE: [electrahub-jmeter][full][023] step=charger graphql view
2026-07-02 00:57:06,479 INFO o.a.j.p.j.s.J.Full charging journey with SSE: [electrahub-jmeter][full][023] http POST /charger/graphql status=200 elapsedMs=80
2026-07-02 00:57:06,480 INFO o.a.j.p.j.s.J.Full charging journey with SSE: [electrahub-jmeter][full][023] step=payment state before start
2026-07-02 00:57:06,540 INFO o.a.j.p.j.s.J.Full charging journey with SSE: [electrahub-jmeter][full][023] http GET /payment/api/v1/payment/state status=200 elapsedMs=60
2026-07-02 00:57:06,543 INFO o.a.j.p.j.s.J.Full charging journey with SSE: [electrahub-jmeter][full][023] using connector csv fallback attempts=10 startIndex=23/100
2026-07-02 00:57:06,544 INFO o.a.j.p.j.s.J.Full charging journey with SSE: [electrahub-jmeter][full][023] step=start charging attempt 1
2026-07-02 00:57:06,611 INFO o.a.j.p.j.s.J.Full charging journey with SSE: [electrahub-jmeter][full][023] http POST /session/api/v1/sessions/start status=409 elapsedMs=64
2026-07-02 00:57:06,612 INFO o.a.j.p.j.s.J.Full charging journey with SSE: [electrahub-jmeter][full][023] start skipped EH-US-CHG-0023/CON-US-0023 HTTP 409; trying next connector
2026-07-02 00:57:07,052 INFO o.a.j.p.j.s.J.Full charging journey with SSE: [electrahub-jmeter][full][022] step=start charging attempt 7
2026-07-02 00:57:07,120 INFO o.a.j.p.j.s.J.Full charging journey with SSE: [electrahub-jmeter][full][022] http POST /session/api/v1/sessions/start status=409 elapsedMs=67
2026-07-02 00:57:07,120 INFO o.a.j.p.j.s.J.Full charging journey with SSE: [electrahub-jmeter][full][022] start skipped EH-US-CHG-0028/CON-US-0028 HTTP 409; trying next connector
2026-07-02 00:57:07,612 INFO o.a.j.p.j.s.J.Full charging journey with SSE: [electrahub-jmeter][full][023] step=start charging attempt 2
2026-07-02 00:57:07,676 INFO o.a.j.p.j.s.J.Full charging journey with SSE: [electrahub-jmeter][full][023] http POST /session/api/v1/sessions/start status=409 elapsedMs=62
2026-07-02 00:57:07,677 INFO o.a.j.p.j.s.J.Full charging journey with SSE: [electrahub-jmeter][full][023] start skipped EH-US-CHG-0024/CON-US-0024 HTTP 409; trying next connector
2026-07-02 00:57:08,121 INFO o.a.j.p.j.s.J.Full charging journey with SSE: [electrahub-jmeter][full][022] step=start charging attempt 8
2026-07-02 00:57:08,189 INFO o.a.j.p.j.s.J.Full charging journey with SSE: [electrahub-jmeter][full][022] http POST /session/api/v1/sessions/start status=409 elapsedMs=67
2026-07-02 00:57:08,190 INFO o.a.j.p.j.s.J.Full charging journey with SSE: [electrahub-jmeter][full][022] start skipped EH-US-CHG-0029/CON-US-0029 HTTP 409; trying next connector
2026-07-02 00:57:08,194 INFO o.a.j.p.j.s.J.Full charging journey with SSE: [electrahub-jmeter][full][002] http POST /session/api/v1/sessions/73118c4f-57b2-414c-81c4-df7288d8a034/stop status=204 elapsedMs=3515
2026-07-02 00:57:08,195 INFO o.a.j.p.j.s.J.Full charging journey with SSE: [electrahub-jmeter][full][002] stop requested session=73118c4f-57b2-414c-81c4-df7288d8a034
2026-07-02 00:57:08,196 INFO o.a.j.p.j.s.J.Full charging journey with SSE: [electrahub-jmeter][full][002] step=active sessions
2026-07-02 00:57:08,678 INFO o.a.j.p.j.s.J.Full charging journey with SSE: [electrahub-jmeter][full][023] step=start charging attempt 3
2026-07-02 00:57:08,748 INFO o.a.j.p.j.s.J.Full charging journey with SSE: [electrahub-jmeter][full][023] http POST /session/api/v1/sessions/start status=409 elapsedMs=69
2026-07-02 00:57:08,749 INFO o.a.j.p.j.s.J.Full charging journey with SSE: [electrahub-jmeter][full][023] start skipped EH-US-CHG-0025/CON-US-0025 HTTP 409; trying next connector
2026-07-02 00:57:09,165 INFO o.a.j.p.j.s.J.Full charging journey with SSE: [electrahub-jmeter][full][001] step=active sessions
2026-07-02 00:57:09,191 INFO o.a.j.p.j.s.J.Full charging journey with SSE: [electrahub-jmeter][full][022] step=start charging attempt 9
2026-07-02 00:57:09,208 INFO o.a.j.p.j.s.J.Full charging journey with SSE: [electrahub-jmeter][full][002] http GET /session/api/v1/sessions/active status=200 elapsedMs=1011
2026-07-02 00:57:09,232 INFO o.a.j.p.j.s.J.Full charging journey with SSE: [electrahub-jmeter][full][001] http GET /session/api/v1/sessions/active status=200 elapsedMs=66
2026-07-02 00:57:09,234 INFO o.a.j.p.j.s.J.Full charging journey with SSE: [electrahub-jmeter][full][001] step=receipt
2026-07-02 00:57:09,272 INFO o.a.j.p.j.s.J.Full charging journey with SSE: [electrahub-jmeter][full][022] http POST /session/api/v1/sessions/start status=409 elapsedMs=79
2026-07-02 00:57:09,273 INFO o.a.j.p.j.s.J.Full charging journey with SSE: [electrahub-jmeter][full][022] start skipped EH-US-CHG-0030/CON-US-0030 HTTP 409; trying next connector
2026-07-02 00:57:09,302 INFO o.a.j.p.j.s.J.Full charging journey with SSE: [electrahub-jmeter][full][001] http GET /session/api/v1/sessions/5bc9b0a4-b0a4-4478-92e6-808dd4fcf364/receipt status=200 elapsedMs=67
2026-07-02 00:57:09,304 INFO o.a.j.p.j.s.J.Full charging journey with SSE: [electrahub-jmeter][full][001] step=session history
2026-07-02 00:57:09,372 INFO o.a.j.p.j.s.J.Full charging journey with SSE: [electrahub-jmeter][full][001] http GET /session/api/v1/sessions/history?page=0&size=10 status=200 elapsedMs=68
2026-07-02 00:57:09,373 INFO o.a.j.p.j.s.J.Full charging journey with SSE: [electrahub-jmeter][full][001] step=dashboard stats
2026-07-02 00:57:09,443 INFO o.a.j.p.j.s.J.Full charging journey with SSE: [electrahub-jmeter][full][001] http GET /session/api/v1/sessions/dashboard-stats status=200 elapsedMs=69
2026-07-02 00:57:09,444 INFO o.a.j.p.j.s.J.Full charging journey with SSE: [electrahub-jmeter][full][001] receipt ok session=5bc9b0a4-b0a4-4478-92e6-808dd4fcf364 status=Completed total=1.8737
2026-07-02 00:57:09,454 INFO o.a.j.t.JMeterThread: Thread is done: 100 driver charging journeys 1-1
2026-07-02 00:57:09,455 INFO o.a.j.t.JMeterThread: Thread finished: 100 driver charging journeys 1-1
2026-07-02 00:57:09,750 INFO o.a.j.p.j.s.J.Full charging journey with SSE: [electrahub-jmeter][full][023] step=start charging attempt 4
2026-07-02 00:57:09,821 INFO o.a.j.p.j.s.J.Full charging journey with SSE: [electrahub-jmeter][full][023] http POST /session/api/v1/sessions/start status=409 elapsedMs=70
2026-07-02 00:57:09,821 INFO o.a.j.p.j.s.J.Full charging journey with SSE: [electrahub-jmeter][full][023] start skipped EH-US-CHG-0026/CON-US-0026 HTTP 409; trying next connector
2026-07-02 00:57:10,274 INFO o.a.j.p.j.s.J.Full charging journey with SSE: [electrahub-jmeter][full][022] step=start charging attempt 10
2026-07-02 00:57:10,349 INFO o.a.j.p.j.s.J.Full charging journey with SSE: [electrahub-jmeter][full][022] http POST /session/api/v1/sessions/start status=409 elapsedMs=74
2026-07-02 00:57:10,350 ERROR o.a.j.p.j.s.J.Full charging journey with SSE: [electrahub-jmeter][full][022] failed
java.lang.IllegalStateException: start charging session failed with HTTP 409: {"timestamp":"2026-07-02T00:57:10.324510976Z","status":409,"error":"Conflict","message":"Connector is not available for charging.","path":"/api/v1/sessions/start"}
	at java.base/jdk.internal.reflect.NativeConstructorAccessorImpl.newInstance0(Native Method) ~[?:?]
	at java.base/jdk.internal.reflect.NativeConstructorAccessorImpl.newInstance(Unknown Source) ~[?:?]
	at java.base/jdk.internal.reflect.DelegatingConstructorAccessorImpl.newInstance(Unknown Source) ~[?:?]
	at java.base/java.lang.reflect.Constructor.newInstanceWithCaller(Unknown Source) ~[?:?]
	at java.base/java.lang.reflect.Constructor.newInstance(Unknown Source) ~[?:?]
	at org.codehaus.groovy.reflection.CachedConstructor.invoke(CachedConstructor.java:72) ~[groovy-3.0.20.jar:3.0.20]
	at org.codehaus.groovy.reflection.CachedConstructor.doConstructorInvoke(CachedConstructor.java:59) ~[groovy-3.0.20.jar:3.0.20]
	at org.codehaus.groovy.runtime.callsite.ConstructorSite$ConstructorSiteNoUnwrap.callConstructor(ConstructorSite.java:84) ~[groovy-3.0.20.jar:3.0.20]
	at org.codehaus.groovy.runtime.callsite.AbstractCallSite.callConstructor(AbstractCallSite.java:277) ~[groovy-3.0.20.jar:3.0.20]
	at Script1$_run_closure8.doCall(Script1.groovy:145) ~[?:?]
	at jdk.internal.reflect.GeneratedMethodAccessor26.invoke(Unknown Source) ~[?:?]
	at java.base/jdk.internal.reflect.DelegatingMethodAccessorImpl.invoke(Unknown Source) ~[?:?]
	at java.base/java.lang.reflect.Method.invoke(Unknown Source) ~[?:?]
	at org.codehaus.groovy.reflection.CachedMethod.invoke(CachedMethod.java:107) ~[groovy-3.0.20.jar:3.0.20]
	at groovy.lang.MetaMethod.doMethodInvoke(MetaMethod.java:323) ~[groovy-3.0.20.jar:3.0.20]
	at org.codehaus.groovy.runtime.metaclass.ClosureMetaClass.invokeMethod(ClosureMetaClass.java:274) ~[groovy-3.0.20.jar:3.0.20]
	at groovy.lang.MetaClassImpl.invokeMethod(MetaClassImpl.java:1030) ~[groovy-3.0.20.jar:3.0.20]
	at org.codehaus.groovy.runtime.callsite.PogoMetaClassSite.call(PogoMetaClassSite.java:38) ~[groovy-3.0.20.jar:3.0.20]
	at org.codehaus.groovy.runtime.callsite.AbstractCallSite.call(AbstractCallSite.java:157) ~[groovy-3.0.20.jar:3.0.20]
	at Script1$_run_closure15.doCall(Script1.groovy:423) ~[?:?]
	at jdk.internal.reflect.GeneratedMethodAccessor67.invoke(Unknown Source) ~[?:?]
	at java.base/jdk.internal.reflect.DelegatingMethodAccessorImpl.invoke(Unknown Source) ~[?:?]
	at java.base/java.lang.reflect.Method.invoke(Unknown Source) ~[?:?]
	at org.codehaus.groovy.reflection.CachedMethod.invoke(CachedMethod.java:107) ~[groovy-3.0.20.jar:3.0.20]
	at groovy.lang.MetaMethod.doMethodInvoke(MetaMethod.java:323) ~[groovy-3.0.20.jar:3.0.20]
	at org.codehaus.groovy.runtime.metaclass.ClosureMetaClass.invokeMethod(ClosureMetaClass.java:274) ~[groovy-3.0.20.jar:3.0.20]
	at groovy.lang.MetaClassImpl.invokeMethod(MetaClassImpl.java:1030) ~[groovy-3.0.20.jar:3.0.20]
	at org.codehaus.groovy.runtime.callsite.PogoMetaClassSite.call(PogoMetaClassSite.java:38) ~[groovy-3.0.20.jar:3.0.20]
	at org.codehaus.groovy.runtime.callsite.AbstractCallSite.call(AbstractCallSite.java:139) [groovy-3.0.20.jar:3.0.20]
	at Script1.run(Script1.groovy:553) [script:?]
	at org.codehaus.groovy.jsr223.GroovyScriptEngineImpl.eval(GroovyScriptEngineImpl.java:317) [groovy-jsr223-3.0.20.jar:3.0.20]
	at org.codehaus.groovy.jsr223.GroovyCompiledScript.eval(GroovyCompiledScript.java:71) [groovy-jsr223-3.0.20.jar:3.0.20]
	at java.scripting/javax.script.CompiledScript.eval(Unknown Source) [java.scripting:?]
	at org.apache.jmeter.util.JSR223TestElement.processFileOrScript(JSR223TestElement.java:216) [ApacheJMeter_core.jar:5.6.3]
	at org.apache.jmeter.protocol.java.sampler.JSR223Sampler.sample(JSR223Sampler.java:72) [ApacheJMeter_java.jar:5.6.3]
	at org.apache.jmeter.threads.JMeterThread.doSampling(JMeterThread.java:651) [ApacheJMeter_core.jar:5.6.3]
	at org.apache.jmeter.threads.JMeterThread.executeSamplePackage(JMeterThread.java:570) [ApacheJMeter_core.jar:5.6.3]
	at org.apache.jmeter.threads.JMeterThread.processSampler(JMeterThread.java:501) [ApacheJMeter_core.jar:5.6.3]
	at org.apache.jmeter.threads.JMeterThread.run(JMeterThread.java:268) [ApacheJMeter_core.jar:5.6.3]
	at java.base/java.lang.Thread.run(Unknown Source) [?:?]
2026-07-02 00:57:10,352 ERROR o.a.j.p.j.s.JSR223Sampler: Problem in JSR223 script Full charging journey with SSE, message: javax.script.ScriptException: java.lang.IllegalStateException: start charging session failed with HTTP 409: {"timestamp":"2026-07-02T00:57:10.324510976Z","status":409,"error":"Conflict","message":"Connector is not available for charging.","path":"/api/v1/sessions/start"}
javax.script.ScriptException: java.lang.IllegalStateException: start charging session failed with HTTP 409: {"timestamp":"2026-07-02T00:57:10.324510976Z","status":409,"error":"Conflict","message":"Connector is not available for charging.","path":"/api/v1/sessions/start"}
	at org.codehaus.groovy.jsr223.GroovyScriptEngineImpl.eval(GroovyScriptEngineImpl.java:320) ~[groovy-jsr223-3.0.20.jar:3.0.20]
	at org.codehaus.groovy.jsr223.GroovyCompiledScript.eval(GroovyCompiledScript.java:71) ~[groovy-jsr223-3.0.20.jar:3.0.20]
	at java.scripting/javax.script.CompiledScript.eval(Unknown Source) ~[java.scripting:?]
	at org.apache.jmeter.util.JSR223TestElement.processFileOrScript(JSR223TestElement.java:216) ~[ApacheJMeter_core.jar:5.6.3]
	at org.apache.jmeter.protocol.java.sampler.JSR223Sampler.sample(JSR223Sampler.java:72) [ApacheJMeter_java.jar:5.6.3]
	at org.apache.jmeter.threads.JMeterThread.doSampling(JMeterThread.java:651) [ApacheJMeter_core.jar:5.6.3]
	at org.apache.jmeter.threads.JMeterThread.executeSamplePackage(JMeterThread.java:570) [ApacheJMeter_core.jar:5.6.3]
	at org.apache.jmeter.threads.JMeterThread.processSampler(JMeterThread.java:501) [ApacheJMeter_core.jar:5.6.3]
	at org.apache.jmeter.threads.JMeterThread.run(JMeterThread.java:268) [ApacheJMeter_core.jar:5.6.3]
	at java.base/java.lang.Thread.run(Unknown Source) [?:?]
Caused by: java.lang.IllegalStateException: start charging session failed with HTTP 409: {"timestamp":"2026-07-02T00:57:10.324510976Z","status":409,"error":"Conflict","message":"Connector is not available for charging.","path":"/api/v1/sessions/start"}
	at java.base/jdk.internal.reflect.NativeConstructorAccessorImpl.newInstance0(Native Method) ~[?:?]
	at java.base/jdk.internal.reflect.NativeConstructorAccessorImpl.newInstance(Unknown Source) ~[?:?]
	at java.base/jdk.internal.reflect.DelegatingConstructorAccessorImpl.newInstance(Unknown Source) ~[?:?]
	at java.base/java.lang.reflect.Constructor.newInstanceWithCaller(Unknown Source) ~[?:?]
	at java.base/java.lang.reflect.Constructor.newInstance(Unknown Source) ~[?:?]
	at org.codehaus.groovy.reflection.CachedConstructor.invoke(CachedConstructor.java:72) ~[groovy-3.0.20.jar:3.0.20]
	at org.codehaus.groovy.reflection.CachedConstructor.doConstructorInvoke(CachedConstructor.java:59) ~[groovy-3.0.20.jar:3.0.20]
	at org.codehaus.groovy.runtime.callsite.ConstructorSite$ConstructorSiteNoUnwrap.callConstructor(ConstructorSite.java:84) ~[groovy-3.0.20.jar:3.0.20]
	at org.codehaus.groovy.runtime.callsite.AbstractCallSite.callConstructor(AbstractCallSite.java:277) ~[groovy-3.0.20.jar:3.0.20]
	at Script1$_run_closure8.doCall(Script1.groovy:145) ~[?:?]
	at jdk.internal.reflect.GeneratedMethodAccessor26.invoke(Unknown Source) ~[?:?]
	at java.base/jdk.internal.reflect.DelegatingMethodAccessorImpl.invoke(Unknown Source) ~[?:?]
	at java.base/java.lang.reflect.Method.invoke(Unknown Source) ~[?:?]
	at org.codehaus.groovy.reflection.CachedMethod.invoke(CachedMethod.java:107) ~[groovy-3.0.20.jar:3.0.20]
	at groovy.lang.MetaMethod.doMethodInvoke(MetaMethod.java:323) ~[groovy-3.0.20.jar:3.0.20]
	at org.codehaus.groovy.runtime.metaclass.ClosureMetaClass.invokeMethod(ClosureMetaClass.java:274) ~[groovy-3.0.20.jar:3.0.20]
	at groovy.lang.MetaClassImpl.invokeMethod(MetaClassImpl.java:1030) ~[groovy-3.0.20.jar:3.0.20]
	at org.codehaus.groovy.runtime.callsite.PogoMetaClassSite.call(PogoMetaClassSite.java:38) ~[groovy-3.0.20.jar:3.0.20]
	at org.codehaus.groovy.runtime.callsite.AbstractCallSite.call(AbstractCallSite.java:157) ~[groovy-3.0.20.jar:3.0.20]
	at Script1$_run_closure15.doCall(Script1.groovy:423) ~[?:?]
	at jdk.internal.reflect.GeneratedMethodAccessor67.invoke(Unknown Source) ~[?:?]
	at java.base/jdk.internal.reflect.DelegatingMethodAccessorImpl.invoke(Unknown Source) ~[?:?]
	at java.base/java.lang.reflect.Method.invoke(Unknown Source) ~[?:?]
	at org.codehaus.groovy.reflection.CachedMethod.invoke(CachedMethod.java:107) ~[groovy-3.0.20.jar:3.0.20]
	at groovy.lang.MetaMethod.doMethodInvoke(MetaMethod.java:323) ~[groovy-3.0.20.jar:3.0.20]
	at org.codehaus.groovy.runtime.metaclass.ClosureMetaClass.invokeMethod(ClosureMetaClass.java:274) ~[groovy-3.0.20.jar:3.0.20]
	at groovy.lang.MetaClassImpl.invokeMethod(MetaClassImpl.java:1030) ~[groovy-3.0.20.jar:3.0.20]
	at org.codehaus.groovy.runtime.callsite.PogoMetaClassSite.call(PogoMetaClassSite.java:38) ~[groovy-3.0.20.jar:3.0.20]
	at org.codehaus.groovy.runtime.callsite.AbstractCallSite.call(AbstractCallSite.java:139) ~[groovy-3.0.20.jar:3.0.20]
	at Script1.run(Script1.groovy:553) ~[?:?]
	at org.codehaus.groovy.jsr223.GroovyScriptEngineImpl.eval(GroovyScriptEngineImpl.java:317) ~[groovy-jsr223-3.0.20.jar:3.0.20]
	... 9 more
2026-07-02 00:57:10,354 INFO o.a.j.t.JMeterThread: Thread is done: 100 driver charging journeys 1-22
2026-07-02 00:57:10,355 INFO o.a.j.t.JMeterThread: Thread finished: 100 driver charging journeys 1-22
2026-07-02 00:57:10,728 INFO o.a.j.p.j.s.J.Full charging journey with SSE: [electrahub-jmeter][full][003] step=stop charging session
2026-07-02 00:57:10,822 INFO o.a.j.p.j.s.J.Full charging journey with SSE: [electrahub-jmeter][full][023] step=start charging attempt 5
2026-07-02 00:57:10,896 INFO o.a.j.p.j.s.J.Full charging journey with SSE: [electrahub-jmeter][full][023] http POST /session/api/v1/sessions/start status=409 elapsedMs=73
2026-07-02 00:57:10,897 INFO o.a.j.p.j.s.J.Full charging journey with SSE: [electrahub-jmeter][full][023] start skipped EH-US-CHG-0027/CON-US-0027 HTTP 409; trying next connector
2026-07-02 00:57:11,214 INFO o.a.j.p.j.s.J.Full charging journey with SSE: [electrahub-jmeter][full][012] sse ok connected=1 snapshot=2 updates=23 receipts=0 heartbeats=0
2026-07-02 00:57:11,214 INFO o.a.j.p.j.s.J.Full charging journey with SSE: [electrahub-jmeter][full][012] holding session for 49s before stop
2026-07-02 00:57:11,542 INFO o.a.j.t.JMeterThread: Thread started: 100 driver charging journeys 1-24
2026-07-02 00:57:11,547 INFO o.a.j.p.j.s.J.Full charging journey with SSE: [electrahub-jmeter][full][024] step=register
2026-07-02 00:57:11,732 INFO o.a.j.p.j.s.J.Full charging journey with SSE: [electrahub-jmeter][full][024] http POST /auth/api/auth/register status=200 elapsedMs=184
2026-07-02 00:57:11,733 INFO o.a.j.p.j.s.J.Full charging journey with SSE: [electrahub-jmeter][full][024] registered uid=dc47332e-b5ab-44aa-b59c-d4aed392c30a
2026-07-02 00:57:11,740 INFO o.a.j.p.j.s.J.Full charging journey with SSE: [electrahub-jmeter][full][024] step=payment state before setup
2026-07-02 00:57:11,803 INFO o.a.j.p.j.s.J.Full charging journey with SSE: [electrahub-jmeter][full][024] http GET /payment/api/v1/payment/state status=451 elapsedMs=62
2026-07-02 00:57:11,804 INFO o.a.j.p.j.s.J.Full charging journey with SSE: [electrahub-jmeter][full][024] step=accept terms
2026-07-02 00:57:11,898 INFO o.a.j.p.j.s.J.Full charging journey with SSE: [electrahub-jmeter][full][023] step=start charging attempt 6
2026-07-02 00:57:11,909 INFO o.a.j.p.j.s.J.Full charging journey with SSE: [electrahub-jmeter][full][024] http POST /auth/api/terms/accept status=201 elapsedMs=103
2026-07-02 00:57:11,910 INFO o.a.j.p.j.s.J.Full charging journey with SSE: [electrahub-jmeter][full][024] accepted terms; refreshing token through login
2026-07-02 00:57:11,910 INFO o.a.j.p.j.s.J.Full charging journey with SSE: [electrahub-jmeter][full][024] step=login
2026-07-02 00:57:11,964 INFO o.a.j.p.j.s.J.Full charging journey with SSE: [electrahub-jmeter][full][023] http POST /session/api/v1/sessions/start status=409 elapsedMs=65
2026-07-02 00:57:11,965 INFO o.a.j.p.j.s.J.Full charging journey with SSE: [electrahub-jmeter][full][023] start skipped EH-US-CHG-0028/CON-US-0028 HTTP 409; trying next connector
2026-07-02 00:57:12,055 INFO o.a.j.p.j.s.J.Full charging journey with SSE: [electrahub-jmeter][full][024] http POST /auth/api/auth/login status=200 elapsedMs=144
2026-07-02 00:57:12,056 INFO o.a.j.p.j.s.J.Full charging journey with SSE: [electrahub-jmeter][full][024] logged in uid=dc47332e-b5ab-44aa-b59c-d4aed392c30a
2026-07-02 00:57:12,057 INFO o.a.j.p.j.s.J.Full charging journey with SSE: [electrahub-jmeter][full][024] step=payment state after terms
2026-07-02 00:57:12,123 INFO o.a.j.p.j.s.J.Full charging journey with SSE: [electrahub-jmeter][full][024] http GET /payment/api/v1/payment/state status=200 elapsedMs=66
2026-07-02 00:57:12,124 INFO o.a.j.p.j.s.J.Full charging journey with SSE: [electrahub-jmeter][full][024] step=add card
2026-07-02 00:57:12,188 INFO o.a.j.p.j.s.J.Full charging journey with SSE: [electrahub-jmeter][full][024] http POST /payment/api/v1/payment/cards status=201 elapsedMs=62
2026-07-02 00:57:12,189 INFO o.a.j.p.j.s.J.Full charging journey with SSE: [electrahub-jmeter][full][024] step=wallet topup
2026-07-02 00:57:12,256 INFO o.a.j.p.j.s.J.Full charging journey with SSE: [electrahub-jmeter][full][024] http POST /payment/api/v1/payment/wallet/topups status=201 elapsedMs=66
2026-07-02 00:57:12,257 INFO o.a.j.p.j.s.J.Full charging journey with SSE: [electrahub-jmeter][full][024] step=payment state after setup
2026-07-02 00:57:12,327 INFO o.a.j.p.j.s.J.Full charging journey with SSE: [electrahub-jmeter][full][024] http GET /payment/api/v1/payment/state status=200 elapsedMs=69
2026-07-02 00:57:12,329 INFO o.a.j.p.j.s.J.Full charging journey with SSE: [electrahub-jmeter][full][024] payment ready wallet=120.00
2026-07-02 00:57:12,330 INFO o.a.j.p.j.s.J.Full charging journey with SSE: [electrahub-jmeter][full][024] step=charger graphql list
2026-07-02 00:57:12,449 INFO o.a.j.p.j.s.J.Full charging journey with SSE: [electrahub-jmeter][full][024] http POST /charger/graphql status=200 elapsedMs=118
2026-07-02 00:57:12,451 INFO o.a.j.p.j.s.J.Full charging journey with SSE: [electrahub-jmeter][full][024] dynamic connector selection found no available connector; using CSV connector
2026-07-02 00:57:12,452 INFO o.a.j.p.j.s.J.Full charging journey with SSE: [electrahub-jmeter][full][024] step=charger graphql view
2026-07-02 00:57:12,530 INFO o.a.j.p.j.s.J.Full charging journey with SSE: [electrahub-jmeter][full][024] http POST /charger/graphql status=200 elapsedMs=77
2026-07-02 00:57:12,531 INFO o.a.j.p.j.s.J.Full charging journey with SSE: [electrahub-jmeter][full][024] step=payment state before start
2026-07-02 00:57:12,590 INFO o.a.j.p.j.s.J.Full charging journey with SSE: [electrahub-jmeter][full][024] http GET /payment/api/v1/payment/state status=200 elapsedMs=59
2026-07-02 00:57:12,595 INFO o.a.j.p.j.s.J.Full charging journey with SSE: [electrahub-jmeter][full][024] using connector csv fallback attempts=10 startIndex=24/100
2026-07-02 00:57:12,596 INFO o.a.j.p.j.s.J.Full charging journey with SSE: [electrahub-jmeter][full][024] step=start charging attempt 1
2026-07-02 00:57:12,671 INFO o.a.j.p.j.s.J.Full charging journey with SSE: [electrahub-jmeter][full][024] http POST /session/api/v1/sessions/start status=409 elapsedMs=74
2026-07-02 00:57:12,672 INFO o.a.j.p.j.s.J.Full charging journey with SSE: [electrahub-jmeter][full][024] start skipped EH-US-CHG-0024/CON-US-0024 HTTP 409; trying next connector
2026-07-02 00:57:12,966 INFO o.a.j.p.j.s.J.Full charging journey with SSE: [electrahub-jmeter][full][023] step=start charging attempt 7
2026-07-02 00:57:13,097 INFO o.a.j.p.j.s.J.Full charging journey with SSE: [electrahub-jmeter][full][023] http POST /session/api/v1/sessions/start status=409 elapsedMs=130
2026-07-02 00:57:13,098 INFO o.a.j.p.j.s.J.Full charging journey with SSE: [electrahub-jmeter][full][023] start skipped EH-US-CHG-0029/CON-US-0029 HTTP 409; trying next connector
2026-07-02 00:57:13,673 INFO o.a.j.p.j.s.J.Full charging journey with SSE: [electrahub-jmeter][full][024] step=start charging attempt 2
2026-07-02 00:57:13,750 INFO o.a.j.p.j.s.J.Full charging journey with SSE: [electrahub-jmeter][full][024] http POST /session/api/v1/sessions/start status=409 elapsedMs=75
2026-07-02 00:57:13,751 INFO o.a.j.p.j.s.J.Full charging journey with SSE: [electrahub-jmeter][full][024] start skipped EH-US-CHG-0025/CON-US-0025 HTTP 409; trying next connector
2026-07-02 00:57:14,099 INFO o.a.j.p.j.s.J.Full charging journey with SSE: [electrahub-jmeter][full][023] step=start charging attempt 8
2026-07-02 00:57:14,177 INFO o.a.j.p.j.s.J.Full charging journey with SSE: [electrahub-jmeter][full][023] http POST /session/api/v1/sessions/start status=409 elapsedMs=77
2026-07-02 00:57:14,178 INFO o.a.j.p.j.s.J.Full charging journey with SSE: [electrahub-jmeter][full][023] start skipped EH-US-CHG-0030/CON-US-0030 HTTP 409; trying next connector
2026-07-02 00:57:14,209 INFO o.a.j.p.j.s.J.Full charging journey with SSE: [electrahub-jmeter][full][002] step=active sessions
2026-07-02 00:57:14,252 INFO o.a.j.p.j.s.J.Full charging journey with SSE: [electrahub-jmeter][full][003] http POST /session/api/v1/sessions/e36889f1-84b8-4f1e-a55a-69b5dabe6b82/stop status=204 elapsedMs=3522
2026-07-02 00:57:14,252 INFO o.a.j.p.j.s.J.Full charging journey with SSE: [electrahub-jmeter][full][003] stop requested session=e36889f1-84b8-4f1e-a55a-69b5dabe6b82
2026-07-02 00:57:14,253 INFO o.a.j.p.j.s.J.Full charging journey with SSE: [electrahub-jmeter][full][003] step=active sessions
2026-07-02 00:57:14,277 INFO o.a.j.p.j.s.J.Full charging journey with SSE: [electrahub-jmeter][full][002] http GET /session/api/v1/sessions/active status=200 elapsedMs=67
2026-07-02 00:57:14,279 INFO o.a.j.p.j.s.J.Full charging journey with SSE: [electrahub-jmeter][full][002] step=receipt
2026-07-02 00:57:14,338 INFO o.a.j.p.j.s.J.Full charging journey with SSE: [electrahub-jmeter][full][002] http GET /session/api/v1/sessions/73118c4f-57b2-414c-81c4-df7288d8a034/receipt status=200 elapsedMs=59
2026-07-02 00:57:14,339 INFO o.a.j.p.j.s.J.Full charging journey with SSE: [electrahub-jmeter][full][002] step=session history
2026-07-02 00:57:14,395 INFO o.a.j.p.j.s.J.Full charging journey with SSE: [electrahub-jmeter][full][002] http GET /session/api/v1/sessions/history?page=0&size=10 status=200 elapsedMs=56
2026-07-02 00:57:14,396 INFO o.a.j.p.j.s.J.Full charging journey with SSE: [electrahub-jmeter][full][002] step=dashboard stats
2026-07-02 00:57:14,456 INFO o.a.j.p.j.s.J.Full charging journey with SSE: [electrahub-jmeter][full][002] http GET /session/api/v1/sessions/dashboard-stats status=200 elapsedMs=59
2026-07-02 00:57:14,457 INFO o.a.j.p.j.s.J.Full charging journey with SSE: [electrahub-jmeter][full][002] receipt ok session=73118c4f-57b2-414c-81c4-df7288d8a034 status=Completed total=1.8753
2026-07-02 00:57:14,458 INFO o.a.j.t.JMeterThread: Thread is done: 100 driver charging journeys 1-2
2026-07-02 00:57:14,459 INFO o.a.j.t.JMeterThread: Thread finished: 100 driver charging journeys 1-2
2026-07-02 00:57:14,752 INFO o.a.j.p.j.s.J.Full charging journey with SSE: [electrahub-jmeter][full][024] step=start charging attempt 3
2026-07-02 00:57:14,822 INFO o.a.j.p.j.s.J.Full charging journey with SSE: [electrahub-jmeter][full][024] http POST /session/api/v1/sessions/start status=409 elapsedMs=68
2026-07-02 00:57:14,822 INFO o.a.j.p.j.s.J.Full charging journey with SSE: [electrahub-jmeter][full][024] start skipped EH-US-CHG-0026/CON-US-0026 HTTP 409; trying next connector
2026-07-02 00:57:15,179 INFO o.a.j.p.j.s.J.Full charging journey with SSE: [electrahub-jmeter][full][023] step=start charging attempt 9
2026-07-02 00:57:15,253 INFO o.a.j.p.j.s.J.Full charging journey with SSE: [electrahub-jmeter][full][003] http GET /session/api/v1/sessions/active status=200 elapsedMs=999
2026-07-02 00:57:15,258 INFO o.a.j.p.j.s.J.Full charging journey with SSE: [electrahub-jmeter][full][023] http POST /session/api/v1/sessions/start status=409 elapsedMs=78
2026-07-02 00:57:15,259 INFO o.a.j.p.j.s.J.Full charging journey with SSE: [electrahub-jmeter][full][023] start skipped EH-US-CHG-0031/CON-US-0031 HTTP 409; trying next connector
2026-07-02 00:57:15,774 INFO o.a.j.p.j.s.J.Full charging journey with SSE: [electrahub-jmeter][full][004] step=stop charging session
2026-07-02 00:57:15,823 INFO o.a.j.p.j.s.J.Full charging journey with SSE: [electrahub-jmeter][full][024] step=start charging attempt 4
2026-07-02 00:57:15,902 INFO o.a.j.p.j.s.J.Full charging journey with SSE: [electrahub-jmeter][full][024] http POST /session/api/v1/sessions/start status=409 elapsedMs=78
2026-07-02 00:57:15,902 INFO o.a.j.p.j.s.J.Full charging journey with SSE: [electrahub-jmeter][full][024] start skipped EH-US-CHG-0027/CON-US-0027 HTTP 409; trying next connector
2026-07-02 00:57:16,260 INFO o.a.j.p.j.s.J.Full charging journey with SSE: [electrahub-jmeter][full][023] step=start charging attempt 10
2026-07-02 00:57:16,903 INFO o.a.j.p.j.s.J.Full charging journey with SSE: [electrahub-jmeter][full][024] step=start charging attempt 5
2026-07-02 00:57:16,991 INFO o.a.j.p.j.s.J.Full charging journey with SSE: [electrahub-jmeter][full][024] http POST /session/api/v1/sessions/start status=409 elapsedMs=87
2026-07-02 00:57:16,992 INFO o.a.j.p.j.s.J.Full charging journey with SSE: [electrahub-jmeter][full][024] start skipped EH-US-CHG-0028/CON-US-0028 HTTP 409; trying next connector
2026-07-02 00:57:17,269 INFO o.a.j.p.j.s.J.Full charging journey with SSE: [electrahub-jmeter][full][023] http POST /session/api/v1/sessions/start status=201 elapsedMs=1008
2026-07-02 00:57:17,272 INFO o.a.j.p.j.s.J.Full charging journey with SSE: [electrahub-jmeter][full][023] started session=74431877-2dc4-473c-ba83-8b78308a600a charger=EH-US-CHG-0032/CON-US-0032 status=PREPARING remote=Accepted attempt=10/10
2026-07-02 00:57:17,273 INFO o.a.j.p.j.s.J.Full charging journey with SSE: [electrahub-jmeter][full][023] step=active sessions
2026-07-02 00:57:17,543 INFO o.a.j.t.JMeterThread: Thread started: 100 driver charging journeys 1-25
2026-07-02 00:57:17,548 INFO o.a.j.p.j.s.J.Full charging journey with SSE: [electrahub-jmeter][full][025] step=register
2026-07-02 00:57:17,730 INFO o.a.j.p.j.s.J.Full charging journey with SSE: [electrahub-jmeter][full][025] http POST /auth/api/auth/register status=200 elapsedMs=181
2026-07-02 00:57:17,731 INFO o.a.j.p.j.s.J.Full charging journey with SSE: [electrahub-jmeter][full][025] registered uid=9c72cc34-69a3-4f1d-bea6-b200b48e30f9
2026-07-02 00:57:17,739 INFO o.a.j.p.j.s.J.Full charging journey with SSE: [electrahub-jmeter][full][025] step=payment state before setup
2026-07-02 00:57:17,793 INFO o.a.j.p.j.s.J.Full charging journey with SSE: [electrahub-jmeter][full][025] http GET /payment/api/v1/payment/state status=451 elapsedMs=53
2026-07-02 00:57:17,794 INFO o.a.j.p.j.s.J.Full charging journey with SSE: [electrahub-jmeter][full][025] step=accept terms
2026-07-02 00:57:17,851 INFO o.a.j.p.j.s.J.Full charging journey with SSE: [electrahub-jmeter][full][025] http POST /auth/api/terms/accept status=201 elapsedMs=56
2026-07-02 00:57:17,852 INFO o.a.j.p.j.s.J.Full charging journey with SSE: [electrahub-jmeter][full][025] accepted terms; refreshing token through login
2026-07-02 00:57:17,852 INFO o.a.j.p.j.s.J.Full charging journey with SSE: [electrahub-jmeter][full][025] step=login
2026-07-02 00:57:19,051 INFO o.a.j.p.j.s.J.Full charging journey with SSE: [electrahub-jmeter][full][024] step=start charging attempt 6
2026-07-02 00:57:19,069 INFO o.a.j.p.j.s.J.Full charging journey with SSE: [electrahub-jmeter][full][025] http POST /auth/api/auth/login status=200 elapsedMs=1216
2026-07-02 00:57:19,070 INFO o.a.j.p.j.s.J.Full charging journey with SSE: [electrahub-jmeter][full][025] logged in uid=9c72cc34-69a3-4f1d-bea6-b200b48e30f9
2026-07-02 00:57:19,070 INFO o.a.j.p.j.s.J.Full charging journey with SSE: [electrahub-jmeter][full][025] step=payment state after terms
2026-07-02 00:57:19,137 INFO o.a.j.p.j.s.J.Full charging journey with SSE: [electrahub-jmeter][full][025] http GET /payment/api/v1/payment/state status=200 elapsedMs=66
2026-07-02 00:57:19,139 INFO o.a.j.p.j.s.J.Full charging journey with SSE: [electrahub-jmeter][full][025] step=add card
2026-07-02 00:57:19,187 INFO o.a.j.p.j.s.J.Full charging journey with SSE: [electrahub-jmeter][full][024] http POST /session/api/v1/sessions/start status=409 elapsedMs=79
2026-07-02 00:57:19,188 INFO o.a.j.p.j.s.J.Full charging journey with SSE: [electrahub-jmeter][full][024] start skipped EH-US-CHG-0029/CON-US-0029 HTTP 409; trying next connector
2026-07-02 00:57:19,211 INFO o.a.j.p.j.s.J.Full charging journey with SSE: [electrahub-jmeter][full][025] http POST /payment/api/v1/payment/cards status=201 elapsedMs=71
2026-07-02 00:57:19,212 INFO o.a.j.p.j.s.J.Full charging journey with SSE: [electrahub-jmeter][full][025] step=wallet topup
2026-07-02 00:57:19,279 INFO o.a.j.p.j.s.J.Full charging journey with SSE: [electrahub-jmeter][full][025] http POST /payment/api/v1/payment/wallet/topups status=201 elapsedMs=66
2026-07-02 00:57:19,280 INFO o.a.j.p.j.s.J.Full charging journey with SSE: [electrahub-jmeter][full][025] step=payment state after setup
2026-07-02 00:57:19,338 INFO o.a.j.p.j.s.J.Full charging journey with SSE: [electrahub-jmeter][full][023] http GET /session/api/v1/sessions/active status=200 elapsedMs=2064
2026-07-02 00:57:19,361 INFO o.a.j.p.j.s.J.Full charging journey with SSE: [electrahub-jmeter][full][025] http GET /payment/api/v1/payment/state status=200 elapsedMs=80
2026-07-02 00:57:19,363 INFO o.a.j.p.j.s.J.Full charging journey with SSE: [electrahub-jmeter][full][025] payment ready wallet=120.00
2026-07-02 00:57:19,364 INFO o.a.j.p.j.s.J.Full charging journey with SSE: [electrahub-jmeter][full][025] step=charger graphql list
2026-07-02 00:57:19,396 INFO o.a.j.p.j.s.J.Full charging journey with SSE: [electrahub-jmeter][full][013] sse ok connected=1 snapshot=2 updates=25 receipts=0 heartbeats=0
2026-07-02 00:57:19,397 INFO o.a.j.p.j.s.J.Full charging journey with SSE: [electrahub-jmeter][full][013] holding session for 47s before stop
2026-07-02 00:57:19,519 INFO o.a.j.p.j.s.J.Full charging journey with SSE: [electrahub-jmeter][full][025] http POST /charger/graphql status=200 elapsedMs=154
2026-07-02 00:57:19,521 INFO o.a.j.p.j.s.J.Full charging journey with SSE: [electrahub-jmeter][full][025] dynamic connector selection found no available connector; using CSV connector
2026-07-02 00:57:19,521 INFO o.a.j.p.j.s.J.Full charging journey with SSE: [electrahub-jmeter][full][025] step=charger graphql view
2026-07-02 00:57:19,593 INFO o.a.j.p.j.s.J.Full charging journey with SSE: [electrahub-jmeter][full][025] http POST /charger/graphql status=200 elapsedMs=71
2026-07-02 00:57:19,594 INFO o.a.j.p.j.s.J.Full charging journey with SSE: [electrahub-jmeter][full][025] step=payment state before start
2026-07-02 00:57:19,650 INFO o.a.j.p.j.s.J.Full charging journey with SSE: [electrahub-jmeter][full][025] http GET /payment/api/v1/payment/state status=200 elapsedMs=55
2026-07-02 00:57:19,653 INFO o.a.j.p.j.s.J.Full charging journey with SSE: [electrahub-jmeter][full][025] using connector csv fallback attempts=10 startIndex=25/100
2026-07-02 00:57:19,654 INFO o.a.j.p.j.s.J.Full charging journey with SSE: [electrahub-jmeter][full][025] step=start charging attempt 1
2026-07-02 00:57:19,716 INFO o.a.j.p.j.s.J.Full charging journey with SSE: [electrahub-jmeter][full][025] http POST /session/api/v1/sessions/start status=409 elapsedMs=61
2026-07-02 00:57:19,717 INFO o.a.j.p.j.s.J.Full charging journey with SSE: [electrahub-jmeter][full][025] start skipped EH-US-CHG-0025/CON-US-0025 HTTP 409; trying next connector
2026-07-02 00:57:20,189 INFO o.a.j.p.j.s.J.Full charging journey with SSE: [electrahub-jmeter][full][024] step=start charging attempt 7
2026-07-02 00:57:20,260 INFO o.a.j.p.j.s.J.Full charging journey with SSE: [electrahub-jmeter][full][024] http POST /session/api/v1/sessions/start status=409 elapsedMs=70
2026-07-02 00:57:20,261 INFO o.a.j.p.j.s.J.Full charging journey with SSE: [electrahub-jmeter][full][024] start skipped EH-US-CHG-0030/CON-US-0030 HTTP 409; trying next connector
2026-07-02 00:57:20,356 INFO o.a.j.p.j.s.J.Full charging journey with SSE: [electrahub-jmeter][full][004] http POST /session/api/v1/sessions/d281b52e-6ba9-48b1-817d-7f9322be19ee/stop status=204 elapsedMs=4579
2026-07-02 00:57:20,357 INFO o.a.j.p.j.s.J.Full charging journey with SSE: [electrahub-jmeter][full][004] stop requested session=d281b52e-6ba9-48b1-817d-7f9322be19ee
2026-07-02 00:57:20,357 INFO o.a.j.p.j.s.J.Full charging journey with SSE: [electrahub-jmeter][full][004] step=active sessions
2026-07-02 00:57:20,717 INFO o.a.j.p.j.s.J.Full charging journey with SSE: [electrahub-jmeter][full][025] step=start charging attempt 2
2026-07-02 00:57:20,796 INFO o.a.j.p.j.s.J.Full charging journey with SSE: [electrahub-jmeter][full][025] http POST /session/api/v1/sessions/start status=409 elapsedMs=78
2026-07-02 00:57:20,797 INFO o.a.j.p.j.s.J.Full charging journey with SSE: [electrahub-jmeter][full][025] start skipped EH-US-CHG-0026/CON-US-0026 HTTP 409; trying next connector
2026-07-02 00:57:21,262 INFO o.a.j.p.j.s.J.Full charging journey with SSE: [electrahub-jmeter][full][024] step=start charging attempt 8
2026-07-02 00:57:21,314 INFO o.a.j.p.j.s.J.Full charging journey with SSE: [electrahub-jmeter][full][003] step=active sessions
2026-07-02 00:57:21,328 INFO o.a.j.p.j.s.J.Full charging journey with SSE: [electrahub-jmeter][full][024] http POST /session/api/v1/sessions/start status=409 elapsedMs=65
2026-07-02 00:57:21,330 INFO o.a.j.p.j.s.J.Full charging journey with SSE: [electrahub-jmeter][full][024] start skipped EH-US-CHG-0031/CON-US-0031 HTTP 409; trying next connector
2026-07-02 00:57:21,358 INFO o.a.j.p.j.s.J.Full charging journey with SSE: [electrahub-jmeter][full][004] http GET /session/api/v1/sessions/active status=200 elapsedMs=1000
2026-07-02 00:57:21,403 INFO o.a.j.p.j.s.J.Full charging journey with SSE: [electrahub-jmeter][full][003] http GET /session/api/v1/sessions/active status=200 elapsedMs=88
2026-07-02 00:57:21,404 INFO o.a.j.p.j.s.J.Full charging journey with SSE: [electrahub-jmeter][full][003] step=receipt
2026-07-02 00:57:21,517 INFO o.a.j.p.j.s.J.Full charging journey with SSE: [electrahub-jmeter][full][003] http GET /session/api/v1/sessions/e36889f1-84b8-4f1e-a55a-69b5dabe6b82/receipt status=200 elapsedMs=112
2026-07-02 00:57:21,518 INFO o.a.j.p.j.s.J.Full charging journey with SSE: [electrahub-jmeter][full][003] step=session history
2026-07-02 00:57:21,648 INFO o.a.j.p.j.s.J.Full charging journey with SSE: [electrahub-jmeter][full][003] http GET /session/api/v1/sessions/history?page=0&size=10 status=200 elapsedMs=129
2026-07-02 00:57:21,649 INFO o.a.j.p.j.s.J.Full charging journey with SSE: [electrahub-jmeter][full][003] step=dashboard stats
2026-07-02 00:57:21,778 INFO o.a.j.p.j.s.J.Full charging journey with SSE: [electrahub-jmeter][full][003] http GET /session/api/v1/sessions/dashboard-stats status=200 elapsedMs=128
2026-07-02 00:57:21,780 INFO o.a.j.p.j.s.J.Full charging journey with SSE: [electrahub-jmeter][full][003] receipt ok session=e36889f1-84b8-4f1e-a55a-69b5dabe6b82 status=Completed total=1.8753
2026-07-02 00:57:21,781 INFO o.a.j.t.JMeterThread: Thread is done: 100 driver charging journeys 1-3
2026-07-02 00:57:21,782 INFO o.a.j.t.JMeterThread: Thread finished: 100 driver charging journeys 1-3
2026-07-02 00:57:21,798 INFO o.a.j.p.j.s.J.Full charging journey with SSE: [electrahub-jmeter][full][025] step=start charging attempt 3
2026-07-02 00:57:21,915 INFO o.a.j.p.j.s.J.Full charging journey with SSE: [electrahub-jmeter][full][005] step=stop charging session
2026-07-02 00:57:21,929 INFO o.a.j.p.j.s.J.Full charging journey with SSE: [electrahub-jmeter][full][025] http POST /session/api/v1/sessions/start status=409 elapsedMs=130
2026-07-02 00:57:21,930 INFO o.a.j.p.j.s.J.Full charging journey with SSE: [electrahub-jmeter][full][025] start skipped EH-US-CHG-0027/CON-US-0027 HTTP 409; trying next connector
2026-07-02 00:57:22,332 INFO o.a.j.p.j.s.J.Full charging journey with SSE: [electrahub-jmeter][full][024] step=start charging attempt 9
2026-07-02 00:57:22,431 INFO o.a.j.p.j.s.J.Full charging journey with SSE: [electrahub-jmeter][full][024] http POST /session/api/v1/sessions/start status=409 elapsedMs=98
2026-07-02 00:57:22,431 INFO o.a.j.p.j.s.J.Full charging journey with SSE: [electrahub-jmeter][full][024] start skipped EH-US-CHG-0032/CON-US-0032 HTTP 409; trying next connector
2026-07-02 00:57:22,931 INFO o.a.j.p.j.s.J.Full charging journey with SSE: [electrahub-jmeter][full][025] step=start charging attempt 4
2026-07-02 00:57:23,029 INFO o.a.j.p.j.s.J.Full charging journey with SSE: [electrahub-jmeter][full][025] http POST /session/api/v1/sessions/start status=409 elapsedMs=97
2026-07-02 00:57:23,030 INFO o.a.j.p.j.s.J.Full charging journey with SSE: [electrahub-jmeter][full][025] start skipped EH-US-CHG-0028/CON-US-0028 HTTP 409; trying next connector
2026-07-02 00:57:23,432 INFO o.a.j.p.j.s.J.Full charging journey with SSE: [electrahub-jmeter][full][024] step=start charging attempt 10
2026-07-02 00:57:23,542 INFO o.a.j.t.JMeterThread: Thread started: 100 driver charging journeys 1-26
2026-07-02 00:57:23,547 INFO o.a.j.p.j.s.J.Full charging journey with SSE: [electrahub-jmeter][full][026] step=register
2026-07-02 00:57:23,980 INFO o.a.j.p.j.s.J.Full charging journey with SSE: [electrahub-jmeter][full][026] http POST /auth/api/auth/register status=200 elapsedMs=431
2026-07-02 00:57:23,980 INFO o.a.j.p.j.s.J.Full charging journey with SSE: [electrahub-jmeter][full][026] registered uid=5224a8be-1cf6-4329-8b97-c0ed1a7231bb
2026-07-02 00:57:23,988 INFO o.a.j.p.j.s.J.Full charging journey with SSE: [electrahub-jmeter][full][026] step=payment state before setup
2026-07-02 00:57:24,031 INFO o.a.j.p.j.s.J.Full charging journey with SSE: [electrahub-jmeter][full][025] step=start charging attempt 5
2026-07-02 00:57:24,047 INFO o.a.j.p.j.s.J.Full charging journey with SSE: [electrahub-jmeter][full][026] http GET /payment/api/v1/payment/state status=451 elapsedMs=59
2026-07-02 00:57:24,048 INFO o.a.j.p.j.s.J.Full charging journey with SSE: [electrahub-jmeter][full][026] step=accept terms
2026-07-02 00:57:24,116 INFO o.a.j.p.j.s.J.Full charging journey with SSE: [electrahub-jmeter][full][026] http POST /auth/api/terms/accept status=201 elapsedMs=68
2026-07-02 00:57:24,117 INFO o.a.j.p.j.s.J.Full charging journey with SSE: [electrahub-jmeter][full][026] accepted terms; refreshing token through login
2026-07-02 00:57:24,118 INFO o.a.j.p.j.s.J.Full charging journey with SSE: [electrahub-jmeter][full][026] step=login
2026-07-02 00:57:24,173 INFO o.a.j.p.j.s.J.Full charging journey with SSE: [electrahub-jmeter][full][025] http POST /session/api/v1/sessions/start status=409 elapsedMs=79
2026-07-02 00:57:24,173 INFO o.a.j.p.j.s.J.Full charging journey with SSE: [electrahub-jmeter][full][025] start skipped EH-US-CHG-0029/CON-US-0029 HTTP 409; trying next connector
2026-07-02 00:57:24,392 INFO o.a.j.p.j.s.J.Full charging journey with SSE: [electrahub-jmeter][full][024] http POST /session/api/v1/sessions/start status=201 elapsedMs=959
2026-07-02 00:57:24,393 INFO o.a.j.p.j.s.J.Full charging journey with SSE: [electrahub-jmeter][full][024] started session=91f84a35-763f-4ac5-adff-4aa2e1a5fdd2 charger=EH-US-CHG-0033/CON-US-0033 status=PREPARING remote=Accepted attempt=10/10
2026-07-02 00:57:24,393 INFO o.a.j.p.j.s.J.Full charging journey with SSE: [electrahub-jmeter][full][024] step=active sessions
2026-07-02 00:57:24,801 INFO o.a.j.p.j.s.J.Full charging journey with SSE: [electrahub-jmeter][full][026] http POST /auth/api/auth/login status=200 elapsedMs=682
2026-07-02 00:57:24,802 INFO o.a.j.p.j.s.J.Full charging journey with SSE: [electrahub-jmeter][full][026] logged in uid=5224a8be-1cf6-4329-8b97-c0ed1a7231bb
2026-07-02 00:57:24,803 INFO o.a.j.p.j.s.J.Full charging journey with SSE: [electrahub-jmeter][full][026] step=payment state after terms
2026-07-02 00:57:24,877 INFO o.a.j.p.j.s.J.Full charging journey with SSE: [electrahub-jmeter][full][026] http GET /payment/api/v1/payment/state status=200 elapsedMs=73
2026-07-02 00:57:24,878 INFO o.a.j.p.j.s.J.Full charging journey with SSE: [electrahub-jmeter][full][026] step=add card
2026-07-02 00:57:24,942 INFO o.a.j.p.j.s.J.Full charging journey with SSE: [electrahub-jmeter][full][026] http POST /payment/api/v1/payment/cards status=201 elapsedMs=63
2026-07-02 00:57:24,942 INFO o.a.j.p.j.s.J.Full charging journey with SSE: [electrahub-jmeter][full][026] step=wallet topup
2026-07-02 00:57:25,013 INFO o.a.j.p.j.s.J.Full charging journey with SSE: [electrahub-jmeter][full][026] http POST /payment/api/v1/payment/wallet/topups status=201 elapsedMs=70
2026-07-02 00:57:25,014 INFO o.a.j.p.j.s.J.Full charging journey with SSE: [electrahub-jmeter][full][026] step=payment state after setup
2026-07-02 00:57:25,071 INFO o.a.j.p.j.s.J.Full charging journey with SSE: [electrahub-jmeter][full][026] http GET /payment/api/v1/payment/state status=200 elapsedMs=56
2026-07-02 00:57:25,072 INFO o.a.j.p.j.s.J.Full charging journey with SSE: [electrahub-jmeter][full][026] payment ready wallet=120.00
2026-07-02 00:57:25,073 INFO o.a.j.p.j.s.J.Full charging journey with SSE: [electrahub-jmeter][full][026] step=charger graphql list
2026-07-02 00:57:25,167 INFO o.a.j.p.j.s.J.Full charging journey with SSE: [electrahub-jmeter][full][026] http POST /charger/graphql status=200 elapsedMs=93
2026-07-02 00:57:25,168 INFO o.a.j.p.j.s.J.Full charging journey with SSE: [electrahub-jmeter][full][026] dynamic connector selection found no available connector; using CSV connector
2026-07-02 00:57:25,169 INFO o.a.j.p.j.s.J.Full charging journey with SSE: [electrahub-jmeter][full][026] step=charger graphql view
2026-07-02 00:57:25,174 INFO o.a.j.p.j.s.J.Full charging journey with SSE: [electrahub-jmeter][full][025] step=start charging attempt 6
2026-07-02 00:57:25,241 INFO o.a.j.p.j.s.J.Full charging journey with SSE: [electrahub-jmeter][full][025] http POST /session/api/v1/sessions/start status=409 elapsedMs=66
2026-07-02 00:57:25,242 INFO o.a.j.p.j.s.J.Full charging journey with SSE: [electrahub-jmeter][full][025] start skipped EH-US-CHG-0030/CON-US-0030 HTTP 409; trying next connector
2026-07-02 00:57:25,254 INFO o.a.j.p.j.s.J.Full charging journey with SSE: [electrahub-jmeter][full][026] http POST /charger/graphql status=200 elapsedMs=83
2026-07-02 00:57:25,255 INFO o.a.j.p.j.s.J.Full charging journey with SSE: [electrahub-jmeter][full][026] step=payment state before start
2026-07-02 00:57:25,314 INFO o.a.j.p.j.s.J.Full charging journey with SSE: [electrahub-jmeter][full][026] http GET /payment/api/v1/payment/state status=200 elapsedMs=58
2026-07-02 00:57:25,317 INFO o.a.j.p.j.s.J.Full charging journey with SSE: [electrahub-jmeter][full][026] using connector csv fallback attempts=10 startIndex=26/100
2026-07-02 00:57:25,318 INFO o.a.j.p.j.s.J.Full charging journey with SSE: [electrahub-jmeter][full][026] step=start charging attempt 1
2026-07-02 00:57:25,383 INFO o.a.j.p.j.s.J.Full charging journey with SSE: [electrahub-jmeter][full][026] http POST /session/api/v1/sessions/start status=409 elapsedMs=64
2026-07-02 00:57:25,384 INFO o.a.j.p.j.s.J.Full charging journey with SSE: [electrahub-jmeter][full][026] start skipped EH-US-CHG-0026/CON-US-0026 HTTP 409; trying next connector
2026-07-02 00:57:25,393 INFO o.a.j.p.j.s.J.Full charging journey with SSE: [electrahub-jmeter][full][024] http GET /session/api/v1/sessions/active status=200 elapsedMs=999
2026-07-02 00:57:25,394 INFO o.a.j.p.j.s.J.Full charging journey with SSE: [electrahub-jmeter][full][014] sse ok connected=1 snapshot=2 updates=23 receipts=0 heartbeats=0
2026-07-02 00:57:25,395 INFO o.a.j.p.j.s.J.Full charging journey with SSE: [electrahub-jmeter][full][014] holding session for 47s before stop
2026-07-02 00:57:25,397 INFO o.a.j.p.j.s.J.Full charging journey with SSE: [electrahub-jmeter][full][005] http POST /session/api/v1/sessions/dde543b5-7b3a-4265-ab69-92d730731c16/stop status=204 elapsedMs=3481
2026-07-02 00:57:25,398 INFO o.a.j.p.j.s.J.Full charging journey with SSE: [electrahub-jmeter][full][005] stop requested session=dde543b5-7b3a-4265-ab69-92d730731c16
2026-07-02 00:57:25,399 INFO o.a.j.p.j.s.J.Full charging journey with SSE: [electrahub-jmeter][full][005] step=active sessions
2026-07-02 00:57:26,243 INFO o.a.j.p.j.s.J.Full charging journey with SSE: [electrahub-jmeter][full][025] step=start charging attempt 7
2026-07-02 00:57:26,319 INFO o.a.j.p.j.s.J.Full charging journey with SSE: [electrahub-jmeter][full][025] http POST /session/api/v1/sessions/start status=409 elapsedMs=75
2026-07-02 00:57:26,319 INFO o.a.j.p.j.s.J.Full charging journey with SSE: [electrahub-jmeter][full][025] start skipped EH-US-CHG-0031/CON-US-0031 HTTP 409; trying next connector
2026-07-02 00:57:26,359 INFO o.a.j.p.j.s.J.Full charging journey with SSE: [electrahub-jmeter][full][004] step=active sessions
2026-07-02 00:57:26,385 INFO o.a.j.p.j.s.J.Full charging journey with SSE: [electrahub-jmeter][full][026] step=start charging attempt 2
2026-07-02 00:57:26,409 INFO o.a.j.p.j.s.J.Full charging journey with SSE: [electrahub-jmeter][full][005] http GET /session/api/v1/sessions/active status=200 elapsedMs=1009
2026-07-02 00:57:26,431 INFO o.a.j.p.j.s.J.Full charging journey with SSE: [electrahub-jmeter][full][004] http GET /session/api/v1/sessions/active status=200 elapsedMs=71
2026-07-02 00:57:26,432 INFO o.a.j.p.j.s.J.Full charging journey with SSE: [electrahub-jmeter][full][004] step=receipt
2026-07-02 00:57:26,460 INFO o.a.j.p.j.s.J.Full charging journey with SSE: [electrahub-jmeter][full][026] http POST /session/api/v1/sessions/start status=409 elapsedMs=73
2026-07-02 00:57:26,461 INFO o.a.j.p.j.s.J.Full charging journey with SSE: [electrahub-jmeter][full][026] start skipped EH-US-CHG-0027/CON-US-0027 HTTP 409; trying next connector
2026-07-02 00:57:26,493 INFO o.a.j.p.j.s.J.Full charging journey with SSE: [electrahub-jmeter][full][004] http GET /session/api/v1/sessions/d281b52e-6ba9-48b1-817d-7f9322be19ee/receipt status=200 elapsedMs=60
2026-07-02 00:57:26,494 INFO o.a.j.p.j.s.J.Full charging journey with SSE: [electrahub-jmeter][full][004] step=session history
2026-07-02 00:57:26,553 INFO o.a.j.p.j.s.J.Full charging journey with SSE: [electrahub-jmeter][full][004] http GET /session/api/v1/sessions/history?page=0&size=10 status=200 elapsedMs=59
2026-07-02 00:57:26,553 INFO o.a.j.p.j.s.J.Full charging journey with SSE: [electrahub-jmeter][full][004] step=dashboard stats
2026-07-02 00:57:26,613 INFO o.a.j.p.j.s.J.Full charging journey with SSE: [electrahub-jmeter][full][004] http GET /session/api/v1/sessions/dashboard-stats status=200 elapsedMs=59
2026-07-02 00:57:26,613 INFO o.a.j.p.j.s.J.Full charging journey with SSE: [electrahub-jmeter][full][004] receipt ok session=d281b52e-6ba9-48b1-817d-7f9322be19ee status=Completed total=1.8745
2026-07-02 00:57:26,615 INFO o.a.j.t.JMeterThread: Thread is done: 100 driver charging journeys 1-4
2026-07-02 00:57:26,615 INFO o.a.j.t.JMeterThread: Thread finished: 100 driver charging journeys 1-4
2026-07-02 00:57:27,320 INFO o.a.j.p.j.s.J.Full charging journey with SSE: [electrahub-jmeter][full][025] step=start charging attempt 8
2026-07-02 00:57:27,391 INFO o.a.j.p.j.s.J.Full charging journey with SSE: [electrahub-jmeter][full][025] http POST /session/api/v1/sessions/start status=409 elapsedMs=69
2026-07-02 00:57:27,392 INFO o.a.j.p.j.s.J.Full charging journey with SSE: [electrahub-jmeter][full][025] start skipped EH-US-CHG-0032/CON-US-0032 HTTP 409; trying next connector
2026-07-02 00:57:27,462 INFO o.a.j.p.j.s.J.Full charging journey with SSE: [electrahub-jmeter][full][026] step=start charging attempt 3
2026-07-02 00:57:27,529 INFO o.a.j.p.j.s.J.Full charging journey with SSE: [electrahub-jmeter][full][026] http POST /session/api/v1/sessions/start status=409 elapsedMs=66
2026-07-02 00:57:27,530 INFO o.a.j.p.j.s.J.Full charging journey with SSE: [electrahub-jmeter][full][026] start skipped EH-US-CHG-0028/CON-US-0028 HTTP 409; trying next connector
2026-07-02 00:57:27,962 INFO o.a.j.p.j.s.J.Full charging journey with SSE: [electrahub-jmeter][full][006] step=stop charging session
2026-07-02 00:57:28,393 INFO o.a.j.p.j.s.J.Full charging journey with SSE: [electrahub-jmeter][full][025] step=start charging attempt 9
2026-07-02 00:57:28,472 INFO o.a.j.p.j.s.J.Full charging journey with SSE: [electrahub-jmeter][full][025] http POST /session/api/v1/sessions/start status=409 elapsedMs=77
2026-07-02 00:57:28,472 INFO o.a.j.p.j.s.J.Full charging journey with SSE: [electrahub-jmeter][full][025] start skipped EH-US-CHG-0033/CON-US-0033 HTTP 409; trying next connector
2026-07-02 00:57:28,531 INFO o.a.j.p.j.s.J.Full charging journey with SSE: [electrahub-jmeter][full][026] step=start charging attempt 4
2026-07-02 00:57:28,616 INFO o.a.j.p.j.s.J.Full charging journey with SSE: [electrahub-jmeter][full][026] http POST /session/api/v1/sessions/start status=409 elapsedMs=84
2026-07-02 00:57:28,617 INFO o.a.j.p.j.s.J.Full charging journey with SSE: [electrahub-jmeter][full][026] start skipped EH-US-CHG-0029/CON-US-0029 HTTP 409; trying next connector
2026-07-02 00:57:29,432 INFO o.a.j.p.j.s.J.Full charging journey with SSE: [electrahub-jmeter][full][015] sse ok connected=1 snapshot=2 updates=25 receipts=0 heartbeats=0
2026-07-02 00:57:29,433 INFO o.a.j.p.j.s.J.Full charging journey with SSE: [electrahub-jmeter][full][015] holding session for 49s before stop
2026-07-02 00:57:29,473 INFO o.a.j.p.j.s.J.Full charging journey with SSE: [electrahub-jmeter][full][025] step=start charging attempt 10
2026-07-02 00:57:29,541 INFO o.a.j.t.JMeterThread: Thread started: 100 driver charging journeys 1-27
2026-07-02 00:57:29,546 INFO o.a.j.p.j.s.J.Full charging journey with SSE: [electrahub-jmeter][full][027] step=register
2026-07-02 00:57:29,618 INFO o.a.j.p.j.s.J.Full charging journey with SSE: [electrahub-jmeter][full][026] step=start charging attempt 5
2026-07-02 00:57:29,717 INFO o.a.j.p.j.s.J.Full charging journey with SSE: [electrahub-jmeter][full][027] http POST /auth/api/auth/register status=200 elapsedMs=169
2026-07-02 00:57:29,717 INFO o.a.j.p.j.s.J.Full charging journey with SSE: [electrahub-jmeter][full][027] registered uid=e09a4ab8-9f3f-48d5-ba4a-70375072e18e
2026-07-02 00:57:29,726 INFO o.a.j.p.j.s.J.Full charging journey with SSE: [electrahub-jmeter][full][027] step=payment state before setup
2026-07-02 00:57:29,747 INFO o.a.j.p.j.s.J.Full charging journey with SSE: [electrahub-jmeter][full][026] http POST /session/api/v1/sessions/start status=409 elapsedMs=84
2026-07-02 00:57:29,747 INFO o.a.j.p.j.s.J.Full charging journey with SSE: [electrahub-jmeter][full][026] start skipped EH-US-CHG-0030/CON-US-0030 HTTP 409; trying next connector
2026-07-02 00:57:29,800 INFO o.a.j.p.j.s.J.Full charging journey with SSE: [electrahub-jmeter][full][027] http GET /payment/api/v1/payment/state status=451 elapsedMs=73
2026-07-02 00:57:29,801 INFO o.a.j.p.j.s.J.Full charging journey with SSE: [electrahub-jmeter][full][027] step=accept terms
2026-07-02 00:57:29,876 INFO o.a.j.p.j.s.J.Full charging journey with SSE: [electrahub-jmeter][full][027] http POST /auth/api/terms/accept status=201 elapsedMs=74
2026-07-02 00:57:29,876 INFO o.a.j.p.j.s.J.Full charging journey with SSE: [electrahub-jmeter][full][027] accepted terms; refreshing token through login
2026-07-02 00:57:29,877 INFO o.a.j.p.j.s.J.Full charging journey with SSE: [electrahub-jmeter][full][027] step=login
2026-07-02 00:57:30,030 INFO o.a.j.p.j.s.J.Full charging journey with SSE: [electrahub-jmeter][full][027] http POST /auth/api/auth/login status=200 elapsedMs=152
2026-07-02 00:57:30,031 INFO o.a.j.p.j.s.J.Full charging journey with SSE: [electrahub-jmeter][full][027] logged in uid=e09a4ab8-9f3f-48d5-ba4a-70375072e18e
2026-07-02 00:57:30,031 INFO o.a.j.p.j.s.J.Full charging journey with SSE: [electrahub-jmeter][full][027] step=payment state after terms
2026-07-02 00:57:30,097 INFO o.a.j.p.j.s.J.Full charging journey with SSE: [electrahub-jmeter][full][027] http GET /payment/api/v1/payment/state status=200 elapsedMs=65
2026-07-02 00:57:30,098 INFO o.a.j.p.j.s.J.Full charging journey with SSE: [electrahub-jmeter][full][027] step=add card
2026-07-02 00:57:30,169 INFO o.a.j.p.j.s.J.Full charging journey with SSE: [electrahub-jmeter][full][027] http POST /payment/api/v1/payment/cards status=201 elapsedMs=70
2026-07-02 00:57:30,169 INFO o.a.j.p.j.s.J.Full charging journey with SSE: [electrahub-jmeter][full][027] step=wallet topup
2026-07-02 00:57:30,256 INFO o.a.j.p.j.s.J.Full charging journey with SSE: [electrahub-jmeter][full][027] http POST /payment/api/v1/payment/wallet/topups status=201 elapsedMs=86
2026-07-02 00:57:30,257 INFO o.a.j.p.j.s.J.Full charging journey with SSE: [electrahub-jmeter][full][027] step=payment state after setup
2026-07-02 00:57:30,315 INFO o.a.j.p.j.s.J.Full charging journey with SSE: [electrahub-jmeter][full][027] http GET /payment/api/v1/payment/state status=200 elapsedMs=57
2026-07-02 00:57:30,316 INFO o.a.j.p.j.s.J.Full charging journey with SSE: [electrahub-jmeter][full][027] payment ready wallet=120.00
2026-07-02 00:57:30,317 INFO o.a.j.p.j.s.J.Full charging journey with SSE: [electrahub-jmeter][full][027] step=charger graphql list
2026-07-02 00:57:30,421 INFO o.a.j.p.j.s.J.Full charging journey with SSE: [electrahub-jmeter][full][027] http POST /charger/graphql status=200 elapsedMs=103
2026-07-02 00:57:30,424 INFO o.a.j.p.j.s.J.Full charging journey with SSE: [electrahub-jmeter][full][027] dynamic connector selection found no available connector; using CSV connector
2026-07-02 00:57:30,425 INFO o.a.j.p.j.s.J.Full charging journey with SSE: [electrahub-jmeter][full][027] step=charger graphql view
2026-07-02 00:57:30,441 INFO o.a.j.p.j.s.J.Full charging journey with SSE: [electrahub-jmeter][full][025] http POST /session/api/v1/sessions/start status=201 elapsedMs=966
2026-07-02 00:57:30,442 INFO o.a.j.p.j.s.J.Full charging journey with SSE: [electrahub-jmeter][full][025] started session=f5189384-48e0-4c7a-92ea-d0435e98bb9f charger=EH-US-CHG-0034/CON-US-0034 status=PREPARING remote=Accepted attempt=10/10
2026-07-02 00:57:30,442 INFO o.a.j.p.j.s.J.Full charging journey with SSE: [electrahub-jmeter][full][025] step=active sessions
2026-07-02 00:57:30,500 INFO o.a.j.p.j.s.J.Full charging journey with SSE: [electrahub-jmeter][full][027] http POST /charger/graphql status=200 elapsedMs=74
2026-07-02 00:57:30,501 INFO o.a.j.p.j.s.J.Full charging journey with SSE: [electrahub-jmeter][full][027] step=payment state before start
2026-07-02 00:57:30,559 INFO o.a.j.p.j.s.J.Full charging journey with SSE: [electrahub-jmeter][full][027] http GET /payment/api/v1/payment/state status=200 elapsedMs=58
2026-07-02 00:57:30,563 INFO o.a.j.p.j.s.J.Full charging journey with SSE: [electrahub-jmeter][full][027] using connector csv fallback attempts=10 startIndex=27/100
2026-07-02 00:57:30,564 INFO o.a.j.p.j.s.J.Full charging journey with SSE: [electrahub-jmeter][full][027] step=start charging attempt 1
2026-07-02 00:57:30,646 INFO o.a.j.p.j.s.J.Full charging journey with SSE: [electrahub-jmeter][full][027] http POST /session/api/v1/sessions/start status=409 elapsedMs=82
2026-07-02 00:57:30,646 INFO o.a.j.p.j.s.J.Full charging journey with SSE: [electrahub-jmeter][full][027] start skipped EH-US-CHG-0027/CON-US-0027 HTTP 409; trying next connector
2026-07-02 00:57:30,748 INFO o.a.j.p.j.s.J.Full charging journey with SSE: [electrahub-jmeter][full][026] step=start charging attempt 6
2026-07-02 00:57:30,814 INFO o.a.j.p.j.s.J.Full charging journey with SSE: [electrahub-jmeter][full][026] http POST /session/api/v1/sessions/start status=409 elapsedMs=65
2026-07-02 00:57:30,815 INFO o.a.j.p.j.s.J.Full charging journey with SSE: [electrahub-jmeter][full][026] start skipped EH-US-CHG-0031/CON-US-0031 HTTP 409; trying next connector
2026-07-02 00:57:31,409 INFO o.a.j.p.j.s.J.Full charging journey with SSE: [electrahub-jmeter][full][005] step=active sessions
2026-07-02 00:57:31,449 INFO o.a.j.p.j.s.J.Full charging journey with SSE: [electrahub-jmeter][full][025] http GET /session/api/v1/sessions/active status=200 elapsedMs=1006
2026-07-02 00:57:31,449 INFO o.a.j.p.j.s.J.Full charging journey with SSE: [electrahub-jmeter][full][006] http POST /session/api/v1/sessions/e0b6104c-cc42-46ef-9ac2-bef2f19446e9/stop status=204 elapsedMs=3486
2026-07-02 00:57:31,450 INFO o.a.j.p.j.s.J.Full charging journey with SSE: [electrahub-jmeter][full][006] stop requested session=e0b6104c-cc42-46ef-9ac2-bef2f19446e9
2026-07-02 00:57:31,451 INFO o.a.j.p.j.s.J.Full charging journey with SSE: [electrahub-jmeter][full][006] step=active sessions
2026-07-02 00:57:31,473 INFO o.a.j.p.j.s.J.Full charging journey with SSE: [electrahub-jmeter][full][005] http GET /session/api/v1/sessions/active status=200 elapsedMs=62
2026-07-02 00:57:31,474 INFO o.a.j.p.j.s.J.Full charging journey with SSE: [electrahub-jmeter][full][005] step=receipt
2026-07-02 00:57:31,538 INFO o.a.j.p.j.s.J.Full charging journey with SSE: [electrahub-jmeter][full][005] http GET /session/api/v1/sessions/dde543b5-7b3a-4265-ab69-92d730731c16/receipt status=200 elapsedMs=63
2026-07-02 00:57:31,540 INFO o.a.j.p.j.s.J.Full charging journey with SSE: [electrahub-jmeter][full][005] step=session history
2026-07-02 00:57:31,603 INFO o.a.j.p.j.s.J.Full charging journey with SSE: [electrahub-jmeter][full][005] http GET /session/api/v1/sessions/history?page=0&size=10 status=200 elapsedMs=63
2026-07-02 00:57:31,604 INFO o.a.j.p.j.s.J.Full charging journey with SSE: [electrahub-jmeter][full][005] step=dashboard stats
2026-07-02 00:57:31,648 INFO o.a.j.p.j.s.J.Full charging journey with SSE: [electrahub-jmeter][full][027] step=start charging attempt 2
2026-07-02 00:57:31,666 INFO o.a.j.p.j.s.J.Full charging journey with SSE: [electrahub-jmeter][full][005] http GET /session/api/v1/sessions/dashboard-stats status=200 elapsedMs=61
2026-07-02 00:57:31,667 INFO o.a.j.p.j.s.J.Full charging journey with SSE: [electrahub-jmeter][full][005] receipt ok session=dde543b5-7b3a-4265-ab69-92d730731c16 status=Completed total=1.8723
2026-07-02 00:57:31,668 INFO o.a.j.r.Summariser: summary +      6 in 00:00:27 =    0.2/s Avg: 108119 Min: 10810 Max: 128160 Err:     1 (16.67%) Active: 19 Started: 27 Finished: 8
2026-07-02 00:57:31,669 INFO o.a.j.r.Summariser: summary =      9 in 00:02:38 =    0.1/s Avg: 75689 Min: 10789 Max: 128160 Err:     4 (44.44%)
2026-07-02 00:57:31,670 INFO o.a.j.t.JMeterThread: Thread is done: 100 driver charging journeys 1-5
2026-07-02 00:57:31,671 INFO o.a.j.t.JMeterThread: Thread finished: 100 driver charging journeys 1-5
2026-07-02 00:57:31,718 INFO o.a.j.p.j.s.J.Full charging journey with SSE: [electrahub-jmeter][full][027] http POST /session/api/v1/sessions/start status=409 elapsedMs=69
2026-07-02 00:57:31,719 INFO o.a.j.p.j.s.J.Full charging journey with SSE: [electrahub-jmeter][full][027] start skipped EH-US-CHG-0028/CON-US-0028 HTTP 409; trying next connector
2026-07-02 00:57:31,817 INFO o.a.j.p.j.s.J.Full charging journey with SSE: [electrahub-jmeter][full][026] step=start charging attempt 7
2026-07-02 00:57:31,957 INFO o.a.j.p.j.s.J.Full charging journey with SSE: [electrahub-jmeter][full][026] http POST /session/api/v1/sessions/start status=409 elapsedMs=139
2026-07-02 00:57:31,958 INFO o.a.j.p.j.s.J.Full charging journey with SSE: [electrahub-jmeter][full][026] start skipped EH-US-CHG-0032/CON-US-0032 HTTP 409; trying next connector
2026-07-02 00:57:32,456 INFO o.a.j.p.j.s.J.Full charging journey with SSE: [electrahub-jmeter][full][006] http GET /session/api/v1/sessions/active status=200 elapsedMs=1005
2026-07-02 00:57:32,720 INFO o.a.j.p.j.s.J.Full charging journey with SSE: [electrahub-jmeter][full][027] step=start charging attempt 3
2026-07-02 00:57:32,793 INFO o.a.j.p.j.s.J.Full charging journey with SSE: [electrahub-jmeter][full][027] http POST /session/api/v1/sessions/start status=409 elapsedMs=72
2026-07-02 00:57:32,794 INFO o.a.j.p.j.s.J.Full charging journey with SSE: [electrahub-jmeter][full][027] start skipped EH-US-CHG-0029/CON-US-0029 HTTP 409; trying next connector
2026-07-02 00:57:32,958 INFO o.a.j.p.j.s.J.Full charging journey with SSE: [electrahub-jmeter][full][026] step=start charging attempt 8
2026-07-02 00:57:33,026 INFO o.a.j.p.j.s.J.Full charging journey with SSE: [electrahub-jmeter][full][026] http POST /session/api/v1/sessions/start status=409 elapsedMs=66
2026-07-02 00:57:33,026 INFO o.a.j.p.j.s.J.Full charging journey with SSE: [electrahub-jmeter][full][026] start skipped EH-US-CHG-0033/CON-US-0033 HTTP 409; trying next connector
2026-07-02 00:57:33,795 INFO o.a.j.p.j.s.J.Full charging journey with SSE: [electrahub-jmeter][full][027] step=start charging attempt 4
2026-07-02 00:57:33,865 INFO o.a.j.p.j.s.J.Full charging journey with SSE: [electrahub-jmeter][full][027] http POST /session/api/v1/sessions/start status=409 elapsedMs=69
2026-07-02 00:57:33,866 INFO o.a.j.p.j.s.J.Full charging journey with SSE: [electrahub-jmeter][full][027] start skipped EH-US-CHG-0030/CON-US-0030 HTTP 409; trying next connector
2026-07-02 00:57:34,026 INFO o.a.j.p.j.s.J.Full charging journey with SSE: [electrahub-jmeter][full][007] step=stop charging session
2026-07-02 00:57:34,027 INFO o.a.j.p.j.s.J.Full charging journey with SSE: [electrahub-jmeter][full][026] step=start charging attempt 9
2026-07-02 00:57:34,102 INFO o.a.j.p.j.s.J.Full charging journey with SSE: [electrahub-jmeter][full][026] http POST /session/api/v1/sessions/start status=409 elapsedMs=74
2026-07-02 00:57:34,102 INFO o.a.j.p.j.s.J.Full charging journey with SSE: [electrahub-jmeter][full][026] start skipped EH-US-CHG-0034/CON-US-0034 HTTP 409; trying next connector
2026-07-02 00:57:34,867 INFO o.a.j.p.j.s.J.Full charging journey with SSE: [electrahub-jmeter][full][027] step=start charging attempt 5
2026-07-02 00:57:34,931 INFO o.a.j.p.j.s.J.Full charging journey with SSE: [electrahub-jmeter][full][027] http POST /session/api/v1/sessions/start status=409 elapsedMs=62
2026-07-02 00:57:34,931 INFO o.a.j.p.j.s.J.Full charging journey with SSE: [electrahub-jmeter][full][027] start skipped EH-US-CHG-0031/CON-US-0031 HTTP 409; trying next connector
2026-07-02 00:57:35,103 INFO o.a.j.p.j.s.J.Full charging journey with SSE: [electrahub-jmeter][full][026] step=start charging attempt 10
2026-07-02 00:57:35,172 INFO o.a.j.p.j.s.J.Full charging journey with SSE: [electrahub-jmeter][full][026] http POST /session/api/v1/sessions/start status=409 elapsedMs=67
2026-07-02 00:57:35,174 ERROR o.a.j.p.j.s.J.Full charging journey with SSE: [electrahub-jmeter][full][026] failed
java.lang.IllegalStateException: start charging session failed with HTTP 409: {"timestamp":"2026-07-02T00:57:35.15102742Z","status":409,"error":"Conflict","message":"Connector is not available for charging.","path":"/api/v1/sessions/start"}
	at java.base/jdk.internal.reflect.NativeConstructorAccessorImpl.newInstance0(Native Method) ~[?:?]
	at java.base/jdk.internal.reflect.NativeConstructorAccessorImpl.newInstance(Unknown Source) ~[?:?]
	at java.base/jdk.internal.reflect.DelegatingConstructorAccessorImpl.newInstance(Unknown Source) ~[?:?]
	at java.base/java.lang.reflect.Constructor.newInstanceWithCaller(Unknown Source) ~[?:?]
	at java.base/java.lang.reflect.Constructor.newInstance(Unknown Source) ~[?:?]
	at org.codehaus.groovy.reflection.CachedConstructor.invoke(CachedConstructor.java:72) ~[groovy-3.0.20.jar:3.0.20]
	at org.codehaus.groovy.reflection.CachedConstructor.doConstructorInvoke(CachedConstructor.java:59) ~[groovy-3.0.20.jar:3.0.20]
	at org.codehaus.groovy.runtime.callsite.ConstructorSite$ConstructorSiteNoUnwrap.callConstructor(ConstructorSite.java:84) ~[groovy-3.0.20.jar:3.0.20]
	at org.codehaus.groovy.runtime.callsite.AbstractCallSite.callConstructor(AbstractCallSite.java:277) ~[groovy-3.0.20.jar:3.0.20]
	at Script1$_run_closure8.doCall(Script1.groovy:145) ~[?:?]
	at jdk.internal.reflect.GeneratedMethodAccessor26.invoke(Unknown Source) ~[?:?]
	at java.base/jdk.internal.reflect.DelegatingMethodAccessorImpl.invoke(Unknown Source) ~[?:?]
	at java.base/java.lang.reflect.Method.invoke(Unknown Source) ~[?:?]
	at org.codehaus.groovy.reflection.CachedMethod.invoke(CachedMethod.java:107) ~[groovy-3.0.20.jar:3.0.20]
	at groovy.lang.MetaMethod.doMethodInvoke(MetaMethod.java:323) ~[groovy-3.0.20.jar:3.0.20]
	at org.codehaus.groovy.runtime.metaclass.ClosureMetaClass.invokeMethod(ClosureMetaClass.java:274) ~[groovy-3.0.20.jar:3.0.20]
	at groovy.lang.MetaClassImpl.invokeMethod(MetaClassImpl.java:1030) ~[groovy-3.0.20.jar:3.0.20]
	at org.codehaus.groovy.runtime.callsite.PogoMetaClassSite.call(PogoMetaClassSite.java:38) ~[groovy-3.0.20.jar:3.0.20]
	at org.codehaus.groovy.runtime.callsite.AbstractCallSite.call(AbstractCallSite.java:157) ~[groovy-3.0.20.jar:3.0.20]
	at Script1$_run_closure15.doCall(Script1.groovy:423) ~[?:?]
	at jdk.internal.reflect.GeneratedMethodAccessor67.invoke(Unknown Source) ~[?:?]
	at java.base/jdk.internal.reflect.DelegatingMethodAccessorImpl.invoke(Unknown Source) ~[?:?]
	at java.base/java.lang.reflect.Method.invoke(Unknown Source) ~[?:?]
	at org.codehaus.groovy.reflection.CachedMethod.invoke(CachedMethod.java:107) ~[groovy-3.0.20.jar:3.0.20]
	at groovy.lang.MetaMethod.doMethodInvoke(MetaMethod.java:323) ~[groovy-3.0.20.jar:3.0.20]
	at org.codehaus.groovy.runtime.metaclass.ClosureMetaClass.invokeMethod(ClosureMetaClass.java:274) ~[groovy-3.0.20.jar:3.0.20]
	at groovy.lang.MetaClassImpl.invokeMethod(MetaClassImpl.java:1030) ~[groovy-3.0.20.jar:3.0.20]
	at org.codehaus.groovy.runtime.callsite.PogoMetaClassSite.call(PogoMetaClassSite.java:38) ~[groovy-3.0.20.jar:3.0.20]
	at org.codehaus.groovy.runtime.callsite.AbstractCallSite.call(AbstractCallSite.java:139) [groovy-3.0.20.jar:3.0.20]
	at Script1.run(Script1.groovy:553) [script:?]
	at org.codehaus.groovy.jsr223.GroovyScriptEngineImpl.eval(GroovyScriptEngineImpl.java:317) [groovy-jsr223-3.0.20.jar:3.0.20]
	at org.codehaus.groovy.jsr223.GroovyCompiledScript.eval(GroovyCompiledScript.java:71) [groovy-jsr223-3.0.20.jar:3.0.20]
	at java.scripting/javax.script.CompiledScript.eval(Unknown Source) [java.scripting:?]
	at org.apache.jmeter.util.JSR223TestElement.processFileOrScript(JSR223TestElement.java:216) [ApacheJMeter_core.jar:5.6.3]
	at org.apache.jmeter.protocol.java.sampler.JSR223Sampler.sample(JSR223Sampler.java:72) [ApacheJMeter_java.jar:5.6.3]
	at org.apache.jmeter.threads.JMeterThread.doSampling(JMeterThread.java:651) [ApacheJMeter_core.jar:5.6.3]
	at org.apache.jmeter.threads.JMeterThread.executeSamplePackage(JMeterThread.java:570) [ApacheJMeter_core.jar:5.6.3]
	at org.apache.jmeter.threads.JMeterThread.processSampler(JMeterThread.java:501) [ApacheJMeter_core.jar:5.6.3]
	at org.apache.jmeter.threads.JMeterThread.run(JMeterThread.java:268) [ApacheJMeter_core.jar:5.6.3]
	at java.base/java.lang.Thread.run(Unknown Source) [?:?]
2026-07-02 00:57:35,176 ERROR o.a.j.p.j.s.JSR223Sampler: Problem in JSR223 script Full charging journey with SSE, message: javax.script.ScriptException: java.lang.IllegalStateException: start charging session failed with HTTP 409: {"timestamp":"2026-07-02T00:57:35.15102742Z","status":409,"error":"Conflict","message":"Connector is not available for charging.","path":"/api/v1/sessions/start"}
javax.script.ScriptException: java.lang.IllegalStateException: start charging session failed with HTTP 409: {"timestamp":"2026-07-02T00:57:35.15102742Z","status":409,"error":"Conflict","message":"Connector is not available for charging.","path":"/api/v1/sessions/start"}
	at org.codehaus.groovy.jsr223.GroovyScriptEngineImpl.eval(GroovyScriptEngineImpl.java:320) ~[groovy-jsr223-3.0.20.jar:3.0.20]
	at org.codehaus.groovy.jsr223.GroovyCompiledScript.eval(GroovyCompiledScript.java:71) ~[groovy-jsr223-3.0.20.jar:3.0.20]
	at java.scripting/javax.script.CompiledScript.eval(Unknown Source) ~[java.scripting:?]
	at org.apache.jmeter.util.JSR223TestElement.processFileOrScript(JSR223TestElement.java:216) ~[ApacheJMeter_core.jar:5.6.3]
	at org.apache.jmeter.protocol.java.sampler.JSR223Sampler.sample(JSR223Sampler.java:72) [ApacheJMeter_java.jar:5.6.3]
	at org.apache.jmeter.threads.JMeterThread.doSampling(JMeterThread.java:651) [ApacheJMeter_core.jar:5.6.3]
	at org.apache.jmeter.threads.JMeterThread.executeSamplePackage(JMeterThread.java:570) [ApacheJMeter_core.jar:5.6.3]
	at org.apache.jmeter.threads.JMeterThread.processSampler(JMeterThread.java:501) [ApacheJMeter_core.jar:5.6.3]
	at org.apache.jmeter.threads.JMeterThread.run(JMeterThread.java:268) [ApacheJMeter_core.jar:5.6.3]
	at java.base/java.lang.Thread.run(Unknown Source) [?:?]
Caused by: java.lang.IllegalStateException: start charging session failed with HTTP 409: {"timestamp":"2026-07-02T00:57:35.15102742Z","status":409,"error":"Conflict","message":"Connector is not available for charging.","path":"/api/v1/sessions/start"}
	at java.base/jdk.internal.reflect.NativeConstructorAccessorImpl.newInstance0(Native Method) ~[?:?]
	at java.base/jdk.internal.reflect.NativeConstructorAccessorImpl.newInstance(Unknown Source) ~[?:?]
	at java.base/jdk.internal.reflect.DelegatingConstructorAccessorImpl.newInstance(Unknown Source) ~[?:?]
	at java.base/java.lang.reflect.Constructor.newInstanceWithCaller(Unknown Source) ~[?:?]
	at java.base/java.lang.reflect.Constructor.newInstance(Unknown Source) ~[?:?]
	at org.codehaus.groovy.reflection.CachedConstructor.invoke(CachedConstructor.java:72) ~[groovy-3.0.20.jar:3.0.20]
	at org.codehaus.groovy.reflection.CachedConstructor.doConstructorInvoke(CachedConstructor.java:59) ~[groovy-3.0.20.jar:3.0.20]
	at org.codehaus.groovy.runtime.callsite.ConstructorSite$ConstructorSiteNoUnwrap.callConstructor(ConstructorSite.java:84) ~[groovy-3.0.20.jar:3.0.20]
	at org.codehaus.groovy.runtime.callsite.AbstractCallSite.callConstructor(AbstractCallSite.java:277) ~[groovy-3.0.20.jar:3.0.20]
	at Script1$_run_closure8.doCall(Script1.groovy:145) ~[?:?]
	at jdk.internal.reflect.GeneratedMethodAccessor26.invoke(Unknown Source) ~[?:?]
	at java.base/jdk.internal.reflect.DelegatingMethodAccessorImpl.invoke(Unknown Source) ~[?:?]
	at java.base/java.lang.reflect.Method.invoke(Unknown Source) ~[?:?]
	at org.codehaus.groovy.reflection.CachedMethod.invoke(CachedMethod.java:107) ~[groovy-3.0.20.jar:3.0.20]
	at groovy.lang.MetaMethod.doMethodInvoke(MetaMethod.java:323) ~[groovy-3.0.20.jar:3.0.20]
	at org.codehaus.groovy.runtime.metaclass.ClosureMetaClass.invokeMethod(ClosureMetaClass.java:274) ~[groovy-3.0.20.jar:3.0.20]
	at groovy.lang.MetaClassImpl.invokeMethod(MetaClassImpl.java:1030) ~[groovy-3.0.20.jar:3.0.20]
	at org.codehaus.groovy.runtime.callsite.PogoMetaClassSite.call(PogoMetaClassSite.java:38) ~[groovy-3.0.20.jar:3.0.20]
	at org.codehaus.groovy.runtime.callsite.AbstractCallSite.call(AbstractCallSite.java:157) ~[groovy-3.0.20.jar:3.0.20]
	at Script1$_run_closure15.doCall(Script1.groovy:423) ~[?:?]
	at jdk.internal.reflect.GeneratedMethodAccessor67.invoke(Unknown Source) ~[?:?]
	at java.base/jdk.internal.reflect.DelegatingMethodAccessorImpl.invoke(Unknown Source) ~[?:?]
	at java.base/java.lang.reflect.Method.invoke(Unknown Source) ~[?:?]
	at org.codehaus.groovy.reflection.CachedMethod.invoke(CachedMethod.java:107) ~[groovy-3.0.20.jar:3.0.20]
	at groovy.lang.MetaMethod.doMethodInvoke(MetaMethod.java:323) ~[groovy-3.0.20.jar:3.0.20]
	at org.codehaus.groovy.runtime.metaclass.ClosureMetaClass.invokeMethod(ClosureMetaClass.java:274) ~[groovy-3.0.20.jar:3.0.20]
	at groovy.lang.MetaClassImpl.invokeMethod(MetaClassImpl.java:1030) ~[groovy-3.0.20.jar:3.0.20]
	at org.codehaus.groovy.runtime.callsite.PogoMetaClassSite.call(PogoMetaClassSite.java:38) ~[groovy-3.0.20.jar:3.0.20]
	at org.codehaus.groovy.runtime.callsite.AbstractCallSite.call(AbstractCallSite.java:139) ~[groovy-3.0.20.jar:3.0.20]
	at Script1.run(Script1.groovy:553) ~[?:?]
	at org.codehaus.groovy.jsr223.GroovyScriptEngineImpl.eval(GroovyScriptEngineImpl.java:317) ~[groovy-jsr223-3.0.20.jar:3.0.20]
	... 9 more
2026-07-02 00:57:35,177 INFO o.a.j.t.JMeterThread: Thread is done: 100 driver charging journeys 1-26
2026-07-02 00:57:35,178 INFO o.a.j.t.JMeterThread: Thread finished: 100 driver charging journeys 1-26
2026-07-02 00:57:35,492 INFO o.a.j.p.j.s.J.Full charging journey with SSE: [electrahub-jmeter][full][016] sse ok connected=1 snapshot=2 updates=25 receipts=0 heartbeats=0
2026-07-02 00:57:35,493 INFO o.a.j.p.j.s.J.Full charging journey with SSE: [electrahub-jmeter][full][016] holding session for 49s before stop
2026-07-02 00:57:35,542 INFO o.a.j.t.JMeterThread: Thread started: 100 driver charging journeys 1-28
2026-07-02 00:57:35,549 INFO o.a.j.p.j.s.J.Full charging journey with SSE: [electrahub-jmeter][full][028] step=register
2026-07-02 00:57:35,704 INFO o.a.j.p.j.s.J.Full charging journey with SSE: [electrahub-jmeter][full][028] http POST /auth/api/auth/register status=200 elapsedMs=154
2026-07-02 00:57:35,705 INFO o.a.j.p.j.s.J.Full charging journey with SSE: [electrahub-jmeter][full][028] registered uid=d8bbaa16-9e4e-4e30-b04b-8821035921b1
2026-07-02 00:57:35,714 INFO o.a.j.p.j.s.J.Full charging journey with SSE: [electrahub-jmeter][full][028] step=payment state before setup
2026-07-02 00:57:35,774 INFO o.a.j.p.j.s.J.Full charging journey with SSE: [electrahub-jmeter][full][028] http GET /payment/api/v1/payment/state status=451 elapsedMs=59
2026-07-02 00:57:35,775 INFO o.a.j.p.j.s.J.Full charging journey with SSE: [electrahub-jmeter][full][028] step=accept terms
2026-07-02 00:57:35,844 INFO o.a.j.p.j.s.J.Full charging journey with SSE: [electrahub-jmeter][full][028] http POST /auth/api/terms/accept status=201 elapsedMs=68
2026-07-02 00:57:35,844 INFO o.a.j.p.j.s.J.Full charging journey with SSE: [electrahub-jmeter][full][028] accepted terms; refreshing token through login
2026-07-02 00:57:35,845 INFO o.a.j.p.j.s.J.Full charging journey with SSE: [electrahub-jmeter][full][028] step=login
2026-07-02 00:57:35,933 INFO o.a.j.p.j.s.J.Full charging journey with SSE: [electrahub-jmeter][full][027] step=start charging attempt 6
2026-07-02 00:57:35,990 INFO o.a.j.p.j.s.J.Full charging journey with SSE: [electrahub-jmeter][full][028] http POST /auth/api/auth/login status=200 elapsedMs=145
2026-07-02 00:57:35,991 INFO o.a.j.p.j.s.J.Full charging journey with SSE: [electrahub-jmeter][full][028] logged in uid=d8bbaa16-9e4e-4e30-b04b-8821035921b1
2026-07-02 00:57:35,991 INFO o.a.j.p.j.s.J.Full charging journey with SSE: [electrahub-jmeter][full][028] step=payment state after terms
2026-07-02 00:57:36,009 INFO o.a.j.p.j.s.J.Full charging journey with SSE: [electrahub-jmeter][full][027] http POST /session/api/v1/sessions/start status=409 elapsedMs=75
2026-07-02 00:57:36,010 INFO o.a.j.p.j.s.J.Full charging journey with SSE: [electrahub-jmeter][full][027] start skipped EH-US-CHG-0032/CON-US-0032 HTTP 409; trying next connector
2026-07-02 00:57:36,054 INFO o.a.j.p.j.s.J.Full charging journey with SSE: [electrahub-jmeter][full][028] http GET /payment/api/v1/payment/state status=200 elapsedMs=61
2026-07-02 00:57:36,054 INFO o.a.j.p.j.s.J.Full charging journey with SSE: [electrahub-jmeter][full][028] step=add card
2026-07-02 00:57:36,118 INFO o.a.j.p.j.s.J.Full charging journey with SSE: [electrahub-jmeter][full][028] http POST /payment/api/v1/payment/cards status=201 elapsedMs=62
2026-07-02 00:57:36,119 INFO o.a.j.p.j.s.J.Full charging journey with SSE: [electrahub-jmeter][full][028] step=wallet topup
2026-07-02 00:57:36,184 INFO o.a.j.p.j.s.J.Full charging journey with SSE: [electrahub-jmeter][full][028] http POST /payment/api/v1/payment/wallet/topups status=201 elapsedMs=64
2026-07-02 00:57:36,185 INFO o.a.j.p.j.s.J.Full charging journey with SSE: [electrahub-jmeter][full][028] step=payment state after setup
2026-07-02 00:57:36,261 INFO o.a.j.p.j.s.J.Full charging journey with SSE: [electrahub-jmeter][full][028] http GET /payment/api/v1/payment/state status=200 elapsedMs=75
2026-07-02 00:57:36,262 INFO o.a.j.p.j.s.J.Full charging journey with SSE: [electrahub-jmeter][full][028] payment ready wallet=120.00
2026-07-02 00:57:36,263 INFO o.a.j.p.j.s.J.Full charging journey with SSE: [electrahub-jmeter][full][028] step=charger graphql list
2026-07-02 00:57:36,380 INFO o.a.j.p.j.s.J.Full charging journey with SSE: [electrahub-jmeter][full][028] http POST /charger/graphql status=200 elapsedMs=117
2026-07-02 00:57:36,382 INFO o.a.j.p.j.s.J.Full charging journey with SSE: [electrahub-jmeter][full][028] dynamic connector selection found no available connector; using CSV connector
2026-07-02 00:57:36,383 INFO o.a.j.p.j.s.J.Full charging journey with SSE: [electrahub-jmeter][full][028] step=charger graphql view
2026-07-02 00:57:36,459 INFO o.a.j.p.j.s.J.Full charging journey with SSE: [electrahub-jmeter][full][028] http POST /charger/graphql status=200 elapsedMs=75
2026-07-02 00:57:36,460 INFO o.a.j.p.j.s.J.Full charging journey with SSE: [electrahub-jmeter][full][028] step=payment state before start
2026-07-02 00:57:36,519 INFO o.a.j.p.j.s.J.Full charging journey with SSE: [electrahub-jmeter][full][028] http GET /payment/api/v1/payment/state status=200 elapsedMs=59
2026-07-02 00:57:36,523 INFO o.a.j.p.j.s.J.Full charging journey with SSE: [electrahub-jmeter][full][028] using connector csv fallback attempts=10 startIndex=28/100
2026-07-02 00:57:36,524 INFO o.a.j.p.j.s.J.Full charging journey with SSE: [electrahub-jmeter][full][028] step=start charging attempt 1
2026-07-02 00:57:36,588 INFO o.a.j.p.j.s.J.Full charging journey with SSE: [electrahub-jmeter][full][028] http POST /session/api/v1/sessions/start status=409 elapsedMs=64
2026-07-02 00:57:36,588 INFO o.a.j.p.j.s.J.Full charging journey with SSE: [electrahub-jmeter][full][028] start skipped EH-US-CHG-0028/CON-US-0028 HTTP 409; trying next connector
2026-07-02 00:57:37,011 INFO o.a.j.p.j.s.J.Full charging journey with SSE: [electrahub-jmeter][full][027] step=start charging attempt 7
2026-07-02 00:57:37,079 INFO o.a.j.p.j.s.J.Full charging journey with SSE: [electrahub-jmeter][full][027] http POST /session/api/v1/sessions/start status=409 elapsedMs=67
2026-07-02 00:57:37,080 INFO o.a.j.p.j.s.J.Full charging journey with SSE: [electrahub-jmeter][full][027] start skipped EH-US-CHG-0033/CON-US-0033 HTTP 409; trying next connector
2026-07-02 00:57:37,084 INFO o.a.j.p.j.s.J.Full charging journey with SSE: [electrahub-jmeter][full][008] step=stop charging session
2026-07-02 00:57:37,457 INFO o.a.j.p.j.s.J.Full charging journey with SSE: [electrahub-jmeter][full][006] step=active sessions
2026-07-02 00:57:37,504 INFO o.a.j.p.j.s.J.Full charging journey with SSE: [electrahub-jmeter][full][007] http POST /session/api/v1/sessions/d6bbbf23-8fa7-45e5-915a-909a743992e6/stop status=204 elapsedMs=3477
2026-07-02 00:57:37,505 INFO o.a.j.p.j.s.J.Full charging journey with SSE: [electrahub-jmeter][full][007] stop requested session=d6bbbf23-8fa7-45e5-915a-909a743992e6
2026-07-02 00:57:37,505 INFO o.a.j.p.j.s.J.Full charging journey with SSE: [electrahub-jmeter][full][007] step=active sessions
2026-07-02 00:57:37,526 INFO o.a.j.p.j.s.J.Full charging journey with SSE: [electrahub-jmeter][full][006] http GET /session/api/v1/sessions/active status=200 elapsedMs=68
2026-07-02 00:57:37,527 INFO o.a.j.p.j.s.J.Full charging journey with SSE: [electrahub-jmeter][full][006] step=receipt
2026-07-02 00:57:37,589 INFO o.a.j.p.j.s.J.Full charging journey with SSE: [electrahub-jmeter][full][028] step=start charging attempt 2
2026-07-02 00:57:37,600 INFO o.a.j.p.j.s.J.Full charging journey with SSE: [electrahub-jmeter][full][006] http GET /session/api/v1/sessions/e0b6104c-cc42-46ef-9ac2-bef2f19446e9/receipt status=200 elapsedMs=73
2026-07-02 00:57:37,601 INFO o.a.j.p.j.s.J.Full charging journey with SSE: [electrahub-jmeter][full][006] step=session history
2026-07-02 00:57:37,635 INFO o.a.j.p.j.s.J.Full charging journey with SSE: [electrahub-jmeter][full][007] http GET /session/api/v1/sessions/active status=200 elapsedMs=129
2026-07-02 00:57:37,636 INFO o.a.j.p.j.s.J.Full charging journey with SSE: [electrahub-jmeter][full][007] step=receipt
2026-07-02 00:57:37,691 INFO o.a.j.p.j.s.J.Full charging journey with SSE: [electrahub-jmeter][full][006] http GET /session/api/v1/sessions/history?page=0&size=10 status=200 elapsedMs=89
2026-07-02 00:57:37,692 INFO o.a.j.p.j.s.J.Full charging journey with SSE: [electrahub-jmeter][full][006] step=dashboard stats
2026-07-02 00:57:37,735 INFO o.a.j.p.j.s.J.Full charging journey with SSE: [electrahub-jmeter][full][007] http GET /session/api/v1/sessions/d6bbbf23-8fa7-45e5-915a-909a743992e6/receipt status=200 elapsedMs=98
2026-07-02 00:57:37,735 INFO o.a.j.p.j.s.J.Full charging journey with SSE: [electrahub-jmeter][full][028] http POST /session/api/v1/sessions/start status=409 elapsedMs=98
2026-07-02 00:57:37,736 INFO o.a.j.p.j.s.J.Full charging journey with SSE: [electrahub-jmeter][full][007] step=session history
2026-07-02 00:57:37,736 INFO o.a.j.p.j.s.J.Full charging journey with SSE: [electrahub-jmeter][full][028] start skipped EH-US-CHG-0029/CON-US-0029 HTTP 409; trying next connector
2026-07-02 00:57:37,750 INFO o.a.j.p.j.s.J.Full charging journey with SSE: [electrahub-jmeter][full][006] http GET /session/api/v1/sessions/dashboard-stats status=200 elapsedMs=58
2026-07-02 00:57:37,751 INFO o.a.j.p.j.s.J.Full charging journey with SSE: [electrahub-jmeter][full][006] receipt ok session=e0b6104c-cc42-46ef-9ac2-bef2f19446e9 status=Completed total=1.8723
2026-07-02 00:57:37,752 INFO o.a.j.t.JMeterThread: Thread is done: 100 driver charging journeys 1-6
2026-07-02 00:57:37,753 INFO o.a.j.t.JMeterThread: Thread finished: 100 driver charging journeys 1-6
2026-07-02 00:57:37,795 INFO o.a.j.p.j.s.J.Full charging journey with SSE: [electrahub-jmeter][full][007] http GET /session/api/v1/sessions/history?page=0&size=10 status=200 elapsedMs=58
2026-07-02 00:57:37,796 INFO o.a.j.p.j.s.J.Full charging journey with SSE: [electrahub-jmeter][full][007] step=dashboard stats
2026-07-02 00:57:37,891 INFO o.a.j.p.j.s.J.Full charging journey with SSE: [electrahub-jmeter][full][007] http GET /session/api/v1/sessions/dashboard-stats status=200 elapsedMs=94
2026-07-02 00:57:37,892 INFO o.a.j.p.j.s.J.Full charging journey with SSE: [electrahub-jmeter][full][007] receipt ok session=d6bbbf23-8fa7-45e5-915a-909a743992e6 status=In Progress total=1.8678
2026-07-02 00:57:37,894 INFO o.a.j.t.JMeterThread: Thread is done: 100 driver charging journeys 1-7
2026-07-02 00:57:37,894 INFO o.a.j.t.JMeterThread: Thread finished: 100 driver charging journeys 1-7
2026-07-02 00:57:38,081 INFO o.a.j.p.j.s.J.Full charging journey with SSE: [electrahub-jmeter][full][027] step=start charging attempt 8
2026-07-02 00:57:38,144 INFO o.a.j.p.j.s.J.Full charging journey with SSE: [electrahub-jmeter][full][027] http POST /session/api/v1/sessions/start status=409 elapsedMs=62
2026-07-02 00:57:38,145 INFO o.a.j.p.j.s.J.Full charging journey with SSE: [electrahub-jmeter][full][027] start skipped EH-US-CHG-0034/CON-US-0034 HTTP 409; trying next connector
2026-07-02 00:57:38,738 INFO o.a.j.p.j.s.J.Full charging journey with SSE: [electrahub-jmeter][full][028] step=start charging attempt 3
2026-07-02 00:57:38,810 INFO o.a.j.p.j.s.J.Full charging journey with SSE: [electrahub-jmeter][full][028] http POST /session/api/v1/sessions/start status=409 elapsedMs=71
2026-07-02 00:57:38,811 INFO o.a.j.p.j.s.J.Full charging journey with SSE: [electrahub-jmeter][full][028] start skipped EH-US-CHG-0030/CON-US-0030 HTTP 409; trying next connector
2026-07-02 00:57:39,146 INFO o.a.j.p.j.s.J.Full charging journey with SSE: [electrahub-jmeter][full][027] step=start charging attempt 9
2026-07-02 00:57:39,211 INFO o.a.j.p.j.s.J.Full charging journey with SSE: [electrahub-jmeter][full][027] http POST /session/api/v1/sessions/start status=409 elapsedMs=63
2026-07-02 00:57:39,211 INFO o.a.j.p.j.s.J.Full charging journey with SSE: [electrahub-jmeter][full][027] start skipped EH-US-CHG-0035/CON-US-0035 HTTP 409; trying next connector
2026-07-02 00:57:39,812 INFO o.a.j.p.j.s.J.Full charging journey with SSE: [electrahub-jmeter][full][028] step=start charging attempt 4
2026-07-02 00:57:39,874 INFO o.a.j.p.j.s.J.Full charging journey with SSE: [electrahub-jmeter][full][028] http POST /session/api/v1/sessions/start status=409 elapsedMs=61
2026-07-02 00:57:39,875 INFO o.a.j.p.j.s.J.Full charging journey with SSE: [electrahub-jmeter][full][028] start skipped EH-US-CHG-0031/CON-US-0031 HTTP 409; trying next connector
2026-07-02 00:57:40,212 INFO o.a.j.p.j.s.J.Full charging journey with SSE: [electrahub-jmeter][full][027] step=start charging attempt 10
2026-07-02 00:57:40,287 INFO o.a.j.p.j.s.J.Full charging journey with SSE: [electrahub-jmeter][full][027] http POST /session/api/v1/sessions/start status=409 elapsedMs=74
2026-07-02 00:57:40,288 ERROR o.a.j.p.j.s.J.Full charging journey with SSE: [electrahub-jmeter][full][027] failed
java.lang.IllegalStateException: start charging session failed with HTTP 409: {"timestamp":"2026-07-02T00:57:40.260925696Z","status":409,"error":"Conflict","message":"Connector is not available for charging.","path":"/api/v1/sessions/start"}
	at java.base/jdk.internal.reflect.NativeConstructorAccessorImpl.newInstance0(Native Method) ~[?:?]
	at java.base/jdk.internal.reflect.NativeConstructorAccessorImpl.newInstance(Unknown Source) ~[?:?]
	at java.base/jdk.internal.reflect.DelegatingConstructorAccessorImpl.newInstance(Unknown Source) ~[?:?]
	at java.base/java.lang.reflect.Constructor.newInstanceWithCaller(Unknown Source) ~[?:?]
	at java.base/java.lang.reflect.Constructor.newInstance(Unknown Source) ~[?:?]
	at org.codehaus.groovy.reflection.CachedConstructor.invoke(CachedConstructor.java:72) ~[groovy-3.0.20.jar:3.0.20]
	at org.codehaus.groovy.reflection.CachedConstructor.doConstructorInvoke(CachedConstructor.java:59) ~[groovy-3.0.20.jar:3.0.20]
	at org.codehaus.groovy.runtime.callsite.ConstructorSite$ConstructorSiteNoUnwrap.callConstructor(ConstructorSite.java:84) ~[groovy-3.0.20.jar:3.0.20]
	at org.codehaus.groovy.runtime.callsite.AbstractCallSite.callConstructor(AbstractCallSite.java:277) ~[groovy-3.0.20.jar:3.0.20]
	at Script1$_run_closure8.doCall(Script1.groovy:145) ~[?:?]
	at jdk.internal.reflect.GeneratedMethodAccessor26.invoke(Unknown Source) ~[?:?]
	at java.base/jdk.internal.reflect.DelegatingMethodAccessorImpl.invoke(Unknown Source) ~[?:?]
	at java.base/java.lang.reflect.Method.invoke(Unknown Source) ~[?:?]
	at org.codehaus.groovy.reflection.CachedMethod.invoke(CachedMethod.java:107) ~[groovy-3.0.20.jar:3.0.20]
	at groovy.lang.MetaMethod.doMethodInvoke(MetaMethod.java:323) ~[groovy-3.0.20.jar:3.0.20]
	at org.codehaus.groovy.runtime.metaclass.ClosureMetaClass.invokeMethod(ClosureMetaClass.java:274) ~[groovy-3.0.20.jar:3.0.20]
	at groovy.lang.MetaClassImpl.invokeMethod(MetaClassImpl.java:1030) ~[groovy-3.0.20.jar:3.0.20]
	at org.codehaus.groovy.runtime.callsite.PogoMetaClassSite.call(PogoMetaClassSite.java:38) ~[groovy-3.0.20.jar:3.0.20]
	at org.codehaus.groovy.runtime.callsite.AbstractCallSite.call(AbstractCallSite.java:157) ~[groovy-3.0.20.jar:3.0.20]
	at Script1$_run_closure15.doCall(Script1.groovy:423) ~[?:?]
	at jdk.internal.reflect.GeneratedMethodAccessor67.invoke(Unknown Source) ~[?:?]
	at java.base/jdk.internal.reflect.DelegatingMethodAccessorImpl.invoke(Unknown Source) ~[?:?]
	at java.base/java.lang.reflect.Method.invoke(Unknown Source) ~[?:?]
	at org.codehaus.groovy.reflection.CachedMethod.invoke(CachedMethod.java:107) ~[groovy-3.0.20.jar:3.0.20]
	at groovy.lang.MetaMethod.doMethodInvoke(MetaMethod.java:323) ~[groovy-3.0.20.jar:3.0.20]
	at org.codehaus.groovy.runtime.metaclass.ClosureMetaClass.invokeMethod(ClosureMetaClass.java:274) ~[groovy-3.0.20.jar:3.0.20]
	at groovy.lang.MetaClassImpl.invokeMethod(MetaClassImpl.java:1030) ~[groovy-3.0.20.jar:3.0.20]
	at org.codehaus.groovy.runtime.callsite.PogoMetaClassSite.call(PogoMetaClassSite.java:38) ~[groovy-3.0.20.jar:3.0.20]
	at org.codehaus.groovy.runtime.callsite.AbstractCallSite.call(AbstractCallSite.java:139) [groovy-3.0.20.jar:3.0.20]
	at Script1.run(Script1.groovy:553) [script:?]
	at org.codehaus.groovy.jsr223.GroovyScriptEngineImpl.eval(GroovyScriptEngineImpl.java:317) [groovy-jsr223-3.0.20.jar:3.0.20]
	at org.codehaus.groovy.jsr223.GroovyCompiledScript.eval(GroovyCompiledScript.java:71) [groovy-jsr223-3.0.20.jar:3.0.20]
	at java.scripting/javax.script.CompiledScript.eval(Unknown Source) [java.scripting:?]
	at org.apache.jmeter.util.JSR223TestElement.processFileOrScript(JSR223TestElement.java:216) [ApacheJMeter_core.jar:5.6.3]
	at org.apache.jmeter.protocol.java.sampler.JSR223Sampler.sample(JSR223Sampler.java:72) [ApacheJMeter_java.jar:5.6.3]
	at org.apache.jmeter.threads.JMeterThread.doSampling(JMeterThread.java:651) [ApacheJMeter_core.jar:5.6.3]
	at org.apache.jmeter.threads.JMeterThread.executeSamplePackage(JMeterThread.java:570) [ApacheJMeter_core.jar:5.6.3]
	at org.apache.jmeter.threads.JMeterThread.processSampler(JMeterThread.java:501) [ApacheJMeter_core.jar:5.6.3]
	at org.apache.jmeter.threads.JMeterThread.run(JMeterThread.java:268) [ApacheJMeter_core.jar:5.6.3]
	at java.base/java.lang.Thread.run(Unknown Source) [?:?]
2026-07-02 00:57:40,289 ERROR o.a.j.p.j.s.JSR223Sampler: Problem in JSR223 script Full charging journey with SSE, message: javax.script.ScriptException: java.lang.IllegalStateException: start charging session failed with HTTP 409: {"timestamp":"2026-07-02T00:57:40.260925696Z","status":409,"error":"Conflict","message":"Connector is not available for charging.","path":"/api/v1/sessions/start"}
javax.script.ScriptException: java.lang.IllegalStateException: start charging session failed with HTTP 409: {"timestamp":"2026-07-02T00:57:40.260925696Z","status":409,"error":"Conflict","message":"Connector is not available for charging.","path":"/api/v1/sessions/start"}
	at org.codehaus.groovy.jsr223.GroovyScriptEngineImpl.eval(GroovyScriptEngineImpl.java:320) ~[groovy-jsr223-3.0.20.jar:3.0.20]
	at org.codehaus.groovy.jsr223.GroovyCompiledScript.eval(GroovyCompiledScript.java:71) ~[groovy-jsr223-3.0.20.jar:3.0.20]
	at java.scripting/javax.script.CompiledScript.eval(Unknown Source) ~[java.scripting:?]
	at org.apache.jmeter.util.JSR223TestElement.processFileOrScript(JSR223TestElement.java:216) ~[ApacheJMeter_core.jar:5.6.3]
	at org.apache.jmeter.protocol.java.sampler.JSR223Sampler.sample(JSR223Sampler.java:72) [ApacheJMeter_java.jar:5.6.3]
	at org.apache.jmeter.threads.JMeterThread.doSampling(JMeterThread.java:651) [ApacheJMeter_core.jar:5.6.3]
	at org.apache.jmeter.threads.JMeterThread.executeSamplePackage(JMeterThread.java:570) [ApacheJMeter_core.jar:5.6.3]
	at org.apache.jmeter.threads.JMeterThread.processSampler(JMeterThread.java:501) [ApacheJMeter_core.jar:5.6.3]
	at org.apache.jmeter.threads.JMeterThread.run(JMeterThread.java:268) [ApacheJMeter_core.jar:5.6.3]
	at java.base/java.lang.Thread.run(Unknown Source) [?:?]
Caused by: java.lang.IllegalStateException: start charging session failed with HTTP 409: {"timestamp":"2026-07-02T00:57:40.260925696Z","status":409,"error":"Conflict","message":"Connector is not available for charging.","path":"/api/v1/sessions/start"}
	at java.base/jdk.internal.reflect.NativeConstructorAccessorImpl.newInstance0(Native Method) ~[?:?]
	at java.base/jdk.internal.reflect.NativeConstructorAccessorImpl.newInstance(Unknown Source) ~[?:?]
	at java.base/jdk.internal.reflect.DelegatingConstructorAccessorImpl.newInstance(Unknown Source) ~[?:?]
	at java.base/java.lang.reflect.Constructor.newInstanceWithCaller(Unknown Source) ~[?:?]
	at java.base/java.lang.reflect.Constructor.newInstance(Unknown Source) ~[?:?]
	at org.codehaus.groovy.reflection.CachedConstructor.invoke(CachedConstructor.java:72) ~[groovy-3.0.20.jar:3.0.20]
	at org.codehaus.groovy.reflection.CachedConstructor.doConstructorInvoke(CachedConstructor.java:59) ~[groovy-3.0.20.jar:3.0.20]
	at org.codehaus.groovy.runtime.callsite.ConstructorSite$ConstructorSiteNoUnwrap.callConstructor(ConstructorSite.java:84) ~[groovy-3.0.20.jar:3.0.20]
	at org.codehaus.groovy.runtime.callsite.AbstractCallSite.callConstructor(AbstractCallSite.java:277) ~[groovy-3.0.20.jar:3.0.20]
	at Script1$_run_closure8.doCall(Script1.groovy:145) ~[?:?]
	at jdk.internal.reflect.GeneratedMethodAccessor26.invoke(Unknown Source) ~[?:?]
	at java.base/jdk.internal.reflect.DelegatingMethodAccessorImpl.invoke(Unknown Source) ~[?:?]
	at java.base/java.lang.reflect.Method.invoke(Unknown Source) ~[?:?]
	at org.codehaus.groovy.reflection.CachedMethod.invoke(CachedMethod.java:107) ~[groovy-3.0.20.jar:3.0.20]
	at groovy.lang.MetaMethod.doMethodInvoke(MetaMethod.java:323) ~[groovy-3.0.20.jar:3.0.20]
	at org.codehaus.groovy.runtime.metaclass.ClosureMetaClass.invokeMethod(ClosureMetaClass.java:274) ~[groovy-3.0.20.jar:3.0.20]
	at groovy.lang.MetaClassImpl.invokeMethod(MetaClassImpl.java:1030) ~[groovy-3.0.20.jar:3.0.20]
	at org.codehaus.groovy.runtime.callsite.PogoMetaClassSite.call(PogoMetaClassSite.java:38) ~[groovy-3.0.20.jar:3.0.20]
	at org.codehaus.groovy.runtime.callsite.AbstractCallSite.call(AbstractCallSite.java:157) ~[groovy-3.0.20.jar:3.0.20]
	at Script1$_run_closure15.doCall(Script1.groovy:423) ~[?:?]
	at jdk.internal.reflect.GeneratedMethodAccessor67.invoke(Unknown Source) ~[?:?]
	at java.base/jdk.internal.reflect.DelegatingMethodAccessorImpl.invoke(Unknown Source) ~[?:?]
	at java.base/java.lang.reflect.Method.invoke(Unknown Source) ~[?:?]
	at org.codehaus.groovy.reflection.CachedMethod.invoke(CachedMethod.java:107) ~[groovy-3.0.20.jar:3.0.20]
	at groovy.lang.MetaMethod.doMethodInvoke(MetaMethod.java:323) ~[groovy-3.0.20.jar:3.0.20]
	at org.codehaus.groovy.runtime.metaclass.ClosureMetaClass.invokeMethod(ClosureMetaClass.java:274) ~[groovy-3.0.20.jar:3.0.20]
	at groovy.lang.MetaClassImpl.invokeMethod(MetaClassImpl.java:1030) ~[groovy-3.0.20.jar:3.0.20]
	at org.codehaus.groovy.runtime.callsite.PogoMetaClassSite.call(PogoMetaClassSite.java:38) ~[groovy-3.0.20.jar:3.0.20]
	at org.codehaus.groovy.runtime.callsite.AbstractCallSite.call(AbstractCallSite.java:139) ~[groovy-3.0.20.jar:3.0.20]
	at Script1.run(Script1.groovy:553) ~[?:?]
	at org.codehaus.groovy.jsr223.GroovyScriptEngineImpl.eval(GroovyScriptEngineImpl.java:317) ~[groovy-jsr223-3.0.20.jar:3.0.20]
	... 9 more
2026-07-02 00:57:40,291 INFO o.a.j.t.JMeterThread: Thread is done: 100 driver charging journeys 1-27
2026-07-02 00:57:40,292 INFO o.a.j.t.JMeterThread: Thread finished: 100 driver charging journeys 1-27
2026-07-02 00:57:40,527 INFO o.a.j.p.j.s.J.Full charging journey with SSE: [electrahub-jmeter][full][008] http POST /session/api/v1/sessions/e5cb6848-6905-47a9-880e-771a26ac526e/stop status=204 elapsedMs=3442
2026-07-02 00:57:40,528 INFO o.a.j.p.j.s.J.Full charging journey with SSE: [electrahub-jmeter][full][008] stop requested session=e5cb6848-6905-47a9-880e-771a26ac526e
2026-07-02 00:57:40,529 INFO o.a.j.p.j.s.J.Full charging journey with SSE: [electrahub-jmeter][full][008] step=active sessions
2026-07-02 00:57:40,876 INFO o.a.j.p.j.s.J.Full charging journey with SSE: [electrahub-jmeter][full][028] step=start charging attempt 5
2026-07-02 00:57:40,947 INFO o.a.j.p.j.s.J.Full charging journey with SSE: [electrahub-jmeter][full][028] http POST /session/api/v1/sessions/start status=409 elapsedMs=69
2026-07-02 00:57:40,948 INFO o.a.j.p.j.s.J.Full charging journey with SSE: [electrahub-jmeter][full][028] start skipped EH-US-CHG-0032/CON-US-0032 HTTP 409; trying next connector
2026-07-02 00:57:41,541 INFO o.a.j.p.j.s.J.Full charging journey with SSE: [electrahub-jmeter][full][008] http GET /session/api/v1/sessions/active status=200 elapsedMs=1011
2026-07-02 00:57:41,541 INFO o.a.j.t.JMeterThread: Thread started: 100 driver charging journeys 1-29
2026-07-02 00:57:41,542 INFO o.a.j.p.j.s.J.Full charging journey with SSE: [electrahub-jmeter][full][017] sse ok connected=1 snapshot=2 updates=25 receipts=0 heartbeats=0
2026-07-02 00:57:41,543 INFO o.a.j.p.j.s.J.Full charging journey with SSE: [electrahub-jmeter][full][017] holding session for 49s before stop
2026-07-02 00:57:41,550 INFO o.a.j.p.j.s.J.Full charging journey with SSE: [electrahub-jmeter][full][029] step=register
2026-07-02 00:57:41,735 INFO o.a.j.p.j.s.J.Full charging journey with SSE: [electrahub-jmeter][full][029] http POST /auth/api/auth/register status=200 elapsedMs=184
2026-07-02 00:57:41,737 INFO o.a.j.p.j.s.J.Full charging journey with SSE: [electrahub-jmeter][full][029] registered uid=c8628ff6-d6e9-4e59-9103-f2cbcabafb58
2026-07-02 00:57:41,745 INFO o.a.j.p.j.s.J.Full charging journey with SSE: [electrahub-jmeter][full][029] step=payment state before setup
2026-07-02 00:57:41,807 INFO o.a.j.p.j.s.J.Full charging journey with SSE: [electrahub-jmeter][full][029] http GET /payment/api/v1/payment/state status=451 elapsedMs=62
2026-07-02 00:57:41,807 INFO o.a.j.p.j.s.J.Full charging journey with SSE: [electrahub-jmeter][full][029] step=accept terms
2026-07-02 00:57:41,871 INFO o.a.j.p.j.s.J.Full charging journey with SSE: [electrahub-jmeter][full][029] http POST /auth/api/terms/accept status=201 elapsedMs=63
2026-07-02 00:57:41,872 INFO o.a.j.p.j.s.J.Full charging journey with SSE: [electrahub-jmeter][full][029] accepted terms; refreshing token through login
2026-07-02 00:57:41,873 INFO o.a.j.p.j.s.J.Full charging journey with SSE: [electrahub-jmeter][full][029] step=login
2026-07-02 00:57:41,949 INFO o.a.j.p.j.s.J.Full charging journey with SSE: [electrahub-jmeter][full][028] step=start charging attempt 6
2026-07-02 00:57:42,019 INFO o.a.j.p.j.s.J.Full charging journey with SSE: [electrahub-jmeter][full][028] http POST /session/api/v1/sessions/start status=409 elapsedMs=69
2026-07-02 00:57:42,020 INFO o.a.j.p.j.s.J.Full charging journey with SSE: [electrahub-jmeter][full][028] start skipped EH-US-CHG-0033/CON-US-0033 HTTP 409; trying next connector
2026-07-02 00:57:42,068 INFO o.a.j.p.j.s.J.Full charging journey with SSE: [electrahub-jmeter][full][029] http POST /auth/api/auth/login status=200 elapsedMs=194
2026-07-02 00:57:42,069 INFO o.a.j.p.j.s.J.Full charging journey with SSE: [electrahub-jmeter][full][029] logged in uid=c8628ff6-d6e9-4e59-9103-f2cbcabafb58
2026-07-02 00:57:42,070 INFO o.a.j.p.j.s.J.Full charging journey with SSE: [electrahub-jmeter][full][029] step=payment state after terms
2026-07-02 00:57:42,133 INFO o.a.j.p.j.s.J.Full charging journey with SSE: [electrahub-jmeter][full][029] http GET /payment/api/v1/payment/state status=200 elapsedMs=63
2026-07-02 00:57:42,133 INFO o.a.j.p.j.s.J.Full charging journey with SSE: [electrahub-jmeter][full][029] step=add card
2026-07-02 00:57:42,201 INFO o.a.j.p.j.s.J.Full charging journey with SSE: [electrahub-jmeter][full][029] http POST /payment/api/v1/payment/cards status=201 elapsedMs=66
2026-07-02 00:57:42,202 INFO o.a.j.p.j.s.J.Full charging journey with SSE: [electrahub-jmeter][full][029] step=wallet topup
2026-07-02 00:57:42,264 INFO o.a.j.p.j.s.J.Full charging journey with SSE: [electrahub-jmeter][full][029] http POST /payment/api/v1/payment/wallet/topups status=201 elapsedMs=61
2026-07-02 00:57:42,265 INFO o.a.j.p.j.s.J.Full charging journey with SSE: [electrahub-jmeter][full][029] step=payment state after setup
2026-07-02 00:57:42,323 INFO o.a.j.p.j.s.J.Full charging journey with SSE: [electrahub-jmeter][full][029] http GET /payment/api/v1/payment/state status=200 elapsedMs=57
2026-07-02 00:57:42,323 INFO o.a.j.p.j.s.J.Full charging journey with SSE: [electrahub-jmeter][full][029] payment ready wallet=120.00
2026-07-02 00:57:42,324 INFO o.a.j.p.j.s.J.Full charging journey with SSE: [electrahub-jmeter][full][029] step=charger graphql list
2026-07-02 00:57:42,418 INFO o.a.j.p.j.s.J.Full charging journey with SSE: [electrahub-jmeter][full][029] http POST /charger/graphql status=200 elapsedMs=93
2026-07-02 00:57:42,419 INFO o.a.j.p.j.s.J.Full charging journey with SSE: [electrahub-jmeter][full][029] dynamic connector selection found no available connector; using CSV connector
2026-07-02 00:57:42,420 INFO o.a.j.p.j.s.J.Full charging journey with SSE: [electrahub-jmeter][full][029] step=charger graphql view
2026-07-02 00:57:42,490 INFO o.a.j.p.j.s.J.Full charging journey with SSE: [electrahub-jmeter][full][029] http POST /charger/graphql status=200 elapsedMs=69
2026-07-02 00:57:42,491 INFO o.a.j.p.j.s.J.Full charging journey with SSE: [electrahub-jmeter][full][029] step=payment state before start
2026-07-02 00:57:42,553 INFO o.a.j.p.j.s.J.Full charging journey with SSE: [electrahub-jmeter][full][029] http GET /payment/api/v1/payment/state status=200 elapsedMs=62
2026-07-02 00:57:42,557 INFO o.a.j.p.j.s.J.Full charging journey with SSE: [electrahub-jmeter][full][029] using connector csv fallback attempts=10 startIndex=29/100
2026-07-02 00:57:42,558 INFO o.a.j.p.j.s.J.Full charging journey with SSE: [electrahub-jmeter][full][029] step=start charging attempt 1
2026-07-02 00:57:42,620 INFO o.a.j.p.j.s.J.Full charging journey with SSE: [electrahub-jmeter][full][029] http POST /session/api/v1/sessions/start status=409 elapsedMs=62
2026-07-02 00:57:42,621 INFO o.a.j.p.j.s.J.Full charging journey with SSE: [electrahub-jmeter][full][029] start skipped EH-US-CHG-0029/CON-US-0029 HTTP 409; trying next connector
2026-07-02 00:57:43,021 INFO o.a.j.p.j.s.J.Full charging journey with SSE: [electrahub-jmeter][full][028] step=start charging attempt 7
2026-07-02 00:57:43,089 INFO o.a.j.p.j.s.J.Full charging journey with SSE: [electrahub-jmeter][full][028] http POST /session/api/v1/sessions/start status=409 elapsedMs=67
2026-07-02 00:57:43,090 INFO o.a.j.p.j.s.J.Full charging journey with SSE: [electrahub-jmeter][full][028] start skipped EH-US-CHG-0034/CON-US-0034 HTTP 409; trying next connector
2026-07-02 00:57:43,144 INFO o.a.j.p.j.s.J.Full charging journey with SSE: [electrahub-jmeter][full][009] step=stop charging session
2026-07-02 00:57:43,622 INFO o.a.j.p.j.s.J.Full charging journey with SSE: [electrahub-jmeter][full][029] step=start charging attempt 2
2026-07-02 00:57:43,697 INFO o.a.j.p.j.s.J.Full charging journey with SSE: [electrahub-jmeter][full][029] http POST /session/api/v1/sessions/start status=409 elapsedMs=73
2026-07-02 00:57:43,697 INFO o.a.j.p.j.s.J.Full charging journey with SSE: [electrahub-jmeter][full][029] start skipped EH-US-CHG-0030/CON-US-0030 HTTP 409; trying next connector
2026-07-02 00:57:44,091 INFO o.a.j.p.j.s.J.Full charging journey with SSE: [electrahub-jmeter][full][028] step=start charging attempt 8
2026-07-02 00:57:44,154 INFO o.a.j.p.j.s.J.Full charging journey with SSE: [electrahub-jmeter][full][028] http POST /session/api/v1/sessions/start status=409 elapsedMs=62
2026-07-02 00:57:44,155 INFO o.a.j.p.j.s.J.Full charging journey with SSE: [electrahub-jmeter][full][028] start skipped EH-US-CHG-0035/CON-US-0035 HTTP 409; trying next connector
2026-07-02 00:57:44,698 INFO o.a.j.p.j.s.J.Full charging journey with SSE: [electrahub-jmeter][full][029] step=start charging attempt 3
2026-07-02 00:57:44,766 INFO o.a.j.p.j.s.J.Full charging journey with SSE: [electrahub-jmeter][full][029] http POST /session/api/v1/sessions/start status=409 elapsedMs=67
2026-07-02 00:57:44,766 INFO o.a.j.p.j.s.J.Full charging journey with SSE: [electrahub-jmeter][full][029] start skipped EH-US-CHG-0031/CON-US-0031 HTTP 409; trying next connector
2026-07-02 00:57:45,156 INFO o.a.j.p.j.s.J.Full charging journey with SSE: [electrahub-jmeter][full][028] step=start charging attempt 9
2026-07-02 00:57:45,221 INFO o.a.j.p.j.s.J.Full charging journey with SSE: [electrahub-jmeter][full][028] http POST /session/api/v1/sessions/start status=409 elapsedMs=64
2026-07-02 00:57:45,222 INFO o.a.j.p.j.s.J.Full charging journey with SSE: [electrahub-jmeter][full][028] start skipped EH-US-CHG-0036/CON-US-0036 HTTP 409; trying next connector
2026-07-02 00:57:45,767 INFO o.a.j.p.j.s.J.Full charging journey with SSE: [electrahub-jmeter][full][029] step=start charging attempt 4
2026-07-02 00:57:45,838 INFO o.a.j.p.j.s.J.Full charging journey with SSE: [electrahub-jmeter][full][029] http POST /session/api/v1/sessions/start status=409 elapsedMs=70
2026-07-02 00:57:45,838 INFO o.a.j.p.j.s.J.Full charging journey with SSE: [electrahub-jmeter][full][029] start skipped EH-US-CHG-0032/CON-US-0032 HTTP 409; trying next connector
2026-07-02 00:57:46,223 INFO o.a.j.p.j.s.J.Full charging journey with SSE: [electrahub-jmeter][full][028] step=start charging attempt 10
2026-07-02 00:57:46,542 INFO o.a.j.p.j.s.J.Full charging journey with SSE: [electrahub-jmeter][full][008] step=active sessions
2026-07-02 00:57:46,582 INFO o.a.j.p.j.s.J.Full charging journey with SSE: [electrahub-jmeter][full][009] http POST /session/api/v1/sessions/f18fbeb0-0f9d-4211-a732-ea0cd6663864/stop status=204 elapsedMs=3437
2026-07-02 00:57:46,583 INFO o.a.j.p.j.s.J.Full charging journey with SSE: [electrahub-jmeter][full][009] stop requested session=f18fbeb0-0f9d-4211-a732-ea0cd6663864
2026-07-02 00:57:46,583 INFO o.a.j.p.j.s.J.Full charging journey with SSE: [electrahub-jmeter][full][009] step=active sessions
2026-07-02 00:57:46,585 INFO o.a.j.p.j.s.J.Full charging journey with SSE: [electrahub-jmeter][full][028] http POST /session/api/v1/sessions/start status=201 elapsedMs=361
2026-07-02 00:57:46,585 INFO o.a.j.p.j.s.J.Full charging journey with SSE: [electrahub-jmeter][full][028] started session=591d2d16-2e02-4e42-b8c8-5aad2d80901a charger=EH-US-CHG-0037/CON-US-0037 status=PREPARING remote=Accepted attempt=10/10
2026-07-02 00:57:46,586 INFO o.a.j.p.j.s.J.Full charging journey with SSE: [electrahub-jmeter][full][028] step=active sessions
2026-07-02 00:57:46,657 INFO o.a.j.p.j.s.J.Full charging journey with SSE: [electrahub-jmeter][full][008] http GET /session/api/v1/sessions/active status=200 elapsedMs=114
2026-07-02 00:57:46,658 INFO o.a.j.p.j.s.J.Full charging journey with SSE: [electrahub-jmeter][full][008] step=receipt
2026-07-02 00:57:46,711 INFO o.a.j.p.j.s.J.Full charging journey with SSE: [electrahub-jmeter][full][008] http GET /session/api/v1/sessions/e5cb6848-6905-47a9-880e-771a26ac526e/receipt status=200 elapsedMs=52
2026-07-02 00:57:46,712 INFO o.a.j.p.j.s.J.Full charging journey with SSE: [electrahub-jmeter][full][008] step=session history
2026-07-02 00:57:46,776 INFO o.a.j.p.j.s.J.Full charging journey with SSE: [electrahub-jmeter][full][008] http GET /session/api/v1/sessions/history?page=0&size=10 status=200 elapsedMs=63
2026-07-02 00:57:46,777 INFO o.a.j.p.j.s.J.Full charging journey with SSE: [electrahub-jmeter][full][008] step=dashboard stats
2026-07-02 00:57:46,839 INFO o.a.j.p.j.s.J.Full charging journey with SSE: [electrahub-jmeter][full][029] step=start charging attempt 5
2026-07-02 00:57:46,844 INFO o.a.j.p.j.s.J.Full charging journey with SSE: [electrahub-jmeter][full][008] http GET /session/api/v1/sessions/dashboard-stats status=200 elapsedMs=66
2026-07-02 00:57:46,845 INFO o.a.j.p.j.s.J.Full charging journey with SSE: [electrahub-jmeter][full][008] receipt ok session=e5cb6848-6905-47a9-880e-771a26ac526e status=Completed total=1.8692
2026-07-02 00:57:46,846 INFO o.a.j.t.JMeterThread: Thread is done: 100 driver charging journeys 1-8
2026-07-02 00:57:46,847 INFO o.a.j.t.JMeterThread: Thread finished: 100 driver charging journeys 1-8
2026-07-02 00:57:46,975 INFO o.a.j.p.j.s.J.Full charging journey with SSE: [electrahub-jmeter][full][029] http POST /session/api/v1/sessions/start status=409 elapsedMs=88
2026-07-02 00:57:46,976 INFO o.a.j.p.j.s.J.Full charging journey with SSE: [electrahub-jmeter][full][029] start skipped EH-US-CHG-0033/CON-US-0033 HTTP 409; trying next connector
2026-07-02 00:57:47,543 INFO o.a.j.t.JMeterThread: Thread started: 100 driver charging journeys 1-30
2026-07-02 00:57:47,548 INFO o.a.j.p.j.s.J.Full charging journey with SSE: [electrahub-jmeter][full][030] step=register
2026-07-02 00:57:47,584 INFO o.a.j.p.j.s.J.Full charging journey with SSE: [electrahub-jmeter][full][028] http GET /session/api/v1/sessions/active status=200 elapsedMs=997
2026-07-02 00:57:47,584 INFO o.a.j.p.j.s.J.Full charging journey with SSE: [electrahub-jmeter][full][009] http GET /session/api/v1/sessions/active status=200 elapsedMs=1000
2026-07-02 00:57:47,789 INFO o.a.j.p.j.s.J.Full charging journey with SSE: [electrahub-jmeter][full][030] http POST /auth/api/auth/register status=200 elapsedMs=240
2026-07-02 00:57:47,790 INFO o.a.j.p.j.s.J.Full charging journey with SSE: [electrahub-jmeter][full][030] registered uid=2a8b0112-1847-4738-90aa-9f5a05072fe7
2026-07-02 00:57:47,797 INFO o.a.j.p.j.s.J.Full charging journey with SSE: [electrahub-jmeter][full][030] step=payment state before setup
2026-07-02 00:57:47,851 INFO o.a.j.p.j.s.J.Full charging journey with SSE: [electrahub-jmeter][full][030] http GET /payment/api/v1/payment/state status=451 elapsedMs=53
2026-07-02 00:57:47,852 INFO o.a.j.p.j.s.J.Full charging journey with SSE: [electrahub-jmeter][full][030] step=accept terms
2026-07-02 00:57:47,912 INFO o.a.j.p.j.s.J.Full charging journey with SSE: [electrahub-jmeter][full][030] http POST /auth/api/terms/accept status=201 elapsedMs=60
2026-07-02 00:57:47,912 INFO o.a.j.p.j.s.J.Full charging journey with SSE: [electrahub-jmeter][full][030] accepted terms; refreshing token through login
2026-07-02 00:57:47,913 INFO o.a.j.p.j.s.J.Full charging journey with SSE: [electrahub-jmeter][full][030] step=login
2026-07-02 00:57:47,977 INFO o.a.j.p.j.s.J.Full charging journey with SSE: [electrahub-jmeter][full][029] step=start charging attempt 6
2026-07-02 00:57:48,056 INFO o.a.j.p.j.s.J.Full charging journey with SSE: [electrahub-jmeter][full][029] http POST /session/api/v1/sessions/start status=409 elapsedMs=78
2026-07-02 00:57:48,057 INFO o.a.j.p.j.s.J.Full charging journey with SSE: [electrahub-jmeter][full][029] start skipped EH-US-CHG-0034/CON-US-0034 HTTP 409; trying next connector
2026-07-02 00:57:48,071 INFO o.a.j.p.j.s.J.Full charging journey with SSE: [electrahub-jmeter][full][030] http POST /auth/api/auth/login status=200 elapsedMs=157
2026-07-02 00:57:48,072 INFO o.a.j.p.j.s.J.Full charging journey with SSE: [electrahub-jmeter][full][030] logged in uid=2a8b0112-1847-4738-90aa-9f5a05072fe7
2026-07-02 00:57:48,073 INFO o.a.j.p.j.s.J.Full charging journey with SSE: [electrahub-jmeter][full][030] step=payment state after terms
2026-07-02 00:57:48,134 INFO o.a.j.p.j.s.J.Full charging journey with SSE: [electrahub-jmeter][full][030] http GET /payment/api/v1/payment/state status=200 elapsedMs=60
2026-07-02 00:57:48,135 INFO o.a.j.p.j.s.J.Full charging journey with SSE: [electrahub-jmeter][full][030] step=add card
2026-07-02 00:57:48,199 INFO o.a.j.p.j.s.J.Full charging journey with SSE: [electrahub-jmeter][full][030] http POST /payment/api/v1/payment/cards status=201 elapsedMs=63
2026-07-02 00:57:48,199 INFO o.a.j.p.j.s.J.Full charging journey with SSE: [electrahub-jmeter][full][030] step=wallet topup
2026-07-02 00:57:48,257 INFO o.a.j.p.j.s.J.Full charging journey with SSE: [electrahub-jmeter][full][030] http POST /payment/api/v1/payment/wallet/topups status=201 elapsedMs=57
2026-07-02 00:57:48,258 INFO o.a.j.p.j.s.J.Full charging journey with SSE: [electrahub-jmeter][full][030] step=payment state after setup
2026-07-02 00:57:48,316 INFO o.a.j.p.j.s.J.Full charging journey with SSE: [electrahub-jmeter][full][030] http GET /payment/api/v1/payment/state status=200 elapsedMs=57
2026-07-02 00:57:48,317 INFO o.a.j.p.j.s.J.Full charging journey with SSE: [electrahub-jmeter][full][030] payment ready wallet=120.00
2026-07-02 00:57:48,317 INFO o.a.j.p.j.s.J.Full charging journey with SSE: [electrahub-jmeter][full][030] step=charger graphql list
2026-07-02 00:57:48,408 INFO o.a.j.p.j.s.J.Full charging journey with SSE: [electrahub-jmeter][full][030] http POST /charger/graphql status=200 elapsedMs=90
2026-07-02 00:57:48,410 INFO o.a.j.p.j.s.J.Full charging journey with SSE: [electrahub-jmeter][full][030] dynamic connector selection found no available connector; using CSV connector
2026-07-02 00:57:48,410 INFO o.a.j.p.j.s.J.Full charging journey with SSE: [electrahub-jmeter][full][030] step=charger graphql view
2026-07-02 00:57:48,490 INFO o.a.j.p.j.s.J.Full charging journey with SSE: [electrahub-jmeter][full][030] http POST /charger/graphql status=200 elapsedMs=78
2026-07-02 00:57:48,490 INFO o.a.j.p.j.s.J.Full charging journey with SSE: [electrahub-jmeter][full][030] step=payment state before start
2026-07-02 00:57:48,548 INFO o.a.j.p.j.s.J.Full charging journey with SSE: [electrahub-jmeter][full][030] http GET /payment/api/v1/payment/state status=200 elapsedMs=57
2026-07-02 00:57:48,551 INFO o.a.j.p.j.s.J.Full charging journey with SSE: [electrahub-jmeter][full][030] using connector csv fallback attempts=10 startIndex=30/100
2026-07-02 00:57:48,552 INFO o.a.j.p.j.s.J.Full charging journey with SSE: [electrahub-jmeter][full][030] step=start charging attempt 1
2026-07-02 00:57:51,566 INFO o.a.j.p.j.s.J.Full charging journey with SSE: [electrahub-jmeter][full][029] step=start charging attempt 7
2026-07-02 00:57:51,690 INFO o.a.j.p.j.s.J.Full charging journey with SSE: [electrahub-jmeter][full][010] step=stop charging session
2026-07-02 00:57:51,971 INFO o.a.j.p.j.s.J.Full charging journey with SSE: [electrahub-jmeter][full][030] http POST /session/api/v1/sessions/start status=409 elapsedMs=3419
2026-07-02 00:57:51,972 INFO o.a.j.p.j.s.J.Full charging journey with SSE: [electrahub-jmeter][full][030] start skipped EH-US-CHG-0030/CON-US-0030 HTTP 409; trying next connector
2026-07-02 00:57:52,059 INFO o.a.j.p.j.s.J.Full charging journey with SSE: [electrahub-jmeter][full][029] http POST /session/api/v1/sessions/start status=409 elapsedMs=492
2026-07-02 00:57:52,060 INFO o.a.j.p.j.s.J.Full charging journey with SSE: [electrahub-jmeter][full][029] start skipped EH-US-CHG-0035/CON-US-0035 HTTP 409; trying next connector
2026-07-02 00:57:52,122 INFO o.a.j.p.j.s.J.Full charging journey with SSE: [electrahub-jmeter][full][018] sse ok connected=1 snapshot=2 updates=25 receipts=0 heartbeats=0
2026-07-02 00:57:52,123 INFO o.a.j.p.j.s.J.Full charging journey with SSE: [electrahub-jmeter][full][018] holding session for 44s before stop
2026-07-02 00:57:52,973 INFO o.a.j.p.j.s.J.Full charging journey with SSE: [electrahub-jmeter][full][030] step=start charging attempt 2
2026-07-02 00:57:53,044 INFO o.a.j.p.j.s.J.Full charging journey with SSE: [electrahub-jmeter][full][030] http POST /session/api/v1/sessions/start status=409 elapsedMs=70
2026-07-02 00:57:53,045 INFO o.a.j.p.j.s.J.Full charging journey with SSE: [electrahub-jmeter][full][030] start skipped EH-US-CHG-0031/CON-US-0031 HTTP 409; trying next connector
2026-07-02 00:57:53,061 INFO o.a.j.p.j.s.J.Full charging journey with SSE: [electrahub-jmeter][full][029] step=start charging attempt 8
2026-07-02 00:57:53,131 INFO o.a.j.p.j.s.J.Full charging journey with SSE: [electrahub-jmeter][full][029] http POST /session/api/v1/sessions/start status=409 elapsedMs=69
2026-07-02 00:57:53,132 INFO o.a.j.p.j.s.J.Full charging journey with SSE: [electrahub-jmeter][full][029] start skipped EH-US-CHG-0036/CON-US-0036 HTTP 409; trying next connector
2026-07-02 00:57:53,541 INFO o.a.j.t.JMeterThread: Thread started: 100 driver charging journeys 1-31
2026-07-02 00:57:53,546 INFO o.a.j.p.j.s.J.Full charging journey with SSE: [electrahub-jmeter][full][031] step=register
2026-07-02 00:57:53,913 INFO o.a.j.p.j.s.J.Full charging journey with SSE: [electrahub-jmeter][full][031] http POST /auth/api/auth/register status=200 elapsedMs=366
2026-07-02 00:57:53,914 INFO o.a.j.p.j.s.J.Full charging journey with SSE: [electrahub-jmeter][full][031] registered uid=2ca85bcb-8320-45a0-a69c-0f35b1c26d63
2026-07-02 00:57:53,922 INFO o.a.j.p.j.s.J.Full charging journey with SSE: [electrahub-jmeter][full][031] step=payment state before setup
2026-07-02 00:57:53,976 INFO o.a.j.p.j.s.J.Full charging journey with SSE: [electrahub-jmeter][full][031] http GET /payment/api/v1/payment/state status=451 elapsedMs=53
2026-07-02 00:57:53,977 INFO o.a.j.p.j.s.J.Full charging journey with SSE: [electrahub-jmeter][full][031] step=accept terms
2026-07-02 00:57:54,037 INFO o.a.j.p.j.s.J.Full charging journey with SSE: [electrahub-jmeter][full][031] http POST /auth/api/terms/accept status=201 elapsedMs=59
2026-07-02 00:57:54,038 INFO o.a.j.p.j.s.J.Full charging journey with SSE: [electrahub-jmeter][full][031] accepted terms; refreshing token through login
2026-07-02 00:57:54,039 INFO o.a.j.p.j.s.J.Full charging journey with SSE: [electrahub-jmeter][full][031] step=login
2026-07-02 00:57:54,047 INFO o.a.j.p.j.s.J.Full charging journey with SSE: [electrahub-jmeter][full][030] step=start charging attempt 3
2026-07-02 00:57:54,116 INFO o.a.j.p.j.s.J.Full charging journey with SSE: [electrahub-jmeter][full][030] http POST /session/api/v1/sessions/start status=409 elapsedMs=68
2026-07-02 00:57:54,117 INFO o.a.j.p.j.s.J.Full charging journey with SSE: [electrahub-jmeter][full][030] start skipped EH-US-CHG-0032/CON-US-0032 HTTP 409; trying next connector
2026-07-02 00:57:54,133 INFO o.a.j.p.j.s.J.Full charging journey with SSE: [electrahub-jmeter][full][029] step=start charging attempt 9
2026-07-02 00:57:54,199 INFO o.a.j.p.j.s.J.Full charging journey with SSE: [electrahub-jmeter][full][031] http POST /auth/api/auth/login status=200 elapsedMs=160
2026-07-02 00:57:54,200 INFO o.a.j.p.j.s.J.Full charging journey with SSE: [electrahub-jmeter][full][031] logged in uid=2ca85bcb-8320-45a0-a69c-0f35b1c26d63
2026-07-02 00:57:54,201 INFO o.a.j.p.j.s.J.Full charging journey with SSE: [electrahub-jmeter][full][031] step=payment state after terms
2026-07-02 00:57:54,205 INFO o.a.j.p.j.s.J.Full charging journey with SSE: [electrahub-jmeter][full][029] http POST /session/api/v1/sessions/start status=409 elapsedMs=71
2026-07-02 00:57:54,206 INFO o.a.j.p.j.s.J.Full charging journey with SSE: [electrahub-jmeter][full][029] start skipped EH-US-CHG-0037/CON-US-0037 HTTP 409; trying next connector
2026-07-02 00:57:54,267 INFO o.a.j.p.j.s.J.Full charging journey with SSE: [electrahub-jmeter][full][031] http GET /payment/api/v1/payment/state status=200 elapsedMs=66
2026-07-02 00:57:54,268 INFO o.a.j.p.j.s.J.Full charging journey with SSE: [electrahub-jmeter][full][031] step=add card
2026-07-02 00:57:54,328 INFO o.a.j.p.j.s.J.Full charging journey with SSE: [electrahub-jmeter][full][031] http POST /payment/api/v1/payment/cards status=201 elapsedMs=59
2026-07-02 00:57:54,329 INFO o.a.j.p.j.s.J.Full charging journey with SSE: [electrahub-jmeter][full][031] step=wallet topup
2026-07-02 00:57:54,409 INFO o.a.j.p.j.s.J.Full charging journey with SSE: [electrahub-jmeter][full][031] http POST /payment/api/v1/payment/wallet/topups status=201 elapsedMs=78
2026-07-02 00:57:54,410 INFO o.a.j.p.j.s.J.Full charging journey with SSE: [electrahub-jmeter][full][031] step=payment state after setup
2026-07-02 00:57:54,466 INFO o.a.j.p.j.s.J.Full charging journey with SSE: [electrahub-jmeter][full][031] http GET /payment/api/v1/payment/state status=200 elapsedMs=55
2026-07-02 00:57:54,467 INFO o.a.j.p.j.s.J.Full charging journey with SSE: [electrahub-jmeter][full][031] payment ready wallet=120.00
2026-07-02 00:57:54,468 INFO o.a.j.p.j.s.J.Full charging journey with SSE: [electrahub-jmeter][full][031] step=charger graphql list
2026-07-02 00:57:54,561 INFO o.a.j.p.j.s.J.Full charging journey with SSE: [electrahub-jmeter][full][031] http POST /charger/graphql status=200 elapsedMs=92
2026-07-02 00:57:54,564 INFO o.a.j.p.j.s.J.Full charging journey with SSE: [electrahub-jmeter][full][031] dynamic connector selection found no available connector; using CSV connector
2026-07-02 00:57:54,565 INFO o.a.j.p.j.s.J.Full charging journey with SSE: [electrahub-jmeter][full][031] step=charger graphql view
2026-07-02 00:57:54,633 INFO o.a.j.p.j.s.J.Full charging journey with SSE: [electrahub-jmeter][full][031] http POST /charger/graphql status=200 elapsedMs=67
2026-07-02 00:57:54,634 INFO o.a.j.p.j.s.J.Full charging journey with SSE: [electrahub-jmeter][full][031] step=payment state before start
2026-07-02 00:57:54,693 INFO o.a.j.p.j.s.J.Full charging journey with SSE: [electrahub-jmeter][full][031] http GET /payment/api/v1/payment/state status=200 elapsedMs=58
2026-07-02 00:57:54,697 INFO o.a.j.p.j.s.J.Full charging journey with SSE: [electrahub-jmeter][full][031] using connector csv fallback attempts=10 startIndex=31/100
2026-07-02 00:57:54,698 INFO o.a.j.p.j.s.J.Full charging journey with SSE: [electrahub-jmeter][full][031] step=start charging attempt 1
2026-07-02 00:57:54,769 INFO o.a.j.p.j.s.J.Full charging journey with SSE: [electrahub-jmeter][full][031] http POST /session/api/v1/sessions/start status=409 elapsedMs=70
2026-07-02 00:57:54,770 INFO o.a.j.p.j.s.J.Full charging journey with SSE: [electrahub-jmeter][full][031] start skipped EH-US-CHG-0031/CON-US-0031 HTTP 409; trying next connector
2026-07-02 00:57:55,094 INFO o.a.j.p.j.s.J.Full charging journey with SSE: [electrahub-jmeter][full][009] step=active sessions
2026-07-02 00:57:55,118 INFO o.a.j.p.j.s.J.Full charging journey with SSE: [electrahub-jmeter][full][030] step=start charging attempt 4
2026-07-02 00:57:55,138 INFO o.a.j.p.j.s.J.Full charging journey with SSE: [electrahub-jmeter][full][010] http POST /session/api/v1/sessions/e516d714-ea83-4f8c-88ab-419a8fb44ecf/stop status=204 elapsedMs=3446
2026-07-02 00:57:55,139 INFO o.a.j.p.j.s.J.Full charging journey with SSE: [electrahub-jmeter][full][010] stop requested session=e516d714-ea83-4f8c-88ab-419a8fb44ecf
2026-07-02 00:57:55,139 INFO o.a.j.p.j.s.J.Full charging journey with SSE: [electrahub-jmeter][full][010] step=active sessions
2026-07-02 00:57:55,167 INFO o.a.j.p.j.s.J.Full charging journey with SSE: [electrahub-jmeter][full][009] http GET /session/api/v1/sessions/active status=200 elapsedMs=72
2026-07-02 00:57:55,168 INFO o.a.j.p.j.s.J.Full charging journey with SSE: [electrahub-jmeter][full][009] step=receipt
2026-07-02 00:57:55,185 INFO o.a.j.p.j.s.J.Full charging journey with SSE: [electrahub-jmeter][full][030] http POST /session/api/v1/sessions/start status=409 elapsedMs=66
2026-07-02 00:57:55,186 INFO o.a.j.p.j.s.J.Full charging journey with SSE: [electrahub-jmeter][full][030] start skipped EH-US-CHG-0033/CON-US-0033 HTTP 409; trying next connector
2026-07-02 00:57:55,207 INFO o.a.j.p.j.s.J.Full charging journey with SSE: [electrahub-jmeter][full][029] step=start charging attempt 10
2026-07-02 00:57:55,224 INFO o.a.j.p.j.s.J.Full charging journey with SSE: [electrahub-jmeter][full][009] http GET /session/api/v1/sessions/f18fbeb0-0f9d-4211-a732-ea0cd6663864/receipt status=200 elapsedMs=55
2026-07-02 00:57:55,225 INFO o.a.j.p.j.s.J.Full charging journey with SSE: [electrahub-jmeter][full][009] step=session history
2026-07-02 00:57:55,272 INFO o.a.j.p.j.s.J.Full charging journey with SSE: [electrahub-jmeter][full][029] http POST /session/api/v1/sessions/start status=409 elapsedMs=64
2026-07-02 00:57:55,274 ERROR o.a.j.p.j.s.J.Full charging journey with SSE: [electrahub-jmeter][full][029] failed
java.lang.IllegalStateException: start charging session failed with HTTP 409: {"timestamp":"2026-07-02T00:57:55.246061149Z","status":409,"error":"Conflict","message":"Connector is not available for charging.","path":"/api/v1/sessions/start"}
	at java.base/jdk.internal.reflect.NativeConstructorAccessorImpl.newInstance0(Native Method) ~[?:?]
	at java.base/jdk.internal.reflect.NativeConstructorAccessorImpl.newInstance(Unknown Source) ~[?:?]
	at java.base/jdk.internal.reflect.DelegatingConstructorAccessorImpl.newInstance(Unknown Source) ~[?:?]
	at java.base/java.lang.reflect.Constructor.newInstanceWithCaller(Unknown Source) ~[?:?]
	at java.base/java.lang.reflect.Constructor.newInstance(Unknown Source) ~[?:?]
	at org.codehaus.groovy.reflection.CachedConstructor.invoke(CachedConstructor.java:72) ~[groovy-3.0.20.jar:3.0.20]
	at org.codehaus.groovy.reflection.CachedConstructor.doConstructorInvoke(CachedConstructor.java:59) ~[groovy-3.0.20.jar:3.0.20]
	at org.codehaus.groovy.runtime.callsite.ConstructorSite$ConstructorSiteNoUnwrap.callConstructor(ConstructorSite.java:84) ~[groovy-3.0.20.jar:3.0.20]
	at org.codehaus.groovy.runtime.callsite.AbstractCallSite.callConstructor(AbstractCallSite.java:277) ~[groovy-3.0.20.jar:3.0.20]
	at Script1$_run_closure8.doCall(Script1.groovy:145) ~[?:?]
	at jdk.internal.reflect.GeneratedMethodAccessor26.invoke(Unknown Source) ~[?:?]
	at java.base/jdk.internal.reflect.DelegatingMethodAccessorImpl.invoke(Unknown Source) ~[?:?]
	at java.base/java.lang.reflect.Method.invoke(Unknown Source) ~[?:?]
	at org.codehaus.groovy.reflection.CachedMethod.invoke(CachedMethod.java:107) ~[groovy-3.0.20.jar:3.0.20]
	at groovy.lang.MetaMethod.doMethodInvoke(MetaMethod.java:323) ~[groovy-3.0.20.jar:3.0.20]
	at org.codehaus.groovy.runtime.metaclass.ClosureMetaClass.invokeMethod(ClosureMetaClass.java:274) ~[groovy-3.0.20.jar:3.0.20]
	at groovy.lang.MetaClassImpl.invokeMethod(MetaClassImpl.java:1030) ~[groovy-3.0.20.jar:3.0.20]
	at org.codehaus.groovy.runtime.callsite.PogoMetaClassSite.call(PogoMetaClassSite.java:38) ~[groovy-3.0.20.jar:3.0.20]
	at org.codehaus.groovy.runtime.callsite.AbstractCallSite.call(AbstractCallSite.java:157) ~[groovy-3.0.20.jar:3.0.20]
	at Script1$_run_closure15.doCall(Script1.groovy:423) ~[?:?]
	at jdk.internal.reflect.GeneratedMethodAccessor67.invoke(Unknown Source) ~[?:?]
	at java.base/jdk.internal.reflect.DelegatingMethodAccessorImpl.invoke(Unknown Source) ~[?:?]
	at java.base/java.lang.reflect.Method.invoke(Unknown Source) ~[?:?]
	at org.codehaus.groovy.reflection.CachedMethod.invoke(CachedMethod.java:107) ~[groovy-3.0.20.jar:3.0.20]
	at groovy.lang.MetaMethod.doMethodInvoke(MetaMethod.java:323) ~[groovy-3.0.20.jar:3.0.20]
	at org.codehaus.groovy.runtime.metaclass.ClosureMetaClass.invokeMethod(ClosureMetaClass.java:274) ~[groovy-3.0.20.jar:3.0.20]
	at groovy.lang.MetaClassImpl.invokeMethod(MetaClassImpl.java:1030) ~[groovy-3.0.20.jar:3.0.20]
	at org.codehaus.groovy.runtime.callsite.PogoMetaClassSite.call(PogoMetaClassSite.java:38) ~[groovy-3.0.20.jar:3.0.20]
	at org.codehaus.groovy.runtime.callsite.AbstractCallSite.call(AbstractCallSite.java:139) [groovy-3.0.20.jar:3.0.20]
	at Script1.run(Script1.groovy:553) [script:?]
	at org.codehaus.groovy.jsr223.GroovyScriptEngineImpl.eval(GroovyScriptEngineImpl.java:317) [groovy-jsr223-3.0.20.jar:3.0.20]
	at org.codehaus.groovy.jsr223.GroovyCompiledScript.eval(GroovyCompiledScript.java:71) [groovy-jsr223-3.0.20.jar:3.0.20]
	at java.scripting/javax.script.CompiledScript.eval(Unknown Source) [java.scripting:?]
	at org.apache.jmeter.util.JSR223TestElement.processFileOrScript(JSR223TestElement.java:216) [ApacheJMeter_core.jar:5.6.3]
	at org.apache.jmeter.protocol.java.sampler.JSR223Sampler.sample(JSR223Sampler.java:72) [ApacheJMeter_java.jar:5.6.3]
	at org.apache.jmeter.threads.JMeterThread.doSampling(JMeterThread.java:651) [ApacheJMeter_core.jar:5.6.3]
	at org.apache.jmeter.threads.JMeterThread.executeSamplePackage(JMeterThread.java:570) [ApacheJMeter_core.jar:5.6.3]
	at org.apache.jmeter.threads.JMeterThread.processSampler(JMeterThread.java:501) [ApacheJMeter_core.jar:5.6.3]
	at org.apache.jmeter.threads.JMeterThread.run(JMeterThread.java:268) [ApacheJMeter_core.jar:5.6.3]
	at java.base/java.lang.Thread.run(Unknown Source) [?:?]
2026-07-02 00:57:55,276 ERROR o.a.j.p.j.s.JSR223Sampler: Problem in JSR223 script Full charging journey with SSE, message: javax.script.ScriptException: java.lang.IllegalStateException: start charging session failed with HTTP 409: {"timestamp":"2026-07-02T00:57:55.246061149Z","status":409,"error":"Conflict","message":"Connector is not available for charging.","path":"/api/v1/sessions/start"}
javax.script.ScriptException: java.lang.IllegalStateException: start charging session failed with HTTP 409: {"timestamp":"2026-07-02T00:57:55.246061149Z","status":409,"error":"Conflict","message":"Connector is not available for charging.","path":"/api/v1/sessions/start"}
	at org.codehaus.groovy.jsr223.GroovyScriptEngineImpl.eval(GroovyScriptEngineImpl.java:320) ~[groovy-jsr223-3.0.20.jar:3.0.20]
	at org.codehaus.groovy.jsr223.GroovyCompiledScript.eval(GroovyCompiledScript.java:71) ~[groovy-jsr223-3.0.20.jar:3.0.20]
	at java.scripting/javax.script.CompiledScript.eval(Unknown Source) ~[java.scripting:?]
	at org.apache.jmeter.util.JSR223TestElement.processFileOrScript(JSR223TestElement.java:216) ~[ApacheJMeter_core.jar:5.6.3]
	at org.apache.jmeter.protocol.java.sampler.JSR223Sampler.sample(JSR223Sampler.java:72) [ApacheJMeter_java.jar:5.6.3]
	at org.apache.jmeter.threads.JMeterThread.doSampling(JMeterThread.java:651) [ApacheJMeter_core.jar:5.6.3]
	at org.apache.jmeter.threads.JMeterThread.executeSamplePackage(JMeterThread.java:570) [ApacheJMeter_core.jar:5.6.3]
	at org.apache.jmeter.threads.JMeterThread.processSampler(JMeterThread.java:501) [ApacheJMeter_core.jar:5.6.3]
	at org.apache.jmeter.threads.JMeterThread.run(JMeterThread.java:268) [ApacheJMeter_core.jar:5.6.3]
	at java.base/java.lang.Thread.run(Unknown Source) [?:?]
Caused by: java.lang.IllegalStateException: start charging session failed with HTTP 409: {"timestamp":"2026-07-02T00:57:55.246061149Z","status":409,"error":"Conflict","message":"Connector is not available for charging.","path":"/api/v1/sessions/start"}
	at java.base/jdk.internal.reflect.NativeConstructorAccessorImpl.newInstance0(Native Method) ~[?:?]
	at java.base/jdk.internal.reflect.NativeConstructorAccessorImpl.newInstance(Unknown Source) ~[?:?]
	at java.base/jdk.internal.reflect.DelegatingConstructorAccessorImpl.newInstance(Unknown Source) ~[?:?]
	at java.base/java.lang.reflect.Constructor.newInstanceWithCaller(Unknown Source) ~[?:?]
	at java.base/java.lang.reflect.Constructor.newInstance(Unknown Source) ~[?:?]
	at org.codehaus.groovy.reflection.CachedConstructor.invoke(CachedConstructor.java:72) ~[groovy-3.0.20.jar:3.0.20]
	at org.codehaus.groovy.reflection.CachedConstructor.doConstructorInvoke(CachedConstructor.java:59) ~[groovy-3.0.20.jar:3.0.20]
	at org.codehaus.groovy.runtime.callsite.ConstructorSite$ConstructorSiteNoUnwrap.callConstructor(ConstructorSite.java:84) ~[groovy-3.0.20.jar:3.0.20]
	at org.codehaus.groovy.runtime.callsite.AbstractCallSite.callConstructor(AbstractCallSite.java:277) ~[groovy-3.0.20.jar:3.0.20]
	at Script1$_run_closure8.doCall(Script1.groovy:145) ~[?:?]
	at jdk.internal.reflect.GeneratedMethodAccessor26.invoke(Unknown Source) ~[?:?]
	at java.base/jdk.internal.reflect.DelegatingMethodAccessorImpl.invoke(Unknown Source) ~[?:?]
	at java.base/java.lang.reflect.Method.invoke(Unknown Source) ~[?:?]
	at org.codehaus.groovy.reflection.CachedMethod.invoke(CachedMethod.java:107) ~[groovy-3.0.20.jar:3.0.20]
	at groovy.lang.MetaMethod.doMethodInvoke(MetaMethod.java:323) ~[groovy-3.0.20.jar:3.0.20]
	at org.codehaus.groovy.runtime.metaclass.ClosureMetaClass.invokeMethod(ClosureMetaClass.java:274) ~[groovy-3.0.20.jar:3.0.20]
	at groovy.lang.MetaClassImpl.invokeMethod(MetaClassImpl.java:1030) ~[groovy-3.0.20.jar:3.0.20]
	at org.codehaus.groovy.runtime.callsite.PogoMetaClassSite.call(PogoMetaClassSite.java:38) ~[groovy-3.0.20.jar:3.0.20]
	at org.codehaus.groovy.runtime.callsite.AbstractCallSite.call(AbstractCallSite.java:157) ~[groovy-3.0.20.jar:3.0.20]
	at Script1$_run_closure15.doCall(Script1.groovy:423) ~[?:?]
	at jdk.internal.reflect.GeneratedMethodAccessor67.invoke(Unknown Source) ~[?:?]
	at java.base/jdk.internal.reflect.DelegatingMethodAccessorImpl.invoke(Unknown Source) ~[?:?]
	at java.base/java.lang.reflect.Method.invoke(Unknown Source) ~[?:?]
	at org.codehaus.groovy.reflection.CachedMethod.invoke(CachedMethod.java:107) ~[groovy-3.0.20.jar:3.0.20]
	at groovy.lang.MetaMethod.doMethodInvoke(MetaMethod.java:323) ~[groovy-3.0.20.jar:3.0.20]
	at org.codehaus.groovy.runtime.metaclass.ClosureMetaClass.invokeMethod(ClosureMetaClass.java:274) ~[groovy-3.0.20.jar:3.0.20]
	at groovy.lang.MetaClassImpl.invokeMethod(MetaClassImpl.java:1030) ~[groovy-3.0.20.jar:3.0.20]
	at org.codehaus.groovy.runtime.callsite.PogoMetaClassSite.call(PogoMetaClassSite.java:38) ~[groovy-3.0.20.jar:3.0.20]
	at org.codehaus.groovy.runtime.callsite.AbstractCallSite.call(AbstractCallSite.java:139) ~[groovy-3.0.20.jar:3.0.20]
	at Script1.run(Script1.groovy:553) ~[?:?]
	at org.codehaus.groovy.jsr223.GroovyScriptEngineImpl.eval(GroovyScriptEngineImpl.java:317) ~[groovy-jsr223-3.0.20.jar:3.0.20]
	... 9 more
2026-07-02 00:57:55,278 INFO o.a.j.t.JMeterThread: Thread is done: 100 driver charging journeys 1-29
2026-07-02 00:57:55,278 INFO o.a.j.t.JMeterThread: Thread finished: 100 driver charging journeys 1-29
2026-07-02 00:57:55,280 INFO o.a.j.p.j.s.J.Full charging journey with SSE: [electrahub-jmeter][full][009] http GET /session/api/v1/sessions/history?page=0&size=10 status=200 elapsedMs=55
2026-07-02 00:57:55,280 INFO o.a.j.p.j.s.J.Full charging journey with SSE: [electrahub-jmeter][full][009] step=dashboard stats
2026-07-02 00:57:55,338 INFO o.a.j.p.j.s.J.Full charging journey with SSE: [electrahub-jmeter][full][009] http GET /session/api/v1/sessions/dashboard-stats status=200 elapsedMs=57
2026-07-02 00:57:55,339 INFO o.a.j.p.j.s.J.Full charging journey with SSE: [electrahub-jmeter][full][009] receipt ok session=f18fbeb0-0f9d-4211-a732-ea0cd6663864 status=Completed total=1.8685
2026-07-02 00:57:55,340 INFO o.a.j.t.JMeterThread: Thread is done: 100 driver charging journeys 1-9
2026-07-02 00:57:55,341 INFO o.a.j.t.JMeterThread: Thread finished: 100 driver charging journeys 1-9
2026-07-02 00:57:55,771 INFO o.a.j.p.j.s.J.Full charging journey with SSE: [electrahub-jmeter][full][031] step=start charging attempt 2
2026-07-02 00:57:55,837 INFO o.a.j.p.j.s.J.Full charging journey with SSE: [electrahub-jmeter][full][031] http POST /session/api/v1/sessions/start status=409 elapsedMs=65
2026-07-02 00:57:55,838 INFO o.a.j.p.j.s.J.Full charging journey with SSE: [electrahub-jmeter][full][031] start skipped EH-US-CHG-0032/CON-US-0032 HTTP 409; trying next connector
2026-07-02 00:57:56,148 INFO o.a.j.p.j.s.J.Full charging journey with SSE: [electrahub-jmeter][full][010] http GET /session/api/v1/sessions/active status=200 elapsedMs=1008
2026-07-02 00:57:56,187 INFO o.a.j.p.j.s.J.Full charging journey with SSE: [electrahub-jmeter][full][030] step=start charging attempt 5
2026-07-02 00:57:56,260 INFO o.a.j.p.j.s.J.Full charging journey with SSE: [electrahub-jmeter][full][030] http POST /session/api/v1/sessions/start status=409 elapsedMs=72
2026-07-02 00:57:56,261 INFO o.a.j.p.j.s.J.Full charging journey with SSE: [electrahub-jmeter][full][030] start skipped EH-US-CHG-0034/CON-US-0034 HTTP 409; trying next connector
2026-07-02 00:57:56,839 INFO o.a.j.p.j.s.J.Full charging journey with SSE: [electrahub-jmeter][full][031] step=start charging attempt 3
2026-07-02 00:57:56,908 INFO o.a.j.p.j.s.J.Full charging journey with SSE: [electrahub-jmeter][full][031] http POST /session/api/v1/sessions/start status=409 elapsedMs=68
2026-07-02 00:57:56,909 INFO o.a.j.p.j.s.J.Full charging journey with SSE: [electrahub-jmeter][full][031] start skipped EH-US-CHG-0033/CON-US-0033 HTTP 409; trying next connector
2026-07-02 00:57:57,262 INFO o.a.j.p.j.s.J.Full charging journey with SSE: [electrahub-jmeter][full][030] step=start charging attempt 6
2026-07-02 00:57:57,368 INFO o.a.j.p.j.s.J.Full charging journey with SSE: [electrahub-jmeter][full][030] http POST /session/api/v1/sessions/start status=409 elapsedMs=105
2026-07-02 00:57:57,369 INFO o.a.j.p.j.s.J.Full charging journey with SSE: [electrahub-jmeter][full][030] start skipped EH-US-CHG-0035/CON-US-0035 HTTP 409; trying next connector
2026-07-02 00:57:57,742 INFO o.a.j.p.j.s.J.Full charging journey with SSE: [electrahub-jmeter][full][011] step=stop charging session
2026-07-02 00:57:57,910 INFO o.a.j.p.j.s.J.Full charging journey with SSE: [electrahub-jmeter][full][031] step=start charging attempt 4
2026-07-02 00:57:57,976 INFO o.a.j.p.j.s.J.Full charging journey with SSE: [electrahub-jmeter][full][031] http POST /session/api/v1/sessions/start status=409 elapsedMs=65
2026-07-02 00:57:57,977 INFO o.a.j.p.j.s.J.Full charging journey with SSE: [electrahub-jmeter][full][031] start skipped EH-US-CHG-0034/CON-US-0034 HTTP 409; trying next connector
2026-07-02 00:57:58,370 INFO o.a.j.p.j.s.J.Full charging journey with SSE: [electrahub-jmeter][full][030] step=start charging attempt 7
2026-07-02 00:57:58,439 INFO o.a.j.p.j.s.J.Full charging journey with SSE: [electrahub-jmeter][full][030] http POST /session/api/v1/sessions/start status=409 elapsedMs=68
2026-07-02 00:57:58,440 INFO o.a.j.p.j.s.J.Full charging journey with SSE: [electrahub-jmeter][full][030] start skipped EH-US-CHG-0036/CON-US-0036 HTTP 409; trying next connector
2026-07-02 00:57:58,978 INFO o.a.j.p.j.s.J.Full charging journey with SSE: [electrahub-jmeter][full][031] step=start charging attempt 5
2026-07-02 00:57:59,052 INFO o.a.j.p.j.s.J.Full charging journey with SSE: [electrahub-jmeter][full][031] http POST /session/api/v1/sessions/start status=409 elapsedMs=73
2026-07-02 00:57:59,053 INFO o.a.j.p.j.s.J.Full charging journey with SSE: [electrahub-jmeter][full][031] start skipped EH-US-CHG-0035/CON-US-0035 HTTP 409; trying next connector
2026-07-02 00:57:59,441 INFO o.a.j.p.j.s.J.Full charging journey with SSE: [electrahub-jmeter][full][030] step=start charging attempt 8
2026-07-02 00:57:59,514 INFO o.a.j.p.j.s.J.Full charging journey with SSE: [electrahub-jmeter][full][030] http POST /session/api/v1/sessions/start status=409 elapsedMs=72
2026-07-02 00:57:59,515 INFO o.a.j.p.j.s.J.Full charging journey with SSE: [electrahub-jmeter][full][030] start skipped EH-US-CHG-0037/CON-US-0037 HTTP 409; trying next connector
2026-07-02 00:57:59,541 INFO o.a.j.t.JMeterThread: Thread started: 100 driver charging journeys 1-32
2026-07-02 00:57:59,548 INFO o.a.j.p.j.s.J.Full charging journey with SSE: [electrahub-jmeter][full][032] step=register
2026-07-02 00:57:59,999 INFO o.a.j.p.j.s.J.Full charging journey with SSE: [electrahub-jmeter][full][032] http POST /auth/api/auth/register status=200 elapsedMs=450
2026-07-02 00:58:00,000 INFO o.a.j.p.j.s.J.Full charging journey with SSE: [electrahub-jmeter][full][032] registered uid=6414b8dc-c62a-4342-b60c-e35322e68146
2026-07-02 00:58:00,007 INFO o.a.j.p.j.s.J.Full charging journey with SSE: [electrahub-jmeter][full][032] step=payment state before setup
2026-07-02 00:58:00,054 INFO o.a.j.p.j.s.J.Full charging journey with SSE: [electrahub-jmeter][full][031] step=start charging attempt 6
2026-07-02 00:58:00,067 INFO o.a.j.p.j.s.J.Full charging journey with SSE: [electrahub-jmeter][full][032] http GET /payment/api/v1/payment/state status=451 elapsedMs=60
2026-07-02 00:58:00,068 INFO o.a.j.p.j.s.J.Full charging journey with SSE: [electrahub-jmeter][full][032] step=accept terms
2026-07-02 00:58:00,122 INFO o.a.j.p.j.s.J.Full charging journey with SSE: [electrahub-jmeter][full][031] http POST /session/api/v1/sessions/start status=409 elapsedMs=67
2026-07-02 00:58:00,123 INFO o.a.j.p.j.s.J.Full charging journey with SSE: [electrahub-jmeter][full][031] start skipped EH-US-CHG-0036/CON-US-0036 HTTP 409; trying next connector
2026-07-02 00:58:00,131 INFO o.a.j.p.j.s.J.Full charging journey with SSE: [electrahub-jmeter][full][032] http POST /auth/api/terms/accept status=201 elapsedMs=62
2026-07-02 00:58:00,131 INFO o.a.j.p.j.s.J.Full charging journey with SSE: [electrahub-jmeter][full][032] accepted terms; refreshing token through login
2026-07-02 00:58:00,132 INFO o.a.j.p.j.s.J.Full charging journey with SSE: [electrahub-jmeter][full][032] step=login
2026-07-02 00:58:00,269 INFO o.a.j.p.j.s.J.Full charging journey with SSE: [electrahub-jmeter][full][032] http POST /auth/api/auth/login status=200 elapsedMs=136
2026-07-02 00:58:00,271 INFO o.a.j.p.j.s.J.Full charging journey with SSE: [electrahub-jmeter][full][032] logged in uid=6414b8dc-c62a-4342-b60c-e35322e68146
2026-07-02 00:58:00,271 INFO o.a.j.p.j.s.J.Full charging journey with SSE: [electrahub-jmeter][full][032] step=payment state after terms
2026-07-02 00:58:00,337 INFO o.a.j.p.j.s.J.Full charging journey with SSE: [electrahub-jmeter][full][032] http GET /payment/api/v1/payment/state status=200 elapsedMs=62
2026-07-02 00:58:00,338 INFO o.a.j.p.j.s.J.Full charging journey with SSE: [electrahub-jmeter][full][032] step=add card
2026-07-02 00:58:00,409 INFO o.a.j.p.j.s.J.Full charging journey with SSE: [electrahub-jmeter][full][032] http POST /payment/api/v1/payment/cards status=201 elapsedMs=70
2026-07-02 00:58:00,409 INFO o.a.j.p.j.s.J.Full charging journey with SSE: [electrahub-jmeter][full][032] step=wallet topup
2026-07-02 00:58:00,469 INFO o.a.j.p.j.s.J.Full charging journey with SSE: [electrahub-jmeter][full][032] http POST /payment/api/v1/payment/wallet/topups status=201 elapsedMs=59
2026-07-02 00:58:00,470 INFO o.a.j.p.j.s.J.Full charging journey with SSE: [electrahub-jmeter][full][032] step=payment state after setup
2026-07-02 00:58:00,516 INFO o.a.j.p.j.s.J.Full charging journey with SSE: [electrahub-jmeter][full][030] step=start charging attempt 9
2026-07-02 00:58:00,532 INFO o.a.j.p.j.s.J.Full charging journey with SSE: [electrahub-jmeter][full][032] http GET /payment/api/v1/payment/state status=200 elapsedMs=60
2026-07-02 00:58:00,532 INFO o.a.j.p.j.s.J.Full charging journey with SSE: [electrahub-jmeter][full][032] payment ready wallet=120.00
2026-07-02 00:58:00,533 INFO o.a.j.p.j.s.J.Full charging journey with SSE: [electrahub-jmeter][full][032] step=charger graphql list
2026-07-02 00:58:00,582 INFO o.a.j.p.j.s.J.Full charging journey with SSE: [electrahub-jmeter][full][030] http POST /session/api/v1/sessions/start status=409 elapsedMs=64
2026-07-02 00:58:00,583 INFO o.a.j.p.j.s.J.Full charging journey with SSE: [electrahub-jmeter][full][030] start skipped EH-US-CHG-0038/CON-US-0038 HTTP 409; trying next connector
2026-07-02 00:58:00,620 INFO o.a.j.p.j.s.J.Full charging journey with SSE: [electrahub-jmeter][full][032] http POST /charger/graphql status=200 elapsedMs=86
2026-07-02 00:58:00,631 INFO o.a.j.p.j.s.J.Full charging journey with SSE: [electrahub-jmeter][full][032] dynamic connector selection found no available connector; using CSV connector
2026-07-02 00:58:00,631 INFO o.a.j.p.j.s.J.Full charging journey with SSE: [electrahub-jmeter][full][032] step=charger graphql view
2026-07-02 00:58:00,699 INFO o.a.j.p.j.s.J.Full charging journey with SSE: [electrahub-jmeter][full][032] http POST /charger/graphql status=200 elapsedMs=67
2026-07-02 00:58:00,700 INFO o.a.j.p.j.s.J.Full charging journey with SSE: [electrahub-jmeter][full][032] step=payment state before start
2026-07-02 00:58:00,758 INFO o.a.j.p.j.s.J.Full charging journey with SSE: [electrahub-jmeter][full][032] http GET /payment/api/v1/payment/state status=200 elapsedMs=57
2026-07-02 00:58:00,761 INFO o.a.j.p.j.s.J.Full charging journey with SSE: [electrahub-jmeter][full][032] using connector csv fallback attempts=10 startIndex=32/100
2026-07-02 00:58:00,763 INFO o.a.j.p.j.s.J.Full charging journey with SSE: [electrahub-jmeter][full][032] step=start charging attempt 1
2026-07-02 00:58:00,827 INFO o.a.j.p.j.s.J.Full charging journey with SSE: [electrahub-jmeter][full][032] http POST /session/api/v1/sessions/start status=409 elapsedMs=64
2026-07-02 00:58:00,828 INFO o.a.j.p.j.s.J.Full charging journey with SSE: [electrahub-jmeter][full][032] start skipped EH-US-CHG-0032/CON-US-0032 HTTP 409; trying next connector
2026-07-02 00:58:01,124 INFO o.a.j.p.j.s.J.Full charging journey with SSE: [electrahub-jmeter][full][031] step=start charging attempt 7
2026-07-02 00:58:01,148 INFO o.a.j.p.j.s.J.Full charging journey with SSE: [electrahub-jmeter][full][010] step=active sessions
2026-07-02 00:58:01,195 INFO o.a.j.p.j.s.J.Full charging journey with SSE: [electrahub-jmeter][full][011] http POST /session/api/v1/sessions/8c6a53ce-0aba-4884-8ef0-ee5a773ec26f/stop status=204 elapsedMs=3452
2026-07-02 00:58:01,196 INFO o.a.j.p.j.s.J.Full charging journey with SSE: [electrahub-jmeter][full][011] stop requested session=8c6a53ce-0aba-4884-8ef0-ee5a773ec26f
2026-07-02 00:58:01,197 INFO o.a.j.p.j.s.J.Full charging journey with SSE: [electrahub-jmeter][full][011] step=active sessions
2026-07-02 00:58:01,203 INFO o.a.j.p.j.s.J.Full charging journey with SSE: [electrahub-jmeter][full][031] http POST /session/api/v1/sessions/start status=409 elapsedMs=77
2026-07-02 00:58:01,204 INFO o.a.j.p.j.s.J.Full charging journey with SSE: [electrahub-jmeter][full][031] start skipped EH-US-CHG-0037/CON-US-0037 HTTP 409; trying next connector
2026-07-02 00:58:01,212 INFO o.a.j.p.j.s.J.Full charging journey with SSE: [electrahub-jmeter][full][010] http GET /session/api/v1/sessions/active status=200 elapsedMs=62
2026-07-02 00:58:01,212 INFO o.a.j.p.j.s.J.Full charging journey with SSE: [electrahub-jmeter][full][010] step=receipt
2026-07-02 00:58:01,277 INFO o.a.j.p.j.s.J.Full charging journey with SSE: [electrahub-jmeter][full][010] http GET /session/api/v1/sessions/e516d714-ea83-4f8c-88ab-419a8fb44ecf/receipt status=200 elapsedMs=64
2026-07-02 00:58:01,279 INFO o.a.j.p.j.s.J.Full charging journey with SSE: [electrahub-jmeter][full][010] step=session history
2026-07-02 00:58:01,341 INFO o.a.j.p.j.s.J.Full charging journey with SSE: [electrahub-jmeter][full][010] http GET /session/api/v1/sessions/history?page=0&size=10 status=200 elapsedMs=62
2026-07-02 00:58:01,342 INFO o.a.j.p.j.s.J.Full charging journey with SSE: [electrahub-jmeter][full][010] step=dashboard stats
2026-07-02 00:58:01,398 INFO o.a.j.p.j.s.J.Full charging journey with SSE: [electrahub-jmeter][full][010] http GET /session/api/v1/sessions/dashboard-stats status=200 elapsedMs=56
2026-07-02 00:58:01,400 INFO o.a.j.p.j.s.J.Full charging journey with SSE: [electrahub-jmeter][full][010] receipt ok session=e516d714-ea83-4f8c-88ab-419a8fb44ecf status=Completed total=1.8708
2026-07-02 00:58:01,401 INFO o.a.j.r.Summariser: summary +      8 in 00:00:30 =    0.3/s Avg: 82443 Min: 10749 Max: 127898 Err:     3 (37.50%) Active: 16 Started: 32 Finished: 16
2026-07-02 00:58:01,402 INFO o.a.j.r.Summariser: summary =     17 in 00:03:08 =    0.1/s Avg: 78868 Min: 10749 Max: 128160 Err:     7 (41.18%)
2026-07-02 00:58:01,402 INFO o.a.j.t.JMeterThread: Thread is done: 100 driver charging journeys 1-10
2026-07-02 00:58:01,403 INFO o.a.j.t.JMeterThread: Thread finished: 100 driver charging journeys 1-10
2026-07-02 00:58:01,584 INFO o.a.j.p.j.s.J.Full charging journey with SSE: [electrahub-jmeter][full][030] step=start charging attempt 10
2026-07-02 00:58:01,651 INFO o.a.j.p.j.s.J.Full charging journey with SSE: [electrahub-jmeter][full][030] http POST /session/api/v1/sessions/start status=409 elapsedMs=66
2026-07-02 00:58:01,652 ERROR o.a.j.p.j.s.J.Full charging journey with SSE: [electrahub-jmeter][full][030] failed
java.lang.IllegalStateException: start charging session failed with HTTP 409: {"timestamp":"2026-07-02T00:58:01.629485887Z","status":409,"error":"Conflict","message":"Connector is not available for charging.","path":"/api/v1/sessions/start"}
	at java.base/jdk.internal.reflect.NativeConstructorAccessorImpl.newInstance0(Native Method) ~[?:?]
	at java.base/jdk.internal.reflect.NativeConstructorAccessorImpl.newInstance(Unknown Source) ~[?:?]
	at java.base/jdk.internal.reflect.DelegatingConstructorAccessorImpl.newInstance(Unknown Source) ~[?:?]
	at java.base/java.lang.reflect.Constructor.newInstanceWithCaller(Unknown Source) ~[?:?]
	at java.base/java.lang.reflect.Constructor.newInstance(Unknown Source) ~[?:?]
	at org.codehaus.groovy.reflection.CachedConstructor.invoke(CachedConstructor.java:72) ~[groovy-3.0.20.jar:3.0.20]
	at org.codehaus.groovy.reflection.CachedConstructor.doConstructorInvoke(CachedConstructor.java:59) ~[groovy-3.0.20.jar:3.0.20]
	at org.codehaus.groovy.runtime.callsite.ConstructorSite$ConstructorSiteNoUnwrap.callConstructor(ConstructorSite.java:84) ~[groovy-3.0.20.jar:3.0.20]
	at org.codehaus.groovy.runtime.callsite.AbstractCallSite.callConstructor(AbstractCallSite.java:277) ~[groovy-3.0.20.jar:3.0.20]
	at Script1$_run_closure8.doCall(Script1.groovy:145) ~[?:?]
	at jdk.internal.reflect.GeneratedMethodAccessor26.invoke(Unknown Source) ~[?:?]
	at java.base/jdk.internal.reflect.DelegatingMethodAccessorImpl.invoke(Unknown Source) ~[?:?]
	at java.base/java.lang.reflect.Method.invoke(Unknown Source) ~[?:?]
	at org.codehaus.groovy.reflection.CachedMethod.invoke(CachedMethod.java:107) ~[groovy-3.0.20.jar:3.0.20]
	at groovy.lang.MetaMethod.doMethodInvoke(MetaMethod.java:323) ~[groovy-3.0.20.jar:3.0.20]
	at org.codehaus.groovy.runtime.metaclass.ClosureMetaClass.invokeMethod(ClosureMetaClass.java:274) ~[groovy-3.0.20.jar:3.0.20]
	at groovy.lang.MetaClassImpl.invokeMethod(MetaClassImpl.java:1030) ~[groovy-3.0.20.jar:3.0.20]
	at org.codehaus.groovy.runtime.callsite.PogoMetaClassSite.call(PogoMetaClassSite.java:38) ~[groovy-3.0.20.jar:3.0.20]
	at org.codehaus.groovy.runtime.callsite.AbstractCallSite.call(AbstractCallSite.java:157) ~[groovy-3.0.20.jar:3.0.20]
	at Script1$_run_closure15.doCall(Script1.groovy:423) ~[?:?]
	at jdk.internal.reflect.GeneratedMethodAccessor67.invoke(Unknown Source) ~[?:?]
	at java.base/jdk.internal.reflect.DelegatingMethodAccessorImpl.invoke(Unknown Source) ~[?:?]
	at java.base/java.lang.reflect.Method.invoke(Unknown Source) ~[?:?]
	at org.codehaus.groovy.reflection.CachedMethod.invoke(CachedMethod.java:107) ~[groovy-3.0.20.jar:3.0.20]
	at groovy.lang.MetaMethod.doMethodInvoke(MetaMethod.java:323) ~[groovy-3.0.20.jar:3.0.20]
	at org.codehaus.groovy.runtime.metaclass.ClosureMetaClass.invokeMethod(ClosureMetaClass.java:274) ~[groovy-3.0.20.jar:3.0.20]
	at groovy.lang.MetaClassImpl.invokeMethod(MetaClassImpl.java:1030) ~[groovy-3.0.20.jar:3.0.20]
	at org.codehaus.groovy.runtime.callsite.PogoMetaClassSite.call(PogoMetaClassSite.java:38) ~[groovy-3.0.20.jar:3.0.20]
	at org.codehaus.groovy.runtime.callsite.AbstractCallSite.call(AbstractCallSite.java:139) [groovy-3.0.20.jar:3.0.20]
	at Script1.run(Script1.groovy:553) [script:?]
	at org.codehaus.groovy.jsr223.GroovyScriptEngineImpl.eval(GroovyScriptEngineImpl.java:317) [groovy-jsr223-3.0.20.jar:3.0.20]
	at org.codehaus.groovy.jsr223.GroovyCompiledScript.eval(GroovyCompiledScript.java:71) [groovy-jsr223-3.0.20.jar:3.0.20]
	at java.scripting/javax.script.CompiledScript.eval(Unknown Source) [java.scripting:?]
	at org.apache.jmeter.util.JSR223TestElement.processFileOrScript(JSR223TestElement.java:216) [ApacheJMeter_core.jar:5.6.3]
	at org.apache.jmeter.protocol.java.sampler.JSR223Sampler.sample(JSR223Sampler.java:72) [ApacheJMeter_java.jar:5.6.3]
	at org.apache.jmeter.threads.JMeterThread.doSampling(JMeterThread.java:651) [ApacheJMeter_core.jar:5.6.3]
	at org.apache.jmeter.threads.JMeterThread.executeSamplePackage(JMeterThread.java:570) [ApacheJMeter_core.jar:5.6.3]
	at org.apache.jmeter.threads.JMeterThread.processSampler(JMeterThread.java:501) [ApacheJMeter_core.jar:5.6.3]
	at org.apache.jmeter.threads.JMeterThread.run(JMeterThread.java:268) [ApacheJMeter_core.jar:5.6.3]
	at java.base/java.lang.Thread.run(Unknown Source) [?:?]
2026-07-02 00:58:01,653 ERROR o.a.j.p.j.s.JSR223Sampler: Problem in JSR223 script Full charging journey with SSE, message: javax.script.ScriptException: java.lang.IllegalStateException: start charging session failed with HTTP 409: {"timestamp":"2026-07-02T00:58:01.629485887Z","status":409,"error":"Conflict","message":"Connector is not available for charging.","path":"/api/v1/sessions/start"}
javax.script.ScriptException: java.lang.IllegalStateException: start charging session failed with HTTP 409: {"timestamp":"2026-07-02T00:58:01.629485887Z","status":409,"error":"Conflict","message":"Connector is not available for charging.","path":"/api/v1/sessions/start"}
	at org.codehaus.groovy.jsr223.GroovyScriptEngineImpl.eval(GroovyScriptEngineImpl.java:320) ~[groovy-jsr223-3.0.20.jar:3.0.20]
	at org.codehaus.groovy.jsr223.GroovyCompiledScript.eval(GroovyCompiledScript.java:71) ~[groovy-jsr223-3.0.20.jar:3.0.20]
	at java.scripting/javax.script.CompiledScript.eval(Unknown Source) ~[java.scripting:?]
	at org.apache.jmeter.util.JSR223TestElement.processFileOrScript(JSR223TestElement.java:216) ~[ApacheJMeter_core.jar:5.6.3]
	at org.apache.jmeter.protocol.java.sampler.JSR223Sampler.sample(JSR223Sampler.java:72) [ApacheJMeter_java.jar:5.6.3]
	at org.apache.jmeter.threads.JMeterThread.doSampling(JMeterThread.java:651) [ApacheJMeter_core.jar:5.6.3]
	at org.apache.jmeter.threads.JMeterThread.executeSamplePackage(JMeterThread.java:570) [ApacheJMeter_core.jar:5.6.3]
	at org.apache.jmeter.threads.JMeterThread.processSampler(JMeterThread.java:501) [ApacheJMeter_core.jar:5.6.3]
	at org.apache.jmeter.threads.JMeterThread.run(JMeterThread.java:268) [ApacheJMeter_core.jar:5.6.3]
	at java.base/java.lang.Thread.run(Unknown Source) [?:?]
Caused by: java.lang.IllegalStateException: start charging session failed with HTTP 409: {"timestamp":"2026-07-02T00:58:01.629485887Z","status":409,"error":"Conflict","message":"Connector is not available for charging.","path":"/api/v1/sessions/start"}
	at java.base/jdk.internal.reflect.NativeConstructorAccessorImpl.newInstance0(Native Method) ~[?:?]
	at java.base/jdk.internal.reflect.NativeConstructorAccessorImpl.newInstance(Unknown Source) ~[?:?]
	at java.base/jdk.internal.reflect.DelegatingConstructorAccessorImpl.newInstance(Unknown Source) ~[?:?]
	at java.base/java.lang.reflect.Constructor.newInstanceWithCaller(Unknown Source) ~[?:?]
	at java.base/java.lang.reflect.Constructor.newInstance(Unknown Source) ~[?:?]
	at org.codehaus.groovy.reflection.CachedConstructor.invoke(CachedConstructor.java:72) ~[groovy-3.0.20.jar:3.0.20]
	at org.codehaus.groovy.reflection.CachedConstructor.doConstructorInvoke(CachedConstructor.java:59) ~[groovy-3.0.20.jar:3.0.20]
	at org.codehaus.groovy.runtime.callsite.ConstructorSite$ConstructorSiteNoUnwrap.callConstructor(ConstructorSite.java:84) ~[groovy-3.0.20.jar:3.0.20]
	at org.codehaus.groovy.runtime.callsite.AbstractCallSite.callConstructor(AbstractCallSite.java:277) ~[groovy-3.0.20.jar:3.0.20]
	at Script1$_run_closure8.doCall(Script1.groovy:145) ~[?:?]
	at jdk.internal.reflect.GeneratedMethodAccessor26.invoke(Unknown Source) ~[?:?]
	at java.base/jdk.internal.reflect.DelegatingMethodAccessorImpl.invoke(Unknown Source) ~[?:?]
	at java.base/java.lang.reflect.Method.invoke(Unknown Source) ~[?:?]
	at org.codehaus.groovy.reflection.CachedMethod.invoke(CachedMethod.java:107) ~[groovy-3.0.20.jar:3.0.20]
	at groovy.lang.MetaMethod.doMethodInvoke(MetaMethod.java:323) ~[groovy-3.0.20.jar:3.0.20]
	at org.codehaus.groovy.runtime.metaclass.ClosureMetaClass.invokeMethod(ClosureMetaClass.java:274) ~[groovy-3.0.20.jar:3.0.20]
	at groovy.lang.MetaClassImpl.invokeMethod(MetaClassImpl.java:1030) ~[groovy-3.0.20.jar:3.0.20]
	at org.codehaus.groovy.runtime.callsite.PogoMetaClassSite.call(PogoMetaClassSite.java:38) ~[groovy-3.0.20.jar:3.0.20]
	at org.codehaus.groovy.runtime.callsite.AbstractCallSite.call(AbstractCallSite.java:157) ~[groovy-3.0.20.jar:3.0.20]
	at Script1$_run_closure15.doCall(Script1.groovy:423) ~[?:?]
	at jdk.internal.reflect.GeneratedMethodAccessor67.invoke(Unknown Source) ~[?:?]
	at java.base/jdk.internal.reflect.DelegatingMethodAccessorImpl.invoke(Unknown Source) ~[?:?]
	at java.base/java.lang.reflect.Method.invoke(Unknown Source) ~[?:?]
	at org.codehaus.groovy.reflection.CachedMethod.invoke(CachedMethod.java:107) ~[groovy-3.0.20.jar:3.0.20]
	at groovy.lang.MetaMethod.doMethodInvoke(MetaMethod.java:323) ~[groovy-3.0.20.jar:3.0.20]
	at org.codehaus.groovy.runtime.metaclass.ClosureMetaClass.invokeMethod(ClosureMetaClass.java:274) ~[groovy-3.0.20.jar:3.0.20]
	at groovy.lang.MetaClassImpl.invokeMethod(MetaClassImpl.java:1030) ~[groovy-3.0.20.jar:3.0.20]
	at org.codehaus.groovy.runtime.callsite.PogoMetaClassSite.call(PogoMetaClassSite.java:38) ~[groovy-3.0.20.jar:3.0.20]
	at org.codehaus.groovy.runtime.callsite.AbstractCallSite.call(AbstractCallSite.java:139) ~[groovy-3.0.20.jar:3.0.20]
	at Script1.run(Script1.groovy:553) ~[?:?]
	at org.codehaus.groovy.jsr223.GroovyScriptEngineImpl.eval(GroovyScriptEngineImpl.java:317) ~[groovy-jsr223-3.0.20.jar:3.0.20]
	... 9 more
2026-07-02 00:58:01,655 INFO o.a.j.t.JMeterThread: Thread is done: 100 driver charging journeys 1-30
2026-07-02 00:58:01,655 INFO o.a.j.t.JMeterThread: Thread finished: 100 driver charging journeys 1-30
2026-07-02 00:58:01,829 INFO o.a.j.p.j.s.J.Full charging journey with SSE: [electrahub-jmeter][full][032] step=start charging attempt 2
2026-07-02 00:58:01,893 INFO o.a.j.p.j.s.J.Full charging journey with SSE: [electrahub-jmeter][full][032] http POST /session/api/v1/sessions/start status=409 elapsedMs=63
2026-07-02 00:58:01,894 INFO o.a.j.p.j.s.J.Full charging journey with SSE: [electrahub-jmeter][full][032] start skipped EH-US-CHG-0033/CON-US-0033 HTTP 409; trying next connector
2026-07-02 00:58:02,204 INFO o.a.j.p.j.s.J.Full charging journey with SSE: [electrahub-jmeter][full][031] step=start charging attempt 8
2026-07-02 00:58:02,213 INFO o.a.j.p.j.s.J.Full charging journey with SSE: [electrahub-jmeter][full][011] http GET /session/api/v1/sessions/active status=200 elapsedMs=1016
2026-07-02 00:58:02,269 INFO o.a.j.p.j.s.J.Full charging journey with SSE: [electrahub-jmeter][full][031] http POST /session/api/v1/sessions/start status=409 elapsedMs=63
2026-07-02 00:58:02,270 INFO o.a.j.p.j.s.J.Full charging journey with SSE: [electrahub-jmeter][full][031] start skipped EH-US-CHG-0038/CON-US-0038 HTTP 409; trying next connector
2026-07-02 00:58:02,895 INFO o.a.j.p.j.s.J.Full charging journey with SSE: [electrahub-jmeter][full][032] step=start charging attempt 3
2026-07-02 00:58:02,960 INFO o.a.j.p.j.s.J.Full charging journey with SSE: [electrahub-jmeter][full][032] http POST /session/api/v1/sessions/start status=409 elapsedMs=64
2026-07-02 00:58:02,961 INFO o.a.j.p.j.s.J.Full charging journey with SSE: [electrahub-jmeter][full][032] start skipped EH-US-CHG-0034/CON-US-0034 HTTP 409; trying next connector
2026-07-02 00:58:03,271 INFO o.a.j.p.j.s.J.Full charging journey with SSE: [electrahub-jmeter][full][031] step=start charging attempt 9
2026-07-02 00:58:03,340 INFO o.a.j.p.j.s.J.Full charging journey with SSE: [electrahub-jmeter][full][031] http POST /session/api/v1/sessions/start status=409 elapsedMs=68
2026-07-02 00:58:03,341 INFO o.a.j.p.j.s.J.Full charging journey with SSE: [electrahub-jmeter][full][031] start skipped EH-US-CHG-0039/CON-US-0039 HTTP 409; trying next connector
2026-07-02 00:58:03,782 INFO o.a.j.p.j.s.J.Full charging journey with SSE: [electrahub-jmeter][full][012] step=stop charging session
2026-07-02 00:58:03,962 INFO o.a.j.p.j.s.J.Full charging journey with SSE: [electrahub-jmeter][full][032] step=start charging attempt 4
2026-07-02 00:58:04,030 INFO o.a.j.p.j.s.J.Full charging journey with SSE: [electrahub-jmeter][full][032] http POST /session/api/v1/sessions/start status=409 elapsedMs=67
2026-07-02 00:58:04,031 INFO o.a.j.p.j.s.J.Full charging journey with SSE: [electrahub-jmeter][full][032] start skipped EH-US-CHG-0035/CON-US-0035 HTTP 409; trying next connector
2026-07-02 00:58:04,342 INFO o.a.j.p.j.s.J.Full charging journey with SSE: [electrahub-jmeter][full][031] step=start charging attempt 10
2026-07-02 00:58:05,032 INFO o.a.j.p.j.s.J.Full charging journey with SSE: [electrahub-jmeter][full][032] step=start charging attempt 5
2026-07-02 00:58:05,103 INFO o.a.j.p.j.s.J.Full charging journey with SSE: [electrahub-jmeter][full][032] http POST /session/api/v1/sessions/start status=409 elapsedMs=70
2026-07-02 00:58:05,104 INFO o.a.j.p.j.s.J.Full charging journey with SSE: [electrahub-jmeter][full][032] start skipped EH-US-CHG-0036/CON-US-0036 HTTP 409; trying next connector
2026-07-02 00:58:05,242 INFO o.a.j.p.j.s.J.Full charging journey with SSE: [electrahub-jmeter][full][031] http POST /session/api/v1/sessions/start status=201 elapsedMs=899
2026-07-02 00:58:05,243 INFO o.a.j.p.j.s.J.Full charging journey with SSE: [electrahub-jmeter][full][031] started session=687029a2-e248-4b44-bc75-acd108c4b1b5 charger=EH-US-CHG-0040/CON-US-0040 status=PREPARING remote=Accepted attempt=10/10
2026-07-02 00:58:05,244 INFO o.a.j.p.j.s.J.Full charging journey with SSE: [electrahub-jmeter][full][031] step=active sessions
2026-07-02 00:58:05,542 INFO o.a.j.t.JMeterThread: Thread started: 100 driver charging journeys 1-33
2026-07-02 00:58:05,547 INFO o.a.j.p.j.s.J.Full charging journey with SSE: [electrahub-jmeter][full][033] step=register
2026-07-02 00:58:05,697 INFO o.a.j.p.j.s.J.Full charging journey with SSE: [electrahub-jmeter][full][033] http POST /auth/api/auth/register status=200 elapsedMs=149
2026-07-02 00:58:05,698 INFO o.a.j.p.j.s.J.Full charging journey with SSE: [electrahub-jmeter][full][033] registered uid=a3e36cae-0c85-4a7a-b600-85f8f36916d1
2026-07-02 00:58:05,705 INFO o.a.j.p.j.s.J.Full charging journey with SSE: [electrahub-jmeter][full][033] step=payment state before setup
2026-07-02 00:58:05,762 INFO o.a.j.p.j.s.J.Full charging journey with SSE: [electrahub-jmeter][full][033] http GET /payment/api/v1/payment/state status=451 elapsedMs=56
2026-07-02 00:58:05,763 INFO o.a.j.p.j.s.J.Full charging journey with SSE: [electrahub-jmeter][full][033] step=accept terms
2026-07-02 00:58:05,826 INFO o.a.j.p.j.s.J.Full charging journey with SSE: [electrahub-jmeter][full][033] http POST /auth/api/terms/accept status=201 elapsedMs=62
2026-07-02 00:58:05,827 INFO o.a.j.p.j.s.J.Full charging journey with SSE: [electrahub-jmeter][full][033] accepted terms; refreshing token through login
2026-07-02 00:58:05,827 INFO o.a.j.p.j.s.J.Full charging journey with SSE: [electrahub-jmeter][full][033] step=login
2026-07-02 00:58:05,984 INFO o.a.j.p.j.s.J.Full charging journey with SSE: [electrahub-jmeter][full][033] http POST /auth/api/auth/login status=200 elapsedMs=156
2026-07-02 00:58:05,985 INFO o.a.j.p.j.s.J.Full charging journey with SSE: [electrahub-jmeter][full][033] logged in uid=a3e36cae-0c85-4a7a-b600-85f8f36916d1
2026-07-02 00:58:05,985 INFO o.a.j.p.j.s.J.Full charging journey with SSE: [electrahub-jmeter][full][033] step=payment state after terms
2026-07-02 00:58:06,044 INFO o.a.j.p.j.s.J.Full charging journey with SSE: [electrahub-jmeter][full][033] http GET /payment/api/v1/payment/state status=200 elapsedMs=58
2026-07-02 00:58:06,045 INFO o.a.j.p.j.s.J.Full charging journey with SSE: [electrahub-jmeter][full][033] step=add card
2026-07-02 00:58:06,105 INFO o.a.j.p.j.s.J.Full charging journey with SSE: [electrahub-jmeter][full][032] step=start charging attempt 6
2026-07-02 00:58:06,107 INFO o.a.j.p.j.s.J.Full charging journey with SSE: [electrahub-jmeter][full][033] http POST /payment/api/v1/payment/cards status=201 elapsedMs=62
2026-07-02 00:58:06,108 INFO o.a.j.p.j.s.J.Full charging journey with SSE: [electrahub-jmeter][full][033] step=wallet topup
2026-07-02 00:58:06,168 INFO o.a.j.p.j.s.J.Full charging journey with SSE: [electrahub-jmeter][full][033] http POST /payment/api/v1/payment/wallet/topups status=201 elapsedMs=59
2026-07-02 00:58:06,169 INFO o.a.j.p.j.s.J.Full charging journey with SSE: [electrahub-jmeter][full][033] step=payment state after setup
2026-07-02 00:58:06,234 INFO o.a.j.p.j.s.J.Full charging journey with SSE: [electrahub-jmeter][full][033] http GET /payment/api/v1/payment/state status=200 elapsedMs=64
2026-07-02 00:58:06,235 INFO o.a.j.p.j.s.J.Full charging journey with SSE: [electrahub-jmeter][full][033] payment ready wallet=120.00
2026-07-02 00:58:06,235 INFO o.a.j.p.j.s.J.Full charging journey with SSE: [electrahub-jmeter][full][033] step=charger graphql list
2026-07-02 00:58:06,244 INFO o.a.j.p.j.s.J.Full charging journey with SSE: [electrahub-jmeter][full][031] http GET /session/api/v1/sessions/active status=200 elapsedMs=1000
2026-07-02 00:58:06,287 INFO o.a.j.p.j.s.J.Full charging journey with SSE: [electrahub-jmeter][full][032] http POST /session/api/v1/sessions/start status=409 elapsedMs=73
2026-07-02 00:58:06,287 INFO o.a.j.p.j.s.J.Full charging journey with SSE: [electrahub-jmeter][full][032] start skipped EH-US-CHG-0037/CON-US-0037 HTTP 409; trying next connector
2026-07-02 00:58:06,330 INFO o.a.j.p.j.s.J.Full charging journey with SSE: [electrahub-jmeter][full][033] http POST /charger/graphql status=200 elapsedMs=94
2026-07-02 00:58:06,331 INFO o.a.j.p.j.s.J.Full charging journey with SSE: [electrahub-jmeter][full][033] dynamic connector selection found no available connector; using CSV connector
2026-07-02 00:58:06,332 INFO o.a.j.p.j.s.J.Full charging journey with SSE: [electrahub-jmeter][full][033] step=charger graphql view
2026-07-02 00:58:06,399 INFO o.a.j.p.j.s.J.Full charging journey with SSE: [electrahub-jmeter][full][033] http POST /charger/graphql status=200 elapsedMs=66
2026-07-02 00:58:06,400 INFO o.a.j.p.j.s.J.Full charging journey with SSE: [electrahub-jmeter][full][033] step=payment state before start
2026-07-02 00:58:06,463 INFO o.a.j.p.j.s.J.Full charging journey with SSE: [electrahub-jmeter][full][033] http GET /payment/api/v1/payment/state status=200 elapsedMs=62
2026-07-02 00:58:06,466 INFO o.a.j.p.j.s.J.Full charging journey with SSE: [electrahub-jmeter][full][033] using connector csv fallback attempts=10 startIndex=33/100
2026-07-02 00:58:06,467 INFO o.a.j.p.j.s.J.Full charging journey with SSE: [electrahub-jmeter][full][033] step=start charging attempt 1
2026-07-02 00:58:06,537 INFO o.a.j.p.j.s.J.Full charging journey with SSE: [electrahub-jmeter][full][033] http POST /session/api/v1/sessions/start status=409 elapsedMs=70
2026-07-02 00:58:06,538 INFO o.a.j.p.j.s.J.Full charging journey with SSE: [electrahub-jmeter][full][033] start skipped EH-US-CHG-0033/CON-US-0033 HTTP 409; trying next connector
2026-07-02 00:58:07,214 INFO o.a.j.p.j.s.J.Full charging journey with SSE: [electrahub-jmeter][full][011] step=active sessions
2026-07-02 00:58:07,253 INFO o.a.j.p.j.s.J.Full charging journey with SSE: [electrahub-jmeter][full][012] http POST /session/api/v1/sessions/0e559f28-e51a-4452-8944-92c1f4ed63ca/stop status=204 elapsedMs=3470
2026-07-02 00:58:07,254 INFO o.a.j.p.j.s.J.Full charging journey with SSE: [electrahub-jmeter][full][012] stop requested session=0e559f28-e51a-4452-8944-92c1f4ed63ca
2026-07-02 00:58:07,254 INFO o.a.j.p.j.s.J.Full charging journey with SSE: [electrahub-jmeter][full][012] step=active sessions
2026-07-02 00:58:07,271 INFO o.a.j.p.j.s.J.Full charging journey with SSE: [electrahub-jmeter][full][011] http GET /session/api/v1/sessions/active status=200 elapsedMs=56
2026-07-02 00:58:07,272 INFO o.a.j.p.j.s.J.Full charging journey with SSE: [electrahub-jmeter][full][011] step=receipt
2026-07-02 00:58:07,288 INFO o.a.j.p.j.s.J.Full charging journey with SSE: [electrahub-jmeter][full][032] step=start charging attempt 7
2026-07-02 00:58:07,331 INFO o.a.j.p.j.s.J.Full charging journey with SSE: [electrahub-jmeter][full][011] http GET /session/api/v1/sessions/8c6a53ce-0aba-4884-8ef0-ee5a773ec26f/receipt status=200 elapsedMs=58
2026-07-02 00:58:07,332 INFO o.a.j.p.j.s.J.Full charging journey with SSE: [electrahub-jmeter][full][011] step=session history
2026-07-02 00:58:07,370 INFO o.a.j.p.j.s.J.Full charging journey with SSE: [electrahub-jmeter][full][032] http POST /session/api/v1/sessions/start status=409 elapsedMs=81
2026-07-02 00:58:07,371 INFO o.a.j.p.j.s.J.Full charging journey with SSE: [electrahub-jmeter][full][032] start skipped EH-US-CHG-0038/CON-US-0038 HTTP 409; trying next connector
2026-07-02 00:58:07,388 INFO o.a.j.p.j.s.J.Full charging journey with SSE: [electrahub-jmeter][full][011] http GET /session/api/v1/sessions/history?page=0&size=10 status=200 elapsedMs=55
2026-07-02 00:58:07,388 INFO o.a.j.p.j.s.J.Full charging journey with SSE: [electrahub-jmeter][full][011] step=dashboard stats
2026-07-02 00:58:07,442 INFO o.a.j.p.j.s.J.Full charging journey with SSE: [electrahub-jmeter][full][011] http GET /session/api/v1/sessions/dashboard-stats status=200 elapsedMs=53
2026-07-02 00:58:07,443 INFO o.a.j.p.j.s.J.Full charging journey with SSE: [electrahub-jmeter][full][011] receipt ok session=8c6a53ce-0aba-4884-8ef0-ee5a773ec26f status=Completed total=1.8708
2026-07-02 00:58:07,444 INFO o.a.j.t.JMeterThread: Thread is done: 100 driver charging journeys 1-11
2026-07-02 00:58:07,445 INFO o.a.j.t.JMeterThread: Thread finished: 100 driver charging journeys 1-11
2026-07-02 00:58:07,539 INFO o.a.j.p.j.s.J.Full charging journey with SSE: [electrahub-jmeter][full][033] step=start charging attempt 2
2026-07-02 00:58:07,607 INFO o.a.j.p.j.s.J.Full charging journey with SSE: [electrahub-jmeter][full][033] http POST /session/api/v1/sessions/start status=409 elapsedMs=68
2026-07-02 00:58:07,607 INFO o.a.j.p.j.s.J.Full charging journey with SSE: [electrahub-jmeter][full][033] start skipped EH-US-CHG-0034/CON-US-0034 HTTP 409; trying next connector
2026-07-02 00:58:08,259 INFO o.a.j.p.j.s.J.Full charging journey with SSE: [electrahub-jmeter][full][012] http GET /session/api/v1/sessions/active status=200 elapsedMs=1004
2026-07-02 00:58:08,372 INFO o.a.j.p.j.s.J.Full charging journey with SSE: [electrahub-jmeter][full][032] step=start charging attempt 8
2026-07-02 00:58:08,439 INFO o.a.j.p.j.s.J.Full charging journey with SSE: [electrahub-jmeter][full][032] http POST /session/api/v1/sessions/start status=409 elapsedMs=66
2026-07-02 00:58:08,439 INFO o.a.j.p.j.s.J.Full charging journey with SSE: [electrahub-jmeter][full][032] start skipped EH-US-CHG-0039/CON-US-0039 HTTP 409; trying next connector
2026-07-02 00:58:08,608 INFO o.a.j.p.j.s.J.Full charging journey with SSE: [electrahub-jmeter][full][033] step=start charging attempt 3
2026-07-02 00:58:08,673 INFO o.a.j.p.j.s.J.Full charging journey with SSE: [electrahub-jmeter][full][033] http POST /session/api/v1/sessions/start status=409 elapsedMs=64
2026-07-02 00:58:08,674 INFO o.a.j.p.j.s.J.Full charging journey with SSE: [electrahub-jmeter][full][033] start skipped EH-US-CHG-0035/CON-US-0035 HTTP 409; trying next connector
2026-07-02 00:58:08,907 INFO o.a.j.p.j.s.J.Full charging journey with SSE: [electrahub-jmeter][full][013] step=stop charging session
2026-07-02 00:58:09,440 INFO o.a.j.p.j.s.J.Full charging journey with SSE: [electrahub-jmeter][full][032] step=start charging attempt 9
2026-07-02 00:58:09,515 INFO o.a.j.p.j.s.J.Full charging journey with SSE: [electrahub-jmeter][full][032] http POST /session/api/v1/sessions/start status=409 elapsedMs=74
2026-07-02 00:58:09,516 INFO o.a.j.p.j.s.J.Full charging journey with SSE: [electrahub-jmeter][full][032] start skipped EH-US-CHG-0040/CON-US-0040 HTTP 409; trying next connector
2026-07-02 00:58:09,675 INFO o.a.j.p.j.s.J.Full charging journey with SSE: [electrahub-jmeter][full][033] step=start charging attempt 4
2026-07-02 00:58:09,736 INFO o.a.j.p.j.s.J.Full charging journey with SSE: [electrahub-jmeter][full][033] http POST /session/api/v1/sessions/start status=409 elapsedMs=59
2026-07-02 00:58:09,737 INFO o.a.j.p.j.s.J.Full charging journey with SSE: [electrahub-jmeter][full][033] start skipped EH-US-CHG-0036/CON-US-0036 HTTP 409; trying next connector
2026-07-02 00:58:10,517 INFO o.a.j.p.j.s.J.Full charging journey with SSE: [electrahub-jmeter][full][032] step=start charging attempt 10
2026-07-02 00:58:10,738 INFO o.a.j.p.j.s.J.Full charging journey with SSE: [electrahub-jmeter][full][033] step=start charging attempt 5
2026-07-02 00:58:10,806 INFO o.a.j.p.j.s.J.Full charging journey with SSE: [electrahub-jmeter][full][033] http POST /session/api/v1/sessions/start status=409 elapsedMs=67
2026-07-02 00:58:10,806 INFO o.a.j.p.j.s.J.Full charging journey with SSE: [electrahub-jmeter][full][033] start skipped EH-US-CHG-0037/CON-US-0037 HTTP 409; trying next connector
2026-07-02 00:58:11,291 INFO o.a.j.p.j.s.J.Full charging journey with SSE: [electrahub-jmeter][full][032] http POST /session/api/v1/sessions/start status=201 elapsedMs=773
2026-07-02 00:58:11,292 INFO o.a.j.p.j.s.J.Full charging journey with SSE: [electrahub-jmeter][full][032] started session=a778a008-08fd-4b52-93c1-6cb747edd950 charger=EH-US-CHG-0041/CON-US-0041 status=PREPARING remote=Accepted attempt=10/10
2026-07-02 00:58:11,293 INFO o.a.j.p.j.s.J.Full charging journey with SSE: [electrahub-jmeter][full][032] step=active sessions
2026-07-02 00:58:11,542 INFO o.a.j.t.JMeterThread: Thread started: 100 driver charging journeys 1-34
2026-07-02 00:58:11,549 INFO o.a.j.p.j.s.J.Full charging journey with SSE: [electrahub-jmeter][full][034] step=register
2026-07-02 00:58:11,705 INFO o.a.j.p.j.s.J.Full charging journey with SSE: [electrahub-jmeter][full][034] http POST /auth/api/auth/register status=200 elapsedMs=155
2026-07-02 00:58:11,706 INFO o.a.j.p.j.s.J.Full charging journey with SSE: [electrahub-jmeter][full][034] registered uid=7cea5ba2-8bc8-44ef-aa92-d2ec875dbeb8
2026-07-02 00:58:11,715 INFO o.a.j.p.j.s.J.Full charging journey with SSE: [electrahub-jmeter][full][034] step=payment state before setup
2026-07-02 00:58:11,773 INFO o.a.j.p.j.s.J.Full charging journey with SSE: [electrahub-jmeter][full][034] http GET /payment/api/v1/payment/state status=451 elapsedMs=57
2026-07-02 00:58:11,774 INFO o.a.j.p.j.s.J.Full charging journey with SSE: [electrahub-jmeter][full][034] step=accept terms
2026-07-02 00:58:11,807 INFO o.a.j.p.j.s.J.Full charging journey with SSE: [electrahub-jmeter][full][033] step=start charging attempt 6
2026-07-02 00:58:11,833 INFO o.a.j.p.j.s.J.Full charging journey with SSE: [electrahub-jmeter][full][034] http POST /auth/api/terms/accept status=201 elapsedMs=58
2026-07-02 00:58:11,834 INFO o.a.j.p.j.s.J.Full charging journey with SSE: [electrahub-jmeter][full][034] accepted terms; refreshing token through login
2026-07-02 00:58:11,835 INFO o.a.j.p.j.s.J.Full charging journey with SSE: [electrahub-jmeter][full][034] step=login
2026-07-02 00:58:11,921 INFO o.a.j.p.j.s.J.Full charging journey with SSE: [electrahub-jmeter][full][033] http POST /session/api/v1/sessions/start status=409 elapsedMs=75
2026-07-02 00:58:11,921 INFO o.a.j.p.j.s.J.Full charging journey with SSE: [electrahub-jmeter][full][033] start skipped EH-US-CHG-0038/CON-US-0038 HTTP 409; trying next connector
2026-07-02 00:58:11,974 INFO o.a.j.p.j.s.J.Full charging journey with SSE: [electrahub-jmeter][full][034] http POST /auth/api/auth/login status=200 elapsedMs=139
2026-07-02 00:58:11,976 INFO o.a.j.p.j.s.J.Full charging journey with SSE: [electrahub-jmeter][full][034] logged in uid=7cea5ba2-8bc8-44ef-aa92-d2ec875dbeb8
2026-07-02 00:58:11,976 INFO o.a.j.p.j.s.J.Full charging journey with SSE: [electrahub-jmeter][full][034] step=payment state after terms
2026-07-02 00:58:12,044 INFO o.a.j.p.j.s.J.Full charging journey with SSE: [electrahub-jmeter][full][034] http GET /payment/api/v1/payment/state status=200 elapsedMs=68
2026-07-02 00:58:12,045 INFO o.a.j.p.j.s.J.Full charging journey with SSE: [electrahub-jmeter][full][034] step=add card
2026-07-02 00:58:12,107 INFO o.a.j.p.j.s.J.Full charging journey with SSE: [electrahub-jmeter][full][034] http POST /payment/api/v1/payment/cards status=201 elapsedMs=61
2026-07-02 00:58:12,108 INFO o.a.j.p.j.s.J.Full charging journey with SSE: [electrahub-jmeter][full][034] step=wallet topup
2026-07-02 00:58:12,170 INFO o.a.j.p.j.s.J.Full charging journey with SSE: [electrahub-jmeter][full][034] http POST /payment/api/v1/payment/wallet/topups status=201 elapsedMs=62
2026-07-02 00:58:12,171 INFO o.a.j.p.j.s.J.Full charging journey with SSE: [electrahub-jmeter][full][034] step=payment state after setup
2026-07-02 00:58:12,228 INFO o.a.j.p.j.s.J.Full charging journey with SSE: [electrahub-jmeter][full][034] http GET /payment/api/v1/payment/state status=200 elapsedMs=57
2026-07-02 00:58:12,229 INFO o.a.j.p.j.s.J.Full charging journey with SSE: [electrahub-jmeter][full][034] payment ready wallet=120.00
2026-07-02 00:58:12,230 INFO o.a.j.p.j.s.J.Full charging journey with SSE: [electrahub-jmeter][full][034] step=charger graphql list
2026-07-02 00:58:12,295 INFO o.a.j.p.j.s.J.Full charging journey with SSE: [electrahub-jmeter][full][032] http GET /session/api/v1/sessions/active status=200 elapsedMs=1002
2026-07-02 00:58:12,310 INFO o.a.j.p.j.s.J.Full charging journey with SSE: [electrahub-jmeter][full][013] http POST /session/api/v1/sessions/a7a842c2-2b6e-4deb-b3f3-acec0f432aa2/stop status=204 elapsedMs=3402
2026-07-02 00:58:12,311 INFO o.a.j.p.j.s.J.Full charging journey with SSE: [electrahub-jmeter][full][013] stop requested session=a7a842c2-2b6e-4deb-b3f3-acec0f432aa2
2026-07-02 00:58:12,312 INFO o.a.j.p.j.s.J.Full charging journey with SSE: [electrahub-jmeter][full][013] step=active sessions
2026-07-02 00:58:12,389 INFO o.a.j.p.j.s.J.Full charging journey with SSE: [electrahub-jmeter][full][034] http POST /charger/graphql status=200 elapsedMs=158
2026-07-02 00:58:12,390 INFO o.a.j.p.j.s.J.Full charging journey with SSE: [electrahub-jmeter][full][034] dynamic connector selection found no available connector; using CSV connector
2026-07-02 00:58:12,391 INFO o.a.j.p.j.s.J.Full charging journey with SSE: [electrahub-jmeter][full][034] step=charger graphql view
2026-07-02 00:58:12,499 INFO o.a.j.p.j.s.J.Full charging journey with SSE: [electrahub-jmeter][full][034] http POST /charger/graphql status=200 elapsedMs=107
2026-07-02 00:58:12,500 INFO o.a.j.p.j.s.J.Full charging journey with SSE: [electrahub-jmeter][full][034] step=payment state before start
2026-07-02 00:58:12,560 INFO o.a.j.p.j.s.J.Full charging journey with SSE: [electrahub-jmeter][full][034] http GET /payment/api/v1/payment/state status=200 elapsedMs=60
2026-07-02 00:58:12,563 INFO o.a.j.p.j.s.J.Full charging journey with SSE: [electrahub-jmeter][full][034] using connector csv fallback attempts=10 startIndex=34/100
2026-07-02 00:58:12,564 INFO o.a.j.p.j.s.J.Full charging journey with SSE: [electrahub-jmeter][full][034] step=start charging attempt 1
2026-07-02 00:58:12,653 INFO o.a.j.p.j.s.J.Full charging journey with SSE: [electrahub-jmeter][full][034] http POST /session/api/v1/sessions/start status=409 elapsedMs=88
2026-07-02 00:58:12,653 INFO o.a.j.p.j.s.J.Full charging journey with SSE: [electrahub-jmeter][full][034] start skipped EH-US-CHG-0034/CON-US-0034 HTTP 409; trying next connector
2026-07-02 00:58:12,922 INFO o.a.j.p.j.s.J.Full charging journey with SSE: [electrahub-jmeter][full][033] step=start charging attempt 7
2026-07-02 00:58:12,987 INFO o.a.j.p.j.s.J.Full charging journey with SSE: [electrahub-jmeter][full][033] http POST /session/api/v1/sessions/start status=409 elapsedMs=64
2026-07-02 00:58:12,988 INFO o.a.j.p.j.s.J.Full charging journey with SSE: [electrahub-jmeter][full][033] start skipped EH-US-CHG-0039/CON-US-0039 HTTP 409; trying next connector
2026-07-02 00:58:13,260 INFO o.a.j.p.j.s.J.Full charging journey with SSE: [electrahub-jmeter][full][012] step=active sessions
2026-07-02 00:58:13,307 INFO o.a.j.p.j.s.J.Full charging journey with SSE: [electrahub-jmeter][full][013] http GET /session/api/v1/sessions/active status=200 elapsedMs=995
2026-07-02 00:58:13,328 INFO o.a.j.p.j.s.J.Full charging journey with SSE: [electrahub-jmeter][full][012] http GET /session/api/v1/sessions/active status=200 elapsedMs=67
2026-07-02 00:58:13,328 INFO o.a.j.p.j.s.J.Full charging journey with SSE: [electrahub-jmeter][full][012] step=receipt
2026-07-02 00:58:13,391 INFO o.a.j.p.j.s.J.Full charging journey with SSE: [electrahub-jmeter][full][012] http GET /session/api/v1/sessions/0e559f28-e51a-4452-8944-92c1f4ed63ca/receipt status=200 elapsedMs=62
2026-07-02 00:58:13,393 INFO o.a.j.p.j.s.J.Full charging journey with SSE: [electrahub-jmeter][full][012] step=session history
2026-07-02 00:58:13,449 INFO o.a.j.p.j.s.J.Full charging journey with SSE: [electrahub-jmeter][full][012] http GET /session/api/v1/sessions/history?page=0&size=10 status=200 elapsedMs=55
2026-07-02 00:58:13,450 INFO o.a.j.p.j.s.J.Full charging journey with SSE: [electrahub-jmeter][full][012] step=dashboard stats
2026-07-02 00:58:13,518 INFO o.a.j.p.j.s.J.Full charging journey with SSE: [electrahub-jmeter][full][012] http GET /session/api/v1/sessions/dashboard-stats status=200 elapsedMs=67
2026-07-02 00:58:13,519 INFO o.a.j.p.j.s.J.Full charging journey with SSE: [electrahub-jmeter][full][012] receipt ok session=0e559f28-e51a-4452-8944-92c1f4ed63ca status=Completed total=1.8715
2026-07-02 00:58:13,520 INFO o.a.j.t.JMeterThread: Thread is done: 100 driver charging journeys 1-12
2026-07-02 00:58:13,520 INFO o.a.j.t.JMeterThread: Thread finished: 100 driver charging journeys 1-12
2026-07-02 00:58:13,654 INFO o.a.j.p.j.s.J.Full charging journey with SSE: [electrahub-jmeter][full][034] step=start charging attempt 2
2026-07-02 00:58:13,720 INFO o.a.j.p.j.s.J.Full charging journey with SSE: [electrahub-jmeter][full][034] http POST /session/api/v1/sessions/start status=409 elapsedMs=65
2026-07-02 00:58:13,721 INFO o.a.j.p.j.s.J.Full charging journey with SSE: [electrahub-jmeter][full][034] start skipped EH-US-CHG-0035/CON-US-0035 HTTP 409; trying next connector
2026-07-02 00:58:13,989 INFO o.a.j.p.j.s.J.Full charging journey with SSE: [electrahub-jmeter][full][033] step=start charging attempt 8
2026-07-02 00:58:14,056 INFO o.a.j.p.j.s.J.Full charging journey with SSE: [electrahub-jmeter][full][033] http POST /session/api/v1/sessions/start status=409 elapsedMs=66
2026-07-02 00:58:14,057 INFO o.a.j.p.j.s.J.Full charging journey with SSE: [electrahub-jmeter][full][033] start skipped EH-US-CHG-0040/CON-US-0040 HTTP 409; trying next connector
2026-07-02 00:58:14,722 INFO o.a.j.p.j.s.J.Full charging journey with SSE: [electrahub-jmeter][full][034] step=start charging attempt 3
2026-07-02 00:58:14,898 INFO o.a.j.p.j.s.J.Full charging journey with SSE: [electrahub-jmeter][full][034] http POST /session/api/v1/sessions/start status=409 elapsedMs=175
2026-07-02 00:58:14,899 INFO o.a.j.p.j.s.J.Full charging journey with SSE: [electrahub-jmeter][full][034] start skipped EH-US-CHG-0036/CON-US-0036 HTTP 409; trying next connector
2026-07-02 00:58:14,904 INFO o.a.j.p.j.s.J.Full charging journey with SSE: [electrahub-jmeter][full][014] step=stop charging session
2026-07-02 00:58:15,058 INFO o.a.j.p.j.s.J.Full charging journey with SSE: [electrahub-jmeter][full][033] step=start charging attempt 9
2026-07-02 00:58:15,279 INFO o.a.j.p.j.s.J.Full charging journey with SSE: [electrahub-jmeter][full][033] http POST /session/api/v1/sessions/start status=409 elapsedMs=218
2026-07-02 00:58:15,279 INFO o.a.j.p.j.s.J.Full charging journey with SSE: [electrahub-jmeter][full][033] start skipped EH-US-CHG-0041/CON-US-0041 HTTP 409; trying next connector
2026-07-02 00:58:15,900 INFO o.a.j.p.j.s.J.Full charging journey with SSE: [electrahub-jmeter][full][034] step=start charging attempt 4
2026-07-02 00:58:16,058 INFO o.a.j.p.j.s.J.Full charging journey with SSE: [electrahub-jmeter][full][034] http POST /session/api/v1/sessions/start status=409 elapsedMs=157
2026-07-02 00:58:16,059 INFO o.a.j.p.j.s.J.Full charging journey with SSE: [electrahub-jmeter][full][034] start skipped EH-US-CHG-0037/CON-US-0037 HTTP 409; trying next connector
2026-07-02 00:58:16,280 INFO o.a.j.p.j.s.J.Full charging journey with SSE: [electrahub-jmeter][full][033] step=start charging attempt 10
2026-07-02 00:58:17,060 INFO o.a.j.p.j.s.J.Full charging journey with SSE: [electrahub-jmeter][full][034] step=start charging attempt 5
2026-07-02 00:58:17,240 INFO o.a.j.p.j.s.J.Full charging journey with SSE: [electrahub-jmeter][full][034] http POST /session/api/v1/sessions/start status=409 elapsedMs=100
2026-07-02 00:58:17,243 INFO o.a.j.p.j.s.J.Full charging journey with SSE: [electrahub-jmeter][full][034] start skipped EH-US-CHG-0038/CON-US-0038 HTTP 409; trying next connector
2026-07-02 00:58:17,436 INFO o.a.j.p.j.s.J.Full charging journey with SSE: [electrahub-jmeter][full][033] http POST /session/api/v1/sessions/start status=201 elapsedMs=1155
2026-07-02 00:58:17,437 INFO o.a.j.p.j.s.J.Full charging journey with SSE: [electrahub-jmeter][full][033] started session=1ffcaa95-7fea-4207-b490-0248386944fa charger=EH-US-CHG-0042/CON-US-0042 status=PREPARING remote=Accepted attempt=10/10
2026-07-02 00:58:17,437 INFO o.a.j.p.j.s.J.Full charging journey with SSE: [electrahub-jmeter][full][033] step=active sessions
2026-07-02 00:58:17,541 INFO o.a.j.t.JMeterThread: Thread started: 100 driver charging journeys 1-35
2026-07-02 00:58:17,548 INFO o.a.j.p.j.s.J.Full charging journey with SSE: [electrahub-jmeter][full][035] step=register
2026-07-02 00:58:17,795 INFO o.a.j.p.j.s.J.Full charging journey with SSE: [electrahub-jmeter][full][035] http POST /auth/api/auth/register status=200 elapsedMs=246
2026-07-02 00:58:17,796 INFO o.a.j.p.j.s.J.Full charging journey with SSE: [electrahub-jmeter][full][035] registered uid=1b9b21e9-56b5-4bf2-a963-28acc8e20c23
2026-07-02 00:58:17,803 INFO o.a.j.p.j.s.J.Full charging journey with SSE: [electrahub-jmeter][full][035] step=payment state before setup
2026-07-02 00:58:17,861 INFO o.a.j.p.j.s.J.Full charging journey with SSE: [electrahub-jmeter][full][035] http GET /payment/api/v1/payment/state status=451 elapsedMs=57
2026-07-02 00:58:17,862 INFO o.a.j.p.j.s.J.Full charging journey with SSE: [electrahub-jmeter][full][035] step=accept terms
2026-07-02 00:58:17,962 INFO o.a.j.p.j.s.J.Full charging journey with SSE: [electrahub-jmeter][full][035] http POST /auth/api/terms/accept status=201 elapsedMs=99
2026-07-02 00:58:17,964 INFO o.a.j.p.j.s.J.Full charging journey with SSE: [electrahub-jmeter][full][035] accepted terms; refreshing token through login
2026-07-02 00:58:17,964 INFO o.a.j.p.j.s.J.Full charging journey with SSE: [electrahub-jmeter][full][035] step=login
2026-07-02 00:58:18,242 INFO o.a.j.p.j.s.J.Full charging journey with SSE: [electrahub-jmeter][full][035] http POST /auth/api/auth/login status=200 elapsedMs=277
2026-07-02 00:58:18,243 INFO o.a.j.p.j.s.J.Full charging journey with SSE: [electrahub-jmeter][full][035] logged in uid=1b9b21e9-56b5-4bf2-a963-28acc8e20c23
2026-07-02 00:58:18,244 INFO o.a.j.p.j.s.J.Full charging journey with SSE: [electrahub-jmeter][full][034] step=start charging attempt 6
2026-07-02 00:58:18,244 INFO o.a.j.p.j.s.J.Full charging journey with SSE: [electrahub-jmeter][full][035] step=payment state after terms
2026-07-02 00:58:18,307 INFO o.a.j.p.j.s.J.Full charging journey with SSE: [electrahub-jmeter][full][013] step=active sessions
2026-07-02 00:58:18,371 INFO o.a.j.p.j.s.J.Full charging journey with SSE: [electrahub-jmeter][full][034] http POST /session/api/v1/sessions/start status=409 elapsedMs=126
2026-07-02 00:58:18,371 INFO o.a.j.p.j.s.J.Full charging journey with SSE: [electrahub-jmeter][full][033] http GET /session/api/v1/sessions/active status=200 elapsedMs=933
2026-07-02 00:58:18,371 INFO o.a.j.p.j.s.J.Full charging journey with SSE: [electrahub-jmeter][full][014] http POST /session/api/v1/sessions/526f2a5a-6129-4ca5-85bb-515993447013/stop status=204 elapsedMs=3466
2026-07-02 00:58:18,372 INFO o.a.j.p.j.s.J.Full charging journey with SSE: [electrahub-jmeter][full][034] start skipped EH-US-CHG-0039/CON-US-0039 HTTP 409; trying next connector
2026-07-02 00:58:18,375 INFO o.a.j.p.j.s.J.Full charging journey with SSE: [electrahub-jmeter][full][014] stop requested session=526f2a5a-6129-4ca5-85bb-515993447013
2026-07-02 00:58:18,377 INFO o.a.j.p.j.s.J.Full charging journey with SSE: [electrahub-jmeter][full][014] step=active sessions
2026-07-02 00:58:18,397 INFO o.a.j.p.j.s.J.Full charging journey with SSE: [electrahub-jmeter][full][035] http GET /payment/api/v1/payment/state status=200 elapsedMs=152
2026-07-02 00:58:18,399 INFO o.a.j.p.j.s.J.Full charging journey with SSE: [electrahub-jmeter][full][035] step=add card
2026-07-02 00:58:18,452 INFO o.a.j.p.j.s.J.Full charging journey with SSE: [electrahub-jmeter][full][013] http GET /session/api/v1/sessions/active status=200 elapsedMs=144
2026-07-02 00:58:18,453 INFO o.a.j.p.j.s.J.Full charging journey with SSE: [electrahub-jmeter][full][013] step=receipt
2026-07-02 00:58:18,578 INFO o.a.j.p.j.s.J.Full charging journey with SSE: [electrahub-jmeter][full][035] http POST /payment/api/v1/payment/cards status=201 elapsedMs=177
2026-07-02 00:58:18,579 INFO o.a.j.p.j.s.J.Full charging journey with SSE: [electrahub-jmeter][full][035] step=wallet topup
2026-07-02 00:58:18,614 INFO o.a.j.p.j.s.J.Full charging journey with SSE: [electrahub-jmeter][full][013] http GET /session/api/v1/sessions/a7a842c2-2b6e-4deb-b3f3-acec0f432aa2/receipt status=200 elapsedMs=160
2026-07-02 00:58:18,615 INFO o.a.j.p.j.s.J.Full charging journey with SSE: [electrahub-jmeter][full][013] step=session history
2026-07-02 00:58:18,639 INFO o.a.j.p.j.s.J.Full charging journey with SSE: [electrahub-jmeter][full][035] http POST /payment/api/v1/payment/wallet/topups status=201 elapsedMs=59
2026-07-02 00:58:18,640 INFO o.a.j.p.j.s.J.Full charging journey with SSE: [electrahub-jmeter][full][035] step=payment state after setup
2026-07-02 00:58:18,686 INFO o.a.j.p.j.s.J.Full charging journey with SSE: [electrahub-jmeter][full][013] http GET /session/api/v1/sessions/history?page=0&size=10 status=200 elapsedMs=70
2026-07-02 00:58:18,686 INFO o.a.j.p.j.s.J.Full charging journey with SSE: [electrahub-jmeter][full][013] step=dashboard stats
2026-07-02 00:58:18,736 INFO o.a.j.p.j.s.J.Full charging journey with SSE: [electrahub-jmeter][full][035] http GET /payment/api/v1/payment/state status=200 elapsedMs=95
2026-07-02 00:58:18,738 INFO o.a.j.p.j.s.J.Full charging journey with SSE: [electrahub-jmeter][full][035] payment ready wallet=120.00
2026-07-02 00:58:18,739 INFO o.a.j.p.j.s.J.Full charging journey with SSE: [electrahub-jmeter][full][035] step=charger graphql list
2026-07-02 00:58:18,769 INFO o.a.j.p.j.s.J.Full charging journey with SSE: [electrahub-jmeter][full][013] http GET /session/api/v1/sessions/dashboard-stats status=200 elapsedMs=82
2026-07-02 00:58:18,770 INFO o.a.j.p.j.s.J.Full charging journey with SSE: [electrahub-jmeter][full][013] receipt ok session=a7a842c2-2b6e-4deb-b3f3-acec0f432aa2 status=Completed total=1.87
2026-07-02 00:58:18,771 INFO o.a.j.t.JMeterThread: Thread is done: 100 driver charging journeys 1-13
2026-07-02 00:58:18,772 INFO o.a.j.t.JMeterThread: Thread finished: 100 driver charging journeys 1-13
2026-07-02 00:58:18,839 INFO o.a.j.p.j.s.J.Full charging journey with SSE: [electrahub-jmeter][full][035] http POST /charger/graphql status=200 elapsedMs=99
2026-07-02 00:58:18,840 INFO o.a.j.p.j.s.J.Full charging journey with SSE: [electrahub-jmeter][full][035] dynamic connector selection found no available connector; using CSV connector
2026-07-02 00:58:18,841 INFO o.a.j.p.j.s.J.Full charging journey with SSE: [electrahub-jmeter][full][035] step=charger graphql view
2026-07-02 00:58:18,911 INFO o.a.j.p.j.s.J.Full charging journey with SSE: [electrahub-jmeter][full][035] http POST /charger/graphql status=200 elapsedMs=70
2026-07-02 00:58:18,912 INFO o.a.j.p.j.s.J.Full charging journey with SSE: [electrahub-jmeter][full][035] step=payment state before start
2026-07-02 00:58:18,967 INFO o.a.j.p.j.s.J.Full charging journey with SSE: [electrahub-jmeter][full][035] http GET /payment/api/v1/payment/state status=200 elapsedMs=54
2026-07-02 00:58:18,971 INFO o.a.j.p.j.s.J.Full charging journey with SSE: [electrahub-jmeter][full][035] using connector csv fallback attempts=10 startIndex=35/100
2026-07-02 00:58:18,972 INFO o.a.j.p.j.s.J.Full charging journey with SSE: [electrahub-jmeter][full][035] step=start charging attempt 1
2026-07-02 00:58:19,035 INFO o.a.j.p.j.s.J.Full charging journey with SSE: [electrahub-jmeter][full][035] http POST /session/api/v1/sessions/start status=409 elapsedMs=63
2026-07-02 00:58:19,036 INFO o.a.j.p.j.s.J.Full charging journey with SSE: [electrahub-jmeter][full][035] start skipped EH-US-CHG-0035/CON-US-0035 HTTP 409; trying next connector
2026-07-02 00:58:19,369 INFO o.a.j.p.j.s.J.Full charging journey with SSE: [electrahub-jmeter][full][014] http GET /session/api/v1/sessions/active status=200 elapsedMs=991
2026-07-02 00:58:19,377 INFO o.a.j.p.j.s.J.Full charging journey with SSE: [electrahub-jmeter][full][034] step=start charging attempt 7
2026-07-02 00:58:19,444 INFO o.a.j.p.j.s.J.Full charging journey with SSE: [electrahub-jmeter][full][034] http POST /session/api/v1/sessions/start status=409 elapsedMs=66
2026-07-02 00:58:19,445 INFO o.a.j.p.j.s.J.Full charging journey with SSE: [electrahub-jmeter][full][034] start skipped EH-US-CHG-0040/CON-US-0040 HTTP 409; trying next connector
2026-07-02 00:58:20,037 INFO o.a.j.p.j.s.J.Full charging journey with SSE: [electrahub-jmeter][full][035] step=start charging attempt 2
2026-07-02 00:58:20,104 INFO o.a.j.p.j.s.J.Full charging journey with SSE: [electrahub-jmeter][full][035] http POST /session/api/v1/sessions/start status=409 elapsedMs=66
2026-07-02 00:58:20,105 INFO o.a.j.p.j.s.J.Full charging journey with SSE: [electrahub-jmeter][full][035] start skipped EH-US-CHG-0036/CON-US-0036 HTTP 409; trying next connector
2026-07-02 00:58:20,446 INFO o.a.j.p.j.s.J.Full charging journey with SSE: [electrahub-jmeter][full][034] step=start charging attempt 8
2026-07-02 00:58:20,515 INFO o.a.j.p.j.s.J.Full charging journey with SSE: [electrahub-jmeter][full][034] http POST /session/api/v1/sessions/start status=409 elapsedMs=68
2026-07-02 00:58:20,516 INFO o.a.j.p.j.s.J.Full charging journey with SSE: [electrahub-jmeter][full][034] start skipped EH-US-CHG-0041/CON-US-0041 HTTP 409; trying next connector
2026-07-02 00:58:20,943 INFO o.a.j.p.j.s.J.Full charging journey with SSE: [electrahub-jmeter][full][015] step=stop charging session
2026-07-02 00:58:21,106 INFO o.a.j.p.j.s.J.Full charging journey with SSE: [electrahub-jmeter][full][035] step=start charging attempt 3
2026-07-02 00:58:21,167 INFO o.a.j.p.j.s.J.Full charging journey with SSE: [electrahub-jmeter][full][035] http POST /session/api/v1/sessions/start status=409 elapsedMs=60
2026-07-02 00:58:21,167 INFO o.a.j.p.j.s.J.Full charging journey with SSE: [electrahub-jmeter][full][035] start skipped EH-US-CHG-0037/CON-US-0037 HTTP 409; trying next connector
2026-07-02 00:58:21,384 INFO o.a.j.p.j.s.J.Full charging journey with SSE: [electrahub-jmeter][full][023] sse ok connected=1 snapshot=2 updates=23 receipts=0 heartbeats=0
2026-07-02 00:58:21,384 INFO o.a.j.p.j.s.J.Full charging journey with SSE: [electrahub-jmeter][full][023] holding session for 45s before stop
2026-07-02 00:58:21,868 INFO o.a.j.p.j.s.J.Full charging journey with SSE: [electrahub-jmeter][full][034] step=start charging attempt 9
2026-07-02 00:58:23,508 INFO o.a.j.p.j.s.J.Full charging journey with SSE: [electrahub-jmeter][full][034] http POST /session/api/v1/sessions/start status=409 elapsedMs=1640
2026-07-02 00:58:23,509 INFO o.a.j.p.j.s.J.Full charging journey with SSE: [electrahub-jmeter][full][034] start skipped EH-US-CHG-0042/CON-US-0042 HTTP 409; trying next connector
2026-07-02 00:58:23,777 INFO o.a.j.t.JMeterThread: Thread started: 100 driver charging journeys 1-36
2026-07-02 00:58:23,783 INFO o.a.j.p.j.s.J.Full charging journey with SSE: [electrahub-jmeter][full][036] step=register
2026-07-02 00:58:24,017 INFO o.a.j.p.j.s.J.Full charging journey with SSE: [electrahub-jmeter][full][036] http POST /auth/api/auth/register status=200 elapsedMs=233
2026-07-02 00:58:24,018 INFO o.a.j.p.j.s.J.Full charging journey with SSE: [electrahub-jmeter][full][036] registered uid=098255f5-7b7b-4f63-a9b9-f57909cfa334
2026-07-02 00:58:24,025 INFO o.a.j.p.j.s.J.Full charging journey with SSE: [electrahub-jmeter][full][036] step=payment state before setup
2026-07-02 00:58:24,080 INFO o.a.j.p.j.s.J.Full charging journey with SSE: [electrahub-jmeter][full][036] http GET /payment/api/v1/payment/state status=451 elapsedMs=53
2026-07-02 00:58:24,080 INFO o.a.j.p.j.s.J.Full charging journey with SSE: [electrahub-jmeter][full][036] step=accept terms
2026-07-02 00:58:24,087 INFO o.a.j.p.j.s.J.Full charging journey with SSE: [electrahub-jmeter][full][035] step=start charging attempt 4
2026-07-02 00:58:24,140 INFO o.a.j.p.j.s.J.Full charging journey with SSE: [electrahub-jmeter][full][036] http POST /auth/api/terms/accept status=201 elapsedMs=59
2026-07-02 00:58:24,141 INFO o.a.j.p.j.s.J.Full charging journey with SSE: [electrahub-jmeter][full][036] accepted terms; refreshing token through login
2026-07-02 00:58:24,141 INFO o.a.j.p.j.s.J.Full charging journey with SSE: [electrahub-jmeter][full][036] step=login
2026-07-02 00:58:24,225 INFO o.a.j.p.j.s.J.Full charging journey with SSE: [electrahub-jmeter][full][035] http POST /session/api/v1/sessions/start status=409 elapsedMs=94
2026-07-02 00:58:24,226 INFO o.a.j.p.j.s.J.Full charging journey with SSE: [electrahub-jmeter][full][035] start skipped EH-US-CHG-0038/CON-US-0038 HTTP 409; trying next connector
2026-07-02 00:58:24,296 INFO o.a.j.p.j.s.J.Full charging journey with SSE: [electrahub-jmeter][full][036] http POST /auth/api/auth/login status=200 elapsedMs=154
2026-07-02 00:58:24,297 INFO o.a.j.p.j.s.J.Full charging journey with SSE: [electrahub-jmeter][full][036] logged in uid=098255f5-7b7b-4f63-a9b9-f57909cfa334
2026-07-02 00:58:24,298 INFO o.a.j.p.j.s.J.Full charging journey with SSE: [electrahub-jmeter][full][036] step=payment state after terms
2026-07-02 00:58:24,356 INFO o.a.j.p.j.s.J.Full charging journey with SSE: [electrahub-jmeter][full][036] http GET /payment/api/v1/payment/state status=200 elapsedMs=57
2026-07-02 00:58:24,357 INFO o.a.j.p.j.s.J.Full charging journey with SSE: [electrahub-jmeter][full][036] step=add card
2026-07-02 00:58:24,417 INFO o.a.j.p.j.s.J.Full charging journey with SSE: [electrahub-jmeter][full][036] http POST /payment/api/v1/payment/cards status=201 elapsedMs=59
2026-07-02 00:58:24,418 INFO o.a.j.p.j.s.J.Full charging journey with SSE: [electrahub-jmeter][full][036] step=wallet topup
2026-07-02 00:58:24,477 INFO o.a.j.p.j.s.J.Full charging journey with SSE: [electrahub-jmeter][full][036] http POST /payment/api/v1/payment/wallet/topups status=201 elapsedMs=57
2026-07-02 00:58:24,478 INFO o.a.j.p.j.s.J.Full charging journey with SSE: [electrahub-jmeter][full][036] step=payment state after setup
2026-07-02 00:58:24,510 INFO o.a.j.p.j.s.J.Full charging journey with SSE: [electrahub-jmeter][full][034] step=start charging attempt 10
2026-07-02 00:58:24,536 INFO o.a.j.p.j.s.J.Full charging journey with SSE: [electrahub-jmeter][full][036] http GET /payment/api/v1/payment/state status=200 elapsedMs=56
2026-07-02 00:58:24,537 INFO o.a.j.p.j.s.J.Full charging journey with SSE: [electrahub-jmeter][full][036] payment ready wallet=120.00
2026-07-02 00:58:24,537 INFO o.a.j.p.j.s.J.Full charging journey with SSE: [electrahub-jmeter][full][036] step=charger graphql list
2026-07-02 00:58:24,635 INFO o.a.j.p.j.s.J.Full charging journey with SSE: [electrahub-jmeter][full][036] http POST /charger/graphql status=200 elapsedMs=97
2026-07-02 00:58:24,636 INFO o.a.j.p.j.s.J.Full charging journey with SSE: [electrahub-jmeter][full][036] dynamic connector selection found no available connector; using CSV connector
2026-07-02 00:58:24,637 INFO o.a.j.p.j.s.J.Full charging journey with SSE: [electrahub-jmeter][full][036] step=charger graphql view
2026-07-02 00:58:24,713 INFO o.a.j.p.j.s.J.Full charging journey with SSE: [electrahub-jmeter][full][036] http POST /charger/graphql status=200 elapsedMs=76
2026-07-02 00:58:24,714 INFO o.a.j.p.j.s.J.Full charging journey with SSE: [electrahub-jmeter][full][036] step=payment state before start
2026-07-02 00:58:24,773 INFO o.a.j.p.j.s.J.Full charging journey with SSE: [electrahub-jmeter][full][036] http GET /payment/api/v1/payment/state status=200 elapsedMs=59
2026-07-02 00:58:24,778 INFO o.a.j.p.j.s.J.Full charging journey with SSE: [electrahub-jmeter][full][036] using connector csv fallback attempts=10 startIndex=36/100
2026-07-02 00:58:24,778 INFO o.a.j.p.j.s.J.Full charging journey with SSE: [electrahub-jmeter][full][036] step=start charging attempt 1
2026-07-02 00:58:24,844 INFO o.a.j.p.j.s.J.Full charging journey with SSE: [electrahub-jmeter][full][036] http POST /session/api/v1/sessions/start status=409 elapsedMs=65
2026-07-02 00:58:24,845 INFO o.a.j.p.j.s.J.Full charging journey with SSE: [electrahub-jmeter][full][036] start skipped EH-US-CHG-0036/CON-US-0036 HTTP 409; trying next connector
2026-07-02 00:58:25,227 INFO o.a.j.p.j.s.J.Full charging journey with SSE: [electrahub-jmeter][full][035] step=start charging attempt 5
2026-07-02 00:58:25,290 INFO o.a.j.p.j.s.J.Full charging journey with SSE: [electrahub-jmeter][full][035] http POST /session/api/v1/sessions/start status=409 elapsedMs=62
2026-07-02 00:58:25,291 INFO o.a.j.p.j.s.J.Full charging journey with SSE: [electrahub-jmeter][full][035] start skipped EH-US-CHG-0039/CON-US-0039 HTTP 409; trying next connector
2026-07-02 00:58:25,326 INFO o.a.j.p.j.s.J.Full charging journey with SSE: [electrahub-jmeter][full][034] http POST /session/api/v1/sessions/start status=201 elapsedMs=815
2026-07-02 00:58:25,327 INFO o.a.j.p.j.s.J.Full charging journey with SSE: [electrahub-jmeter][full][034] started session=037f9f51-b149-446f-9489-4dc33aed2716 charger=EH-US-CHG-0043/CON-US-0043 status=PREPARING remote=Accepted attempt=10/10
2026-07-02 00:58:25,328 INFO o.a.j.p.j.s.J.Full charging journey with SSE: [electrahub-jmeter][full][034] step=active sessions
2026-07-02 00:58:25,846 INFO o.a.j.p.j.s.J.Full charging journey with SSE: [electrahub-jmeter][full][036] step=start charging attempt 2
2026-07-02 00:58:25,912 INFO o.a.j.p.j.s.J.Full charging journey with SSE: [electrahub-jmeter][full][036] http POST /session/api/v1/sessions/start status=409 elapsedMs=65
2026-07-02 00:58:25,913 INFO o.a.j.p.j.s.J.Full charging journey with SSE: [electrahub-jmeter][full][036] start skipped EH-US-CHG-0037/CON-US-0037 HTTP 409; trying next connector
2026-07-02 00:58:26,288 INFO o.a.j.p.j.s.J.Full charging journey with SSE: [electrahub-jmeter][full][014] step=active sessions
2026-07-02 00:58:26,292 INFO o.a.j.p.j.s.J.Full charging journey with SSE: [electrahub-jmeter][full][035] step=start charging attempt 6
2026-07-02 00:58:26,331 INFO o.a.j.p.j.s.J.Full charging journey with SSE: [electrahub-jmeter][full][034] http GET /session/api/v1/sessions/active status=200 elapsedMs=1003
2026-07-02 00:58:26,333 INFO o.a.j.p.j.s.J.Full charging journey with SSE: [electrahub-jmeter][full][015] http POST /session/api/v1/sessions/05cd5b9c-fd38-4522-9f8f-845f324e62aa/stop status=204 elapsedMs=5389
2026-07-02 00:58:26,334 INFO o.a.j.p.j.s.J.Full charging journey with SSE: [electrahub-jmeter][full][015] stop requested session=05cd5b9c-fd38-4522-9f8f-845f324e62aa
2026-07-02 00:58:26,335 INFO o.a.j.p.j.s.J.Full charging journey with SSE: [electrahub-jmeter][full][015] step=active sessions
2026-07-02 00:58:26,356 INFO o.a.j.p.j.s.J.Full charging journey with SSE: [electrahub-jmeter][full][014] http GET /session/api/v1/sessions/active status=200 elapsedMs=67
2026-07-02 00:58:26,357 INFO o.a.j.p.j.s.J.Full charging journey with SSE: [electrahub-jmeter][full][014] step=receipt
2026-07-02 00:58:26,413 INFO o.a.j.p.j.s.J.Full charging journey with SSE: [electrahub-jmeter][full][035] http POST /session/api/v1/sessions/start status=409 elapsedMs=73
2026-07-02 00:58:26,414 INFO o.a.j.p.j.s.J.Full charging journey with SSE: [electrahub-jmeter][full][035] start skipped EH-US-CHG-0040/CON-US-0040 HTTP 409; trying next connector
2026-07-02 00:58:26,415 INFO o.a.j.p.j.s.J.Full charging journey with SSE: [electrahub-jmeter][full][014] http GET /session/api/v1/sessions/526f2a5a-6129-4ca5-85bb-515993447013/receipt status=200 elapsedMs=57
2026-07-02 00:58:26,416 INFO o.a.j.p.j.s.J.Full charging journey with SSE: [electrahub-jmeter][full][014] step=session history
2026-07-02 00:58:26,475 INFO o.a.j.p.j.s.J.Full charging journey with SSE: [electrahub-jmeter][full][014] http GET /session/api/v1/sessions/history?page=0&size=10 status=200 elapsedMs=59
2026-07-02 00:58:26,476 INFO o.a.j.p.j.s.J.Full charging journey with SSE: [electrahub-jmeter][full][014] step=dashboard stats
2026-07-02 00:58:26,530 INFO o.a.j.p.j.s.J.Full charging journey with SSE: [electrahub-jmeter][full][014] http GET /session/api/v1/sessions/dashboard-stats status=200 elapsedMs=54
2026-07-02 00:58:26,531 INFO o.a.j.p.j.s.J.Full charging journey with SSE: [electrahub-jmeter][full][014] receipt ok session=526f2a5a-6129-4ca5-85bb-515993447013 status=Completed total=1.8685
2026-07-02 00:58:26,532 INFO o.a.j.t.JMeterThread: Thread is done: 100 driver charging journeys 1-14
2026-07-02 00:58:26,532 INFO o.a.j.t.JMeterThread: Thread finished: 100 driver charging journeys 1-14
2026-07-02 00:58:26,915 INFO o.a.j.p.j.s.J.Full charging journey with SSE: [electrahub-jmeter][full][036] step=start charging attempt 3
2026-07-02 00:58:26,986 INFO o.a.j.p.j.s.J.Full charging journey with SSE: [electrahub-jmeter][full][036] http POST /session/api/v1/sessions/start status=409 elapsedMs=71
2026-07-02 00:58:26,987 INFO o.a.j.p.j.s.J.Full charging journey with SSE: [electrahub-jmeter][full][036] start skipped EH-US-CHG-0038/CON-US-0038 HTTP 409; trying next connector
2026-07-02 00:58:27,337 INFO o.a.j.p.j.s.J.Full charging journey with SSE: [electrahub-jmeter][full][015] http GET /session/api/v1/sessions/active status=200 elapsedMs=1002
2026-07-02 00:58:27,415 INFO o.a.j.p.j.s.J.Full charging journey with SSE: [electrahub-jmeter][full][035] step=start charging attempt 7
2026-07-02 00:58:27,485 INFO o.a.j.p.j.s.J.Full charging journey with SSE: [electrahub-jmeter][full][035] http POST /session/api/v1/sessions/start status=409 elapsedMs=69
2026-07-02 00:58:27,485 INFO o.a.j.p.j.s.J.Full charging journey with SSE: [electrahub-jmeter][full][035] start skipped EH-US-CHG-0041/CON-US-0041 HTTP 409; trying next connector
2026-07-02 00:58:27,988 INFO o.a.j.p.j.s.J.Full charging journey with SSE: [electrahub-jmeter][full][036] step=start charging attempt 4
2026-07-02 00:58:28,057 INFO o.a.j.p.j.s.J.Full charging journey with SSE: [electrahub-jmeter][full][036] http POST /session/api/v1/sessions/start status=409 elapsedMs=68
2026-07-02 00:58:28,058 INFO o.a.j.p.j.s.J.Full charging journey with SSE: [electrahub-jmeter][full][036] start skipped EH-US-CHG-0039/CON-US-0039 HTTP 409; trying next connector
2026-07-02 00:58:28,486 INFO o.a.j.p.j.s.J.Full charging journey with SSE: [electrahub-jmeter][full][035] step=start charging attempt 8
2026-07-02 00:58:28,554 INFO o.a.j.p.j.s.J.Full charging journey with SSE: [electrahub-jmeter][full][035] http POST /session/api/v1/sessions/start status=409 elapsedMs=67
2026-07-02 00:58:28,555 INFO o.a.j.p.j.s.J.Full charging journey with SSE: [electrahub-jmeter][full][035] start skipped EH-US-CHG-0042/CON-US-0042 HTTP 409; trying next connector
2026-07-02 00:58:28,921 INFO o.a.j.p.j.s.J.Full charging journey with SSE: [electrahub-jmeter][full][016] step=stop charging session
2026-07-02 00:58:29,059 INFO o.a.j.p.j.s.J.Full charging journey with SSE: [electrahub-jmeter][full][036] step=start charging attempt 5
2026-07-02 00:58:29,130 INFO o.a.j.p.j.s.J.Full charging journey with SSE: [electrahub-jmeter][full][036] http POST /session/api/v1/sessions/start status=409 elapsedMs=70
2026-07-02 00:58:29,130 INFO o.a.j.p.j.s.J.Full charging journey with SSE: [electrahub-jmeter][full][036] start skipped EH-US-CHG-0040/CON-US-0040 HTTP 409; trying next connector
2026-07-02 00:58:29,358 INFO o.a.j.p.j.s.J.Full charging journey with SSE: [electrahub-jmeter][full][024] sse ok connected=1 snapshot=2 updates=23 receipts=0 heartbeats=0
2026-07-02 00:58:29,359 INFO o.a.j.p.j.s.J.Full charging journey with SSE: [electrahub-jmeter][full][024] holding session for 43s before stop
2026-07-02 00:58:29,542 INFO o.a.j.t.JMeterThread: Thread started: 100 driver charging journeys 1-37
2026-07-02 00:58:29,549 INFO o.a.j.p.j.s.J.Full charging journey with SSE: [electrahub-jmeter][full][037] step=register
2026-07-02 00:58:29,556 INFO o.a.j.p.j.s.J.Full charging journey with SSE: [electrahub-jmeter][full][035] step=start charging attempt 9
2026-07-02 00:58:29,626 INFO o.a.j.p.j.s.J.Full charging journey with SSE: [electrahub-jmeter][full][035] http POST /session/api/v1/sessions/start status=409 elapsedMs=68
2026-07-02 00:58:29,627 INFO o.a.j.p.j.s.J.Full charging journey with SSE: [electrahub-jmeter][full][035] start skipped EH-US-CHG-0043/CON-US-0043 HTTP 409; trying next connector
2026-07-02 00:58:29,718 INFO o.a.j.p.j.s.J.Full charging journey with SSE: [electrahub-jmeter][full][037] http POST /auth/api/auth/register status=200 elapsedMs=168
2026-07-02 00:58:29,719 INFO o.a.j.p.j.s.J.Full charging journey with SSE: [electrahub-jmeter][full][037] registered uid=3a1d85b1-1d80-485b-a66b-010347a747bb
2026-07-02 00:58:29,729 INFO o.a.j.p.j.s.J.Full charging journey with SSE: [electrahub-jmeter][full][037] step=payment state before setup
2026-07-02 00:58:29,793 INFO o.a.j.p.j.s.J.Full charging journey with SSE: [electrahub-jmeter][full][037] http GET /payment/api/v1/payment/state status=451 elapsedMs=63
2026-07-02 00:58:29,794 INFO o.a.j.p.j.s.J.Full charging journey with SSE: [electrahub-jmeter][full][037] step=accept terms
2026-07-02 00:58:29,850 INFO o.a.j.p.j.s.J.Full charging journey with SSE: [electrahub-jmeter][full][037] http POST /auth/api/terms/accept status=201 elapsedMs=55
2026-07-02 00:58:29,851 INFO o.a.j.p.j.s.J.Full charging journey with SSE: [electrahub-jmeter][full][037] accepted terms; refreshing token through login
2026-07-02 00:58:29,852 INFO o.a.j.p.j.s.J.Full charging journey with SSE: [electrahub-jmeter][full][037] step=login
2026-07-02 00:58:29,986 INFO o.a.j.p.j.s.J.Full charging journey with SSE: [electrahub-jmeter][full][037] http POST /auth/api/auth/login status=200 elapsedMs=134
2026-07-02 00:58:29,987 INFO o.a.j.p.j.s.J.Full charging journey with SSE: [electrahub-jmeter][full][037] logged in uid=3a1d85b1-1d80-485b-a66b-010347a747bb
2026-07-02 00:58:29,987 INFO o.a.j.p.j.s.J.Full charging journey with SSE: [electrahub-jmeter][full][037] step=payment state after terms
2026-07-02 00:58:30,050 INFO o.a.j.p.j.s.J.Full charging journey with SSE: [electrahub-jmeter][full][037] http GET /payment/api/v1/payment/state status=200 elapsedMs=62
2026-07-02 00:58:30,051 INFO o.a.j.p.j.s.J.Full charging journey with SSE: [electrahub-jmeter][full][037] step=add card
2026-07-02 00:58:30,106 INFO o.a.j.p.j.s.J.Full charging journey with SSE: [electrahub-jmeter][full][037] http POST /payment/api/v1/payment/cards status=201 elapsedMs=55
2026-07-02 00:58:30,107 INFO o.a.j.p.j.s.J.Full charging journey with SSE: [electrahub-jmeter][full][037] step=wallet topup
2026-07-02 00:58:30,131 INFO o.a.j.p.j.s.J.Full charging journey with SSE: [electrahub-jmeter][full][036] step=start charging attempt 6
2026-07-02 00:58:30,165 INFO o.a.j.p.j.s.J.Full charging journey with SSE: [electrahub-jmeter][full][037] http POST /payment/api/v1/payment/wallet/topups status=201 elapsedMs=58
2026-07-02 00:58:30,166 INFO o.a.j.p.j.s.J.Full charging journey with SSE: [electrahub-jmeter][full][037] step=payment state after setup
2026-07-02 00:58:30,201 INFO o.a.j.p.j.s.J.Full charging journey with SSE: [electrahub-jmeter][full][036] http POST /session/api/v1/sessions/start status=409 elapsedMs=69
2026-07-02 00:58:30,202 INFO o.a.j.p.j.s.J.Full charging journey with SSE: [electrahub-jmeter][full][036] start skipped EH-US-CHG-0041/CON-US-0041 HTTP 409; trying next connector
2026-07-02 00:58:30,230 INFO o.a.j.p.j.s.J.Full charging journey with SSE: [electrahub-jmeter][full][037] http GET /payment/api/v1/payment/state status=200 elapsedMs=63
2026-07-02 00:58:30,231 INFO o.a.j.p.j.s.J.Full charging journey with SSE: [electrahub-jmeter][full][037] payment ready wallet=120.00
2026-07-02 00:58:30,231 INFO o.a.j.p.j.s.J.Full charging journey with SSE: [electrahub-jmeter][full][037] step=charger graphql list
2026-07-02 00:58:30,318 INFO o.a.j.p.j.s.J.Full charging journey with SSE: [electrahub-jmeter][full][037] http POST /charger/graphql status=200 elapsedMs=86
2026-07-02 00:58:30,319 INFO o.a.j.p.j.s.J.Full charging journey with SSE: [electrahub-jmeter][full][037] dynamic connector selection found no available connector; using CSV connector
2026-07-02 00:58:30,320 INFO o.a.j.p.j.s.J.Full charging journey with SSE: [electrahub-jmeter][full][037] step=charger graphql view
2026-07-02 00:58:30,399 INFO o.a.j.p.j.s.J.Full charging journey with SSE: [electrahub-jmeter][full][037] http POST /charger/graphql status=200 elapsedMs=78
2026-07-02 00:58:30,400 INFO o.a.j.p.j.s.J.Full charging journey with SSE: [electrahub-jmeter][full][037] step=payment state before start
2026-07-02 00:58:30,456 INFO o.a.j.p.j.s.J.Full charging journey with SSE: [electrahub-jmeter][full][037] http GET /payment/api/v1/payment/state status=200 elapsedMs=54
2026-07-02 00:58:30,458 INFO o.a.j.p.j.s.J.Full charging journey with SSE: [electrahub-jmeter][full][037] using connector csv fallback attempts=10 startIndex=37/100
2026-07-02 00:58:30,459 INFO o.a.j.p.j.s.J.Full charging journey with SSE: [electrahub-jmeter][full][037] step=start charging attempt 1
2026-07-02 00:58:30,521 INFO o.a.j.p.j.s.J.Full charging journey with SSE: [electrahub-jmeter][full][037] http POST /session/api/v1/sessions/start status=409 elapsedMs=61
2026-07-02 00:58:30,521 INFO o.a.j.p.j.s.J.Full charging journey with SSE: [electrahub-jmeter][full][037] start skipped EH-US-CHG-0037/CON-US-0037 HTTP 409; trying next connector
2026-07-02 00:58:30,628 INFO o.a.j.p.j.s.J.Full charging journey with SSE: [electrahub-jmeter][full][035] step=start charging attempt 10
2026-07-02 00:58:31,203 INFO o.a.j.p.j.s.J.Full charging journey with SSE: [electrahub-jmeter][full][036] step=start charging attempt 7
2026-07-02 00:58:31,271 INFO o.a.j.p.j.s.J.Full charging journey with SSE: [electrahub-jmeter][full][036] http POST /session/api/v1/sessions/start status=409 elapsedMs=66
2026-07-02 00:58:31,272 INFO o.a.j.p.j.s.J.Full charging journey with SSE: [electrahub-jmeter][full][036] start skipped EH-US-CHG-0042/CON-US-0042 HTTP 409; trying next connector
2026-07-02 00:58:31,374 INFO o.a.j.p.j.s.J.Full charging journey with SSE: [electrahub-jmeter][full][035] http POST /session/api/v1/sessions/start status=201 elapsedMs=745
2026-07-02 00:58:31,375 INFO o.a.j.p.j.s.J.Full charging journey with SSE: [electrahub-jmeter][full][035] started session=c9207f5e-d6ea-4a55-96d6-86cf9febe374 charger=EH-US-CHG-0044/CON-US-0044 status=PREPARING remote=Accepted attempt=10/10
2026-07-02 00:58:31,376 INFO o.a.j.p.j.s.J.Full charging journey with SSE: [electrahub-jmeter][full][035] step=active sessions
2026-07-02 00:58:31,522 INFO o.a.j.p.j.s.J.Full charging journey with SSE: [electrahub-jmeter][full][037] step=start charging attempt 2
2026-07-02 00:58:31,593 INFO o.a.j.p.j.s.J.Full charging journey with SSE: [electrahub-jmeter][full][037] http POST /session/api/v1/sessions/start status=409 elapsedMs=70
2026-07-02 00:58:31,593 INFO o.a.j.p.j.s.J.Full charging journey with SSE: [electrahub-jmeter][full][037] start skipped EH-US-CHG-0038/CON-US-0038 HTTP 409; trying next connector
2026-07-02 00:58:32,273 INFO o.a.j.p.j.s.J.Full charging journey with SSE: [electrahub-jmeter][full][036] step=start charging attempt 8
2026-07-02 00:58:32,339 INFO o.a.j.p.j.s.J.Full charging journey with SSE: [electrahub-jmeter][full][015] step=active sessions
2026-07-02 00:58:32,342 INFO o.a.j.p.j.s.J.Full charging journey with SSE: [electrahub-jmeter][full][036] http POST /session/api/v1/sessions/start status=409 elapsedMs=68
2026-07-02 00:58:32,343 INFO o.a.j.p.j.s.J.Full charging journey with SSE: [electrahub-jmeter][full][036] start skipped EH-US-CHG-0043/CON-US-0043 HTTP 409; trying next connector
2026-07-02 00:58:32,384 INFO o.a.j.p.j.s.J.Full charging journey with SSE: [electrahub-jmeter][full][016] http POST /session/api/v1/sessions/5d8bb7d3-b102-4678-814c-179a29c6130c/stop status=204 elapsedMs=3462
2026-07-02 00:58:32,384 INFO o.a.j.p.j.s.J.Full charging journey with SSE: [electrahub-jmeter][full][035] http GET /session/api/v1/sessions/active status=200 elapsedMs=1008
2026-07-02 00:58:32,384 INFO o.a.j.p.j.s.J.Full charging journey with SSE: [electrahub-jmeter][full][016] stop requested session=5d8bb7d3-b102-4678-814c-179a29c6130c
2026-07-02 00:58:32,386 INFO o.a.j.p.j.s.J.Full charging journey with SSE: [electrahub-jmeter][full][016] step=active sessions
2026-07-02 00:58:32,472 INFO o.a.j.p.j.s.J.Full charging journey with SSE: [electrahub-jmeter][full][015] http GET /session/api/v1/sessions/active status=200 elapsedMs=133
2026-07-02 00:58:32,473 INFO o.a.j.p.j.s.J.Full charging journey with SSE: [electrahub-jmeter][full][015] step=receipt
2026-07-02 00:58:32,535 INFO o.a.j.p.j.s.J.Full charging journey with SSE: [electrahub-jmeter][full][015] http GET /session/api/v1/sessions/05cd5b9c-fd38-4522-9f8f-845f324e62aa/receipt status=200 elapsedMs=62
2026-07-02 00:58:32,536 INFO o.a.j.p.j.s.J.Full charging journey with SSE: [electrahub-jmeter][full][015] step=session history
2026-07-02 00:58:32,594 INFO o.a.j.p.j.s.J.Full charging journey with SSE: [electrahub-jmeter][full][037] step=start charging attempt 3
2026-07-02 00:58:32,600 INFO o.a.j.p.j.s.J.Full charging journey with SSE: [electrahub-jmeter][full][015] http GET /session/api/v1/sessions/history?page=0&size=10 status=200 elapsedMs=62
2026-07-02 00:58:32,600 INFO o.a.j.p.j.s.J.Full charging journey with SSE: [electrahub-jmeter][full][015] step=dashboard stats
2026-07-02 00:58:32,667 INFO o.a.j.p.j.s.J.Full charging journey with SSE: [electrahub-jmeter][full][037] http POST /session/api/v1/sessions/start status=409 elapsedMs=72
2026-07-02 00:58:32,668 INFO o.a.j.p.j.s.J.Full charging journey with SSE: [electrahub-jmeter][full][015] http GET /session/api/v1/sessions/dashboard-stats status=200 elapsedMs=67
2026-07-02 00:58:32,669 INFO o.a.j.p.j.s.J.Full charging journey with SSE: [electrahub-jmeter][full][037] start skipped EH-US-CHG-0039/CON-US-0039 HTTP 409; trying next connector
2026-07-02 00:58:32,669 INFO o.a.j.p.j.s.J.Full charging journey with SSE: [electrahub-jmeter][full][015] receipt ok session=05cd5b9c-fd38-4522-9f8f-845f324e62aa status=Completed total=1.8715
2026-07-02 00:58:32,671 INFO o.a.j.r.Summariser: summary +      6 in 00:00:31 =    0.2/s Avg: 106937 Min: 11603 Max: 127148 Err:     1 (16.67%) Active: 15 Started: 37 Finished: 22
2026-07-02 00:58:32,671 INFO o.a.j.r.Summariser: summary =     23 in 00:03:39 =    0.1/s Avg: 86190 Min: 10749 Max: 128160 Err:     8 (34.78%)
2026-07-02 00:58:32,672 INFO o.a.j.t.JMeterThread: Thread is done: 100 driver charging journeys 1-15
2026-07-02 00:58:32,672 INFO o.a.j.t.JMeterThread: Thread finished: 100 driver charging journeys 1-15
2026-07-02 00:58:33,344 INFO o.a.j.p.j.s.J.Full charging journey with SSE: [electrahub-jmeter][full][036] step=start charging attempt 9
2026-07-02 00:58:33,398 INFO o.a.j.p.j.s.J.Full charging journey with SSE: [electrahub-jmeter][full][016] http GET /session/api/v1/sessions/active status=200 elapsedMs=1012
2026-07-02 00:58:33,439 INFO o.a.j.p.j.s.J.Full charging journey with SSE: [electrahub-jmeter][full][036] http POST /session/api/v1/sessions/start status=409 elapsedMs=94
2026-07-02 00:58:33,439 INFO o.a.j.p.j.s.J.Full charging journey with SSE: [electrahub-jmeter][full][036] start skipped EH-US-CHG-0044/CON-US-0044 HTTP 409; trying next connector
2026-07-02 00:58:33,670 INFO o.a.j.p.j.s.J.Full charging journey with SSE: [electrahub-jmeter][full][037] step=start charging attempt 4
2026-07-02 00:58:33,733 INFO o.a.j.p.j.s.J.Full charging journey with SSE: [electrahub-jmeter][full][037] http POST /session/api/v1/sessions/start status=409 elapsedMs=62
2026-07-02 00:58:33,734 INFO o.a.j.p.j.s.J.Full charging journey with SSE: [electrahub-jmeter][full][037] start skipped EH-US-CHG-0040/CON-US-0040 HTTP 409; trying next connector
2026-07-02 00:58:34,440 INFO o.a.j.p.j.s.J.Full charging journey with SSE: [electrahub-jmeter][full][036] step=start charging attempt 10
2026-07-02 00:58:34,735 INFO o.a.j.p.j.s.J.Full charging journey with SSE: [electrahub-jmeter][full][037] step=start charging attempt 5
2026-07-02 00:58:34,805 INFO o.a.j.p.j.s.J.Full charging journey with SSE: [electrahub-jmeter][full][037] http POST /session/api/v1/sessions/start status=409 elapsedMs=69
2026-07-02 00:58:34,806 INFO o.a.j.p.j.s.J.Full charging journey with SSE: [electrahub-jmeter][full][037] start skipped EH-US-CHG-0041/CON-US-0041 HTTP 409; trying next connector
2026-07-02 00:58:34,971 INFO o.a.j.p.j.s.J.Full charging journey with SSE: [electrahub-jmeter][full][017] step=stop charging session
2026-07-02 00:58:35,415 INFO o.a.j.p.j.s.J.Full charging journey with SSE: [electrahub-jmeter][full][025] sse ok connected=1 snapshot=2 updates=23 receipts=0 heartbeats=0
2026-07-02 00:58:35,416 INFO o.a.j.p.j.s.J.Full charging journey with SSE: [electrahub-jmeter][full][025] holding session for 43s before stop
2026-07-02 00:58:35,419 INFO o.a.j.p.j.s.J.Full charging journey with SSE: [electrahub-jmeter][full][036] http POST /session/api/v1/sessions/start status=201 elapsedMs=978
2026-07-02 00:58:35,420 INFO o.a.j.p.j.s.J.Full charging journey with SSE: [electrahub-jmeter][full][036] started session=34a4d4ed-b9d7-43dc-9b43-faab76f4e835 charger=EH-US-CHG-0045/CON-US-0045 status=PREPARING remote=Accepted attempt=10/10
2026-07-02 00:58:35,421 INFO o.a.j.p.j.s.J.Full charging journey with SSE: [electrahub-jmeter][full][036] step=active sessions
2026-07-02 00:58:35,543 INFO o.a.j.t.JMeterThread: Thread started: 100 driver charging journeys 1-38
2026-07-02 00:58:35,547 INFO o.a.j.p.j.s.J.Full charging journey with SSE: [electrahub-jmeter][full][038] step=register
2026-07-02 00:58:35,797 INFO o.a.j.p.j.s.J.Full charging journey with SSE: [electrahub-jmeter][full][038] http POST /auth/api/auth/register status=200 elapsedMs=249
2026-07-02 00:58:35,797 INFO o.a.j.p.j.s.J.Full charging journey with SSE: [electrahub-jmeter][full][038] registered uid=957a2115-c3b1-4cdf-9548-1f466c17fd76
2026-07-02 00:58:35,806 INFO o.a.j.p.j.s.J.Full charging journey with SSE: [electrahub-jmeter][full][038] step=payment state before setup
2026-07-02 00:58:35,806 INFO o.a.j.p.j.s.J.Full charging journey with SSE: [electrahub-jmeter][full][037] step=start charging attempt 6
2026-07-02 00:58:35,865 INFO o.a.j.p.j.s.J.Full charging journey with SSE: [electrahub-jmeter][full][038] http GET /payment/api/v1/payment/state status=451 elapsedMs=59
2026-07-02 00:58:35,865 INFO o.a.j.p.j.s.J.Full charging journey with SSE: [electrahub-jmeter][full][038] step=accept terms
2026-07-02 00:58:35,925 INFO o.a.j.p.j.s.J.Full charging journey with SSE: [electrahub-jmeter][full][038] http POST /auth/api/terms/accept status=201 elapsedMs=59
2026-07-02 00:58:35,926 INFO o.a.j.p.j.s.J.Full charging journey with SSE: [electrahub-jmeter][full][038] accepted terms; refreshing token through login
2026-07-02 00:58:35,927 INFO o.a.j.p.j.s.J.Full charging journey with SSE: [electrahub-jmeter][full][038] step=login
2026-07-02 00:58:35,942 INFO o.a.j.p.j.s.J.Full charging journey with SSE: [electrahub-jmeter][full][037] http POST /session/api/v1/sessions/start status=409 elapsedMs=89
2026-07-02 00:58:35,943 INFO o.a.j.p.j.s.J.Full charging journey with SSE: [electrahub-jmeter][full][037] start skipped EH-US-CHG-0042/CON-US-0042 HTTP 409; trying next connector
2026-07-02 00:58:36,096 INFO o.a.j.p.j.s.J.Full charging journey with SSE: [electrahub-jmeter][full][038] http POST /auth/api/auth/login status=200 elapsedMs=169
2026-07-02 00:58:36,097 INFO o.a.j.p.j.s.J.Full charging journey with SSE: [electrahub-jmeter][full][038] logged in uid=957a2115-c3b1-4cdf-9548-1f466c17fd76
2026-07-02 00:58:36,098 INFO o.a.j.p.j.s.J.Full charging journey with SSE: [electrahub-jmeter][full][038] step=payment state after terms
2026-07-02 00:58:36,172 INFO o.a.j.p.j.s.J.Full charging journey with SSE: [electrahub-jmeter][full][038] http GET /payment/api/v1/payment/state status=200 elapsedMs=73
2026-07-02 00:58:36,174 INFO o.a.j.p.j.s.J.Full charging journey with SSE: [electrahub-jmeter][full][038] step=add card
2026-07-02 00:58:36,242 INFO o.a.j.p.j.s.J.Full charging journey with SSE: [electrahub-jmeter][full][038] http POST /payment/api/v1/payment/cards status=201 elapsedMs=67
2026-07-02 00:58:36,243 INFO o.a.j.p.j.s.J.Full charging journey with SSE: [electrahub-jmeter][full][038] step=wallet topup
2026-07-02 00:58:36,306 INFO o.a.j.p.j.s.J.Full charging journey with SSE: [electrahub-jmeter][full][038] http POST /payment/api/v1/payment/wallet/topups status=201 elapsedMs=62
2026-07-02 00:58:36,307 INFO o.a.j.p.j.s.J.Full charging journey with SSE: [electrahub-jmeter][full][038] step=payment state after setup
2026-07-02 00:58:36,364 INFO o.a.j.p.j.s.J.Full charging journey with SSE: [electrahub-jmeter][full][038] http GET /payment/api/v1/payment/state status=200 elapsedMs=56
2026-07-02 00:58:36,365 INFO o.a.j.p.j.s.J.Full charging journey with SSE: [electrahub-jmeter][full][038] payment ready wallet=120.00
2026-07-02 00:58:36,366 INFO o.a.j.p.j.s.J.Full charging journey with SSE: [electrahub-jmeter][full][038] step=charger graphql list
2026-07-02 00:58:36,429 INFO o.a.j.p.j.s.J.Full charging journey with SSE: [electrahub-jmeter][full][036] http GET /session/api/v1/sessions/active status=200 elapsedMs=1008
2026-07-02 00:58:36,459 INFO o.a.j.p.j.s.J.Full charging journey with SSE: [electrahub-jmeter][full][038] http POST /charger/graphql status=200 elapsedMs=93
2026-07-02 00:58:36,460 INFO o.a.j.p.j.s.J.Full charging journey with SSE: [electrahub-jmeter][full][038] dynamic connector selection found no available connector; using CSV connector
2026-07-02 00:58:36,461 INFO o.a.j.p.j.s.J.Full charging journey with SSE: [electrahub-jmeter][full][038] step=charger graphql view
2026-07-02 00:58:36,537 INFO o.a.j.p.j.s.J.Full charging journey with SSE: [electrahub-jmeter][full][038] http POST /charger/graphql status=200 elapsedMs=75
2026-07-02 00:58:36,538 INFO o.a.j.p.j.s.J.Full charging journey with SSE: [electrahub-jmeter][full][038] step=payment state before start
2026-07-02 00:58:36,594 INFO o.a.j.p.j.s.J.Full charging journey with SSE: [electrahub-jmeter][full][038] http GET /payment/api/v1/payment/state status=200 elapsedMs=55
2026-07-02 00:58:36,598 INFO o.a.j.p.j.s.J.Full charging journey with SSE: [electrahub-jmeter][full][038] using connector csv fallback attempts=10 startIndex=38/100
2026-07-02 00:58:36,599 INFO o.a.j.p.j.s.J.Full charging journey with SSE: [electrahub-jmeter][full][038] step=start charging attempt 1
2026-07-02 00:58:36,663 INFO o.a.j.p.j.s.J.Full charging journey with SSE: [electrahub-jmeter][full][038] http POST /session/api/v1/sessions/start status=409 elapsedMs=64
2026-07-02 00:58:36,664 INFO o.a.j.p.j.s.J.Full charging journey with SSE: [electrahub-jmeter][full][038] start skipped EH-US-CHG-0038/CON-US-0038 HTTP 409; trying next connector
2026-07-02 00:58:36,944 INFO o.a.j.p.j.s.J.Full charging journey with SSE: [electrahub-jmeter][full][037] step=start charging attempt 7
2026-07-02 00:58:37,005 INFO o.a.j.p.j.s.J.Full charging journey with SSE: [electrahub-jmeter][full][037] http POST /session/api/v1/sessions/start status=409 elapsedMs=61
2026-07-02 00:58:37,007 INFO o.a.j.p.j.s.J.Full charging journey with SSE: [electrahub-jmeter][full][037] start skipped EH-US-CHG-0043/CON-US-0043 HTTP 409; trying next connector
2026-07-02 00:58:37,665 INFO o.a.j.p.j.s.J.Full charging journey with SSE: [electrahub-jmeter][full][038] step=start charging attempt 2
2026-07-02 00:58:37,736 INFO o.a.j.p.j.s.J.Full charging journey with SSE: [electrahub-jmeter][full][038] http POST /session/api/v1/sessions/start status=409 elapsedMs=71
2026-07-02 00:58:37,737 INFO o.a.j.p.j.s.J.Full charging journey with SSE: [electrahub-jmeter][full][038] start skipped EH-US-CHG-0039/CON-US-0039 HTTP 409; trying next connector
2026-07-02 00:58:38,008 INFO o.a.j.p.j.s.J.Full charging journey with SSE: [electrahub-jmeter][full][037] step=start charging attempt 8
2026-07-02 00:58:38,042 INFO o.a.j.p.j.s.J.Full charging journey with SSE: [electrahub-jmeter][full][018] step=stop charging session
2026-07-02 00:58:38,087 INFO o.a.j.p.j.s.J.Full charging journey with SSE: [electrahub-jmeter][full][037] http POST /session/api/v1/sessions/start status=409 elapsedMs=78
2026-07-02 00:58:38,088 INFO o.a.j.p.j.s.J.Full charging journey with SSE: [electrahub-jmeter][full][037] start skipped EH-US-CHG-0044/CON-US-0044 HTTP 409; trying next connector
2026-07-02 00:58:38,399 INFO o.a.j.p.j.s.J.Full charging journey with SSE: [electrahub-jmeter][full][016] step=active sessions
2026-07-02 00:58:38,450 INFO o.a.j.p.j.s.J.Full charging journey with SSE: [electrahub-jmeter][full][017] http POST /session/api/v1/sessions/5dc80e9c-7f1d-4f37-87c9-99cc91996cf7/stop status=204 elapsedMs=3478
2026-07-02 00:58:38,451 INFO o.a.j.p.j.s.J.Full charging journey with SSE: [electrahub-jmeter][full][017] stop requested session=5dc80e9c-7f1d-4f37-87c9-99cc91996cf7
2026-07-02 00:58:38,452 INFO o.a.j.p.j.s.J.Full charging journey with SSE: [electrahub-jmeter][full][017] step=active sessions
2026-07-02 00:58:38,465 INFO o.a.j.p.j.s.J.Full charging journey with SSE: [electrahub-jmeter][full][016] http GET /session/api/v1/sessions/active status=200 elapsedMs=65
2026-07-02 00:58:38,466 INFO o.a.j.p.j.s.J.Full charging journey with SSE: [electrahub-jmeter][full][016] step=receipt
2026-07-02 00:58:38,531 INFO o.a.j.p.j.s.J.Full charging journey with SSE: [electrahub-jmeter][full][016] http GET /session/api/v1/sessions/5d8bb7d3-b102-4678-814c-179a29c6130c/receipt status=200 elapsedMs=64
2026-07-02 00:58:38,531 INFO o.a.j.p.j.s.J.Full charging journey with SSE: [electrahub-jmeter][full][016] step=session history
2026-07-02 00:58:38,589 INFO o.a.j.p.j.s.J.Full charging journey with SSE: [electrahub-jmeter][full][016] http GET /session/api/v1/sessions/history?page=0&size=10 status=200 elapsedMs=57
2026-07-02 00:58:38,590 INFO o.a.j.p.j.s.J.Full charging journey with SSE: [electrahub-jmeter][full][016] step=dashboard stats
2026-07-02 00:58:38,648 INFO o.a.j.p.j.s.J.Full charging journey with SSE: [electrahub-jmeter][full][016] http GET /session/api/v1/sessions/dashboard-stats status=200 elapsedMs=57
2026-07-02 00:58:38,649 INFO o.a.j.p.j.s.J.Full charging journey with SSE: [electrahub-jmeter][full][016] receipt ok session=5d8bb7d3-b102-4678-814c-179a29c6130c status=Completed total=1.8715
2026-07-02 00:58:38,650 INFO o.a.j.t.JMeterThread: Thread is done: 100 driver charging journeys 1-16
2026-07-02 00:58:38,652 INFO o.a.j.t.JMeterThread: Thread finished: 100 driver charging journeys 1-16
2026-07-02 00:58:38,738 INFO o.a.j.p.j.s.J.Full charging journey with SSE: [electrahub-jmeter][full][038] step=start charging attempt 3
2026-07-02 00:58:38,800 INFO o.a.j.p.j.s.J.Full charging journey with SSE: [electrahub-jmeter][full][038] http POST /session/api/v1/sessions/start status=409 elapsedMs=61
2026-07-02 00:58:38,801 INFO o.a.j.p.j.s.J.Full charging journey with SSE: [electrahub-jmeter][full][038] start skipped EH-US-CHG-0040/CON-US-0040 HTTP 409; trying next connector
2026-07-02 00:58:39,089 INFO o.a.j.p.j.s.J.Full charging journey with SSE: [electrahub-jmeter][full][037] step=start charging attempt 9
2026-07-02 00:58:39,156 INFO o.a.j.p.j.s.J.Full charging journey with SSE: [electrahub-jmeter][full][037] http POST /session/api/v1/sessions/start status=409 elapsedMs=66
2026-07-02 00:58:39,157 INFO o.a.j.p.j.s.J.Full charging journey with SSE: [electrahub-jmeter][full][037] start skipped EH-US-CHG-0045/CON-US-0045 HTTP 409; trying next connector
2026-07-02 00:58:39,453 INFO o.a.j.p.j.s.J.Full charging journey with SSE: [electrahub-jmeter][full][017] http GET /session/api/v1/sessions/active status=200 elapsedMs=1000
2026-07-02 00:58:39,802 INFO o.a.j.p.j.s.J.Full charging journey with SSE: [electrahub-jmeter][full][038] step=start charging attempt 4
2026-07-02 00:58:39,867 INFO o.a.j.p.j.s.J.Full charging journey with SSE: [electrahub-jmeter][full][038] http POST /session/api/v1/sessions/start status=409 elapsedMs=64
2026-07-02 00:58:39,867 INFO o.a.j.p.j.s.J.Full charging journey with SSE: [electrahub-jmeter][full][038] start skipped EH-US-CHG-0041/CON-US-0041 HTTP 409; trying next connector
2026-07-02 00:58:40,158 INFO o.a.j.p.j.s.J.Full charging journey with SSE: [electrahub-jmeter][full][037] step=start charging attempt 10
2026-07-02 00:58:40,471 INFO o.a.j.p.j.s.J.Full charging journey with SSE: [electrahub-jmeter][full][037] http POST /session/api/v1/sessions/start status=201 elapsedMs=312
2026-07-02 00:58:40,472 INFO o.a.j.p.j.s.J.Full charging journey with SSE: [electrahub-jmeter][full][037] started session=4c3f2cb7-5e6c-4103-b270-14b01942688b charger=EH-US-CHG-0046/CON-US-0046 status=PREPARING remote=Accepted attempt=10/10
2026-07-02 00:58:40,473 INFO o.a.j.p.j.s.J.Full charging journey with SSE: [electrahub-jmeter][full][037] step=active sessions
2026-07-02 00:58:40,868 INFO o.a.j.p.j.s.J.Full charging journey with SSE: [electrahub-jmeter][full][038] step=start charging attempt 5
2026-07-02 00:58:40,949 INFO o.a.j.p.j.s.J.Full charging journey with SSE: [electrahub-jmeter][full][038] http POST /session/api/v1/sessions/start status=409 elapsedMs=80
2026-07-02 00:58:40,950 INFO o.a.j.p.j.s.J.Full charging journey with SSE: [electrahub-jmeter][full][038] start skipped EH-US-CHG-0042/CON-US-0042 HTTP 409; trying next connector
2026-07-02 00:58:41,480 INFO o.a.j.p.j.s.J.Full charging journey with SSE: [electrahub-jmeter][full][037] http GET /session/api/v1/sessions/active status=200 elapsedMs=1007
2026-07-02 00:58:41,481 INFO o.a.j.p.j.s.J.Full charging journey with SSE: [electrahub-jmeter][full][018] http POST /session/api/v1/sessions/7d43fed7-4359-4051-a521-25c7e6a65b89/stop status=204 elapsedMs=3438
2026-07-02 00:58:41,482 INFO o.a.j.p.j.s.J.Full charging journey with SSE: [electrahub-jmeter][full][018] stop requested session=7d43fed7-4359-4051-a521-25c7e6a65b89
2026-07-02 00:58:41,483 INFO o.a.j.p.j.s.J.Full charging journey with SSE: [electrahub-jmeter][full][018] step=active sessions
2026-07-02 00:58:41,541 INFO o.a.j.t.JMeterThread: Thread started: 100 driver charging journeys 1-39
2026-07-02 00:58:41,546 INFO o.a.j.p.j.s.J.Full charging journey with SSE: [electrahub-jmeter][full][039] step=register
2026-07-02 00:58:41,712 INFO o.a.j.p.j.s.J.Full charging journey with SSE: [electrahub-jmeter][full][039] http POST /auth/api/auth/register status=200 elapsedMs=166
2026-07-02 00:58:41,714 INFO o.a.j.p.j.s.J.Full charging journey with SSE: [electrahub-jmeter][full][039] registered uid=1d3a067b-8eb0-43d1-a2f3-221625bcfca3
2026-07-02 00:58:41,721 INFO o.a.j.p.j.s.J.Full charging journey with SSE: [electrahub-jmeter][full][039] step=payment state before setup
2026-07-02 00:58:41,775 INFO o.a.j.p.j.s.J.Full charging journey with SSE: [electrahub-jmeter][full][039] http GET /payment/api/v1/payment/state status=451 elapsedMs=52
2026-07-02 00:58:41,775 INFO o.a.j.p.j.s.J.Full charging journey with SSE: [electrahub-jmeter][full][039] step=accept terms
2026-07-02 00:58:41,843 INFO o.a.j.p.j.s.J.Full charging journey with SSE: [electrahub-jmeter][full][039] http POST /auth/api/terms/accept status=201 elapsedMs=66
2026-07-02 00:58:41,843 INFO o.a.j.p.j.s.J.Full charging journey with SSE: [electrahub-jmeter][full][039] accepted terms; refreshing token through login
2026-07-02 00:58:41,844 INFO o.a.j.p.j.s.J.Full charging journey with SSE: [electrahub-jmeter][full][039] step=login
2026-07-02 00:58:41,951 INFO o.a.j.p.j.s.J.Full charging journey with SSE: [electrahub-jmeter][full][038] step=start charging attempt 6
2026-07-02 00:58:41,996 INFO o.a.j.p.j.s.J.Full charging journey with SSE: [electrahub-jmeter][full][039] http POST /auth/api/auth/login status=200 elapsedMs=151
2026-07-02 00:58:42,001 INFO o.a.j.p.j.s.J.Full charging journey with SSE: [electrahub-jmeter][full][039] logged in uid=1d3a067b-8eb0-43d1-a2f3-221625bcfca3
2026-07-02 00:58:42,002 INFO o.a.j.p.j.s.J.Full charging journey with SSE: [electrahub-jmeter][full][039] step=payment state after terms
2026-07-02 00:58:42,077 INFO o.a.j.p.j.s.J.Full charging journey with SSE: [electrahub-jmeter][full][038] http POST /session/api/v1/sessions/start status=409 elapsedMs=83
2026-07-02 00:58:42,078 INFO o.a.j.p.j.s.J.Full charging journey with SSE: [electrahub-jmeter][full][038] start skipped EH-US-CHG-0043/CON-US-0043 HTTP 409; trying next connector
2026-07-02 00:58:42,082 INFO o.a.j.p.j.s.J.Full charging journey with SSE: [electrahub-jmeter][full][039] http GET /payment/api/v1/payment/state status=200 elapsedMs=79
2026-07-02 00:58:42,082 INFO o.a.j.p.j.s.J.Full charging journey with SSE: [electrahub-jmeter][full][039] step=add card
2026-07-02 00:58:42,176 INFO o.a.j.p.j.s.J.Full charging journey with SSE: [electrahub-jmeter][full][039] http POST /payment/api/v1/payment/cards status=201 elapsedMs=93
2026-07-02 00:58:42,179 INFO o.a.j.p.j.s.J.Full charging journey with SSE: [electrahub-jmeter][full][039] step=wallet topup
2026-07-02 00:58:42,238 INFO o.a.j.p.j.s.J.Full charging journey with SSE: [electrahub-jmeter][full][039] http POST /payment/api/v1/payment/wallet/topups status=201 elapsedMs=58
2026-07-02 00:58:42,239 INFO o.a.j.p.j.s.J.Full charging journey with SSE: [electrahub-jmeter][full][039] step=payment state after setup
2026-07-02 00:58:42,302 INFO o.a.j.p.j.s.J.Full charging journey with SSE: [electrahub-jmeter][full][039] http GET /payment/api/v1/payment/state status=200 elapsedMs=62
2026-07-02 00:58:42,303 INFO o.a.j.p.j.s.J.Full charging journey with SSE: [electrahub-jmeter][full][039] payment ready wallet=120.00
2026-07-02 00:58:42,303 INFO o.a.j.p.j.s.J.Full charging journey with SSE: [electrahub-jmeter][full][039] step=charger graphql list
2026-07-02 00:58:42,395 INFO o.a.j.p.j.s.J.Full charging journey with SSE: [electrahub-jmeter][full][039] http POST /charger/graphql status=200 elapsedMs=90
2026-07-02 00:58:42,396 INFO o.a.j.p.j.s.J.Full charging journey with SSE: [electrahub-jmeter][full][039] dynamic connector selection found no available connector; using CSV connector
2026-07-02 00:58:42,396 INFO o.a.j.p.j.s.J.Full charging journey with SSE: [electrahub-jmeter][full][039] step=charger graphql view
2026-07-02 00:58:42,498 INFO o.a.j.p.j.s.J.Full charging journey with SSE: [electrahub-jmeter][full][018] http GET /session/api/v1/sessions/active status=200 elapsedMs=1015
2026-07-02 00:58:42,503 INFO o.a.j.p.j.s.J.Full charging journey with SSE: [electrahub-jmeter][full][039] http POST /charger/graphql status=200 elapsedMs=106
2026-07-02 00:58:42,504 INFO o.a.j.p.j.s.J.Full charging journey with SSE: [electrahub-jmeter][full][039] step=payment state before start
2026-07-02 00:58:42,564 INFO o.a.j.p.j.s.J.Full charging journey with SSE: [electrahub-jmeter][full][039] http GET /payment/api/v1/payment/state status=200 elapsedMs=60
2026-07-02 00:58:42,568 INFO o.a.j.p.j.s.J.Full charging journey with SSE: [electrahub-jmeter][full][039] using connector csv fallback attempts=10 startIndex=39/100
2026-07-02 00:58:42,569 INFO o.a.j.p.j.s.J.Full charging journey with SSE: [electrahub-jmeter][full][039] step=start charging attempt 1
2026-07-02 00:58:42,647 INFO o.a.j.p.j.s.J.Full charging journey with SSE: [electrahub-jmeter][full][039] http POST /session/api/v1/sessions/start status=409 elapsedMs=78
2026-07-02 00:58:42,648 INFO o.a.j.p.j.s.J.Full charging journey with SSE: [electrahub-jmeter][full][039] start skipped EH-US-CHG-0039/CON-US-0039 HTTP 409; trying next connector
2026-07-02 00:58:43,079 INFO o.a.j.p.j.s.J.Full charging journey with SSE: [electrahub-jmeter][full][038] step=start charging attempt 7
2026-07-02 00:58:43,144 INFO o.a.j.p.j.s.J.Full charging journey with SSE: [electrahub-jmeter][full][038] http POST /session/api/v1/sessions/start status=409 elapsedMs=64
2026-07-02 00:58:43,145 INFO o.a.j.p.j.s.J.Full charging journey with SSE: [electrahub-jmeter][full][038] start skipped EH-US-CHG-0044/CON-US-0044 HTTP 409; trying next connector
2026-07-02 00:58:43,649 INFO o.a.j.p.j.s.J.Full charging journey with SSE: [electrahub-jmeter][full][039] step=start charging attempt 2
2026-07-02 00:58:43,714 INFO o.a.j.p.j.s.J.Full charging journey with SSE: [electrahub-jmeter][full][039] http POST /session/api/v1/sessions/start status=409 elapsedMs=64
2026-07-02 00:58:43,715 INFO o.a.j.p.j.s.J.Full charging journey with SSE: [electrahub-jmeter][full][039] start skipped EH-US-CHG-0040/CON-US-0040 HTTP 409; trying next connector
2026-07-02 00:58:44,146 INFO o.a.j.p.j.s.J.Full charging journey with SSE: [electrahub-jmeter][full][038] step=start charging attempt 8
2026-07-02 00:58:44,223 INFO o.a.j.p.j.s.J.Full charging journey with SSE: [electrahub-jmeter][full][038] http POST /session/api/v1/sessions/start status=409 elapsedMs=75
2026-07-02 00:58:44,223 INFO o.a.j.p.j.s.J.Full charging journey with SSE: [electrahub-jmeter][full][038] start skipped EH-US-CHG-0045/CON-US-0045 HTTP 409; trying next connector
2026-07-02 00:58:44,454 INFO o.a.j.p.j.s.J.Full charging journey with SSE: [electrahub-jmeter][full][017] step=active sessions
2026-07-02 00:58:44,522 INFO o.a.j.p.j.s.J.Full charging journey with SSE: [electrahub-jmeter][full][017] http GET /session/api/v1/sessions/active status=200 elapsedMs=67
2026-07-02 00:58:44,523 INFO o.a.j.p.j.s.J.Full charging journey with SSE: [electrahub-jmeter][full][017] step=receipt
2026-07-02 00:58:44,584 INFO o.a.j.p.j.s.J.Full charging journey with SSE: [electrahub-jmeter][full][017] http GET /session/api/v1/sessions/5dc80e9c-7f1d-4f37-87c9-99cc91996cf7/receipt status=200 elapsedMs=60
2026-07-02 00:58:44,585 INFO o.a.j.p.j.s.J.Full charging journey with SSE: [electrahub-jmeter][full][017] step=session history
2026-07-02 00:58:44,641 INFO o.a.j.p.j.s.J.Full charging journey with SSE: [electrahub-jmeter][full][017] http GET /session/api/v1/sessions/history?page=0&size=10 status=200 elapsedMs=56
2026-07-02 00:58:44,642 INFO o.a.j.p.j.s.J.Full charging journey with SSE: [electrahub-jmeter][full][017] step=dashboard stats
2026-07-02 00:58:44,713 INFO o.a.j.p.j.s.J.Full charging journey with SSE: [electrahub-jmeter][full][017] http GET /session/api/v1/sessions/dashboard-stats status=200 elapsedMs=70
2026-07-02 00:58:44,714 INFO o.a.j.p.j.s.J.Full charging journey with SSE: [electrahub-jmeter][full][017] receipt ok session=5dc80e9c-7f1d-4f37-87c9-99cc91996cf7 status=Completed total=1.8715
2026-07-02 00:58:44,716 INFO o.a.j.t.JMeterThread: Thread is done: 100 driver charging journeys 1-17
2026-07-02 00:58:44,716 INFO o.a.j.p.j.s.J.Full charging journey with SSE: [electrahub-jmeter][full][039] step=start charging attempt 3
2026-07-02 00:58:44,716 INFO o.a.j.t.JMeterThread: Thread finished: 100 driver charging journeys 1-17
2026-07-02 00:58:44,784 INFO o.a.j.p.j.s.J.Full charging journey with SSE: [electrahub-jmeter][full][039] http POST /session/api/v1/sessions/start status=409 elapsedMs=67
2026-07-02 00:58:44,785 INFO o.a.j.p.j.s.J.Full charging journey with SSE: [electrahub-jmeter][full][039] start skipped EH-US-CHG-0041/CON-US-0041 HTTP 409; trying next connector
2026-07-02 00:58:45,224 INFO o.a.j.p.j.s.J.Full charging journey with SSE: [electrahub-jmeter][full][038] step=start charging attempt 9
2026-07-02 00:58:45,289 INFO o.a.j.p.j.s.J.Full charging journey with SSE: [electrahub-jmeter][full][038] http POST /session/api/v1/sessions/start status=409 elapsedMs=63
2026-07-02 00:58:45,290 INFO o.a.j.p.j.s.J.Full charging journey with SSE: [electrahub-jmeter][full][038] start skipped EH-US-CHG-0046/CON-US-0046 HTTP 409; trying next connector
2026-07-02 00:58:45,786 INFO o.a.j.p.j.s.J.Full charging journey with SSE: [electrahub-jmeter][full][039] step=start charging attempt 4
2026-07-02 00:58:45,853 INFO o.a.j.p.j.s.J.Full charging journey with SSE: [electrahub-jmeter][full][039] http POST /session/api/v1/sessions/start status=409 elapsedMs=66
2026-07-02 00:58:45,854 INFO o.a.j.p.j.s.J.Full charging journey with SSE: [electrahub-jmeter][full][039] start skipped EH-US-CHG-0042/CON-US-0042 HTTP 409; trying next connector
2026-07-02 00:58:46,291 INFO o.a.j.p.j.s.J.Full charging journey with SSE: [electrahub-jmeter][full][038] step=start charging attempt 10
2026-07-02 00:58:46,534 INFO o.a.j.p.j.s.J.Full charging journey with SSE: [electrahub-jmeter][full][038] http POST /session/api/v1/sessions/start status=201 elapsedMs=242
2026-07-02 00:58:46,534 INFO o.a.j.p.j.s.J.Full charging journey with SSE: [electrahub-jmeter][full][038] started session=bc933148-4aa7-4640-9d36-61e6c05713e5 charger=EH-US-CHG-0047/CON-US-0047 status=PREPARING remote=Accepted attempt=10/10
2026-07-02 00:58:46,535 INFO o.a.j.p.j.s.J.Full charging journey with SSE: [electrahub-jmeter][full][038] step=active sessions
2026-07-02 00:58:46,855 INFO o.a.j.p.j.s.J.Full charging journey with SSE: [electrahub-jmeter][full][039] step=start charging attempt 5
2026-07-02 00:58:46,931 INFO o.a.j.p.j.s.J.Full charging journey with SSE: [electrahub-jmeter][full][039] http POST /session/api/v1/sessions/start status=409 elapsedMs=75
2026-07-02 00:58:46,932 INFO o.a.j.p.j.s.J.Full charging journey with SSE: [electrahub-jmeter][full][039] start skipped EH-US-CHG-0043/CON-US-0043 HTTP 409; trying next connector
2026-07-02 00:58:47,499 INFO o.a.j.p.j.s.J.Full charging journey with SSE: [electrahub-jmeter][full][018] step=active sessions
2026-07-02 00:58:47,542 INFO o.a.j.t.JMeterThread: Thread started: 100 driver charging journeys 1-40
2026-07-02 00:58:47,551 INFO o.a.j.p.j.s.J.Full charging journey with SSE: [electrahub-jmeter][full][038] http GET /session/api/v1/sessions/active status=200 elapsedMs=1016
2026-07-02 00:58:47,553 INFO o.a.j.p.j.s.J.Full charging journey with SSE: [electrahub-jmeter][full][040] step=register
2026-07-02 00:58:47,571 INFO o.a.j.p.j.s.J.Full charging journey with SSE: [electrahub-jmeter][full][018] http GET /session/api/v1/sessions/active status=200 elapsedMs=71
2026-07-02 00:58:47,572 INFO o.a.j.p.j.s.J.Full charging journey with SSE: [electrahub-jmeter][full][018] step=receipt
2026-07-02 00:58:47,634 INFO o.a.j.p.j.s.J.Full charging journey with SSE: [electrahub-jmeter][full][018] http GET /session/api/v1/sessions/7d43fed7-4359-4051-a521-25c7e6a65b89/receipt status=200 elapsedMs=61
2026-07-02 00:58:47,634 INFO o.a.j.p.j.s.J.Full charging journey with SSE: [electrahub-jmeter][full][018] step=session history
2026-07-02 00:58:47,694 INFO o.a.j.p.j.s.J.Full charging journey with SSE: [electrahub-jmeter][full][018] http GET /session/api/v1/sessions/history?page=0&size=10 status=200 elapsedMs=59
2026-07-02 00:58:47,695 INFO o.a.j.p.j.s.J.Full charging journey with SSE: [electrahub-jmeter][full][018] step=dashboard stats
2026-07-02 00:58:47,751 INFO o.a.j.p.j.s.J.Full charging journey with SSE: [electrahub-jmeter][full][018] http GET /session/api/v1/sessions/dashboard-stats status=200 elapsedMs=56
2026-07-02 00:58:47,752 INFO o.a.j.p.j.s.J.Full charging journey with SSE: [electrahub-jmeter][full][018] receipt ok session=7d43fed7-4359-4051-a521-25c7e6a65b89 status=Completed total=1.8678
2026-07-02 00:58:47,753 INFO o.a.j.t.JMeterThread: Thread is done: 100 driver charging journeys 1-18
2026-07-02 00:58:47,753 INFO o.a.j.t.JMeterThread: Thread finished: 100 driver charging journeys 1-18
2026-07-02 00:58:47,826 INFO o.a.j.p.j.s.J.Full charging journey with SSE: [electrahub-jmeter][full][040] http POST /auth/api/auth/register status=200 elapsedMs=222
2026-07-02 00:58:47,827 INFO o.a.j.p.j.s.J.Full charging journey with SSE: [electrahub-jmeter][full][040] registered uid=8e2a8976-c520-472c-86f7-6e097bba336c
2026-07-02 00:58:47,834 INFO o.a.j.p.j.s.J.Full charging journey with SSE: [electrahub-jmeter][full][040] step=payment state before setup
2026-07-02 00:58:47,888 INFO o.a.j.p.j.s.J.Full charging journey with SSE: [electrahub-jmeter][full][040] http GET /payment/api/v1/payment/state status=451 elapsedMs=52
2026-07-02 00:58:47,889 INFO o.a.j.p.j.s.J.Full charging journey with SSE: [electrahub-jmeter][full][040] step=accept terms
2026-07-02 00:58:47,933 INFO o.a.j.p.j.s.J.Full charging journey with SSE: [electrahub-jmeter][full][039] step=start charging attempt 6
2026-07-02 00:58:47,954 INFO o.a.j.p.j.s.J.Full charging journey with SSE: [electrahub-jmeter][full][040] http POST /auth/api/terms/accept status=201 elapsedMs=65
2026-07-02 00:58:47,955 INFO o.a.j.p.j.s.J.Full charging journey with SSE: [electrahub-jmeter][full][040] accepted terms; refreshing token through login
2026-07-02 00:58:47,956 INFO o.a.j.p.j.s.J.Full charging journey with SSE: [electrahub-jmeter][full][040] step=login
2026-07-02 00:58:48,000 INFO o.a.j.p.j.s.J.Full charging journey with SSE: [electrahub-jmeter][full][039] http POST /session/api/v1/sessions/start status=409 elapsedMs=66
2026-07-02 00:58:48,001 INFO o.a.j.p.j.s.J.Full charging journey with SSE: [electrahub-jmeter][full][039] start skipped EH-US-CHG-0044/CON-US-0044 HTTP 409; trying next connector
2026-07-02 00:58:48,096 INFO o.a.j.p.j.s.J.Full charging journey with SSE: [electrahub-jmeter][full][040] http POST /auth/api/auth/login status=200 elapsedMs=139
2026-07-02 00:58:48,097 INFO o.a.j.p.j.s.J.Full charging journey with SSE: [electrahub-jmeter][full][040] logged in uid=8e2a8976-c520-472c-86f7-6e097bba336c
2026-07-02 00:58:48,098 INFO o.a.j.p.j.s.J.Full charging journey with SSE: [electrahub-jmeter][full][040] step=payment state after terms
2026-07-02 00:58:48,158 INFO o.a.j.p.j.s.J.Full charging journey with SSE: [electrahub-jmeter][full][040] http GET /payment/api/v1/payment/state status=200 elapsedMs=59
2026-07-02 00:58:48,159 INFO o.a.j.p.j.s.J.Full charging journey with SSE: [electrahub-jmeter][full][040] step=add card
2026-07-02 00:58:48,220 INFO o.a.j.p.j.s.J.Full charging journey with SSE: [electrahub-jmeter][full][040] http POST /payment/api/v1/payment/cards status=201 elapsedMs=60
2026-07-02 00:58:48,221 INFO o.a.j.p.j.s.J.Full charging journey with SSE: [electrahub-jmeter][full][040] step=wallet topup
2026-07-02 00:58:48,290 INFO o.a.j.p.j.s.J.Full charging journey with SSE: [electrahub-jmeter][full][040] http POST /payment/api/v1/payment/wallet/topups status=201 elapsedMs=68
2026-07-02 00:58:48,290 INFO o.a.j.p.j.s.J.Full charging journey with SSE: [electrahub-jmeter][full][040] step=payment state after setup
2026-07-02 00:58:48,350 INFO o.a.j.p.j.s.J.Full charging journey with SSE: [electrahub-jmeter][full][040] http GET /payment/api/v1/payment/state status=200 elapsedMs=59
2026-07-02 00:58:48,351 INFO o.a.j.p.j.s.J.Full charging journey with SSE: [electrahub-jmeter][full][040] payment ready wallet=120.00
2026-07-02 00:58:48,352 INFO o.a.j.p.j.s.J.Full charging journey with SSE: [electrahub-jmeter][full][040] step=charger graphql list
2026-07-02 00:58:48,507 INFO o.a.j.p.j.s.J.Full charging journey with SSE: [electrahub-jmeter][full][040] http POST /charger/graphql status=200 elapsedMs=154
2026-07-02 00:58:48,509 INFO o.a.j.p.j.s.J.Full charging journey with SSE: [electrahub-jmeter][full][040] dynamic connector selection found no available connector; using CSV connector
2026-07-02 00:58:48,509 INFO o.a.j.p.j.s.J.Full charging journey with SSE: [electrahub-jmeter][full][040] step=charger graphql view
2026-07-02 00:58:48,581 INFO o.a.j.p.j.s.J.Full charging journey with SSE: [electrahub-jmeter][full][040] http POST /charger/graphql status=200 elapsedMs=71
2026-07-02 00:58:48,582 INFO o.a.j.p.j.s.J.Full charging journey with SSE: [electrahub-jmeter][full][040] step=payment state before start
2026-07-02 00:58:48,643 INFO o.a.j.p.j.s.J.Full charging journey with SSE: [electrahub-jmeter][full][040] http GET /payment/api/v1/payment/state status=200 elapsedMs=60
2026-07-02 00:58:48,647 INFO o.a.j.p.j.s.J.Full charging journey with SSE: [electrahub-jmeter][full][040] using connector csv fallback attempts=10 startIndex=40/100
2026-07-02 00:58:48,648 INFO o.a.j.p.j.s.J.Full charging journey with SSE: [electrahub-jmeter][full][040] step=start charging attempt 1
2026-07-02 00:58:48,721 INFO o.a.j.p.j.s.J.Full charging journey with SSE: [electrahub-jmeter][full][040] http POST /session/api/v1/sessions/start status=409 elapsedMs=72
2026-07-02 00:58:48,721 INFO o.a.j.p.j.s.J.Full charging journey with SSE: [electrahub-jmeter][full][040] start skipped EH-US-CHG-0040/CON-US-0040 HTTP 409; trying next connector
2026-07-02 00:58:49,002 INFO o.a.j.p.j.s.J.Full charging journey with SSE: [electrahub-jmeter][full][039] step=start charging attempt 7
2026-07-02 00:58:49,074 INFO o.a.j.p.j.s.J.Full charging journey with SSE: [electrahub-jmeter][full][039] http POST /session/api/v1/sessions/start status=409 elapsedMs=71
2026-07-02 00:58:49,074 INFO o.a.j.p.j.s.J.Full charging journey with SSE: [electrahub-jmeter][full][039] start skipped EH-US-CHG-0045/CON-US-0045 HTTP 409; trying next connector
2026-07-02 00:58:49,722 INFO o.a.j.p.j.s.J.Full charging journey with SSE: [electrahub-jmeter][full][040] step=start charging attempt 2
2026-07-02 00:58:49,795 INFO o.a.j.p.j.s.J.Full charging journey with SSE: [electrahub-jmeter][full][040] http POST /session/api/v1/sessions/start status=409 elapsedMs=72
2026-07-02 00:58:49,796 INFO o.a.j.p.j.s.J.Full charging journey with SSE: [electrahub-jmeter][full][040] start skipped EH-US-CHG-0041/CON-US-0041 HTTP 409; trying next connector
2026-07-02 00:58:50,075 INFO o.a.j.p.j.s.J.Full charging journey with SSE: [electrahub-jmeter][full][039] step=start charging attempt 8
2026-07-02 00:58:50,142 INFO o.a.j.p.j.s.J.Full charging journey with SSE: [electrahub-jmeter][full][039] http POST /session/api/v1/sessions/start status=409 elapsedMs=66
2026-07-02 00:58:50,143 INFO o.a.j.p.j.s.J.Full charging journey with SSE: [electrahub-jmeter][full][039] start skipped EH-US-CHG-0046/CON-US-0046 HTTP 409; trying next connector
2026-07-02 00:58:50,797 INFO o.a.j.p.j.s.J.Full charging journey with SSE: [electrahub-jmeter][full][040] step=start charging attempt 3
2026-07-02 00:58:50,879 INFO o.a.j.p.j.s.J.Full charging journey with SSE: [electrahub-jmeter][full][040] http POST /session/api/v1/sessions/start status=409 elapsedMs=80
2026-07-02 00:58:50,880 INFO o.a.j.p.j.s.J.Full charging journey with SSE: [electrahub-jmeter][full][040] start skipped EH-US-CHG-0042/CON-US-0042 HTTP 409; trying next connector
2026-07-02 00:58:51,144 INFO o.a.j.p.j.s.J.Full charging journey with SSE: [electrahub-jmeter][full][039] step=start charging attempt 9
2026-07-02 00:58:51,211 INFO o.a.j.p.j.s.J.Full charging journey with SSE: [electrahub-jmeter][full][039] http POST /session/api/v1/sessions/start status=409 elapsedMs=66
2026-07-02 00:58:51,211 INFO o.a.j.p.j.s.J.Full charging journey with SSE: [electrahub-jmeter][full][039] start skipped EH-US-CHG-0047/CON-US-0047 HTTP 409; trying next connector
2026-07-02 00:58:51,881 INFO o.a.j.p.j.s.J.Full charging journey with SSE: [electrahub-jmeter][full][040] step=start charging attempt 4
2026-07-02 00:58:51,961 INFO o.a.j.p.j.s.J.Full charging journey with SSE: [electrahub-jmeter][full][040] http POST /session/api/v1/sessions/start status=409 elapsedMs=77
2026-07-02 00:58:51,964 INFO o.a.j.p.j.s.J.Full charging journey with SSE: [electrahub-jmeter][full][040] start skipped EH-US-CHG-0043/CON-US-0043 HTTP 409; trying next connector
2026-07-02 00:58:52,212 INFO o.a.j.p.j.s.J.Full charging journey with SSE: [electrahub-jmeter][full][039] step=start charging attempt 10
2026-07-02 00:58:52,582 INFO o.a.j.p.j.s.J.Full charging journey with SSE: [electrahub-jmeter][full][028] sse ok connected=1 snapshot=2 updates=25 receipts=0 heartbeats=0
2026-07-02 00:58:52,583 INFO o.a.j.p.j.s.J.Full charging journey with SSE: [electrahub-jmeter][full][028] holding session for 43s before stop
2026-07-02 00:58:52,587 INFO o.a.j.p.j.s.J.Full charging journey with SSE: [electrahub-jmeter][full][039] http POST /session/api/v1/sessions/start status=201 elapsedMs=374
2026-07-02 00:58:52,587 INFO o.a.j.p.j.s.J.Full charging journey with SSE: [electrahub-jmeter][full][039] started session=d32a18da-baec-4b89-a748-64aaf5838b82 charger=EH-US-CHG-0048/CON-US-0048 status=PREPARING remote=Accepted attempt=10/10
2026-07-02 00:58:52,588 INFO o.a.j.p.j.s.J.Full charging journey with SSE: [electrahub-jmeter][full][039] step=active sessions
2026-07-02 00:58:52,965 INFO o.a.j.p.j.s.J.Full charging journey with SSE: [electrahub-jmeter][full][040] step=start charging attempt 5
2026-07-02 00:58:53,029 INFO o.a.j.p.j.s.J.Full charging journey with SSE: [electrahub-jmeter][full][040] http POST /session/api/v1/sessions/start status=409 elapsedMs=63
2026-07-02 00:58:53,029 INFO o.a.j.p.j.s.J.Full charging journey with SSE: [electrahub-jmeter][full][040] start skipped EH-US-CHG-0044/CON-US-0044 HTTP 409; trying next connector
2026-07-02 00:58:54,762 INFO o.a.j.t.JMeterThread: Thread started: 100 driver charging journeys 1-41
2026-07-02 00:58:54,768 INFO o.a.j.p.j.s.J.Full charging journey with SSE: [electrahub-jmeter][full][041] step=register
2026-07-02 00:58:54,816 INFO o.a.j.p.j.s.J.Full charging journey with SSE: [electrahub-jmeter][full][039] http GET /session/api/v1/sessions/active status=200 elapsedMs=2227
2026-07-02 00:58:54,940 INFO o.a.j.p.j.s.J.Full charging journey with SSE: [electrahub-jmeter][full][041] http POST /auth/api/auth/register status=200 elapsedMs=171
2026-07-02 00:58:54,940 INFO o.a.j.p.j.s.J.Full charging journey with SSE: [electrahub-jmeter][full][041] registered uid=21b04bf7-9f74-4334-9dfa-c70385d4a61c
2026-07-02 00:58:54,948 INFO o.a.j.p.j.s.J.Full charging journey with SSE: [electrahub-jmeter][full][041] step=payment state before setup
2026-07-02 00:58:55,003 INFO o.a.j.p.j.s.J.Full charging journey with SSE: [electrahub-jmeter][full][041] http GET /payment/api/v1/payment/state status=451 elapsedMs=55
2026-07-02 00:58:55,005 INFO o.a.j.p.j.s.J.Full charging journey with SSE: [electrahub-jmeter][full][041] step=accept terms
2026-07-02 00:58:55,068 INFO o.a.j.p.j.s.J.Full charging journey with SSE: [electrahub-jmeter][full][041] http POST /auth/api/terms/accept status=201 elapsedMs=62
2026-07-02 00:58:55,069 INFO o.a.j.p.j.s.J.Full charging journey with SSE: [electrahub-jmeter][full][041] accepted terms; refreshing token through login
2026-07-02 00:58:55,070 INFO o.a.j.p.j.s.J.Full charging journey with SSE: [electrahub-jmeter][full][041] step=login
2026-07-02 00:58:55,227 INFO o.a.j.p.j.s.J.Full charging journey with SSE: [electrahub-jmeter][full][041] http POST /auth/api/auth/login status=200 elapsedMs=153
2026-07-02 00:58:55,228 INFO o.a.j.p.j.s.J.Full charging journey with SSE: [electrahub-jmeter][full][041] logged in uid=21b04bf7-9f74-4334-9dfa-c70385d4a61c
2026-07-02 00:58:55,228 INFO o.a.j.p.j.s.J.Full charging journey with SSE: [electrahub-jmeter][full][041] step=payment state after terms
2026-07-02 00:58:55,250 INFO o.a.j.p.j.s.J.Full charging journey with SSE: [electrahub-jmeter][full][040] step=start charging attempt 6
2026-07-02 00:58:55,302 INFO o.a.j.p.j.s.J.Full charging journey with SSE: [electrahub-jmeter][full][041] http GET /payment/api/v1/payment/state status=200 elapsedMs=72
2026-07-02 00:58:55,302 INFO o.a.j.p.j.s.J.Full charging journey with SSE: [electrahub-jmeter][full][041] step=add card
2026-07-02 00:58:55,372 INFO o.a.j.p.j.s.J.Full charging journey with SSE: [electrahub-jmeter][full][041] http POST /payment/api/v1/payment/cards status=201 elapsedMs=69
2026-07-02 00:58:55,373 INFO o.a.j.p.j.s.J.Full charging journey with SSE: [electrahub-jmeter][full][041] step=wallet topup
2026-07-02 00:58:55,395 INFO o.a.j.p.j.s.J.Full charging journey with SSE: [electrahub-jmeter][full][040] http POST /session/api/v1/sessions/start status=409 elapsedMs=96
2026-07-02 00:58:55,396 INFO o.a.j.p.j.s.J.Full charging journey with SSE: [electrahub-jmeter][full][040] start skipped EH-US-CHG-0045/CON-US-0045 HTTP 409; trying next connector
2026-07-02 00:58:55,433 INFO o.a.j.p.j.s.J.Full charging journey with SSE: [electrahub-jmeter][full][041] http POST /payment/api/v1/payment/wallet/topups status=201 elapsedMs=59
2026-07-02 00:58:55,434 INFO o.a.j.p.j.s.J.Full charging journey with SSE: [electrahub-jmeter][full][041] step=payment state after setup
2026-07-02 00:58:55,492 INFO o.a.j.p.j.s.J.Full charging journey with SSE: [electrahub-jmeter][full][041] http GET /payment/api/v1/payment/state status=200 elapsedMs=57
2026-07-02 00:58:55,492 INFO o.a.j.p.j.s.J.Full charging journey with SSE: [electrahub-jmeter][full][041] payment ready wallet=120.00
2026-07-02 00:58:55,493 INFO o.a.j.p.j.s.J.Full charging journey with SSE: [electrahub-jmeter][full][041] step=charger graphql list
2026-07-02 00:58:55,586 INFO o.a.j.p.j.s.J.Full charging journey with SSE: [electrahub-jmeter][full][041] http POST /charger/graphql status=200 elapsedMs=92
2026-07-02 00:58:55,587 INFO o.a.j.p.j.s.J.Full charging journey with SSE: [electrahub-jmeter][full][041] dynamic connector selection found no available connector; using CSV connector
2026-07-02 00:58:55,588 INFO o.a.j.p.j.s.J.Full charging journey with SSE: [electrahub-jmeter][full][041] step=charger graphql view
2026-07-02 00:58:55,664 INFO o.a.j.p.j.s.J.Full charging journey with SSE: [electrahub-jmeter][full][041] http POST /charger/graphql status=200 elapsedMs=75
2026-07-02 00:58:55,665 INFO o.a.j.p.j.s.J.Full charging journey with SSE: [electrahub-jmeter][full][041] step=payment state before start
2026-07-02 00:58:55,722 INFO o.a.j.p.j.s.J.Full charging journey with SSE: [electrahub-jmeter][full][041] http GET /payment/api/v1/payment/state status=200 elapsedMs=56
2026-07-02 00:58:55,724 INFO o.a.j.p.j.s.J.Full charging journey with SSE: [electrahub-jmeter][full][041] using connector csv fallback attempts=10 startIndex=41/100
2026-07-02 00:58:55,725 INFO o.a.j.p.j.s.J.Full charging journey with SSE: [electrahub-jmeter][full][041] step=start charging attempt 1
2026-07-02 00:58:55,794 INFO o.a.j.p.j.s.J.Full charging journey with SSE: [electrahub-jmeter][full][041] http POST /session/api/v1/sessions/start status=409 elapsedMs=68
2026-07-02 00:58:55,795 INFO o.a.j.p.j.s.J.Full charging journey with SSE: [electrahub-jmeter][full][041] start skipped EH-US-CHG-0041/CON-US-0041 HTTP 409; trying next connector
2026-07-02 00:58:56,396 INFO o.a.j.p.j.s.J.Full charging journey with SSE: [electrahub-jmeter][full][040] step=start charging attempt 7
2026-07-02 00:58:56,470 INFO o.a.j.p.j.s.J.Full charging journey with SSE: [electrahub-jmeter][full][040] http POST /session/api/v1/sessions/start status=409 elapsedMs=72
2026-07-02 00:58:56,471 INFO o.a.j.p.j.s.J.Full charging journey with SSE: [electrahub-jmeter][full][040] start skipped EH-US-CHG-0046/CON-US-0046 HTTP 409; trying next connector
2026-07-02 00:58:56,798 INFO o.a.j.p.j.s.J.Full charging journey with SSE: [electrahub-jmeter][full][041] step=start charging attempt 2
2026-07-02 00:58:56,863 INFO o.a.j.p.j.s.J.Full charging journey with SSE: [electrahub-jmeter][full][041] http POST /session/api/v1/sessions/start status=409 elapsedMs=65
2026-07-02 00:58:56,865 INFO o.a.j.p.j.s.J.Full charging journey with SSE: [electrahub-jmeter][full][041] start skipped EH-US-CHG-0042/CON-US-0042 HTTP 409; trying next connector
2026-07-02 00:58:57,472 INFO o.a.j.p.j.s.J.Full charging journey with SSE: [electrahub-jmeter][full][040] step=start charging attempt 8
2026-07-02 00:58:57,550 INFO o.a.j.p.j.s.J.Full charging journey with SSE: [electrahub-jmeter][full][040] http POST /session/api/v1/sessions/start status=409 elapsedMs=78
2026-07-02 00:58:57,551 INFO o.a.j.p.j.s.J.Full charging journey with SSE: [electrahub-jmeter][full][040] start skipped EH-US-CHG-0047/CON-US-0047 HTTP 409; trying next connector
2026-07-02 00:58:57,865 INFO o.a.j.p.j.s.J.Full charging journey with SSE: [electrahub-jmeter][full][041] step=start charging attempt 3
2026-07-02 00:58:57,944 INFO o.a.j.p.j.s.J.Full charging journey with SSE: [electrahub-jmeter][full][041] http POST /session/api/v1/sessions/start status=409 elapsedMs=76
2026-07-02 00:58:57,945 INFO o.a.j.p.j.s.J.Full charging journey with SSE: [electrahub-jmeter][full][041] start skipped EH-US-CHG-0043/CON-US-0043 HTTP 409; trying next connector
2026-07-02 00:58:58,551 INFO o.a.j.p.j.s.J.Full charging journey with SSE: [electrahub-jmeter][full][040] step=start charging attempt 9
2026-07-02 00:58:58,620 INFO o.a.j.p.j.s.J.Full charging journey with SSE: [electrahub-jmeter][full][040] http POST /session/api/v1/sessions/start status=409 elapsedMs=68
2026-07-02 00:58:58,623 INFO o.a.j.p.j.s.J.Full charging journey with SSE: [electrahub-jmeter][full][040] start skipped EH-US-CHG-0048/CON-US-0048 HTTP 409; trying next connector
2026-07-02 00:58:58,946 INFO o.a.j.p.j.s.J.Full charging journey with SSE: [electrahub-jmeter][full][041] step=start charging attempt 4
2026-07-02 00:58:59,024 INFO o.a.j.p.j.s.J.Full charging journey with SSE: [electrahub-jmeter][full][041] http POST /session/api/v1/sessions/start status=409 elapsedMs=75
2026-07-02 00:58:59,024 INFO o.a.j.p.j.s.J.Full charging journey with SSE: [electrahub-jmeter][full][041] start skipped EH-US-CHG-0044/CON-US-0044 HTTP 409; trying next connector
2026-07-02 00:58:59,541 INFO o.a.j.t.JMeterThread: Thread started: 100 driver charging journeys 1-42
2026-07-02 00:58:59,546 INFO o.a.j.p.j.s.J.Full charging journey with SSE: [electrahub-jmeter][full][042] step=register
2026-07-02 00:58:59,624 INFO o.a.j.p.j.s.J.Full charging journey with SSE: [electrahub-jmeter][full][040] step=start charging attempt 10
2026-07-02 00:58:59,738 INFO o.a.j.p.j.s.J.Full charging journey with SSE: [electrahub-jmeter][full][042] http POST /auth/api/auth/register status=200 elapsedMs=191
2026-07-02 00:58:59,739 INFO o.a.j.p.j.s.J.Full charging journey with SSE: [electrahub-jmeter][full][042] registered uid=f1e4fe76-865d-4388-b60c-c6989ef0a71d
2026-07-02 00:58:59,747 INFO o.a.j.p.j.s.J.Full charging journey with SSE: [electrahub-jmeter][full][042] step=payment state before setup
2026-07-02 00:58:59,810 INFO o.a.j.p.j.s.J.Full charging journey with SSE: [electrahub-jmeter][full][042] http GET /payment/api/v1/payment/state status=451 elapsedMs=62
2026-07-02 00:58:59,811 INFO o.a.j.p.j.s.J.Full charging journey with SSE: [electrahub-jmeter][full][042] step=accept terms
2026-07-02 00:58:59,856 INFO o.a.j.p.j.s.J.Full charging journey with SSE: [electrahub-jmeter][full][040] http POST /session/api/v1/sessions/start status=201 elapsedMs=231
2026-07-02 00:58:59,857 INFO o.a.j.p.j.s.J.Full charging journey with SSE: [electrahub-jmeter][full][040] started session=a5c69489-c4c1-4676-bc66-611a6348add6 charger=EH-US-CHG-0049/CON-US-0049 status=PREPARING remote=Accepted attempt=10/10
2026-07-02 00:58:59,858 INFO o.a.j.p.j.s.J.Full charging journey with SSE: [electrahub-jmeter][full][040] step=active sessions
2026-07-02 00:58:59,874 INFO o.a.j.p.j.s.J.Full charging journey with SSE: [electrahub-jmeter][full][042] http POST /auth/api/terms/accept status=201 elapsedMs=62
2026-07-02 00:58:59,874 INFO o.a.j.p.j.s.J.Full charging journey with SSE: [electrahub-jmeter][full][042] accepted terms; refreshing token through login
2026-07-02 00:58:59,875 INFO o.a.j.p.j.s.J.Full charging journey with SSE: [electrahub-jmeter][full][042] step=login
2026-07-02 00:59:00,017 INFO o.a.j.p.j.s.J.Full charging journey with SSE: [electrahub-jmeter][full][042] http POST /auth/api/auth/login status=200 elapsedMs=142
2026-07-02 00:59:00,018 INFO o.a.j.p.j.s.J.Full charging journey with SSE: [electrahub-jmeter][full][042] logged in uid=f1e4fe76-865d-4388-b60c-c6989ef0a71d
2026-07-02 00:59:00,019 INFO o.a.j.p.j.s.J.Full charging journey with SSE: [electrahub-jmeter][full][042] step=payment state after terms
2026-07-02 00:59:00,025 INFO o.a.j.p.j.s.J.Full charging journey with SSE: [electrahub-jmeter][full][041] step=start charging attempt 5
2026-07-02 00:59:00,078 INFO o.a.j.p.j.s.J.Full charging journey with SSE: [electrahub-jmeter][full][042] http GET /payment/api/v1/payment/state status=200 elapsedMs=59
2026-07-02 00:59:00,079 INFO o.a.j.p.j.s.J.Full charging journey with SSE: [electrahub-jmeter][full][042] step=add card
2026-07-02 00:59:00,144 INFO o.a.j.p.j.s.J.Full charging journey with SSE: [electrahub-jmeter][full][042] http POST /payment/api/v1/payment/cards status=201 elapsedMs=65
2026-07-02 00:59:00,145 INFO o.a.j.p.j.s.J.Full charging journey with SSE: [electrahub-jmeter][full][042] step=wallet topup
2026-07-02 00:59:00,152 INFO o.a.j.p.j.s.J.Full charging journey with SSE: [electrahub-jmeter][full][041] http POST /session/api/v1/sessions/start status=409 elapsedMs=79
2026-07-02 00:59:00,153 INFO o.a.j.p.j.s.J.Full charging journey with SSE: [electrahub-jmeter][full][041] start skipped EH-US-CHG-0045/CON-US-0045 HTTP 409; trying next connector
2026-07-02 00:59:00,205 INFO o.a.j.p.j.s.J.Full charging journey with SSE: [electrahub-jmeter][full][042] http POST /payment/api/v1/payment/wallet/topups status=201 elapsedMs=59
2026-07-02 00:59:00,205 INFO o.a.j.p.j.s.J.Full charging journey with SSE: [electrahub-jmeter][full][042] step=payment state after setup
2026-07-02 00:59:00,261 INFO o.a.j.p.j.s.J.Full charging journey with SSE: [electrahub-jmeter][full][042] http GET /payment/api/v1/payment/state status=200 elapsedMs=55
2026-07-02 00:59:00,262 INFO o.a.j.p.j.s.J.Full charging journey with SSE: [electrahub-jmeter][full][042] payment ready wallet=120.00
2026-07-02 00:59:00,262 INFO o.a.j.p.j.s.J.Full charging journey with SSE: [electrahub-jmeter][full][042] step=charger graphql list
2026-07-02 00:59:00,355 INFO o.a.j.p.j.s.J.Full charging journey with SSE: [electrahub-jmeter][full][042] http POST /charger/graphql status=200 elapsedMs=92
2026-07-02 00:59:00,356 INFO o.a.j.p.j.s.J.Full charging journey with SSE: [electrahub-jmeter][full][042] dynamic connector selection found no available connector; using CSV connector
2026-07-02 00:59:00,357 INFO o.a.j.p.j.s.J.Full charging journey with SSE: [electrahub-jmeter][full][042] step=charger graphql view
2026-07-02 00:59:00,426 INFO o.a.j.p.j.s.J.Full charging journey with SSE: [electrahub-jmeter][full][042] http POST /charger/graphql status=200 elapsedMs=69
2026-07-02 00:59:00,427 INFO o.a.j.p.j.s.J.Full charging journey with SSE: [electrahub-jmeter][full][042] step=payment state before start
2026-07-02 00:59:00,489 INFO o.a.j.p.j.s.J.Full charging journey with SSE: [electrahub-jmeter][full][042] http GET /payment/api/v1/payment/state status=200 elapsedMs=61
2026-07-02 00:59:00,495 INFO o.a.j.p.j.s.J.Full charging journey with SSE: [electrahub-jmeter][full][042] using connector csv fallback attempts=10 startIndex=42/100
2026-07-02 00:59:00,496 INFO o.a.j.p.j.s.J.Full charging journey with SSE: [electrahub-jmeter][full][042] step=start charging attempt 1
2026-07-02 00:59:00,564 INFO o.a.j.p.j.s.J.Full charging journey with SSE: [electrahub-jmeter][full][042] http POST /session/api/v1/sessions/start status=409 elapsedMs=67
2026-07-02 00:59:00,565 INFO o.a.j.p.j.s.J.Full charging journey with SSE: [electrahub-jmeter][full][042] start skipped EH-US-CHG-0042/CON-US-0042 HTTP 409; trying next connector
2026-07-02 00:59:00,859 INFO o.a.j.p.j.s.J.Full charging journey with SSE: [electrahub-jmeter][full][040] http GET /session/api/v1/sessions/active status=200 elapsedMs=1001
2026-07-02 00:59:01,154 INFO o.a.j.p.j.s.J.Full charging journey with SSE: [electrahub-jmeter][full][041] step=start charging attempt 6
2026-07-02 00:59:01,220 INFO o.a.j.p.j.s.J.Full charging journey with SSE: [electrahub-jmeter][full][041] http POST /session/api/v1/sessions/start status=409 elapsedMs=65
2026-07-02 00:59:01,220 INFO o.a.j.p.j.s.J.Full charging journey with SSE: [electrahub-jmeter][full][041] start skipped EH-US-CHG-0046/CON-US-0046 HTTP 409; trying next connector
2026-07-02 00:59:01,566 INFO o.a.j.p.j.s.J.Full charging journey with SSE: [electrahub-jmeter][full][042] step=start charging attempt 2
2026-07-02 00:59:01,629 INFO o.a.j.p.j.s.J.Full charging journey with SSE: [electrahub-jmeter][full][042] http POST /session/api/v1/sessions/start status=409 elapsedMs=62
2026-07-02 00:59:01,630 INFO o.a.j.p.j.s.J.Full charging journey with SSE: [electrahub-jmeter][full][042] start skipped EH-US-CHG-0043/CON-US-0043 HTTP 409; trying next connector
2026-07-02 00:59:02,221 INFO o.a.j.p.j.s.J.Full charging journey with SSE: [electrahub-jmeter][full][041] step=start charging attempt 7
2026-07-02 00:59:02,300 INFO o.a.j.p.j.s.J.Full charging journey with SSE: [electrahub-jmeter][full][041] http POST /session/api/v1/sessions/start status=409 elapsedMs=77
2026-07-02 00:59:02,301 INFO o.a.j.p.j.s.J.Full charging journey with SSE: [electrahub-jmeter][full][041] start skipped EH-US-CHG-0047/CON-US-0047 HTTP 409; trying next connector
2026-07-02 00:59:02,631 INFO o.a.j.p.j.s.J.Full charging journey with SSE: [electrahub-jmeter][full][042] step=start charging attempt 3
2026-07-02 00:59:02,704 INFO o.a.j.p.j.s.J.Full charging journey with SSE: [electrahub-jmeter][full][042] http POST /session/api/v1/sessions/start status=409 elapsedMs=71
2026-07-02 00:59:02,704 INFO o.a.j.p.j.s.J.Full charging journey with SSE: [electrahub-jmeter][full][042] start skipped EH-US-CHG-0044/CON-US-0044 HTTP 409; trying next connector
2026-07-02 00:59:03,302 INFO o.a.j.p.j.s.J.Full charging journey with SSE: [electrahub-jmeter][full][041] step=start charging attempt 8
2026-07-02 00:59:03,380 INFO o.a.j.p.j.s.J.Full charging journey with SSE: [electrahub-jmeter][full][041] http POST /session/api/v1/sessions/start status=409 elapsedMs=76
2026-07-02 00:59:03,380 INFO o.a.j.p.j.s.J.Full charging journey with SSE: [electrahub-jmeter][full][041] start skipped EH-US-CHG-0048/CON-US-0048 HTTP 409; trying next connector
2026-07-02 00:59:03,705 INFO o.a.j.p.j.s.J.Full charging journey with SSE: [electrahub-jmeter][full][042] step=start charging attempt 4
2026-07-02 00:59:03,788 INFO o.a.j.p.j.s.J.Full charging journey with SSE: [electrahub-jmeter][full][042] http POST /session/api/v1/sessions/start status=409 elapsedMs=82
2026-07-02 00:59:03,789 INFO o.a.j.p.j.s.J.Full charging journey with SSE: [electrahub-jmeter][full][042] start skipped EH-US-CHG-0045/CON-US-0045 HTTP 409; trying next connector
2026-07-02 00:59:04,381 INFO o.a.j.p.j.s.J.Full charging journey with SSE: [electrahub-jmeter][full][041] step=start charging attempt 9
2026-07-02 00:59:04,451 INFO o.a.j.p.j.s.J.Full charging journey with SSE: [electrahub-jmeter][full][041] http POST /session/api/v1/sessions/start status=409 elapsedMs=69
2026-07-02 00:59:04,452 INFO o.a.j.p.j.s.J.Full charging journey with SSE: [electrahub-jmeter][full][041] start skipped EH-US-CHG-0049/CON-US-0049 HTTP 409; trying next connector
2026-07-02 00:59:04,789 INFO o.a.j.p.j.s.J.Full charging journey with SSE: [electrahub-jmeter][full][042] step=start charging attempt 5
2026-07-02 00:59:04,874 INFO o.a.j.p.j.s.J.Full charging journey with SSE: [electrahub-jmeter][full][042] http POST /session/api/v1/sessions/start status=409 elapsedMs=83
2026-07-02 00:59:04,875 INFO o.a.j.p.j.s.J.Full charging journey with SSE: [electrahub-jmeter][full][042] start skipped EH-US-CHG-0046/CON-US-0046 HTTP 409; trying next connector
2026-07-02 00:59:05,453 INFO o.a.j.p.j.s.J.Full charging journey with SSE: [electrahub-jmeter][full][041] step=start charging attempt 10
2026-07-02 00:59:05,521 INFO o.a.j.p.j.s.J.Full charging journey with SSE: [electrahub-jmeter][full][041] http POST /session/api/v1/sessions/start status=409 elapsedMs=67
2026-07-02 00:59:05,522 ERROR o.a.j.p.j.s.J.Full charging journey with SSE: [electrahub-jmeter][full][041] failed
java.lang.IllegalStateException: start charging session failed with HTTP 409: {"timestamp":"2026-07-02T00:59:05.495849613Z","status":409,"error":"Conflict","message":"Connector is not available for charging.","path":"/api/v1/sessions/start"}
	at java.base/jdk.internal.reflect.NativeConstructorAccessorImpl.newInstance0(Native Method) ~[?:?]
	at java.base/jdk.internal.reflect.NativeConstructorAccessorImpl.newInstance(Unknown Source) ~[?:?]
	at java.base/jdk.internal.reflect.DelegatingConstructorAccessorImpl.newInstance(Unknown Source) ~[?:?]
	at java.base/java.lang.reflect.Constructor.newInstanceWithCaller(Unknown Source) ~[?:?]
	at java.base/java.lang.reflect.Constructor.newInstance(Unknown Source) ~[?:?]
	at org.codehaus.groovy.reflection.CachedConstructor.invoke(CachedConstructor.java:72) ~[groovy-3.0.20.jar:3.0.20]
	at org.codehaus.groovy.reflection.CachedConstructor.doConstructorInvoke(CachedConstructor.java:59) ~[groovy-3.0.20.jar:3.0.20]
	at org.codehaus.groovy.runtime.callsite.ConstructorSite$ConstructorSiteNoUnwrap.callConstructor(ConstructorSite.java:84) ~[groovy-3.0.20.jar:3.0.20]
	at org.codehaus.groovy.runtime.callsite.AbstractCallSite.callConstructor(AbstractCallSite.java:277) ~[groovy-3.0.20.jar:3.0.20]
	at Script1$_run_closure8.doCall(Script1.groovy:145) ~[?:?]
	at jdk.internal.reflect.GeneratedMethodAccessor26.invoke(Unknown Source) ~[?:?]
	at java.base/jdk.internal.reflect.DelegatingMethodAccessorImpl.invoke(Unknown Source) ~[?:?]
	at java.base/java.lang.reflect.Method.invoke(Unknown Source) ~[?:?]
	at org.codehaus.groovy.reflection.CachedMethod.invoke(CachedMethod.java:107) ~[groovy-3.0.20.jar:3.0.20]
	at groovy.lang.MetaMethod.doMethodInvoke(MetaMethod.java:323) ~[groovy-3.0.20.jar:3.0.20]
	at org.codehaus.groovy.runtime.metaclass.ClosureMetaClass.invokeMethod(ClosureMetaClass.java:274) ~[groovy-3.0.20.jar:3.0.20]
	at groovy.lang.MetaClassImpl.invokeMethod(MetaClassImpl.java:1030) ~[groovy-3.0.20.jar:3.0.20]
	at org.codehaus.groovy.runtime.callsite.PogoMetaClassSite.call(PogoMetaClassSite.java:38) ~[groovy-3.0.20.jar:3.0.20]
	at org.codehaus.groovy.runtime.callsite.AbstractCallSite.call(AbstractCallSite.java:157) ~[groovy-3.0.20.jar:3.0.20]
	at Script1$_run_closure15.doCall(Script1.groovy:423) ~[?:?]
	at jdk.internal.reflect.GeneratedMethodAccessor67.invoke(Unknown Source) ~[?:?]
	at java.base/jdk.internal.reflect.DelegatingMethodAccessorImpl.invoke(Unknown Source) ~[?:?]
	at java.base/java.lang.reflect.Method.invoke(Unknown Source) ~[?:?]
	at org.codehaus.groovy.reflection.CachedMethod.invoke(CachedMethod.java:107) ~[groovy-3.0.20.jar:3.0.20]
	at groovy.lang.MetaMethod.doMethodInvoke(MetaMethod.java:323) ~[groovy-3.0.20.jar:3.0.20]
	at org.codehaus.groovy.runtime.metaclass.ClosureMetaClass.invokeMethod(ClosureMetaClass.java:274) ~[groovy-3.0.20.jar:3.0.20]
	at groovy.lang.MetaClassImpl.invokeMethod(MetaClassImpl.java:1030) ~[groovy-3.0.20.jar:3.0.20]
	at org.codehaus.groovy.runtime.callsite.PogoMetaClassSite.call(PogoMetaClassSite.java:38) ~[groovy-3.0.20.jar:3.0.20]
	at org.codehaus.groovy.runtime.callsite.AbstractCallSite.call(AbstractCallSite.java:139) [groovy-3.0.20.jar:3.0.20]
	at Script1.run(Script1.groovy:553) [script:?]
	at org.codehaus.groovy.jsr223.GroovyScriptEngineImpl.eval(GroovyScriptEngineImpl.java:317) [groovy-jsr223-3.0.20.jar:3.0.20]
	at org.codehaus.groovy.jsr223.GroovyCompiledScript.eval(GroovyCompiledScript.java:71) [groovy-jsr223-3.0.20.jar:3.0.20]
	at java.scripting/javax.script.CompiledScript.eval(Unknown Source) [java.scripting:?]
	at org.apache.jmeter.util.JSR223TestElement.processFileOrScript(JSR223TestElement.java:216) [ApacheJMeter_core.jar:5.6.3]
	at org.apache.jmeter.protocol.java.sampler.JSR223Sampler.sample(JSR223Sampler.java:72) [ApacheJMeter_java.jar:5.6.3]
	at org.apache.jmeter.threads.JMeterThread.doSampling(JMeterThread.java:651) [ApacheJMeter_core.jar:5.6.3]
	at org.apache.jmeter.threads.JMeterThread.executeSamplePackage(JMeterThread.java:570) [ApacheJMeter_core.jar:5.6.3]
	at org.apache.jmeter.threads.JMeterThread.processSampler(JMeterThread.java:501) [ApacheJMeter_core.jar:5.6.3]
	at org.apache.jmeter.threads.JMeterThread.run(JMeterThread.java:268) [ApacheJMeter_core.jar:5.6.3]
	at java.base/java.lang.Thread.run(Unknown Source) [?:?]
2026-07-02 00:59:05,524 ERROR o.a.j.p.j.s.JSR223Sampler: Problem in JSR223 script Full charging journey with SSE, message: javax.script.ScriptException: java.lang.IllegalStateException: start charging session failed with HTTP 409: {"timestamp":"2026-07-02T00:59:05.495849613Z","status":409,"error":"Conflict","message":"Connector is not available for charging.","path":"/api/v1/sessions/start"}
javax.script.ScriptException: java.lang.IllegalStateException: start charging session failed with HTTP 409: {"timestamp":"2026-07-02T00:59:05.495849613Z","status":409,"error":"Conflict","message":"Connector is not available for charging.","path":"/api/v1/sessions/start"}
	at org.codehaus.groovy.jsr223.GroovyScriptEngineImpl.eval(GroovyScriptEngineImpl.java:320) ~[groovy-jsr223-3.0.20.jar:3.0.20]
	at org.codehaus.groovy.jsr223.GroovyCompiledScript.eval(GroovyCompiledScript.java:71) ~[groovy-jsr223-3.0.20.jar:3.0.20]
	at java.scripting/javax.script.CompiledScript.eval(Unknown Source) ~[java.scripting:?]
	at org.apache.jmeter.util.JSR223TestElement.processFileOrScript(JSR223TestElement.java:216) ~[ApacheJMeter_core.jar:5.6.3]
	at org.apache.jmeter.protocol.java.sampler.JSR223Sampler.sample(JSR223Sampler.java:72) [ApacheJMeter_java.jar:5.6.3]
	at org.apache.jmeter.threads.JMeterThread.doSampling(JMeterThread.java:651) [ApacheJMeter_core.jar:5.6.3]
	at org.apache.jmeter.threads.JMeterThread.executeSamplePackage(JMeterThread.java:570) [ApacheJMeter_core.jar:5.6.3]
	at org.apache.jmeter.threads.JMeterThread.processSampler(JMeterThread.java:501) [ApacheJMeter_core.jar:5.6.3]
	at org.apache.jmeter.threads.JMeterThread.run(JMeterThread.java:268) [ApacheJMeter_core.jar:5.6.3]
	at java.base/java.lang.Thread.run(Unknown Source) [?:?]
Caused by: java.lang.IllegalStateException: start charging session failed with HTTP 409: {"timestamp":"2026-07-02T00:59:05.495849613Z","status":409,"error":"Conflict","message":"Connector is not available for charging.","path":"/api/v1/sessions/start"}
	at java.base/jdk.internal.reflect.NativeConstructorAccessorImpl.newInstance0(Native Method) ~[?:?]
	at java.base/jdk.internal.reflect.NativeConstructorAccessorImpl.newInstance(Unknown Source) ~[?:?]
	at java.base/jdk.internal.reflect.DelegatingConstructorAccessorImpl.newInstance(Unknown Source) ~[?:?]
	at java.base/java.lang.reflect.Constructor.newInstanceWithCaller(Unknown Source) ~[?:?]
	at java.base/java.lang.reflect.Constructor.newInstance(Unknown Source) ~[?:?]
	at org.codehaus.groovy.reflection.CachedConstructor.invoke(CachedConstructor.java:72) ~[groovy-3.0.20.jar:3.0.20]
	at org.codehaus.groovy.reflection.CachedConstructor.doConstructorInvoke(CachedConstructor.java:59) ~[groovy-3.0.20.jar:3.0.20]
	at org.codehaus.groovy.runtime.callsite.ConstructorSite$ConstructorSiteNoUnwrap.callConstructor(ConstructorSite.java:84) ~[groovy-3.0.20.jar:3.0.20]
	at org.codehaus.groovy.runtime.callsite.AbstractCallSite.callConstructor(AbstractCallSite.java:277) ~[groovy-3.0.20.jar:3.0.20]
	at Script1$_run_closure8.doCall(Script1.groovy:145) ~[?:?]
	at jdk.internal.reflect.GeneratedMethodAccessor26.invoke(Unknown Source) ~[?:?]
	at java.base/jdk.internal.reflect.DelegatingMethodAccessorImpl.invoke(Unknown Source) ~[?:?]
	at java.base/java.lang.reflect.Method.invoke(Unknown Source) ~[?:?]
	at org.codehaus.groovy.reflection.CachedMethod.invoke(CachedMethod.java:107) ~[groovy-3.0.20.jar:3.0.20]
	at groovy.lang.MetaMethod.doMethodInvoke(MetaMethod.java:323) ~[groovy-3.0.20.jar:3.0.20]
	at org.codehaus.groovy.runtime.metaclass.ClosureMetaClass.invokeMethod(ClosureMetaClass.java:274) ~[groovy-3.0.20.jar:3.0.20]
	at groovy.lang.MetaClassImpl.invokeMethod(MetaClassImpl.java:1030) ~[groovy-3.0.20.jar:3.0.20]
	at org.codehaus.groovy.runtime.callsite.PogoMetaClassSite.call(PogoMetaClassSite.java:38) ~[groovy-3.0.20.jar:3.0.20]
	at org.codehaus.groovy.runtime.callsite.AbstractCallSite.call(AbstractCallSite.java:157) ~[groovy-3.0.20.jar:3.0.20]
	at Script1$_run_closure15.doCall(Script1.groovy:423) ~[?:?]
	at jdk.internal.reflect.GeneratedMethodAccessor67.invoke(Unknown Source) ~[?:?]
	at java.base/jdk.internal.reflect.DelegatingMethodAccessorImpl.invoke(Unknown Source) ~[?:?]
	at java.base/java.lang.reflect.Method.invoke(Unknown Source) ~[?:?]
	at org.codehaus.groovy.reflection.CachedMethod.invoke(CachedMethod.java:107) ~[groovy-3.0.20.jar:3.0.20]
	at groovy.lang.MetaMethod.doMethodInvoke(MetaMethod.java:323) ~[groovy-3.0.20.jar:3.0.20]
	at org.codehaus.groovy.runtime.metaclass.ClosureMetaClass.invokeMethod(ClosureMetaClass.java:274) ~[groovy-3.0.20.jar:3.0.20]
	at groovy.lang.MetaClassImpl.invokeMethod(MetaClassImpl.java:1030) ~[groovy-3.0.20.jar:3.0.20]
	at org.codehaus.groovy.runtime.callsite.PogoMetaClassSite.call(PogoMetaClassSite.java:38) ~[groovy-3.0.20.jar:3.0.20]
	at org.codehaus.groovy.runtime.callsite.AbstractCallSite.call(AbstractCallSite.java:139) ~[groovy-3.0.20.jar:3.0.20]
	at Script1.run(Script1.groovy:553) ~[?:?]
	at org.codehaus.groovy.jsr223.GroovyScriptEngineImpl.eval(GroovyScriptEngineImpl.java:317) ~[groovy-jsr223-3.0.20.jar:3.0.20]
	... 9 more
2026-07-02 00:59:05,526 INFO o.a.j.r.Summariser: summary +      4 in 00:00:33 =    0.1/s Avg: 97328 Min: 10762 Max: 127194 Err:     1 (25.00%) Active: 16 Started: 42 Finished: 26
2026-07-02 00:59:05,526 INFO o.a.j.r.Summariser: summary =     27 in 00:04:12 =    0.1/s Avg: 87840 Min: 10749 Max: 128160 Err:     9 (33.33%)
2026-07-02 00:59:05,527 INFO o.a.j.t.JMeterThread: Thread is done: 100 driver charging journeys 1-41
2026-07-02 00:59:05,528 INFO o.a.j.t.JMeterThread: Thread finished: 100 driver charging journeys 1-41
2026-07-02 00:59:05,541 INFO o.a.j.t.JMeterThread: Thread started: 100 driver charging journeys 1-43
2026-07-02 00:59:05,546 INFO o.a.j.p.j.s.J.Full charging journey with SSE: [electrahub-jmeter][full][043] step=register
2026-07-02 00:59:05,738 INFO o.a.j.p.j.s.J.Full charging journey with SSE: [electrahub-jmeter][full][043] http POST /auth/api/auth/register status=200 elapsedMs=191
2026-07-02 00:59:05,739 INFO o.a.j.p.j.s.J.Full charging journey with SSE: [electrahub-jmeter][full][043] registered uid=af2e50c0-56cf-45c8-a29d-8c47e728423e
2026-07-02 00:59:05,747 INFO o.a.j.p.j.s.J.Full charging journey with SSE: [electrahub-jmeter][full][043] step=payment state before setup
2026-07-02 00:59:05,803 INFO o.a.j.p.j.s.J.Full charging journey with SSE: [electrahub-jmeter][full][043] http GET /payment/api/v1/payment/state status=451 elapsedMs=55
2026-07-02 00:59:05,804 INFO o.a.j.p.j.s.J.Full charging journey with SSE: [electrahub-jmeter][full][043] step=accept terms
2026-07-02 00:59:05,863 INFO o.a.j.p.j.s.J.Full charging journey with SSE: [electrahub-jmeter][full][043] http POST /auth/api/terms/accept status=201 elapsedMs=58
2026-07-02 00:59:05,865 INFO o.a.j.p.j.s.J.Full charging journey with SSE: [electrahub-jmeter][full][043] accepted terms; refreshing token through login
2026-07-02 00:59:05,866 INFO o.a.j.p.j.s.J.Full charging journey with SSE: [electrahub-jmeter][full][043] step=login
2026-07-02 00:59:05,876 INFO o.a.j.p.j.s.J.Full charging journey with SSE: [electrahub-jmeter][full][042] step=start charging attempt 6
2026-07-02 00:59:06,007 INFO o.a.j.p.j.s.J.Full charging journey with SSE: [electrahub-jmeter][full][042] http POST /session/api/v1/sessions/start status=409 elapsedMs=79
2026-07-02 00:59:06,008 INFO o.a.j.p.j.s.J.Full charging journey with SSE: [electrahub-jmeter][full][042] start skipped EH-US-CHG-0047/CON-US-0047 HTTP 409; trying next connector
2026-07-02 00:59:06,014 INFO o.a.j.p.j.s.J.Full charging journey with SSE: [electrahub-jmeter][full][043] http POST /auth/api/auth/login status=200 elapsedMs=147
2026-07-02 00:59:06,015 INFO o.a.j.p.j.s.J.Full charging journey with SSE: [electrahub-jmeter][full][043] logged in uid=af2e50c0-56cf-45c8-a29d-8c47e728423e
2026-07-02 00:59:06,016 INFO o.a.j.p.j.s.J.Full charging journey with SSE: [electrahub-jmeter][full][043] step=payment state after terms
2026-07-02 00:59:06,078 INFO o.a.j.p.j.s.J.Full charging journey with SSE: [electrahub-jmeter][full][043] http GET /payment/api/v1/payment/state status=200 elapsedMs=62
2026-07-02 00:59:06,079 INFO o.a.j.p.j.s.J.Full charging journey with SSE: [electrahub-jmeter][full][043] step=add card
2026-07-02 00:59:06,136 INFO o.a.j.p.j.s.J.Full charging journey with SSE: [electrahub-jmeter][full][043] http POST /payment/api/v1/payment/cards status=201 elapsedMs=56
2026-07-02 00:59:06,137 INFO o.a.j.p.j.s.J.Full charging journey with SSE: [electrahub-jmeter][full][043] step=wallet topup
2026-07-02 00:59:06,203 INFO o.a.j.p.j.s.J.Full charging journey with SSE: [electrahub-jmeter][full][043] http POST /payment/api/v1/payment/wallet/topups status=201 elapsedMs=65
2026-07-02 00:59:06,204 INFO o.a.j.p.j.s.J.Full charging journey with SSE: [electrahub-jmeter][full][043] step=payment state after setup
2026-07-02 00:59:06,264 INFO o.a.j.p.j.s.J.Full charging journey with SSE: [electrahub-jmeter][full][043] http GET /payment/api/v1/payment/state status=200 elapsedMs=59
2026-07-02 00:59:06,265 INFO o.a.j.p.j.s.J.Full charging journey with SSE: [electrahub-jmeter][full][043] payment ready wallet=120.00
2026-07-02 00:59:06,266 INFO o.a.j.p.j.s.J.Full charging journey with SSE: [electrahub-jmeter][full][043] step=charger graphql list
2026-07-02 00:59:06,365 INFO o.a.j.p.j.s.J.Full charging journey with SSE: [electrahub-jmeter][full][043] http POST /charger/graphql status=200 elapsedMs=99
2026-07-02 00:59:06,366 INFO o.a.j.p.j.s.J.Full charging journey with SSE: [electrahub-jmeter][full][043] dynamic connector selection found no available connector; using CSV connector
2026-07-02 00:59:06,367 INFO o.a.j.p.j.s.J.Full charging journey with SSE: [electrahub-jmeter][full][043] step=charger graphql view
2026-07-02 00:59:06,435 INFO o.a.j.p.j.s.J.Full charging journey with SSE: [electrahub-jmeter][full][043] http POST /charger/graphql status=200 elapsedMs=67
2026-07-02 00:59:06,435 INFO o.a.j.p.j.s.J.Full charging journey with SSE: [electrahub-jmeter][full][043] step=payment state before start
2026-07-02 00:59:06,493 INFO o.a.j.p.j.s.J.Full charging journey with SSE: [electrahub-jmeter][full][043] http GET /payment/api/v1/payment/state status=200 elapsedMs=57
2026-07-02 00:59:06,496 INFO o.a.j.p.j.s.J.Full charging journey with SSE: [electrahub-jmeter][full][043] using connector csv fallback attempts=10 startIndex=43/100
2026-07-02 00:59:06,496 INFO o.a.j.p.j.s.J.Full charging journey with SSE: [electrahub-jmeter][full][043] step=start charging attempt 1
2026-07-02 00:59:06,560 INFO o.a.j.p.j.s.J.Full charging journey with SSE: [electrahub-jmeter][full][043] http POST /session/api/v1/sessions/start status=409 elapsedMs=63
2026-07-02 00:59:06,560 INFO o.a.j.p.j.s.J.Full charging journey with SSE: [electrahub-jmeter][full][043] start skipped EH-US-CHG-0043/CON-US-0043 HTTP 409; trying next connector
2026-07-02 00:59:07,009 INFO o.a.j.p.j.s.J.Full charging journey with SSE: [electrahub-jmeter][full][042] step=start charging attempt 7
2026-07-02 00:59:07,073 INFO o.a.j.p.j.s.J.Full charging journey with SSE: [electrahub-jmeter][full][042] http POST /session/api/v1/sessions/start status=409 elapsedMs=63
2026-07-02 00:59:07,074 INFO o.a.j.p.j.s.J.Full charging journey with SSE: [electrahub-jmeter][full][042] start skipped EH-US-CHG-0048/CON-US-0048 HTTP 409; trying next connector
2026-07-02 00:59:07,561 INFO o.a.j.p.j.s.J.Full charging journey with SSE: [electrahub-jmeter][full][043] step=start charging attempt 2
2026-07-02 00:59:07,633 INFO o.a.j.p.j.s.J.Full charging journey with SSE: [electrahub-jmeter][full][043] http POST /session/api/v1/sessions/start status=409 elapsedMs=71
2026-07-02 00:59:07,634 INFO o.a.j.p.j.s.J.Full charging journey with SSE: [electrahub-jmeter][full][043] start skipped EH-US-CHG-0044/CON-US-0044 HTTP 409; trying next connector
2026-07-02 00:59:08,075 INFO o.a.j.p.j.s.J.Full charging journey with SSE: [electrahub-jmeter][full][042] step=start charging attempt 8
2026-07-02 00:59:08,139 INFO o.a.j.p.j.s.J.Full charging journey with SSE: [electrahub-jmeter][full][042] http POST /session/api/v1/sessions/start status=409 elapsedMs=63
2026-07-02 00:59:08,140 INFO o.a.j.p.j.s.J.Full charging journey with SSE: [electrahub-jmeter][full][042] start skipped EH-US-CHG-0049/CON-US-0049 HTTP 409; trying next connector
2026-07-02 00:59:08,635 INFO o.a.j.p.j.s.J.Full charging journey with SSE: [electrahub-jmeter][full][043] step=start charging attempt 3
2026-07-02 00:59:08,712 INFO o.a.j.p.j.s.J.Full charging journey with SSE: [electrahub-jmeter][full][043] http POST /session/api/v1/sessions/start status=409 elapsedMs=76
2026-07-02 00:59:08,712 INFO o.a.j.p.j.s.J.Full charging journey with SSE: [electrahub-jmeter][full][043] start skipped EH-US-CHG-0045/CON-US-0045 HTTP 409; trying next connector
2026-07-02 00:59:08,925 INFO o.a.j.p.j.s.J.Full charging journey with SSE: [electrahub-jmeter][full][031] sse ok connected=1 snapshot=2 updates=23 receipts=0 heartbeats=0
2026-07-02 00:59:08,926 INFO o.a.j.p.j.s.J.Full charging journey with SSE: [electrahub-jmeter][full][031] holding session for 45s before stop
2026-07-02 00:59:09,141 INFO o.a.j.p.j.s.J.Full charging journey with SSE: [electrahub-jmeter][full][042] step=start charging attempt 9
2026-07-02 00:59:09,206 INFO o.a.j.p.j.s.J.Full charging journey with SSE: [electrahub-jmeter][full][042] http POST /session/api/v1/sessions/start status=409 elapsedMs=63
2026-07-02 00:59:09,207 INFO o.a.j.p.j.s.J.Full charging journey with SSE: [electrahub-jmeter][full][042] start skipped EH-US-CHG-0050/CON-US-0050 HTTP 409; trying next connector
2026-07-02 00:59:09,524 INFO o.a.j.p.j.s.J.Full charging journey with SSE: [electrahub-jmeter][full][023] step=stop charging session
2026-07-02 00:59:09,713 INFO o.a.j.p.j.s.J.Full charging journey with SSE: [electrahub-jmeter][full][043] step=start charging attempt 4
2026-07-02 00:59:09,781 INFO o.a.j.p.j.s.J.Full charging journey with SSE: [electrahub-jmeter][full][043] http POST /session/api/v1/sessions/start status=409 elapsedMs=67
2026-07-02 00:59:09,782 INFO o.a.j.p.j.s.J.Full charging journey with SSE: [electrahub-jmeter][full][043] start skipped EH-US-CHG-0046/CON-US-0046 HTTP 409; trying next connector
2026-07-02 00:59:10,208 INFO o.a.j.p.j.s.J.Full charging journey with SSE: [electrahub-jmeter][full][042] step=start charging attempt 10
2026-07-02 00:59:10,783 INFO o.a.j.p.j.s.J.Full charging journey with SSE: [electrahub-jmeter][full][043] step=start charging attempt 5
2026-07-02 00:59:10,917 INFO o.a.j.p.j.s.J.Full charging journey with SSE: [electrahub-jmeter][full][043] http POST /session/api/v1/sessions/start status=409 elapsedMs=95
2026-07-02 00:59:10,920 INFO o.a.j.p.j.s.J.Full charging journey with SSE: [electrahub-jmeter][full][043] start skipped EH-US-CHG-0047/CON-US-0047 HTTP 409; trying next connector
2026-07-02 00:59:10,947 INFO o.a.j.p.j.s.J.Full charging journey with SSE: [electrahub-jmeter][full][042] http POST /session/api/v1/sessions/start status=201 elapsedMs=738
2026-07-02 00:59:10,948 INFO o.a.j.p.j.s.J.Full charging journey with SSE: [electrahub-jmeter][full][042] started session=e6ce4a88-b551-4c1d-8a94-4f7423c7e78f charger=EH-US-CHG-0051/CON-US-0051 status=PREPARING remote=Accepted attempt=10/10
2026-07-02 00:59:10,948 INFO o.a.j.p.j.s.J.Full charging journey with SSE: [electrahub-jmeter][full][042] step=active sessions
2026-07-02 00:59:11,542 INFO o.a.j.t.JMeterThread: Thread started: 100 driver charging journeys 1-44
2026-07-02 00:59:11,547 INFO o.a.j.p.j.s.J.Full charging journey with SSE: [electrahub-jmeter][full][044] step=register
2026-07-02 00:59:11,734 INFO o.a.j.p.j.s.J.Full charging journey with SSE: [electrahub-jmeter][full][044] http POST /auth/api/auth/register status=200 elapsedMs=186
2026-07-02 00:59:11,735 INFO o.a.j.p.j.s.J.Full charging journey with SSE: [electrahub-jmeter][full][044] registered uid=4336bd80-a3a3-4138-8303-dbce0703f60d
2026-07-02 00:59:11,743 INFO o.a.j.p.j.s.J.Full charging journey with SSE: [electrahub-jmeter][full][044] step=payment state before setup
2026-07-02 00:59:11,801 INFO o.a.j.p.j.s.J.Full charging journey with SSE: [electrahub-jmeter][full][044] http GET /payment/api/v1/payment/state status=451 elapsedMs=58
2026-07-02 00:59:11,802 INFO o.a.j.p.j.s.J.Full charging journey with SSE: [electrahub-jmeter][full][044] step=accept terms
2026-07-02 00:59:11,863 INFO o.a.j.p.j.s.J.Full charging journey with SSE: [electrahub-jmeter][full][044] http POST /auth/api/terms/accept status=201 elapsedMs=61
2026-07-02 00:59:11,864 INFO o.a.j.p.j.s.J.Full charging journey with SSE: [electrahub-jmeter][full][044] accepted terms; refreshing token through login
2026-07-02 00:59:11,864 INFO o.a.j.p.j.s.J.Full charging journey with SSE: [electrahub-jmeter][full][044] step=login
2026-07-02 00:59:11,922 INFO o.a.j.p.j.s.J.Full charging journey with SSE: [electrahub-jmeter][full][043] step=start charging attempt 6
2026-07-02 00:59:11,953 INFO o.a.j.p.j.s.J.Full charging journey with SSE: [electrahub-jmeter][full][042] http GET /session/api/v1/sessions/active status=200 elapsedMs=1004
2026-07-02 00:59:12,030 INFO o.a.j.p.j.s.J.Full charging journey with SSE: [electrahub-jmeter][full][044] http POST /auth/api/auth/login status=200 elapsedMs=165
2026-07-02 00:59:12,032 INFO o.a.j.p.j.s.J.Full charging journey with SSE: [electrahub-jmeter][full][044] logged in uid=4336bd80-a3a3-4138-8303-dbce0703f60d
2026-07-02 00:59:12,032 INFO o.a.j.p.j.s.J.Full charging journey with SSE: [electrahub-jmeter][full][044] step=payment state after terms
2026-07-02 00:59:12,070 INFO o.a.j.p.j.s.J.Full charging journey with SSE: [electrahub-jmeter][full][043] http POST /session/api/v1/sessions/start status=409 elapsedMs=101
2026-07-02 00:59:12,073 INFO o.a.j.p.j.s.J.Full charging journey with SSE: [electrahub-jmeter][full][043] start skipped EH-US-CHG-0048/CON-US-0048 HTTP 409; trying next connector
2026-07-02 00:59:12,114 INFO o.a.j.p.j.s.J.Full charging journey with SSE: [electrahub-jmeter][full][044] http GET /payment/api/v1/payment/state status=200 elapsedMs=81
2026-07-02 00:59:12,115 INFO o.a.j.p.j.s.J.Full charging journey with SSE: [electrahub-jmeter][full][044] step=add card
2026-07-02 00:59:12,180 INFO o.a.j.p.j.s.J.Full charging journey with SSE: [electrahub-jmeter][full][044] http POST /payment/api/v1/payment/cards status=201 elapsedMs=64
2026-07-02 00:59:12,181 INFO o.a.j.p.j.s.J.Full charging journey with SSE: [electrahub-jmeter][full][044] step=wallet topup
2026-07-02 00:59:12,260 INFO o.a.j.p.j.s.J.Full charging journey with SSE: [electrahub-jmeter][full][044] http POST /payment/api/v1/payment/wallet/topups status=201 elapsedMs=78
2026-07-02 00:59:12,261 INFO o.a.j.p.j.s.J.Full charging journey with SSE: [electrahub-jmeter][full][044] step=payment state after setup
2026-07-02 00:59:12,324 INFO o.a.j.p.j.s.J.Full charging journey with SSE: [electrahub-jmeter][full][044] http GET /payment/api/v1/payment/state status=200 elapsedMs=62
2026-07-02 00:59:12,325 INFO o.a.j.p.j.s.J.Full charging journey with SSE: [electrahub-jmeter][full][044] payment ready wallet=120.00
2026-07-02 00:59:12,326 INFO o.a.j.p.j.s.J.Full charging journey with SSE: [electrahub-jmeter][full][044] step=charger graphql list
2026-07-02 00:59:12,422 INFO o.a.j.p.j.s.J.Full charging journey with SSE: [electrahub-jmeter][full][044] http POST /charger/graphql status=200 elapsedMs=96
2026-07-02 00:59:12,424 INFO o.a.j.p.j.s.J.Full charging journey with SSE: [electrahub-jmeter][full][044] dynamic connector selection found no available connector; using CSV connector
2026-07-02 00:59:12,424 INFO o.a.j.p.j.s.J.Full charging journey with SSE: [electrahub-jmeter][full][044] step=charger graphql view
2026-07-02 00:59:12,513 INFO o.a.j.p.j.s.J.Full charging journey with SSE: [electrahub-jmeter][full][044] http POST /charger/graphql status=200 elapsedMs=87
2026-07-02 00:59:12,514 INFO o.a.j.p.j.s.J.Full charging journey with SSE: [electrahub-jmeter][full][044] step=payment state before start
2026-07-02 00:59:12,571 INFO o.a.j.p.j.s.J.Full charging journey with SSE: [electrahub-jmeter][full][044] http GET /payment/api/v1/payment/state status=200 elapsedMs=57
2026-07-02 00:59:12,575 INFO o.a.j.p.j.s.J.Full charging journey with SSE: [electrahub-jmeter][full][044] using connector csv fallback attempts=10 startIndex=44/100
2026-07-02 00:59:12,576 INFO o.a.j.p.j.s.J.Full charging journey with SSE: [electrahub-jmeter][full][044] step=start charging attempt 1
2026-07-02 00:59:12,640 INFO o.a.j.p.j.s.J.Full charging journey with SSE: [electrahub-jmeter][full][044] http POST /session/api/v1/sessions/start status=409 elapsedMs=64
2026-07-02 00:59:12,640 INFO o.a.j.p.j.s.J.Full charging journey with SSE: [electrahub-jmeter][full][044] start skipped EH-US-CHG-0044/CON-US-0044 HTTP 409; trying next connector
2026-07-02 00:59:12,958 INFO o.a.j.p.j.s.J.Full charging journey with SSE: [electrahub-jmeter][full][023] http POST /session/api/v1/sessions/74431877-2dc4-473c-ba83-8b78308a600a/stop status=204 elapsedMs=3433
2026-07-02 00:59:12,959 INFO o.a.j.p.j.s.J.Full charging journey with SSE: [electrahub-jmeter][full][023] stop requested session=74431877-2dc4-473c-ba83-8b78308a600a
2026-07-02 00:59:12,959 INFO o.a.j.p.j.s.J.Full charging journey with SSE: [electrahub-jmeter][full][023] step=active sessions
2026-07-02 00:59:13,074 INFO o.a.j.p.j.s.J.Full charging journey with SSE: [electrahub-jmeter][full][043] step=start charging attempt 7
2026-07-02 00:59:13,141 INFO o.a.j.p.j.s.J.Full charging journey with SSE: [electrahub-jmeter][full][043] http POST /session/api/v1/sessions/start status=409 elapsedMs=66
2026-07-02 00:59:13,142 INFO o.a.j.p.j.s.J.Full charging journey with SSE: [electrahub-jmeter][full][043] start skipped EH-US-CHG-0049/CON-US-0049 HTTP 409; trying next connector
2026-07-02 00:59:13,579 INFO o.a.j.p.j.s.J.Full charging journey with SSE: [electrahub-jmeter][full][024] step=stop charging session
2026-07-02 00:59:13,642 INFO o.a.j.p.j.s.J.Full charging journey with SSE: [electrahub-jmeter][full][044] step=start charging attempt 2
2026-07-02 00:59:13,712 INFO o.a.j.p.j.s.J.Full charging journey with SSE: [electrahub-jmeter][full][044] http POST /session/api/v1/sessions/start status=409 elapsedMs=69
2026-07-02 00:59:13,713 INFO o.a.j.p.j.s.J.Full charging journey with SSE: [electrahub-jmeter][full][044] start skipped EH-US-CHG-0045/CON-US-0045 HTTP 409; trying next connector
2026-07-02 00:59:13,970 INFO o.a.j.p.j.s.J.Full charging journey with SSE: [electrahub-jmeter][full][023] http GET /session/api/v1/sessions/active status=200 elapsedMs=1010
2026-07-02 00:59:14,143 INFO o.a.j.p.j.s.J.Full charging journey with SSE: [electrahub-jmeter][full][043] step=start charging attempt 8
2026-07-02 00:59:14,219 INFO o.a.j.p.j.s.J.Full charging journey with SSE: [electrahub-jmeter][full][043] http POST /session/api/v1/sessions/start status=409 elapsedMs=75
2026-07-02 00:59:14,220 INFO o.a.j.p.j.s.J.Full charging journey with SSE: [electrahub-jmeter][full][043] start skipped EH-US-CHG-0050/CON-US-0050 HTTP 409; trying next connector
2026-07-02 00:59:14,714 INFO o.a.j.p.j.s.J.Full charging journey with SSE: [electrahub-jmeter][full][044] step=start charging attempt 3
2026-07-02 00:59:14,784 INFO o.a.j.p.j.s.J.Full charging journey with SSE: [electrahub-jmeter][full][044] http POST /session/api/v1/sessions/start status=409 elapsedMs=69
2026-07-02 00:59:14,785 INFO o.a.j.p.j.s.J.Full charging journey with SSE: [electrahub-jmeter][full][044] start skipped EH-US-CHG-0046/CON-US-0046 HTTP 409; trying next connector
2026-07-02 00:59:14,976 INFO o.a.j.p.j.s.J.Full charging journey with SSE: [electrahub-jmeter][full][032] sse ok connected=1 snapshot=2 updates=23 receipts=0 heartbeats=0
2026-07-02 00:59:14,977 INFO o.a.j.p.j.s.J.Full charging journey with SSE: [electrahub-jmeter][full][032] holding session for 45s before stop
2026-07-02 00:59:15,221 INFO o.a.j.p.j.s.J.Full charging journey with SSE: [electrahub-jmeter][full][043] step=start charging attempt 9
2026-07-02 00:59:15,290 INFO o.a.j.p.j.s.J.Full charging journey with SSE: [electrahub-jmeter][full][043] http POST /session/api/v1/sessions/start status=409 elapsedMs=68
2026-07-02 00:59:15,291 INFO o.a.j.p.j.s.J.Full charging journey with SSE: [electrahub-jmeter][full][043] start skipped EH-US-CHG-0051/CON-US-0051 HTTP 409; trying next connector
2026-07-02 00:59:15,786 INFO o.a.j.p.j.s.J.Full charging journey with SSE: [electrahub-jmeter][full][044] step=start charging attempt 4
2026-07-02 00:59:15,856 INFO o.a.j.p.j.s.J.Full charging journey with SSE: [electrahub-jmeter][full][044] http POST /session/api/v1/sessions/start status=409 elapsedMs=69
2026-07-02 00:59:15,857 INFO o.a.j.p.j.s.J.Full charging journey with SSE: [electrahub-jmeter][full][044] start skipped EH-US-CHG-0047/CON-US-0047 HTTP 409; trying next connector
2026-07-02 00:59:16,292 INFO o.a.j.p.j.s.J.Full charging journey with SSE: [electrahub-jmeter][full][043] step=start charging attempt 10
2026-07-02 00:59:16,858 INFO o.a.j.p.j.s.J.Full charging journey with SSE: [electrahub-jmeter][full][044] step=start charging attempt 5
2026-07-02 00:59:16,922 INFO o.a.j.p.j.s.J.Full charging journey with SSE: [electrahub-jmeter][full][044] http POST /session/api/v1/sessions/start status=409 elapsedMs=63
2026-07-02 00:59:16,923 INFO o.a.j.p.j.s.J.Full charging journey with SSE: [electrahub-jmeter][full][044] start skipped EH-US-CHG-0048/CON-US-0048 HTTP 409; trying next connector
2026-07-02 00:59:16,995 INFO o.a.j.p.j.s.J.Full charging journey with SSE: [electrahub-jmeter][full][024] http POST /session/api/v1/sessions/91f84a35-763f-4ac5-adff-4aa2e1a5fdd2/stop status=204 elapsedMs=3415
2026-07-02 00:59:16,996 INFO o.a.j.p.j.s.J.Full charging journey with SSE: [electrahub-jmeter][full][024] stop requested session=91f84a35-763f-4ac5-adff-4aa2e1a5fdd2
2026-07-02 00:59:16,996 INFO o.a.j.p.j.s.J.Full charging journey with SSE: [electrahub-jmeter][full][043] http POST /session/api/v1/sessions/start status=201 elapsedMs=703
2026-07-02 00:59:16,996 INFO o.a.j.p.j.s.J.Full charging journey with SSE: [electrahub-jmeter][full][024] step=active sessions
2026-07-02 00:59:16,997 INFO o.a.j.p.j.s.J.Full charging journey with SSE: [electrahub-jmeter][full][043] started session=86fd691a-cd5a-46cc-a074-a6a54e839f14 charger=EH-US-CHG-0052/CON-US-0052 status=PREPARING remote=Accepted attempt=10/10
2026-07-02 00:59:16,999 INFO o.a.j.p.j.s.J.Full charging journey with SSE: [electrahub-jmeter][full][043] step=active sessions
2026-07-02 00:59:17,542 INFO o.a.j.t.JMeterThread: Thread started: 100 driver charging journeys 1-45
2026-07-02 00:59:17,547 INFO o.a.j.p.j.s.J.Full charging journey with SSE: [electrahub-jmeter][full][045] step=register
2026-07-02 00:59:17,733 INFO o.a.j.p.j.s.J.Full charging journey with SSE: [electrahub-jmeter][full][045] http POST /auth/api/auth/register status=200 elapsedMs=185
2026-07-02 00:59:17,734 INFO o.a.j.p.j.s.J.Full charging journey with SSE: [electrahub-jmeter][full][045] registered uid=95e51d22-40e5-4785-9d92-0c38d27e9866
2026-07-02 00:59:17,741 INFO o.a.j.p.j.s.J.Full charging journey with SSE: [electrahub-jmeter][full][045] step=payment state before setup
2026-07-02 00:59:17,813 INFO o.a.j.p.j.s.J.Full charging journey with SSE: [electrahub-jmeter][full][045] http GET /payment/api/v1/payment/state status=451 elapsedMs=71
2026-07-02 00:59:17,814 INFO o.a.j.p.j.s.J.Full charging journey with SSE: [electrahub-jmeter][full][045] step=accept terms
2026-07-02 00:59:17,882 INFO o.a.j.p.j.s.J.Full charging journey with SSE: [electrahub-jmeter][full][045] http POST /auth/api/terms/accept status=201 elapsedMs=68
2026-07-02 00:59:17,883 INFO o.a.j.p.j.s.J.Full charging journey with SSE: [electrahub-jmeter][full][045] accepted terms; refreshing token through login
2026-07-02 00:59:17,884 INFO o.a.j.p.j.s.J.Full charging journey with SSE: [electrahub-jmeter][full][045] step=login
2026-07-02 00:59:17,924 INFO o.a.j.p.j.s.J.Full charging journey with SSE: [electrahub-jmeter][full][044] step=start charging attempt 6
2026-07-02 00:59:18,030 INFO o.a.j.p.j.s.J.Full charging journey with SSE: [electrahub-jmeter][full][043] http GET /session/api/v1/sessions/active status=200 elapsedMs=1029
2026-07-02 00:59:18,033 INFO o.a.j.p.j.s.J.Full charging journey with SSE: [electrahub-jmeter][full][024] http GET /session/api/v1/sessions/active status=200 elapsedMs=1035
2026-07-02 00:59:18,071 INFO o.a.j.p.j.s.J.Full charging journey with SSE: [electrahub-jmeter][full][045] http POST /auth/api/auth/login status=200 elapsedMs=187
2026-07-02 00:59:18,072 INFO o.a.j.p.j.s.J.Full charging journey with SSE: [electrahub-jmeter][full][045] logged in uid=95e51d22-40e5-4785-9d92-0c38d27e9866
2026-07-02 00:59:18,073 INFO o.a.j.p.j.s.J.Full charging journey with SSE: [electrahub-jmeter][full][045] step=payment state after terms
2026-07-02 00:59:18,117 INFO o.a.j.p.j.s.J.Full charging journey with SSE: [electrahub-jmeter][full][044] http POST /session/api/v1/sessions/start status=409 elapsedMs=139
2026-07-02 00:59:18,118 INFO o.a.j.p.j.s.J.Full charging journey with SSE: [electrahub-jmeter][full][044] start skipped EH-US-CHG-0049/CON-US-0049 HTTP 409; trying next connector
2026-07-02 00:59:18,141 INFO o.a.j.p.j.s.J.Full charging journey with SSE: [electrahub-jmeter][full][045] http GET /payment/api/v1/payment/state status=200 elapsedMs=67
2026-07-02 00:59:18,142 INFO o.a.j.p.j.s.J.Full charging journey with SSE: [electrahub-jmeter][full][045] step=add card
2026-07-02 00:59:18,204 INFO o.a.j.p.j.s.J.Full charging journey with SSE: [electrahub-jmeter][full][045] http POST /payment/api/v1/payment/cards status=201 elapsedMs=61
2026-07-02 00:59:18,205 INFO o.a.j.p.j.s.J.Full charging journey with SSE: [electrahub-jmeter][full][045] step=wallet topup
2026-07-02 00:59:18,270 INFO o.a.j.p.j.s.J.Full charging journey with SSE: [electrahub-jmeter][full][045] http POST /payment/api/v1/payment/wallet/topups status=201 elapsedMs=64
2026-07-02 00:59:18,271 INFO o.a.j.p.j.s.J.Full charging journey with SSE: [electrahub-jmeter][full][045] step=payment state after setup
2026-07-02 00:59:18,329 INFO o.a.j.p.j.s.J.Full charging journey with SSE: [electrahub-jmeter][full][045] http GET /payment/api/v1/payment/state status=200 elapsedMs=57
2026-07-02 00:59:18,330 INFO o.a.j.p.j.s.J.Full charging journey with SSE: [electrahub-jmeter][full][045] payment ready wallet=120.00
2026-07-02 00:59:18,331 INFO o.a.j.p.j.s.J.Full charging journey with SSE: [electrahub-jmeter][full][045] step=charger graphql list
2026-07-02 00:59:18,431 INFO o.a.j.p.j.s.J.Full charging journey with SSE: [electrahub-jmeter][full][045] http POST /charger/graphql status=200 elapsedMs=100
2026-07-02 00:59:18,433 INFO o.a.j.p.j.s.J.Full charging journey with SSE: [electrahub-jmeter][full][045] dynamic connector selection found no available connector; using CSV connector
2026-07-02 00:59:18,433 INFO o.a.j.p.j.s.J.Full charging journey with SSE: [electrahub-jmeter][full][045] step=charger graphql view
2026-07-02 00:59:18,504 INFO o.a.j.p.j.s.J.Full charging journey with SSE: [electrahub-jmeter][full][045] http POST /charger/graphql status=200 elapsedMs=70
2026-07-02 00:59:18,505 INFO o.a.j.p.j.s.J.Full charging journey with SSE: [electrahub-jmeter][full][045] step=payment state before start
2026-07-02 00:59:18,586 INFO o.a.j.p.j.s.J.Full charging journey with SSE: [electrahub-jmeter][full][045] http GET /payment/api/v1/payment/state status=200 elapsedMs=80
2026-07-02 00:59:18,590 INFO o.a.j.p.j.s.J.Full charging journey with SSE: [electrahub-jmeter][full][045] using connector csv fallback attempts=10 startIndex=45/100
2026-07-02 00:59:18,591 INFO o.a.j.p.j.s.J.Full charging journey with SSE: [electrahub-jmeter][full][045] step=start charging attempt 1
2026-07-02 00:59:18,664 INFO o.a.j.p.j.s.J.Full charging journey with SSE: [electrahub-jmeter][full][045] http POST /session/api/v1/sessions/start status=409 elapsedMs=72
2026-07-02 00:59:18,664 INFO o.a.j.p.j.s.J.Full charging journey with SSE: [electrahub-jmeter][full][045] start skipped EH-US-CHG-0045/CON-US-0045 HTTP 409; trying next connector
2026-07-02 00:59:18,971 INFO o.a.j.p.j.s.J.Full charging journey with SSE: [electrahub-jmeter][full][023] step=active sessions
2026-07-02 00:59:19,035 INFO o.a.j.p.j.s.J.Full charging journey with SSE: [electrahub-jmeter][full][023] http GET /session/api/v1/sessions/active status=200 elapsedMs=63
2026-07-02 00:59:19,036 INFO o.a.j.p.j.s.J.Full charging journey with SSE: [electrahub-jmeter][full][023] step=receipt
2026-07-02 00:59:19,104 INFO o.a.j.p.j.s.J.Full charging journey with SSE: [electrahub-jmeter][full][023] http GET /session/api/v1/sessions/74431877-2dc4-473c-ba83-8b78308a600a/receipt status=200 elapsedMs=68
2026-07-02 00:59:19,104 INFO o.a.j.p.j.s.J.Full charging journey with SSE: [electrahub-jmeter][full][023] step=session history
2026-07-02 00:59:19,119 INFO o.a.j.p.j.s.J.Full charging journey with SSE: [electrahub-jmeter][full][044] step=start charging attempt 7
2026-07-02 00:59:19,204 INFO o.a.j.p.j.s.J.Full charging journey with SSE: [electrahub-jmeter][full][023] http GET /session/api/v1/sessions/history?page=0&size=10 status=200 elapsedMs=99
2026-07-02 00:59:19,205 INFO o.a.j.p.j.s.J.Full charging journey with SSE: [electrahub-jmeter][full][023] step=dashboard stats
2026-07-02 00:59:19,210 INFO o.a.j.p.j.s.J.Full charging journey with SSE: [electrahub-jmeter][full][044] http POST /session/api/v1/sessions/start status=409 elapsedMs=91
2026-07-02 00:59:19,211 INFO o.a.j.p.j.s.J.Full charging journey with SSE: [electrahub-jmeter][full][044] start skipped EH-US-CHG-0050/CON-US-0050 HTTP 409; trying next connector
2026-07-02 00:59:19,300 INFO o.a.j.p.j.s.J.Full charging journey with SSE: [electrahub-jmeter][full][023] http GET /session/api/v1/sessions/dashboard-stats status=200 elapsedMs=95
2026-07-02 00:59:19,301 INFO o.a.j.p.j.s.J.Full charging journey with SSE: [electrahub-jmeter][full][023] receipt ok session=74431877-2dc4-473c-ba83-8b78308a600a status=Completed total=1.867
2026-07-02 00:59:19,302 INFO o.a.j.t.JMeterThread: Thread is done: 100 driver charging journeys 1-23
2026-07-02 00:59:19,303 INFO o.a.j.t.JMeterThread: Thread finished: 100 driver charging journeys 1-23
2026-07-02 00:59:19,637 INFO o.a.j.p.j.s.J.Full charging journey with SSE: [electrahub-jmeter][full][025] step=stop charging session
2026-07-02 00:59:19,665 INFO o.a.j.p.j.s.J.Full charging journey with SSE: [electrahub-jmeter][full][045] step=start charging attempt 2
2026-07-02 00:59:19,733 INFO o.a.j.p.j.s.J.Full charging journey with SSE: [electrahub-jmeter][full][045] http POST /session/api/v1/sessions/start status=409 elapsedMs=67
2026-07-02 00:59:19,734 INFO o.a.j.p.j.s.J.Full charging journey with SSE: [electrahub-jmeter][full][045] start skipped EH-US-CHG-0046/CON-US-0046 HTTP 409; trying next connector
2026-07-02 00:59:20,212 INFO o.a.j.p.j.s.J.Full charging journey with SSE: [electrahub-jmeter][full][044] step=start charging attempt 8
2026-07-02 00:59:20,282 INFO o.a.j.p.j.s.J.Full charging journey with SSE: [electrahub-jmeter][full][044] http POST /session/api/v1/sessions/start status=409 elapsedMs=69
2026-07-02 00:59:20,283 INFO o.a.j.p.j.s.J.Full charging journey with SSE: [electrahub-jmeter][full][044] start skipped EH-US-CHG-0051/CON-US-0051 HTTP 409; trying next connector
2026-07-02 00:59:20,735 INFO o.a.j.p.j.s.J.Full charging journey with SSE: [electrahub-jmeter][full][045] step=start charging attempt 3
2026-07-02 00:59:20,811 INFO o.a.j.p.j.s.J.Full charging journey with SSE: [electrahub-jmeter][full][045] http POST /session/api/v1/sessions/start status=409 elapsedMs=75
2026-07-02 00:59:20,812 INFO o.a.j.p.j.s.J.Full charging journey with SSE: [electrahub-jmeter][full][045] start skipped EH-US-CHG-0047/CON-US-0047 HTTP 409; trying next connector
2026-07-02 00:59:21,053 INFO o.a.j.p.j.s.J.Full charging journey with SSE: [electrahub-jmeter][full][033] sse ok connected=1 snapshot=2 updates=23 receipts=0 heartbeats=0
2026-07-02 00:59:21,054 INFO o.a.j.p.j.s.J.Full charging journey with SSE: [electrahub-jmeter][full][033] holding session for 45s before stop
2026-07-02 00:59:21,284 INFO o.a.j.p.j.s.J.Full charging journey with SSE: [electrahub-jmeter][full][044] step=start charging attempt 9
2026-07-02 00:59:21,356 INFO o.a.j.p.j.s.J.Full charging journey with SSE: [electrahub-jmeter][full][044] http POST /session/api/v1/sessions/start status=409 elapsedMs=71
2026-07-02 00:59:21,357 INFO o.a.j.p.j.s.J.Full charging journey with SSE: [electrahub-jmeter][full][044] start skipped EH-US-CHG-0052/CON-US-0052 HTTP 409; trying next connector
2026-07-02 00:59:21,813 INFO o.a.j.p.j.s.J.Full charging journey with SSE: [electrahub-jmeter][full][045] step=start charging attempt 4
2026-07-02 00:59:21,879 INFO o.a.j.p.j.s.J.Full charging journey with SSE: [electrahub-jmeter][full][045] http POST /session/api/v1/sessions/start status=409 elapsedMs=65
2026-07-02 00:59:21,880 INFO o.a.j.p.j.s.J.Full charging journey with SSE: [electrahub-jmeter][full][045] start skipped EH-US-CHG-0048/CON-US-0048 HTTP 409; trying next connector
2026-07-02 00:59:22,358 INFO o.a.j.p.j.s.J.Full charging journey with SSE: [electrahub-jmeter][full][044] step=start charging attempt 10
2026-07-02 00:59:22,880 INFO o.a.j.p.j.s.J.Full charging journey with SSE: [electrahub-jmeter][full][045] step=start charging attempt 5
2026-07-02 00:59:22,946 INFO o.a.j.p.j.s.J.Full charging journey with SSE: [electrahub-jmeter][full][045] http POST /session/api/v1/sessions/start status=409 elapsedMs=65
2026-07-02 00:59:22,946 INFO o.a.j.p.j.s.J.Full charging journey with SSE: [electrahub-jmeter][full][045] start skipped EH-US-CHG-0049/CON-US-0049 HTTP 409; trying next connector
2026-07-02 00:59:23,034 INFO o.a.j.p.j.s.J.Full charging journey with SSE: [electrahub-jmeter][full][024] step=active sessions
2026-07-02 00:59:23,075 INFO o.a.j.p.j.s.J.Full charging journey with SSE: [electrahub-jmeter][full][044] http POST /session/api/v1/sessions/start status=201 elapsedMs=716
2026-07-02 00:59:23,076 INFO o.a.j.p.j.s.J.Full charging journey with SSE: [electrahub-jmeter][full][044] started session=e6c40204-eced-4c11-968a-d07aab731b94 charger=EH-US-CHG-0053/CON-US-0053 status=PREPARING remote=Accepted attempt=10/10
2026-07-02 00:59:23,077 INFO o.a.j.p.j.s.J.Full charging journey with SSE: [electrahub-jmeter][full][044] step=active sessions
2026-07-02 00:59:23,077 INFO o.a.j.p.j.s.J.Full charging journey with SSE: [electrahub-jmeter][full][025] http POST /session/api/v1/sessions/f5189384-48e0-4c7a-92ea-d0435e98bb9f/stop status=204 elapsedMs=3439
2026-07-02 00:59:23,079 INFO o.a.j.p.j.s.J.Full charging journey with SSE: [electrahub-jmeter][full][025] stop requested session=f5189384-48e0-4c7a-92ea-d0435e98bb9f
2026-07-02 00:59:23,079 INFO o.a.j.p.j.s.J.Full charging journey with SSE: [electrahub-jmeter][full][025] step=active sessions
2026-07-02 00:59:23,104 INFO o.a.j.p.j.s.J.Full charging journey with SSE: [electrahub-jmeter][full][024] http GET /session/api/v1/sessions/active status=200 elapsedMs=69
2026-07-02 00:59:23,104 INFO o.a.j.p.j.s.J.Full charging journey with SSE: [electrahub-jmeter][full][024] step=receipt
2026-07-02 00:59:23,161 INFO o.a.j.p.j.s.J.Full charging journey with SSE: [electrahub-jmeter][full][024] http GET /session/api/v1/sessions/91f84a35-763f-4ac5-adff-4aa2e1a5fdd2/receipt status=200 elapsedMs=56
2026-07-02 00:59:23,162 INFO o.a.j.p.j.s.J.Full charging journey with SSE: [electrahub-jmeter][full][024] step=session history
2026-07-02 00:59:23,220 INFO o.a.j.p.j.s.J.Full charging journey with SSE: [electrahub-jmeter][full][024] http GET /session/api/v1/sessions/history?page=0&size=10 status=200 elapsedMs=57
2026-07-02 00:59:23,221 INFO o.a.j.p.j.s.J.Full charging journey with SSE: [electrahub-jmeter][full][024] step=dashboard stats
2026-07-02 00:59:23,284 INFO o.a.j.p.j.s.J.Full charging journey with SSE: [electrahub-jmeter][full][024] http GET /session/api/v1/sessions/dashboard-stats status=200 elapsedMs=63
2026-07-02 00:59:23,285 INFO o.a.j.p.j.s.J.Full charging journey with SSE: [electrahub-jmeter][full][024] receipt ok session=91f84a35-763f-4ac5-adff-4aa2e1a5fdd2 status=Completed total=1.8647
2026-07-02 00:59:23,286 INFO o.a.j.t.JMeterThread: Thread is done: 100 driver charging journeys 1-24
2026-07-02 00:59:23,286 INFO o.a.j.t.JMeterThread: Thread finished: 100 driver charging journeys 1-24
2026-07-02 00:59:23,541 INFO o.a.j.t.JMeterThread: Thread started: 100 driver charging journeys 1-46
2026-07-02 00:59:23,548 INFO o.a.j.p.j.s.J.Full charging journey with SSE: [electrahub-jmeter][full][046] step=register
2026-07-02 00:59:23,747 INFO o.a.j.p.j.s.J.Full charging journey with SSE: [electrahub-jmeter][full][046] http POST /auth/api/auth/register status=200 elapsedMs=198
2026-07-02 00:59:23,747 INFO o.a.j.p.j.s.J.Full charging journey with SSE: [electrahub-jmeter][full][046] registered uid=54bdff5c-eeb5-418e-a5e4-084d430c09c4
2026-07-02 00:59:23,755 INFO o.a.j.p.j.s.J.Full charging journey with SSE: [electrahub-jmeter][full][046] step=payment state before setup
2026-07-02 00:59:23,809 INFO o.a.j.p.j.s.J.Full charging journey with SSE: [electrahub-jmeter][full][046] http GET /payment/api/v1/payment/state status=451 elapsedMs=52
2026-07-02 00:59:23,809 INFO o.a.j.p.j.s.J.Full charging journey with SSE: [electrahub-jmeter][full][046] step=accept terms
2026-07-02 00:59:23,870 INFO o.a.j.p.j.s.J.Full charging journey with SSE: [electrahub-jmeter][full][046] http POST /auth/api/terms/accept status=201 elapsedMs=60
2026-07-02 00:59:23,871 INFO o.a.j.p.j.s.J.Full charging journey with SSE: [electrahub-jmeter][full][046] accepted terms; refreshing token through login
2026-07-02 00:59:23,871 INFO o.a.j.p.j.s.J.Full charging journey with SSE: [electrahub-jmeter][full][046] step=login
2026-07-02 00:59:23,949 INFO o.a.j.p.j.s.J.Full charging journey with SSE: [electrahub-jmeter][full][045] step=start charging attempt 6
2026-07-02 00:59:24,022 INFO o.a.j.p.j.s.J.Full charging journey with SSE: [electrahub-jmeter][full][046] http POST /auth/api/auth/login status=200 elapsedMs=150
2026-07-02 00:59:24,023 INFO o.a.j.p.j.s.J.Full charging journey with SSE: [electrahub-jmeter][full][046] logged in uid=54bdff5c-eeb5-418e-a5e4-084d430c09c4
2026-07-02 00:59:24,024 INFO o.a.j.p.j.s.J.Full charging journey with SSE: [electrahub-jmeter][full][046] step=payment state after terms
2026-07-02 00:59:24,079 INFO o.a.j.p.j.s.J.Full charging journey with SSE: [electrahub-jmeter][full][045] http POST /session/api/v1/sessions/start status=409 elapsedMs=83
2026-07-02 00:59:24,080 INFO o.a.j.p.j.s.J.Full charging journey with SSE: [electrahub-jmeter][full][045] start skipped EH-US-CHG-0050/CON-US-0050 HTTP 409; trying next connector
2026-07-02 00:59:24,088 INFO o.a.j.p.j.s.J.Full charging journey with SSE: [electrahub-jmeter][full][025] http GET /session/api/v1/sessions/active status=200 elapsedMs=1008
2026-07-02 00:59:24,088 INFO o.a.j.p.j.s.J.Full charging journey with SSE: [electrahub-jmeter][full][044] http GET /session/api/v1/sessions/active status=200 elapsedMs=1010
2026-07-02 00:59:24,103 INFO o.a.j.p.j.s.J.Full charging journey with SSE: [electrahub-jmeter][full][046] http GET /payment/api/v1/payment/state status=200 elapsedMs=79
2026-07-02 00:59:24,104 INFO o.a.j.p.j.s.J.Full charging journey with SSE: [electrahub-jmeter][full][046] step=add card
2026-07-02 00:59:24,162 INFO o.a.j.p.j.s.J.Full charging journey with SSE: [electrahub-jmeter][full][046] http POST /payment/api/v1/payment/cards status=201 elapsedMs=57
2026-07-02 00:59:24,163 INFO o.a.j.p.j.s.J.Full charging journey with SSE: [electrahub-jmeter][full][046] step=wallet topup
2026-07-02 00:59:24,223 INFO o.a.j.p.j.s.J.Full charging journey with SSE: [electrahub-jmeter][full][046] http POST /payment/api/v1/payment/wallet/topups status=201 elapsedMs=59
2026-07-02 00:59:24,224 INFO o.a.j.p.j.s.J.Full charging journey with SSE: [electrahub-jmeter][full][046] step=payment state after setup
2026-07-02 00:59:24,278 INFO o.a.j.p.j.s.J.Full charging journey with SSE: [electrahub-jmeter][full][046] http GET /payment/api/v1/payment/state status=200 elapsedMs=54
2026-07-02 00:59:24,280 INFO o.a.j.p.j.s.J.Full charging journey with SSE: [electrahub-jmeter][full][046] payment ready wallet=120.00
2026-07-02 00:59:24,280 INFO o.a.j.p.j.s.J.Full charging journey with SSE: [electrahub-jmeter][full][046] step=charger graphql list
2026-07-02 00:59:24,369 INFO o.a.j.p.j.s.J.Full charging journey with SSE: [electrahub-jmeter][full][046] http POST /charger/graphql status=200 elapsedMs=88
2026-07-02 00:59:24,370 INFO o.a.j.p.j.s.J.Full charging journey with SSE: [electrahub-jmeter][full][046] dynamic connector selection found no available connector; using CSV connector
2026-07-02 00:59:24,371 INFO o.a.j.p.j.s.J.Full charging journey with SSE: [electrahub-jmeter][full][046] step=charger graphql view
2026-07-02 00:59:24,447 INFO o.a.j.p.j.s.J.Full charging journey with SSE: [electrahub-jmeter][full][046] http POST /charger/graphql status=200 elapsedMs=75
2026-07-02 00:59:24,448 INFO o.a.j.p.j.s.J.Full charging journey with SSE: [electrahub-jmeter][full][046] step=payment state before start
2026-07-02 00:59:24,515 INFO o.a.j.p.j.s.J.Full charging journey with SSE: [electrahub-jmeter][full][046] http GET /payment/api/v1/payment/state status=200 elapsedMs=66
2026-07-02 00:59:24,518 INFO o.a.j.p.j.s.J.Full charging journey with SSE: [electrahub-jmeter][full][046] using connector csv fallback attempts=10 startIndex=46/100
2026-07-02 00:59:24,518 INFO o.a.j.p.j.s.J.Full charging journey with SSE: [electrahub-jmeter][full][046] step=start charging attempt 1
2026-07-02 00:59:24,592 INFO o.a.j.p.j.s.J.Full charging journey with SSE: [electrahub-jmeter][full][046] http POST /session/api/v1/sessions/start status=409 elapsedMs=73
2026-07-02 00:59:24,593 INFO o.a.j.p.j.s.J.Full charging journey with SSE: [electrahub-jmeter][full][046] start skipped EH-US-CHG-0046/CON-US-0046 HTTP 409; trying next connector
2026-07-02 00:59:26,894 INFO o.a.j.p.j.s.J.Full charging journey with SSE: [electrahub-jmeter][full][045] step=start charging attempt 7
2026-07-02 00:59:26,972 INFO o.a.j.p.j.s.J.Full charging journey with SSE: [electrahub-jmeter][full][045] http POST /session/api/v1/sessions/start status=409 elapsedMs=77
2026-07-02 00:59:26,973 INFO o.a.j.p.j.s.J.Full charging journey with SSE: [electrahub-jmeter][full][045] start skipped EH-US-CHG-0051/CON-US-0051 HTTP 409; trying next connector
2026-07-02 00:59:27,407 INFO o.a.j.p.j.s.J.Full charging journey with SSE: [electrahub-jmeter][full][046] step=start charging attempt 2
2026-07-02 00:59:27,473 INFO o.a.j.p.j.s.J.Full charging journey with SSE: [electrahub-jmeter][full][046] http POST /session/api/v1/sessions/start status=409 elapsedMs=65
2026-07-02 00:59:27,474 INFO o.a.j.p.j.s.J.Full charging journey with SSE: [electrahub-jmeter][full][046] start skipped EH-US-CHG-0047/CON-US-0047 HTTP 409; trying next connector
2026-07-02 00:59:27,974 INFO o.a.j.p.j.s.J.Full charging journey with SSE: [electrahub-jmeter][full][045] step=start charging attempt 8
2026-07-02 00:59:28,041 INFO o.a.j.p.j.s.J.Full charging journey with SSE: [electrahub-jmeter][full][045] http POST /session/api/v1/sessions/start status=409 elapsedMs=66
2026-07-02 00:59:28,042 INFO o.a.j.p.j.s.J.Full charging journey with SSE: [electrahub-jmeter][full][045] start skipped EH-US-CHG-0052/CON-US-0052 HTTP 409; trying next connector
2026-07-02 00:59:28,475 INFO o.a.j.p.j.s.J.Full charging journey with SSE: [electrahub-jmeter][full][046] step=start charging attempt 3
2026-07-02 00:59:28,543 INFO o.a.j.p.j.s.J.Full charging journey with SSE: [electrahub-jmeter][full][046] http POST /session/api/v1/sessions/start status=409 elapsedMs=67
2026-07-02 00:59:28,544 INFO o.a.j.p.j.s.J.Full charging journey with SSE: [electrahub-jmeter][full][046] start skipped EH-US-CHG-0048/CON-US-0048 HTTP 409; trying next connector
2026-07-02 00:59:28,919 INFO o.a.j.p.j.s.J.Full charging journey with SSE: [electrahub-jmeter][full][034] sse ok connected=1 snapshot=2 updates=23 receipts=0 heartbeats=0
2026-07-02 00:59:28,920 INFO o.a.j.p.j.s.J.Full charging journey with SSE: [electrahub-jmeter][full][034] holding session for 43s before stop
2026-07-02 00:59:29,043 INFO o.a.j.p.j.s.J.Full charging journey with SSE: [electrahub-jmeter][full][045] step=start charging attempt 9
2026-07-02 00:59:29,112 INFO o.a.j.p.j.s.J.Full charging journey with SSE: [electrahub-jmeter][full][045] http POST /session/api/v1/sessions/start status=409 elapsedMs=68
2026-07-02 00:59:29,113 INFO o.a.j.p.j.s.J.Full charging journey with SSE: [electrahub-jmeter][full][045] start skipped EH-US-CHG-0053/CON-US-0053 HTTP 409; trying next connector
2026-07-02 00:59:29,541 INFO o.a.j.t.JMeterThread: Thread started: 100 driver charging journeys 1-47
2026-07-02 00:59:29,545 INFO o.a.j.p.j.s.J.Full charging journey with SSE: [electrahub-jmeter][full][046] step=start charging attempt 4
2026-07-02 00:59:29,547 INFO o.a.j.p.j.s.J.Full charging journey with SSE: [electrahub-jmeter][full][047] step=register
2026-07-02 00:59:29,612 INFO o.a.j.p.j.s.J.Full charging journey with SSE: [electrahub-jmeter][full][046] http POST /session/api/v1/sessions/start status=409 elapsedMs=67
2026-07-02 00:59:29,613 INFO o.a.j.p.j.s.J.Full charging journey with SSE: [electrahub-jmeter][full][046] start skipped EH-US-CHG-0049/CON-US-0049 HTTP 409; trying next connector
2026-07-02 00:59:29,838 INFO o.a.j.p.j.s.J.Full charging journey with SSE: [electrahub-jmeter][full][047] http POST /auth/api/auth/register status=200 elapsedMs=245
2026-07-02 00:59:29,839 INFO o.a.j.p.j.s.J.Full charging journey with SSE: [electrahub-jmeter][full][047] registered uid=667ebb3d-c08a-42bf-b6c8-30368fc7ec5c
2026-07-02 00:59:29,846 INFO o.a.j.p.j.s.J.Full charging journey with SSE: [electrahub-jmeter][full][047] step=payment state before setup
2026-07-02 00:59:29,900 INFO o.a.j.p.j.s.J.Full charging journey with SSE: [electrahub-jmeter][full][047] http GET /payment/api/v1/payment/state status=451 elapsedMs=53
2026-07-02 00:59:29,901 INFO o.a.j.p.j.s.J.Full charging journey with SSE: [electrahub-jmeter][full][047] step=accept terms
2026-07-02 00:59:29,961 INFO o.a.j.p.j.s.J.Full charging journey with SSE: [electrahub-jmeter][full][047] http POST /auth/api/terms/accept status=201 elapsedMs=59
2026-07-02 00:59:29,961 INFO o.a.j.p.j.s.J.Full charging journey with SSE: [electrahub-jmeter][full][047] accepted terms; refreshing token through login
2026-07-02 00:59:29,962 INFO o.a.j.p.j.s.J.Full charging journey with SSE: [electrahub-jmeter][full][047] step=login
2026-07-02 00:59:30,114 INFO o.a.j.p.j.s.J.Full charging journey with SSE: [electrahub-jmeter][full][045] step=start charging attempt 10
2026-07-02 00:59:30,133 INFO o.a.j.p.j.s.J.Full charging journey with SSE: [electrahub-jmeter][full][047] http POST /auth/api/auth/login status=200 elapsedMs=170
2026-07-02 00:59:30,134 INFO o.a.j.p.j.s.J.Full charging journey with SSE: [electrahub-jmeter][full][047] logged in uid=667ebb3d-c08a-42bf-b6c8-30368fc7ec5c
2026-07-02 00:59:30,134 INFO o.a.j.p.j.s.J.Full charging journey with SSE: [electrahub-jmeter][full][047] step=payment state after terms
2026-07-02 00:59:30,198 INFO o.a.j.p.j.s.J.Full charging journey with SSE: [electrahub-jmeter][full][047] http GET /payment/api/v1/payment/state status=200 elapsedMs=62
2026-07-02 00:59:30,198 INFO o.a.j.p.j.s.J.Full charging journey with SSE: [electrahub-jmeter][full][047] step=add card
2026-07-02 00:59:30,260 INFO o.a.j.p.j.s.J.Full charging journey with SSE: [electrahub-jmeter][full][047] http POST /payment/api/v1/payment/cards status=201 elapsedMs=61
2026-07-02 00:59:30,261 INFO o.a.j.p.j.s.J.Full charging journey with SSE: [electrahub-jmeter][full][047] step=wallet topup
2026-07-02 00:59:30,324 INFO o.a.j.p.j.s.J.Full charging journey with SSE: [electrahub-jmeter][full][047] http POST /payment/api/v1/payment/wallet/topups status=201 elapsedMs=62
2026-07-02 00:59:30,324 INFO o.a.j.p.j.s.J.Full charging journey with SSE: [electrahub-jmeter][full][047] step=payment state after setup
2026-07-02 00:59:30,391 INFO o.a.j.p.j.s.J.Full charging journey with SSE: [electrahub-jmeter][full][047] http GET /payment/api/v1/payment/state status=200 elapsedMs=66
2026-07-02 00:59:30,392 INFO o.a.j.p.j.s.J.Full charging journey with SSE: [electrahub-jmeter][full][047] payment ready wallet=120.00
2026-07-02 00:59:30,392 INFO o.a.j.p.j.s.J.Full charging journey with SSE: [electrahub-jmeter][full][047] step=charger graphql list
2026-07-02 00:59:30,492 INFO o.a.j.p.j.s.J.Full charging journey with SSE: [electrahub-jmeter][full][047] http POST /charger/graphql status=200 elapsedMs=99
2026-07-02 00:59:30,494 INFO o.a.j.p.j.s.J.Full charging journey with SSE: [electrahub-jmeter][full][047] dynamic connector selection found no available connector; using CSV connector
2026-07-02 00:59:30,495 INFO o.a.j.p.j.s.J.Full charging journey with SSE: [electrahub-jmeter][full][047] step=charger graphql view
2026-07-02 00:59:30,577 INFO o.a.j.p.j.s.J.Full charging journey with SSE: [electrahub-jmeter][full][047] http POST /charger/graphql status=200 elapsedMs=81
2026-07-02 00:59:30,578 INFO o.a.j.p.j.s.J.Full charging journey with SSE: [electrahub-jmeter][full][047] step=payment state before start
2026-07-02 00:59:30,614 INFO o.a.j.p.j.s.J.Full charging journey with SSE: [electrahub-jmeter][full][046] step=start charging attempt 5
2026-07-02 00:59:30,637 INFO o.a.j.p.j.s.J.Full charging journey with SSE: [electrahub-jmeter][full][047] http GET /payment/api/v1/payment/state status=200 elapsedMs=58
2026-07-02 00:59:30,640 INFO o.a.j.p.j.s.J.Full charging journey with SSE: [electrahub-jmeter][full][047] using connector csv fallback attempts=10 startIndex=47/100
2026-07-02 00:59:30,641 INFO o.a.j.p.j.s.J.Full charging journey with SSE: [electrahub-jmeter][full][047] step=start charging attempt 1
2026-07-02 00:59:30,725 INFO o.a.j.p.j.s.J.Full charging journey with SSE: [electrahub-jmeter][full][047] http POST /session/api/v1/sessions/start status=409 elapsedMs=84
2026-07-02 00:59:30,726 INFO o.a.j.p.j.s.J.Full charging journey with SSE: [electrahub-jmeter][full][047] start skipped EH-US-CHG-0047/CON-US-0047 HTTP 409; trying next connector
2026-07-02 00:59:30,757 INFO o.a.j.p.j.s.J.Full charging journey with SSE: [electrahub-jmeter][full][046] http POST /session/api/v1/sessions/start status=409 elapsedMs=99
2026-07-02 00:59:30,758 INFO o.a.j.p.j.s.J.Full charging journey with SSE: [electrahub-jmeter][full][046] start skipped EH-US-CHG-0050/CON-US-0050 HTTP 409; trying next connector
2026-07-02 00:59:30,902 INFO o.a.j.p.j.s.J.Full charging journey with SSE: [electrahub-jmeter][full][025] step=active sessions
2026-07-02 00:59:30,938 INFO o.a.j.p.j.s.J.Full charging journey with SSE: [electrahub-jmeter][full][045] http POST /session/api/v1/sessions/start status=201 elapsedMs=823
2026-07-02 00:59:30,939 INFO o.a.j.p.j.s.J.Full charging journey with SSE: [electrahub-jmeter][full][045] started session=d2161adf-b404-4260-a812-6636fc975585 charger=EH-US-CHG-0054/CON-US-0054 status=PREPARING remote=Accepted attempt=10/10
2026-07-02 00:59:30,940 INFO o.a.j.p.j.s.J.Full charging journey with SSE: [electrahub-jmeter][full][045] step=active sessions
2026-07-02 00:59:31,014 INFO o.a.j.p.j.s.J.Full charging journey with SSE: [electrahub-jmeter][full][025] http GET /session/api/v1/sessions/active status=200 elapsedMs=111
2026-07-02 00:59:31,015 INFO o.a.j.p.j.s.J.Full charging journey with SSE: [electrahub-jmeter][full][025] step=receipt
2026-07-02 00:59:31,074 INFO o.a.j.p.j.s.J.Full charging journey with SSE: [electrahub-jmeter][full][025] http GET /session/api/v1/sessions/f5189384-48e0-4c7a-92ea-d0435e98bb9f/receipt status=200 elapsedMs=58
2026-07-02 00:59:31,075 INFO o.a.j.p.j.s.J.Full charging journey with SSE: [electrahub-jmeter][full][025] step=session history
2026-07-02 00:59:31,138 INFO o.a.j.p.j.s.J.Full charging journey with SSE: [electrahub-jmeter][full][025] http GET /session/api/v1/sessions/history?page=0&size=10 status=200 elapsedMs=63
2026-07-02 00:59:31,139 INFO o.a.j.p.j.s.J.Full charging journey with SSE: [electrahub-jmeter][full][025] step=dashboard stats
2026-07-02 00:59:31,200 INFO o.a.j.p.j.s.J.Full charging journey with SSE: [electrahub-jmeter][full][025] http GET /session/api/v1/sessions/dashboard-stats status=200 elapsedMs=60
2026-07-02 00:59:31,201 INFO o.a.j.p.j.s.J.Full charging journey with SSE: [electrahub-jmeter][full][025] receipt ok session=f5189384-48e0-4c7a-92ea-d0435e98bb9f status=Completed total=1.8647
2026-07-02 00:59:31,202 INFO o.a.j.r.Summariser: summary +      3 in 00:00:26 =    0.1/s Avg: 125744 Min: 125037 Max: 127055 Err:     0 (0.00%) Active: 18 Started: 47 Finished: 29
2026-07-02 00:59:31,203 INFO o.a.j.r.Summariser: summary =     30 in 00:04:38 =    0.1/s Avg: 91630 Min: 10749 Max: 128160 Err:     9 (30.00%)
2026-07-02 00:59:31,203 INFO o.a.j.t.JMeterThread: Thread is done: 100 driver charging journeys 1-25
2026-07-02 00:59:31,204 INFO o.a.j.t.JMeterThread: Thread finished: 100 driver charging journeys 1-25
2026-07-02 00:59:31,727 INFO o.a.j.p.j.s.J.Full charging journey with SSE: [electrahub-jmeter][full][047] step=start charging attempt 2
2026-07-02 00:59:31,759 INFO o.a.j.p.j.s.J.Full charging journey with SSE: [electrahub-jmeter][full][046] step=start charging attempt 6
2026-07-02 00:59:31,807 INFO o.a.j.p.j.s.J.Full charging journey with SSE: [electrahub-jmeter][full][047] http POST /session/api/v1/sessions/start status=409 elapsedMs=79
2026-07-02 00:59:31,808 INFO o.a.j.p.j.s.J.Full charging journey with SSE: [electrahub-jmeter][full][047] start skipped EH-US-CHG-0048/CON-US-0048 HTTP 409; trying next connector
2026-07-02 00:59:31,829 INFO o.a.j.p.j.s.J.Full charging journey with SSE: [electrahub-jmeter][full][046] http POST /session/api/v1/sessions/start status=409 elapsedMs=70
2026-07-02 00:59:31,830 INFO o.a.j.p.j.s.J.Full charging journey with SSE: [electrahub-jmeter][full][046] start skipped EH-US-CHG-0051/CON-US-0051 HTTP 409; trying next connector
2026-07-02 00:59:31,942 INFO o.a.j.p.j.s.J.Full charging journey with SSE: [electrahub-jmeter][full][045] http GET /session/api/v1/sessions/active status=200 elapsedMs=1002
2026-07-02 00:59:32,809 INFO o.a.j.p.j.s.J.Full charging journey with SSE: [electrahub-jmeter][full][047] step=start charging attempt 3
2026-07-02 00:59:32,831 INFO o.a.j.p.j.s.J.Full charging journey with SSE: [electrahub-jmeter][full][046] step=start charging attempt 7
2026-07-02 00:59:32,880 INFO o.a.j.p.j.s.J.Full charging journey with SSE: [electrahub-jmeter][full][047] http POST /session/api/v1/sessions/start status=409 elapsedMs=71
2026-07-02 00:59:32,881 INFO o.a.j.p.j.s.J.Full charging journey with SSE: [electrahub-jmeter][full][047] start skipped EH-US-CHG-0049/CON-US-0049 HTTP 409; trying next connector
2026-07-02 00:59:32,912 INFO o.a.j.p.j.s.J.Full charging journey with SSE: [electrahub-jmeter][full][046] http POST /session/api/v1/sessions/start status=409 elapsedMs=80
2026-07-02 00:59:32,913 INFO o.a.j.p.j.s.J.Full charging journey with SSE: [electrahub-jmeter][full][046] start skipped EH-US-CHG-0052/CON-US-0052 HTTP 409; trying next connector
2026-07-02 00:59:33,882 INFO o.a.j.p.j.s.J.Full charging journey with SSE: [electrahub-jmeter][full][047] step=start charging attempt 4
2026-07-02 00:59:33,914 INFO o.a.j.p.j.s.J.Full charging journey with SSE: [electrahub-jmeter][full][046] step=start charging attempt 8
2026-07-02 00:59:33,961 INFO o.a.j.p.j.s.J.Full charging journey with SSE: [electrahub-jmeter][full][047] http POST /session/api/v1/sessions/start status=409 elapsedMs=78
2026-07-02 00:59:33,961 INFO o.a.j.p.j.s.J.Full charging journey with SSE: [electrahub-jmeter][full][047] start skipped EH-US-CHG-0050/CON-US-0050 HTTP 409; trying next connector
2026-07-02 00:59:33,985 INFO o.a.j.p.j.s.J.Full charging journey with SSE: [electrahub-jmeter][full][046] http POST /session/api/v1/sessions/start status=409 elapsedMs=70
2026-07-02 00:59:33,985 INFO o.a.j.p.j.s.J.Full charging journey with SSE: [electrahub-jmeter][full][046] start skipped EH-US-CHG-0053/CON-US-0053 HTTP 409; trying next connector
2026-07-02 00:59:34,962 INFO o.a.j.p.j.s.J.Full charging journey with SSE: [electrahub-jmeter][full][047] step=start charging attempt 5
2026-07-02 00:59:34,968 INFO o.a.j.p.j.s.J.Full charging journey with SSE: [electrahub-jmeter][full][035] sse ok connected=1 snapshot=2 updates=23 receipts=0 heartbeats=0
2026-07-02 00:59:34,969 INFO o.a.j.p.j.s.J.Full charging journey with SSE: [electrahub-jmeter][full][035] holding session for 43s before stop
2026-07-02 00:59:34,986 INFO o.a.j.p.j.s.J.Full charging journey with SSE: [electrahub-jmeter][full][046] step=start charging attempt 9
2026-07-02 00:59:35,035 INFO o.a.j.p.j.s.J.Full charging journey with SSE: [electrahub-jmeter][full][047] http POST /session/api/v1/sessions/start status=409 elapsedMs=72
2026-07-02 00:59:35,036 INFO o.a.j.p.j.s.J.Full charging journey with SSE: [electrahub-jmeter][full][047] start skipped EH-US-CHG-0051/CON-US-0051 HTTP 409; trying next connector
2026-07-02 00:59:35,062 INFO o.a.j.p.j.s.J.Full charging journey with SSE: [electrahub-jmeter][full][046] http POST /session/api/v1/sessions/start status=409 elapsedMs=75
2026-07-02 00:59:35,063 INFO o.a.j.p.j.s.J.Full charging journey with SSE: [electrahub-jmeter][full][046] start skipped EH-US-CHG-0054/CON-US-0054 HTTP 409; trying next connector
2026-07-02 00:59:35,542 INFO o.a.j.t.JMeterThread: Thread started: 100 driver charging journeys 1-48
2026-07-02 00:59:35,548 INFO o.a.j.p.j.s.J.Full charging journey with SSE: [electrahub-jmeter][full][048] step=register
2026-07-02 00:59:35,749 INFO o.a.j.p.j.s.J.Full charging journey with SSE: [electrahub-jmeter][full][048] http POST /auth/api/auth/register status=200 elapsedMs=200
2026-07-02 00:59:35,750 INFO o.a.j.p.j.s.J.Full charging journey with SSE: [electrahub-jmeter][full][048] registered uid=fafcf97a-706d-4c60-8e4e-8b2a9cdddfc8
2026-07-02 00:59:35,758 INFO o.a.j.p.j.s.J.Full charging journey with SSE: [electrahub-jmeter][full][048] step=payment state before setup
2026-07-02 00:59:35,814 INFO o.a.j.p.j.s.J.Full charging journey with SSE: [electrahub-jmeter][full][048] http GET /payment/api/v1/payment/state status=451 elapsedMs=55
2026-07-02 00:59:35,815 INFO o.a.j.p.j.s.J.Full charging journey with SSE: [electrahub-jmeter][full][048] step=accept terms
2026-07-02 00:59:35,876 INFO o.a.j.p.j.s.J.Full charging journey with SSE: [electrahub-jmeter][full][048] http POST /auth/api/terms/accept status=201 elapsedMs=60
2026-07-02 00:59:35,877 INFO o.a.j.p.j.s.J.Full charging journey with SSE: [electrahub-jmeter][full][048] accepted terms; refreshing token through login
2026-07-02 00:59:35,877 INFO o.a.j.p.j.s.J.Full charging journey with SSE: [electrahub-jmeter][full][048] step=login
2026-07-02 00:59:36,037 INFO o.a.j.p.j.s.J.Full charging journey with SSE: [electrahub-jmeter][full][047] step=start charging attempt 6
2026-07-02 00:59:36,051 INFO o.a.j.p.j.s.J.Full charging journey with SSE: [electrahub-jmeter][full][048] http POST /auth/api/auth/login status=200 elapsedMs=173
2026-07-02 00:59:36,052 INFO o.a.j.p.j.s.J.Full charging journey with SSE: [electrahub-jmeter][full][048] logged in uid=fafcf97a-706d-4c60-8e4e-8b2a9cdddfc8
2026-07-02 00:59:36,053 INFO o.a.j.p.j.s.J.Full charging journey with SSE: [electrahub-jmeter][full][048] step=payment state after terms
2026-07-02 00:59:36,063 INFO o.a.j.p.j.s.J.Full charging journey with SSE: [electrahub-jmeter][full][046] step=start charging attempt 10
2026-07-02 00:59:36,117 INFO o.a.j.p.j.s.J.Full charging journey with SSE: [electrahub-jmeter][full][047] http POST /session/api/v1/sessions/start status=409 elapsedMs=79
2026-07-02 00:59:36,121 INFO o.a.j.p.j.s.J.Full charging journey with SSE: [electrahub-jmeter][full][047] start skipped EH-US-CHG-0052/CON-US-0052 HTTP 409; trying next connector
2026-07-02 00:59:36,125 INFO o.a.j.p.j.s.J.Full charging journey with SSE: [electrahub-jmeter][full][048] http GET /payment/api/v1/payment/state status=200 elapsedMs=71
2026-07-02 00:59:36,126 INFO o.a.j.p.j.s.J.Full charging journey with SSE: [electrahub-jmeter][full][048] step=add card
2026-07-02 00:59:36,213 INFO o.a.j.p.j.s.J.Full charging journey with SSE: [electrahub-jmeter][full][048] http POST /payment/api/v1/payment/cards status=201 elapsedMs=86
2026-07-02 00:59:36,214 INFO o.a.j.p.j.s.J.Full charging journey with SSE: [electrahub-jmeter][full][048] step=wallet topup
2026-07-02 00:59:36,276 INFO o.a.j.p.j.s.J.Full charging journey with SSE: [electrahub-jmeter][full][048] http POST /payment/api/v1/payment/wallet/topups status=201 elapsedMs=62
2026-07-02 00:59:36,277 INFO o.a.j.p.j.s.J.Full charging journey with SSE: [electrahub-jmeter][full][048] step=payment state after setup
2026-07-02 00:59:36,347 INFO o.a.j.p.j.s.J.Full charging journey with SSE: [electrahub-jmeter][full][048] http GET /payment/api/v1/payment/state status=200 elapsedMs=70
2026-07-02 00:59:36,348 INFO o.a.j.p.j.s.J.Full charging journey with SSE: [electrahub-jmeter][full][048] payment ready wallet=120.00
2026-07-02 00:59:36,349 INFO o.a.j.p.j.s.J.Full charging journey with SSE: [electrahub-jmeter][full][048] step=charger graphql list
2026-07-02 00:59:36,442 INFO o.a.j.p.j.s.J.Full charging journey with SSE: [electrahub-jmeter][full][048] http POST /charger/graphql status=200 elapsedMs=92
2026-07-02 00:59:36,443 INFO o.a.j.p.j.s.J.Full charging journey with SSE: [electrahub-jmeter][full][048] dynamic connector selection found no available connector; using CSV connector
2026-07-02 00:59:36,444 INFO o.a.j.p.j.s.J.Full charging journey with SSE: [electrahub-jmeter][full][048] step=charger graphql view
2026-07-02 00:59:36,519 INFO o.a.j.p.j.s.J.Full charging journey with SSE: [electrahub-jmeter][full][048] http POST /charger/graphql status=200 elapsedMs=75
2026-07-02 00:59:36,521 INFO o.a.j.p.j.s.J.Full charging journey with SSE: [electrahub-jmeter][full][048] step=payment state before start
2026-07-02 00:59:36,584 INFO o.a.j.p.j.s.J.Full charging journey with SSE: [electrahub-jmeter][full][048] http GET /payment/api/v1/payment/state status=200 elapsedMs=61
2026-07-02 00:59:36,587 INFO o.a.j.p.j.s.J.Full charging journey with SSE: [electrahub-jmeter][full][048] using connector csv fallback attempts=10 startIndex=48/100
2026-07-02 00:59:36,588 INFO o.a.j.p.j.s.J.Full charging journey with SSE: [electrahub-jmeter][full][048] step=start charging attempt 1
2026-07-02 00:59:36,662 INFO o.a.j.p.j.s.J.Full charging journey with SSE: [electrahub-jmeter][full][048] http POST /session/api/v1/sessions/start status=409 elapsedMs=73
2026-07-02 00:59:36,663 INFO o.a.j.p.j.s.J.Full charging journey with SSE: [electrahub-jmeter][full][048] start skipped EH-US-CHG-0048/CON-US-0048 HTTP 409; trying next connector
2026-07-02 00:59:36,991 INFO o.a.j.p.j.s.J.Full charging journey with SSE: [electrahub-jmeter][full][046] http POST /session/api/v1/sessions/start status=201 elapsedMs=885
2026-07-02 00:59:36,992 INFO o.a.j.p.j.s.J.Full charging journey with SSE: [electrahub-jmeter][full][046] started session=16eac0eb-4fce-4017-a121-cb2d307fe8a5 charger=EH-US-CHG-0055/CON-US-0055 status=PREPARING remote=Accepted attempt=10/10
2026-07-02 00:59:36,993 INFO o.a.j.p.j.s.J.Full charging journey with SSE: [electrahub-jmeter][full][046] step=active sessions
2026-07-02 00:59:37,122 INFO o.a.j.p.j.s.J.Full charging journey with SSE: [electrahub-jmeter][full][047] step=start charging attempt 7
2026-07-02 00:59:37,195 INFO o.a.j.p.j.s.J.Full charging journey with SSE: [electrahub-jmeter][full][047] http POST /session/api/v1/sessions/start status=409 elapsedMs=72
2026-07-02 00:59:37,196 INFO o.a.j.p.j.s.J.Full charging journey with SSE: [electrahub-jmeter][full][047] start skipped EH-US-CHG-0053/CON-US-0053 HTTP 409; trying next connector
2026-07-02 00:59:37,664 INFO o.a.j.p.j.s.J.Full charging journey with SSE: [electrahub-jmeter][full][048] step=start charging attempt 2
2026-07-02 00:59:37,744 INFO o.a.j.p.j.s.J.Full charging journey with SSE: [electrahub-jmeter][full][048] http POST /session/api/v1/sessions/start status=409 elapsedMs=79
2026-07-02 00:59:37,745 INFO o.a.j.p.j.s.J.Full charging journey with SSE: [electrahub-jmeter][full][048] start skipped EH-US-CHG-0049/CON-US-0049 HTTP 409; trying next connector
2026-07-02 00:59:37,993 INFO o.a.j.p.j.s.J.Full charging journey with SSE: [electrahub-jmeter][full][046] http GET /session/api/v1/sessions/active status=200 elapsedMs=999
2026-07-02 00:59:38,197 INFO o.a.j.p.j.s.J.Full charging journey with SSE: [electrahub-jmeter][full][047] step=start charging attempt 8
2026-07-02 00:59:38,268 INFO o.a.j.p.j.s.J.Full charging journey with SSE: [electrahub-jmeter][full][047] http POST /session/api/v1/sessions/start status=409 elapsedMs=69
2026-07-02 00:59:38,268 INFO o.a.j.p.j.s.J.Full charging journey with SSE: [electrahub-jmeter][full][047] start skipped EH-US-CHG-0054/CON-US-0054 HTTP 409; trying next connector
2026-07-02 00:59:38,618 INFO o.a.j.p.j.s.J.Full charging journey with SSE: [electrahub-jmeter][full][028] step=stop charging session
2026-07-02 00:59:38,746 INFO o.a.j.p.j.s.J.Full charging journey with SSE: [electrahub-jmeter][full][048] step=start charging attempt 3
2026-07-02 00:59:38,821 INFO o.a.j.p.j.s.J.Full charging journey with SSE: [electrahub-jmeter][full][048] http POST /session/api/v1/sessions/start status=409 elapsedMs=74
2026-07-02 00:59:38,822 INFO o.a.j.p.j.s.J.Full charging journey with SSE: [electrahub-jmeter][full][048] start skipped EH-US-CHG-0050/CON-US-0050 HTTP 409; trying next connector
2026-07-02 00:59:39,010 INFO o.a.j.p.j.s.J.Full charging journey with SSE: [electrahub-jmeter][full][036] sse ok connected=1 snapshot=2 updates=23 receipts=0 heartbeats=0
2026-07-02 00:59:39,011 INFO o.a.j.p.j.s.J.Full charging journey with SSE: [electrahub-jmeter][full][036] holding session for 45s before stop
2026-07-02 00:59:39,269 INFO o.a.j.p.j.s.J.Full charging journey with SSE: [electrahub-jmeter][full][047] step=start charging attempt 9
2026-07-02 00:59:39,345 INFO o.a.j.p.j.s.J.Full charging journey with SSE: [electrahub-jmeter][full][047] http POST /session/api/v1/sessions/start status=409 elapsedMs=75
2026-07-02 00:59:39,346 INFO o.a.j.p.j.s.J.Full charging journey with SSE: [electrahub-jmeter][full][047] start skipped EH-US-CHG-0055/CON-US-0055 HTTP 409; trying next connector
2026-07-02 00:59:39,823 INFO o.a.j.p.j.s.J.Full charging journey with SSE: [electrahub-jmeter][full][048] step=start charging attempt 4
2026-07-02 00:59:39,906 INFO o.a.j.p.j.s.J.Full charging journey with SSE: [electrahub-jmeter][full][048] http POST /session/api/v1/sessions/start status=409 elapsedMs=82
2026-07-02 00:59:39,907 INFO o.a.j.p.j.s.J.Full charging journey with SSE: [electrahub-jmeter][full][048] start skipped EH-US-CHG-0051/CON-US-0051 HTTP 409; trying next connector
2026-07-02 00:59:40,347 INFO o.a.j.p.j.s.J.Full charging journey with SSE: [electrahub-jmeter][full][047] step=start charging attempt 10
2026-07-02 00:59:40,908 INFO o.a.j.p.j.s.J.Full charging journey with SSE: [electrahub-jmeter][full][048] step=start charging attempt 5
2026-07-02 00:59:41,036 INFO o.a.j.p.j.s.J.Full charging journey with SSE: [electrahub-jmeter][full][047] http POST /session/api/v1/sessions/start status=201 elapsedMs=688
2026-07-02 00:59:41,036 INFO o.a.j.p.j.s.J.Full charging journey with SSE: [electrahub-jmeter][full][047] started session=70871b41-78d2-404b-9d73-fbb7efad47a3 charger=EH-US-CHG-0056/CON-US-0056 status=PREPARING remote=Accepted attempt=10/10
2026-07-02 00:59:41,037 INFO o.a.j.p.j.s.J.Full charging journey with SSE: [electrahub-jmeter][full][047] step=active sessions
2026-07-02 00:59:41,056 INFO o.a.j.p.j.s.J.Full charging journey with SSE: [electrahub-jmeter][full][048] http POST /session/api/v1/sessions/start status=409 elapsedMs=109
2026-07-02 00:59:41,057 INFO o.a.j.p.j.s.J.Full charging journey with SSE: [electrahub-jmeter][full][048] start skipped EH-US-CHG-0052/CON-US-0052 HTTP 409; trying next connector
2026-07-02 00:59:41,542 INFO o.a.j.t.JMeterThread: Thread started: 100 driver charging journeys 1-49
2026-07-02 00:59:41,548 INFO o.a.j.p.j.s.J.Full charging journey with SSE: [electrahub-jmeter][full][049] step=register
2026-07-02 00:59:41,745 INFO o.a.j.p.j.s.J.Full charging journey with SSE: [electrahub-jmeter][full][049] http POST /auth/api/auth/register status=200 elapsedMs=197
2026-07-02 00:59:41,746 INFO o.a.j.p.j.s.J.Full charging journey with SSE: [electrahub-jmeter][full][049] registered uid=310fa955-d833-4257-97fc-225f20297892
2026-07-02 00:59:41,754 INFO o.a.j.p.j.s.J.Full charging journey with SSE: [electrahub-jmeter][full][049] step=payment state before setup
2026-07-02 00:59:41,813 INFO o.a.j.p.j.s.J.Full charging journey with SSE: [electrahub-jmeter][full][049] http GET /payment/api/v1/payment/state status=451 elapsedMs=59
2026-07-02 00:59:41,815 INFO o.a.j.p.j.s.J.Full charging journey with SSE: [electrahub-jmeter][full][049] step=accept terms
2026-07-02 00:59:41,877 INFO o.a.j.p.j.s.J.Full charging journey with SSE: [electrahub-jmeter][full][049] http POST /auth/api/terms/accept status=201 elapsedMs=61
2026-07-02 00:59:41,878 INFO o.a.j.p.j.s.J.Full charging journey with SSE: [electrahub-jmeter][full][049] accepted terms; refreshing token through login
2026-07-02 00:59:41,879 INFO o.a.j.p.j.s.J.Full charging journey with SSE: [electrahub-jmeter][full][049] step=login
2026-07-02 00:59:42,037 INFO o.a.j.p.j.s.J.Full charging journey with SSE: [electrahub-jmeter][full][047] http GET /session/api/v1/sessions/active status=200 elapsedMs=999
2026-07-02 00:59:42,041 INFO o.a.j.p.j.s.J.Full charging journey with SSE: [electrahub-jmeter][full][028] http POST /session/api/v1/sessions/591d2d16-2e02-4e42-b8c8-5aad2d80901a/stop status=204 elapsedMs=3422
2026-07-02 00:59:42,042 INFO o.a.j.p.j.s.J.Full charging journey with SSE: [electrahub-jmeter][full][028] stop requested session=591d2d16-2e02-4e42-b8c8-5aad2d80901a
2026-07-02 00:59:42,043 INFO o.a.j.p.j.s.J.Full charging journey with SSE: [electrahub-jmeter][full][028] step=active sessions
2026-07-02 00:59:42,045 INFO o.a.j.p.j.s.J.Full charging journey with SSE: [electrahub-jmeter][full][049] http POST /auth/api/auth/login status=200 elapsedMs=166
2026-07-02 00:59:42,046 INFO o.a.j.p.j.s.J.Full charging journey with SSE: [electrahub-jmeter][full][049] logged in uid=310fa955-d833-4257-97fc-225f20297892
2026-07-02 00:59:42,046 INFO o.a.j.p.j.s.J.Full charging journey with SSE: [electrahub-jmeter][full][049] step=payment state after terms
2026-07-02 00:59:42,058 INFO o.a.j.p.j.s.J.Full charging journey with SSE: [electrahub-jmeter][full][048] step=start charging attempt 6
2026-07-02 00:59:42,112 INFO o.a.j.p.j.s.J.Full charging journey with SSE: [electrahub-jmeter][full][049] http GET /payment/api/v1/payment/state status=200 elapsedMs=65
2026-07-02 00:59:42,113 INFO o.a.j.p.j.s.J.Full charging journey with SSE: [electrahub-jmeter][full][049] step=add card
2026-07-02 00:59:42,181 INFO o.a.j.p.j.s.J.Full charging journey with SSE: [electrahub-jmeter][full][049] http POST /payment/api/v1/payment/cards status=201 elapsedMs=68
2026-07-02 00:59:42,182 INFO o.a.j.p.j.s.J.Full charging journey with SSE: [electrahub-jmeter][full][049] step=wallet topup
2026-07-02 00:59:42,202 INFO o.a.j.p.j.s.J.Full charging journey with SSE: [electrahub-jmeter][full][048] http POST /session/api/v1/sessions/start status=409 elapsedMs=91
2026-07-02 00:59:42,204 INFO o.a.j.p.j.s.J.Full charging journey with SSE: [electrahub-jmeter][full][048] start skipped EH-US-CHG-0053/CON-US-0053 HTTP 409; trying next connector
2026-07-02 00:59:42,248 INFO o.a.j.p.j.s.J.Full charging journey with SSE: [electrahub-jmeter][full][049] http POST /payment/api/v1/payment/wallet/topups status=201 elapsedMs=65
2026-07-02 00:59:42,249 INFO o.a.j.p.j.s.J.Full charging journey with SSE: [electrahub-jmeter][full][049] step=payment state after setup
2026-07-02 00:59:42,312 INFO o.a.j.p.j.s.J.Full charging journey with SSE: [electrahub-jmeter][full][049] http GET /payment/api/v1/payment/state status=200 elapsedMs=62
2026-07-02 00:59:42,313 INFO o.a.j.p.j.s.J.Full charging journey with SSE: [electrahub-jmeter][full][049] payment ready wallet=120.00
2026-07-02 00:59:42,315 INFO o.a.j.p.j.s.J.Full charging journey with SSE: [electrahub-jmeter][full][049] step=charger graphql list
2026-07-02 00:59:42,424 INFO o.a.j.p.j.s.J.Full charging journey with SSE: [electrahub-jmeter][full][049] http POST /charger/graphql status=200 elapsedMs=109
2026-07-02 00:59:42,425 INFO o.a.j.p.j.s.J.Full charging journey with SSE: [electrahub-jmeter][full][049] dynamic connector selection found no available connector; using CSV connector
2026-07-02 00:59:42,426 INFO o.a.j.p.j.s.J.Full charging journey with SSE: [electrahub-jmeter][full][049] step=charger graphql view
2026-07-02 00:59:42,503 INFO o.a.j.p.j.s.J.Full charging journey with SSE: [electrahub-jmeter][full][049] http POST /charger/graphql status=200 elapsedMs=76
2026-07-02 00:59:42,504 INFO o.a.j.p.j.s.J.Full charging journey with SSE: [electrahub-jmeter][full][049] step=payment state before start
2026-07-02 00:59:42,561 INFO o.a.j.p.j.s.J.Full charging journey with SSE: [electrahub-jmeter][full][049] http GET /payment/api/v1/payment/state status=200 elapsedMs=56
2026-07-02 00:59:42,565 INFO o.a.j.p.j.s.J.Full charging journey with SSE: [electrahub-jmeter][full][049] using connector csv fallback attempts=10 startIndex=49/100
2026-07-02 00:59:42,566 INFO o.a.j.p.j.s.J.Full charging journey with SSE: [electrahub-jmeter][full][049] step=start charging attempt 1
2026-07-02 00:59:42,636 INFO o.a.j.p.j.s.J.Full charging journey with SSE: [electrahub-jmeter][full][049] http POST /session/api/v1/sessions/start status=409 elapsedMs=69
2026-07-02 00:59:42,636 INFO o.a.j.p.j.s.J.Full charging journey with SSE: [electrahub-jmeter][full][049] start skipped EH-US-CHG-0049/CON-US-0049 HTTP 409; trying next connector
2026-07-02 00:59:43,042 INFO o.a.j.p.j.s.J.Full charging journey with SSE: [electrahub-jmeter][full][028] http GET /session/api/v1/sessions/active status=200 elapsedMs=999
2026-07-02 00:59:43,205 INFO o.a.j.p.j.s.J.Full charging journey with SSE: [electrahub-jmeter][full][048] step=start charging attempt 7
2026-07-02 00:59:43,276 INFO o.a.j.p.j.s.J.Full charging journey with SSE: [electrahub-jmeter][full][048] http POST /session/api/v1/sessions/start status=409 elapsedMs=70
2026-07-02 00:59:43,277 INFO o.a.j.p.j.s.J.Full charging journey with SSE: [electrahub-jmeter][full][048] start skipped EH-US-CHG-0054/CON-US-0054 HTTP 409; trying next connector
2026-07-02 00:59:43,637 INFO o.a.j.p.j.s.J.Full charging journey with SSE: [electrahub-jmeter][full][049] step=start charging attempt 2
2026-07-02 00:59:43,718 INFO o.a.j.p.j.s.J.Full charging journey with SSE: [electrahub-jmeter][full][049] http POST /session/api/v1/sessions/start status=409 elapsedMs=80
2026-07-02 00:59:43,718 INFO o.a.j.p.j.s.J.Full charging journey with SSE: [electrahub-jmeter][full][049] start skipped EH-US-CHG-0050/CON-US-0050 HTTP 409; trying next connector
2026-07-02 00:59:44,277 INFO o.a.j.p.j.s.J.Full charging journey with SSE: [electrahub-jmeter][full][048] step=start charging attempt 8
2026-07-02 00:59:44,354 INFO o.a.j.p.j.s.J.Full charging journey with SSE: [electrahub-jmeter][full][048] http POST /session/api/v1/sessions/start status=409 elapsedMs=76
2026-07-02 00:59:44,355 INFO o.a.j.p.j.s.J.Full charging journey with SSE: [electrahub-jmeter][full][048] start skipped EH-US-CHG-0055/CON-US-0055 HTTP 409; trying next connector
2026-07-02 00:59:44,719 INFO o.a.j.p.j.s.J.Full charging journey with SSE: [electrahub-jmeter][full][049] step=start charging attempt 3
2026-07-02 00:59:44,796 INFO o.a.j.p.j.s.J.Full charging journey with SSE: [electrahub-jmeter][full][049] http POST /session/api/v1/sessions/start status=409 elapsedMs=76
2026-07-02 00:59:44,797 INFO o.a.j.p.j.s.J.Full charging journey with SSE: [electrahub-jmeter][full][049] start skipped EH-US-CHG-0051/CON-US-0051 HTTP 409; trying next connector
2026-07-02 00:59:45,058 INFO o.a.j.p.j.s.J.Full charging journey with SSE: [electrahub-jmeter][full][037] sse ok connected=1 snapshot=2 updates=25 receipts=0 heartbeats=0
2026-07-02 00:59:45,062 INFO o.a.j.p.j.s.J.Full charging journey with SSE: [electrahub-jmeter][full][037] holding session for 45s before stop
2026-07-02 00:59:45,358 INFO o.a.j.p.j.s.J.Full charging journey with SSE: [electrahub-jmeter][full][048] step=start charging attempt 9
2026-07-02 00:59:45,431 INFO o.a.j.p.j.s.J.Full charging journey with SSE: [electrahub-jmeter][full][048] http POST /session/api/v1/sessions/start status=409 elapsedMs=71
2026-07-02 00:59:45,432 INFO o.a.j.p.j.s.J.Full charging journey with SSE: [electrahub-jmeter][full][048] start skipped EH-US-CHG-0056/CON-US-0056 HTTP 409; trying next connector
2026-07-02 00:59:45,798 INFO o.a.j.p.j.s.J.Full charging journey with SSE: [electrahub-jmeter][full][049] step=start charging attempt 4
2026-07-02 00:59:45,868 INFO o.a.j.p.j.s.J.Full charging journey with SSE: [electrahub-jmeter][full][049] http POST /session/api/v1/sessions/start status=409 elapsedMs=69
2026-07-02 00:59:45,869 INFO o.a.j.p.j.s.J.Full charging journey with SSE: [electrahub-jmeter][full][049] start skipped EH-US-CHG-0052/CON-US-0052 HTTP 409; trying next connector
2026-07-02 00:59:46,433 INFO o.a.j.p.j.s.J.Full charging journey with SSE: [electrahub-jmeter][full][048] step=start charging attempt 10
2026-07-02 00:59:46,870 INFO o.a.j.p.j.s.J.Full charging journey with SSE: [electrahub-jmeter][full][049] step=start charging attempt 5
2026-07-02 00:59:46,942 INFO o.a.j.p.j.s.J.Full charging journey with SSE: [electrahub-jmeter][full][049] http POST /session/api/v1/sessions/start status=409 elapsedMs=71
2026-07-02 00:59:46,943 INFO o.a.j.p.j.s.J.Full charging journey with SSE: [electrahub-jmeter][full][049] start skipped EH-US-CHG-0053/CON-US-0053 HTTP 409; trying next connector
2026-07-02 00:59:47,077 INFO o.a.j.p.j.s.J.Full charging journey with SSE: [electrahub-jmeter][full][048] http POST /session/api/v1/sessions/start status=201 elapsedMs=643
2026-07-02 00:59:47,078 INFO o.a.j.p.j.s.J.Full charging journey with SSE: [electrahub-jmeter][full][048] started session=0ab7a969-1296-403c-b6ba-e8f9ed6b32d9 charger=EH-US-CHG-0057/CON-US-0057 status=PREPARING remote=Accepted attempt=10/10
2026-07-02 00:59:47,079 INFO o.a.j.p.j.s.J.Full charging journey with SSE: [electrahub-jmeter][full][048] step=active sessions
2026-07-02 00:59:47,543 INFO o.a.j.t.JMeterThread: Thread started: 100 driver charging journeys 1-50
2026-07-02 00:59:47,548 INFO o.a.j.p.j.s.J.Full charging journey with SSE: [electrahub-jmeter][full][050] step=register
2026-07-02 00:59:47,747 INFO o.a.j.p.j.s.J.Full charging journey with SSE: [electrahub-jmeter][full][050] http POST /auth/api/auth/register status=200 elapsedMs=198
2026-07-02 00:59:47,748 INFO o.a.j.p.j.s.J.Full charging journey with SSE: [electrahub-jmeter][full][050] registered uid=a2c2e7ca-124c-42f3-adcf-3d41679ec75f
2026-07-02 00:59:47,757 INFO o.a.j.p.j.s.J.Full charging journey with SSE: [electrahub-jmeter][full][050] step=payment state before setup
2026-07-02 00:59:47,813 INFO o.a.j.p.j.s.J.Full charging journey with SSE: [electrahub-jmeter][full][050] http GET /payment/api/v1/payment/state status=451 elapsedMs=55
2026-07-02 00:59:47,814 INFO o.a.j.p.j.s.J.Full charging journey with SSE: [electrahub-jmeter][full][050] step=accept terms
2026-07-02 00:59:47,883 INFO o.a.j.p.j.s.J.Full charging journey with SSE: [electrahub-jmeter][full][050] http POST /auth/api/terms/accept status=201 elapsedMs=69
2026-07-02 00:59:47,884 INFO o.a.j.p.j.s.J.Full charging journey with SSE: [electrahub-jmeter][full][050] accepted terms; refreshing token through login
2026-07-02 00:59:47,884 INFO o.a.j.p.j.s.J.Full charging journey with SSE: [electrahub-jmeter][full][050] step=login
2026-07-02 00:59:47,943 INFO o.a.j.p.j.s.J.Full charging journey with SSE: [electrahub-jmeter][full][049] step=start charging attempt 6
2026-07-02 00:59:48,043 INFO o.a.j.p.j.s.J.Full charging journey with SSE: [electrahub-jmeter][full][028] step=active sessions
2026-07-02 00:59:48,081 INFO o.a.j.p.j.s.J.Full charging journey with SSE: [electrahub-jmeter][full][049] http POST /session/api/v1/sessions/start status=409 elapsedMs=97
2026-07-02 00:59:48,082 INFO o.a.j.p.j.s.J.Full charging journey with SSE: [electrahub-jmeter][full][049] start skipped EH-US-CHG-0054/CON-US-0054 HTTP 409; trying next connector
2026-07-02 00:59:48,092 INFO o.a.j.p.j.s.J.Full charging journey with SSE: [electrahub-jmeter][full][048] http GET /session/api/v1/sessions/active status=200 elapsedMs=1013
2026-07-02 00:59:48,135 INFO o.a.j.p.j.s.J.Full charging journey with SSE: [electrahub-jmeter][full][050] http POST /auth/api/auth/login status=200 elapsedMs=250
2026-07-02 00:59:48,136 INFO o.a.j.p.j.s.J.Full charging journey with SSE: [electrahub-jmeter][full][050] logged in uid=a2c2e7ca-124c-42f3-adcf-3d41679ec75f
2026-07-02 00:59:48,137 INFO o.a.j.p.j.s.J.Full charging journey with SSE: [electrahub-jmeter][full][050] step=payment state after terms
2026-07-02 00:59:48,169 INFO o.a.j.p.j.s.J.Full charging journey with SSE: [electrahub-jmeter][full][028] http GET /session/api/v1/sessions/active status=200 elapsedMs=125
2026-07-02 00:59:48,170 INFO o.a.j.p.j.s.J.Full charging journey with SSE: [electrahub-jmeter][full][028] step=receipt
2026-07-02 00:59:48,211 INFO o.a.j.p.j.s.J.Full charging journey with SSE: [electrahub-jmeter][full][050] http GET /payment/api/v1/payment/state status=200 elapsedMs=74
2026-07-02 00:59:48,212 INFO o.a.j.p.j.s.J.Full charging journey with SSE: [electrahub-jmeter][full][050] step=add card
2026-07-02 00:59:48,236 INFO o.a.j.p.j.s.J.Full charging journey with SSE: [electrahub-jmeter][full][028] http GET /session/api/v1/sessions/591d2d16-2e02-4e42-b8c8-5aad2d80901a/receipt status=200 elapsedMs=65
2026-07-02 00:59:48,237 INFO o.a.j.p.j.s.J.Full charging journey with SSE: [electrahub-jmeter][full][028] step=session history
2026-07-02 00:59:48,278 INFO o.a.j.p.j.s.J.Full charging journey with SSE: [electrahub-jmeter][full][050] http POST /payment/api/v1/payment/cards status=201 elapsedMs=65
2026-07-02 00:59:48,279 INFO o.a.j.p.j.s.J.Full charging journey with SSE: [electrahub-jmeter][full][050] step=wallet topup
2026-07-02 00:59:48,296 INFO o.a.j.p.j.s.J.Full charging journey with SSE: [electrahub-jmeter][full][028] http GET /session/api/v1/sessions/history?page=0&size=10 status=200 elapsedMs=59
2026-07-02 00:59:48,297 INFO o.a.j.p.j.s.J.Full charging journey with SSE: [electrahub-jmeter][full][028] step=dashboard stats
2026-07-02 00:59:48,348 INFO o.a.j.p.j.s.J.Full charging journey with SSE: [electrahub-jmeter][full][050] http POST /payment/api/v1/payment/wallet/topups status=201 elapsedMs=68
2026-07-02 00:59:48,349 INFO o.a.j.p.j.s.J.Full charging journey with SSE: [electrahub-jmeter][full][050] step=payment state after setup
2026-07-02 00:59:48,359 INFO o.a.j.p.j.s.J.Full charging journey with SSE: [electrahub-jmeter][full][028] http GET /session/api/v1/sessions/dashboard-stats status=200 elapsedMs=62
2026-07-02 00:59:48,360 INFO o.a.j.p.j.s.J.Full charging journey with SSE: [electrahub-jmeter][full][028] receipt ok session=591d2d16-2e02-4e42-b8c8-5aad2d80901a status=Completed total=1.8663
2026-07-02 00:59:48,361 INFO o.a.j.t.JMeterThread: Thread is done: 100 driver charging journeys 1-28
2026-07-02 00:59:48,362 INFO o.a.j.t.JMeterThread: Thread finished: 100 driver charging journeys 1-28
2026-07-02 00:59:48,409 INFO o.a.j.p.j.s.J.Full charging journey with SSE: [electrahub-jmeter][full][050] http GET /payment/api/v1/payment/state status=200 elapsedMs=59
2026-07-02 00:59:48,409 INFO o.a.j.p.j.s.J.Full charging journey with SSE: [electrahub-jmeter][full][050] payment ready wallet=120.00
2026-07-02 00:59:48,410 INFO o.a.j.p.j.s.J.Full charging journey with SSE: [electrahub-jmeter][full][050] step=charger graphql list
2026-07-02 00:59:48,511 INFO o.a.j.p.j.s.J.Full charging journey with SSE: [electrahub-jmeter][full][050] http POST /charger/graphql status=200 elapsedMs=100
2026-07-02 00:59:48,513 INFO o.a.j.p.j.s.J.Full charging journey with SSE: [electrahub-jmeter][full][050] dynamic connector selection found no available connector; using CSV connector
2026-07-02 00:59:48,513 INFO o.a.j.p.j.s.J.Full charging journey with SSE: [electrahub-jmeter][full][050] step=charger graphql view
2026-07-02 00:59:48,589 INFO o.a.j.p.j.s.J.Full charging journey with SSE: [electrahub-jmeter][full][050] http POST /charger/graphql status=200 elapsedMs=74
2026-07-02 00:59:48,589 INFO o.a.j.p.j.s.J.Full charging journey with SSE: [electrahub-jmeter][full][050] step=payment state before start
2026-07-02 00:59:48,654 INFO o.a.j.p.j.s.J.Full charging journey with SSE: [electrahub-jmeter][full][050] http GET /payment/api/v1/payment/state status=200 elapsedMs=64
2026-07-02 00:59:48,657 INFO o.a.j.p.j.s.J.Full charging journey with SSE: [electrahub-jmeter][full][050] using connector csv fallback attempts=10 startIndex=50/100
2026-07-02 00:59:48,658 INFO o.a.j.p.j.s.J.Full charging journey with SSE: [electrahub-jmeter][full][050] step=start charging attempt 1
2026-07-02 00:59:48,731 INFO o.a.j.p.j.s.J.Full charging journey with SSE: [electrahub-jmeter][full][050] http POST /session/api/v1/sessions/start status=409 elapsedMs=73
2026-07-02 00:59:48,732 INFO o.a.j.p.j.s.J.Full charging journey with SSE: [electrahub-jmeter][full][050] start skipped EH-US-CHG-0050/CON-US-0050 HTTP 409; trying next connector
2026-07-02 00:59:49,083 INFO o.a.j.p.j.s.J.Full charging journey with SSE: [electrahub-jmeter][full][049] step=start charging attempt 7
2026-07-02 00:59:49,155 INFO o.a.j.p.j.s.J.Full charging journey with SSE: [electrahub-jmeter][full][049] http POST /session/api/v1/sessions/start status=409 elapsedMs=68
2026-07-02 00:59:49,155 INFO o.a.j.p.j.s.J.Full charging journey with SSE: [electrahub-jmeter][full][049] start skipped EH-US-CHG-0055/CON-US-0055 HTTP 409; trying next connector
2026-07-02 00:59:49,733 INFO o.a.j.p.j.s.J.Full charging journey with SSE: [electrahub-jmeter][full][050] step=start charging attempt 2
2026-07-02 00:59:49,814 INFO o.a.j.p.j.s.J.Full charging journey with SSE: [electrahub-jmeter][full][050] http POST /session/api/v1/sessions/start status=409 elapsedMs=80
2026-07-02 00:59:49,815 INFO o.a.j.p.j.s.J.Full charging journey with SSE: [electrahub-jmeter][full][050] start skipped EH-US-CHG-0051/CON-US-0051 HTTP 409; trying next connector
2026-07-02 00:59:50,156 INFO o.a.j.p.j.s.J.Full charging journey with SSE: [electrahub-jmeter][full][049] step=start charging attempt 8
2026-07-02 00:59:50,225 INFO o.a.j.p.j.s.J.Full charging journey with SSE: [electrahub-jmeter][full][049] http POST /session/api/v1/sessions/start status=409 elapsedMs=68
2026-07-02 00:59:50,225 INFO o.a.j.p.j.s.J.Full charging journey with SSE: [electrahub-jmeter][full][049] start skipped EH-US-CHG-0056/CON-US-0056 HTTP 409; trying next connector
2026-07-02 00:59:50,815 INFO o.a.j.p.j.s.J.Full charging journey with SSE: [electrahub-jmeter][full][050] step=start charging attempt 3
2026-07-02 00:59:50,888 INFO o.a.j.p.j.s.J.Full charging journey with SSE: [electrahub-jmeter][full][050] http POST /session/api/v1/sessions/start status=409 elapsedMs=71
2026-07-02 00:59:50,888 INFO o.a.j.p.j.s.J.Full charging journey with SSE: [electrahub-jmeter][full][050] start skipped EH-US-CHG-0052/CON-US-0052 HTTP 409; trying next connector
2026-07-02 00:59:51,120 INFO o.a.j.p.j.s.J.Full charging journey with SSE: [electrahub-jmeter][full][038] sse ok connected=1 snapshot=2 updates=25 receipts=0 heartbeats=0
2026-07-02 00:59:51,121 INFO o.a.j.p.j.s.J.Full charging journey with SSE: [electrahub-jmeter][full][038] holding session for 45s before stop
2026-07-02 00:59:51,226 INFO o.a.j.p.j.s.J.Full charging journey with SSE: [electrahub-jmeter][full][049] step=start charging attempt 9
2026-07-02 00:59:51,296 INFO o.a.j.p.j.s.J.Full charging journey with SSE: [electrahub-jmeter][full][049] http POST /session/api/v1/sessions/start status=409 elapsedMs=68
2026-07-02 00:59:51,296 INFO o.a.j.p.j.s.J.Full charging journey with SSE: [electrahub-jmeter][full][049] start skipped EH-US-CHG-0057/CON-US-0057 HTTP 409; trying next connector
2026-07-02 00:59:51,889 INFO o.a.j.p.j.s.J.Full charging journey with SSE: [electrahub-jmeter][full][050] step=start charging attempt 4
2026-07-02 00:59:51,960 INFO o.a.j.p.j.s.J.Full charging journey with SSE: [electrahub-jmeter][full][050] http POST /session/api/v1/sessions/start status=409 elapsedMs=70
2026-07-02 00:59:51,961 INFO o.a.j.p.j.s.J.Full charging journey with SSE: [electrahub-jmeter][full][050] start skipped EH-US-CHG-0053/CON-US-0053 HTTP 409; trying next connector
2026-07-02 00:59:52,297 INFO o.a.j.p.j.s.J.Full charging journey with SSE: [electrahub-jmeter][full][049] step=start charging attempt 10
2026-07-02 00:59:52,962 INFO o.a.j.p.j.s.J.Full charging journey with SSE: [electrahub-jmeter][full][050] step=start charging attempt 5
2026-07-02 00:59:53,034 INFO o.a.j.p.j.s.J.Full charging journey with SSE: [electrahub-jmeter][full][050] http POST /session/api/v1/sessions/start status=409 elapsedMs=71
2026-07-02 00:59:53,035 INFO o.a.j.p.j.s.J.Full charging journey with SSE: [electrahub-jmeter][full][050] start skipped EH-US-CHG-0054/CON-US-0054 HTTP 409; trying next connector
2026-07-02 00:59:53,150 INFO o.a.j.p.j.s.J.Full charging journey with SSE: [electrahub-jmeter][full][049] http POST /session/api/v1/sessions/start status=201 elapsedMs=852
2026-07-02 00:59:53,151 INFO o.a.j.p.j.s.J.Full charging journey with SSE: [electrahub-jmeter][full][049] started session=256b0d3b-b6a9-4db0-9f06-53300ece03fc charger=EH-US-CHG-0058/CON-US-0058 status=PREPARING remote=Accepted attempt=10/10
2026-07-02 00:59:53,151 INFO o.a.j.p.j.s.J.Full charging journey with SSE: [electrahub-jmeter][full][049] step=active sessions
2026-07-02 00:59:54,036 INFO o.a.j.p.j.s.J.Full charging journey with SSE: [electrahub-jmeter][full][050] step=start charging attempt 6
2026-07-02 00:59:54,109 INFO o.a.j.p.j.s.J.Full charging journey with SSE: [electrahub-jmeter][full][050] http POST /session/api/v1/sessions/start status=409 elapsedMs=72
2026-07-02 00:59:54,111 INFO o.a.j.p.j.s.J.Full charging journey with SSE: [electrahub-jmeter][full][050] start skipped EH-US-CHG-0055/CON-US-0055 HTTP 409; trying next connector
2026-07-02 00:59:54,140 INFO o.a.j.p.j.s.J.Full charging journey with SSE: [electrahub-jmeter][full][049] http GET /session/api/v1/sessions/active status=200 elapsedMs=988
2026-07-02 00:59:55,112 INFO o.a.j.p.j.s.J.Full charging journey with SSE: [electrahub-jmeter][full][050] step=start charging attempt 7
2026-07-02 00:59:55,183 INFO o.a.j.p.j.s.J.Full charging journey with SSE: [electrahub-jmeter][full][050] http POST /session/api/v1/sessions/start status=409 elapsedMs=69
2026-07-02 00:59:55,183 INFO o.a.j.p.j.s.J.Full charging journey with SSE: [electrahub-jmeter][full][050] start skipped EH-US-CHG-0056/CON-US-0056 HTTP 409; trying next connector
2026-07-02 00:59:55,740 INFO o.a.j.p.j.s.J.Full charging journey with SSE: [electrahub-jmeter][full][031] step=stop charging session
2026-07-02 00:59:56,184 INFO o.a.j.p.j.s.J.Full charging journey with SSE: [electrahub-jmeter][full][050] step=start charging attempt 8
2026-07-02 00:59:56,315 INFO o.a.j.p.j.s.J.Full charging journey with SSE: [electrahub-jmeter][full][050] http POST /session/api/v1/sessions/start status=409 elapsedMs=79
2026-07-02 00:59:56,316 INFO o.a.j.p.j.s.J.Full charging journey with SSE: [electrahub-jmeter][full][050] start skipped EH-US-CHG-0057/CON-US-0057 HTTP 409; trying next connector
2026-07-02 00:59:59,698 INFO o.a.j.p.j.s.J.Full charging journey with SSE: [electrahub-jmeter][full][039] sse ok connected=1 snapshot=2 updates=25 receipts=0 heartbeats=0
2026-07-02 00:59:59,699 INFO o.a.j.p.j.s.J.Full charging journey with SSE: [electrahub-jmeter][full][039] holding session for 42s before stop
2026-07-02 00:59:59,847 INFO o.a.j.p.j.s.J.Full charging journey with SSE: [electrahub-jmeter][full][050] step=start charging attempt 9
2026-07-02 00:59:59,958 INFO o.a.j.p.j.s.J.Full charging journey with SSE: [electrahub-jmeter][full][050] http POST /session/api/v1/sessions/start status=409 elapsedMs=110
2026-07-02 00:59:59,959 INFO o.a.j.p.j.s.J.Full charging journey with SSE: [electrahub-jmeter][full][050] start skipped EH-US-CHG-0058/CON-US-0058 HTTP 409; trying next connector
2026-07-02 01:00:00,959 INFO o.a.j.p.j.s.J.Full charging journey with SSE: [electrahub-jmeter][full][050] step=start charging attempt 10
2026-07-02 01:00:01,718 INFO o.a.j.p.j.s.J.Full charging journey with SSE: [electrahub-jmeter][full][031] http POST /session/api/v1/sessions/687029a2-e248-4b44-bc75-acd108c4b1b5/stop status=204 elapsedMs=5977
2026-07-02 01:00:01,719 INFO o.a.j.p.j.s.J.Full charging journey with SSE: [electrahub-jmeter][full][031] stop requested session=687029a2-e248-4b44-bc75-acd108c4b1b5
2026-07-02 01:00:01,719 INFO o.a.j.p.j.s.J.Full charging journey with SSE: [electrahub-jmeter][full][031] step=active sessions
2026-07-02 01:00:01,726 INFO o.a.j.p.j.s.J.Full charging journey with SSE: [electrahub-jmeter][full][050] http POST /session/api/v1/sessions/start status=201 elapsedMs=766
2026-07-02 01:00:01,727 INFO o.a.j.p.j.s.J.Full charging journey with SSE: [electrahub-jmeter][full][050] started session=34aa18d7-9fcc-4f67-a7f6-192686f57e2e charger=EH-US-CHG-0059/CON-US-0059 status=PREPARING remote=Accepted attempt=10/10
2026-07-02 01:00:01,728 INFO o.a.j.p.j.s.J.Full charging journey with SSE: [electrahub-jmeter][full][050] step=active sessions
2026-07-02 01:00:02,735 INFO o.a.j.p.j.s.J.Full charging journey with SSE: [electrahub-jmeter][full][050] http GET /session/api/v1/sessions/active status=200 elapsedMs=1002
2026-07-02 01:00:02,737 INFO o.a.j.p.j.s.J.Full charging journey with SSE: [electrahub-jmeter][full][031] http GET /session/api/v1/sessions/active status=200 elapsedMs=1017
2026-07-02 01:00:04,322 INFO o.a.j.p.j.s.J.Full charging journey with SSE: [electrahub-jmeter][full][032] step=stop charging session
2026-07-02 01:00:05,767 INFO o.a.j.p.j.s.J.Full charging journey with SSE: [electrahub-jmeter][full][040] sse ok connected=1 snapshot=2 updates=25 receipts=0 heartbeats=0
2026-07-02 01:00:05,768 INFO o.a.j.p.j.s.J.Full charging journey with SSE: [electrahub-jmeter][full][040] holding session for 42s before stop
2026-07-02 01:00:07,738 INFO o.a.j.p.j.s.J.Full charging journey with SSE: [electrahub-jmeter][full][031] step=active sessions
2026-07-02 01:00:07,785 INFO o.a.j.p.j.s.J.Full charging journey with SSE: [electrahub-jmeter][full][032] http POST /session/api/v1/sessions/a778a008-08fd-4b52-93c1-6cb747edd950/stop status=204 elapsedMs=3462
2026-07-02 01:00:07,786 INFO o.a.j.p.j.s.J.Full charging journey with SSE: [electrahub-jmeter][full][032] stop requested session=a778a008-08fd-4b52-93c1-6cb747edd950
2026-07-02 01:00:07,786 INFO o.a.j.p.j.s.J.Full charging journey with SSE: [electrahub-jmeter][full][032] step=active sessions
2026-07-02 01:00:07,861 INFO o.a.j.p.j.s.J.Full charging journey with SSE: [electrahub-jmeter][full][031] http GET /session/api/v1/sessions/active status=200 elapsedMs=122
2026-07-02 01:00:07,862 INFO o.a.j.p.j.s.J.Full charging journey with SSE: [electrahub-jmeter][full][031] step=receipt
2026-07-02 01:00:07,928 INFO o.a.j.p.j.s.J.Full charging journey with SSE: [electrahub-jmeter][full][031] http GET /session/api/v1/sessions/687029a2-e248-4b44-bc75-acd108c4b1b5/receipt status=200 elapsedMs=65
2026-07-02 01:00:07,929 INFO o.a.j.p.j.s.J.Full charging journey with SSE: [electrahub-jmeter][full][031] step=session history
2026-07-02 01:00:07,990 INFO o.a.j.p.j.s.J.Full charging journey with SSE: [electrahub-jmeter][full][031] http GET /session/api/v1/sessions/history?page=0&size=10 status=200 elapsedMs=60
2026-07-02 01:00:07,991 INFO o.a.j.p.j.s.J.Full charging journey with SSE: [electrahub-jmeter][full][031] step=dashboard stats
2026-07-02 01:00:08,066 INFO o.a.j.p.j.s.J.Full charging journey with SSE: [electrahub-jmeter][full][031] http GET /session/api/v1/sessions/dashboard-stats status=200 elapsedMs=74
2026-07-02 01:00:08,067 INFO o.a.j.p.j.s.J.Full charging journey with SSE: [electrahub-jmeter][full][031] receipt ok session=687029a2-e248-4b44-bc75-acd108c4b1b5 status=Completed total=1.8678
2026-07-02 01:00:08,068 INFO o.a.j.t.JMeterThread: Thread is done: 100 driver charging journeys 1-31
2026-07-02 01:00:08,069 INFO o.a.j.t.JMeterThread: Thread finished: 100 driver charging journeys 1-31
2026-07-02 01:00:08,797 INFO o.a.j.p.j.s.J.Full charging journey with SSE: [electrahub-jmeter][full][032] http GET /session/api/v1/sessions/active status=200 elapsedMs=1010
2026-07-02 01:00:10,398 INFO o.a.j.p.j.s.J.Full charging journey with SSE: [electrahub-jmeter][full][033] step=stop charging session
2026-07-02 01:00:13,798 INFO o.a.j.p.j.s.J.Full charging journey with SSE: [electrahub-jmeter][full][032] step=active sessions
2026-07-02 01:00:13,838 INFO o.a.j.p.j.s.J.Full charging journey with SSE: [electrahub-jmeter][full][033] http POST /session/api/v1/sessions/1ffcaa95-7fea-4207-b490-0248386944fa/stop status=204 elapsedMs=3439
2026-07-02 01:00:13,839 INFO o.a.j.p.j.s.J.Full charging journey with SSE: [electrahub-jmeter][full][033] stop requested session=1ffcaa95-7fea-4207-b490-0248386944fa
2026-07-02 01:00:13,840 INFO o.a.j.p.j.s.J.Full charging journey with SSE: [electrahub-jmeter][full][033] step=active sessions
2026-07-02 01:00:13,948 INFO o.a.j.p.j.s.J.Full charging journey with SSE: [electrahub-jmeter][full][032] http GET /session/api/v1/sessions/active status=200 elapsedMs=149
2026-07-02 01:00:13,949 INFO o.a.j.p.j.s.J.Full charging journey with SSE: [electrahub-jmeter][full][032] step=receipt
2026-07-02 01:00:14,021 INFO o.a.j.p.j.s.J.Full charging journey with SSE: [electrahub-jmeter][full][032] http GET /session/api/v1/sessions/a778a008-08fd-4b52-93c1-6cb747edd950/receipt status=200 elapsedMs=71
2026-07-02 01:00:14,022 INFO o.a.j.p.j.s.J.Full charging journey with SSE: [electrahub-jmeter][full][032] step=session history
2026-07-02 01:00:14,084 INFO o.a.j.p.j.s.J.Full charging journey with SSE: [electrahub-jmeter][full][032] http GET /session/api/v1/sessions/history?page=0&size=10 status=200 elapsedMs=61
2026-07-02 01:00:14,086 INFO o.a.j.p.j.s.J.Full charging journey with SSE: [electrahub-jmeter][full][032] step=dashboard stats
2026-07-02 01:00:14,146 INFO o.a.j.p.j.s.J.Full charging journey with SSE: [electrahub-jmeter][full][032] http GET /session/api/v1/sessions/dashboard-stats status=200 elapsedMs=59
2026-07-02 01:00:14,147 INFO o.a.j.p.j.s.J.Full charging journey with SSE: [electrahub-jmeter][full][032] receipt ok session=a778a008-08fd-4b52-93c1-6cb747edd950 status=Completed total=1.8678
2026-07-02 01:00:14,149 INFO o.a.j.t.JMeterThread: Thread is done: 100 driver charging journeys 1-32
2026-07-02 01:00:14,150 INFO o.a.j.t.JMeterThread: Thread finished: 100 driver charging journeys 1-32
2026-07-02 01:00:14,452 INFO o.a.j.p.j.s.J.Full charging journey with SSE: [electrahub-jmeter][full][034] step=stop charging session
2026-07-02 01:00:14,851 INFO o.a.j.p.j.s.J.Full charging journey with SSE: [electrahub-jmeter][full][033] http GET /session/api/v1/sessions/active status=200 elapsedMs=1011
2026-07-02 01:00:15,857 INFO o.a.j.p.j.s.J.Full charging journey with SSE: [electrahub-jmeter][full][042] sse ok connected=1 snapshot=2 updates=23 receipts=0 heartbeats=0
2026-07-02 01:00:15,858 INFO o.a.j.p.j.s.J.Full charging journey with SSE: [electrahub-jmeter][full][042] holding session for 44s before stop
2026-07-02 01:00:17,890 INFO o.a.j.p.j.s.J.Full charging journey with SSE: [electrahub-jmeter][full][034] http POST /session/api/v1/sessions/037f9f51-b149-446f-9489-4dc33aed2716/stop status=204 elapsedMs=3437
2026-07-02 01:00:17,890 INFO o.a.j.p.j.s.J.Full charging journey with SSE: [electrahub-jmeter][full][034] stop requested session=037f9f51-b149-446f-9489-4dc33aed2716
2026-07-02 01:00:17,891 INFO o.a.j.p.j.s.J.Full charging journey with SSE: [electrahub-jmeter][full][034] step=active sessions
2026-07-02 01:00:18,886 INFO o.a.j.p.j.s.J.Full charging journey with SSE: [electrahub-jmeter][full][034] http GET /session/api/v1/sessions/active status=200 elapsedMs=994
2026-07-02 01:00:19,852 INFO o.a.j.p.j.s.J.Full charging journey with SSE: [electrahub-jmeter][full][033] step=active sessions
2026-07-02 01:00:19,934 INFO o.a.j.p.j.s.J.Full charging journey with SSE: [electrahub-jmeter][full][033] http GET /session/api/v1/sessions/active status=200 elapsedMs=80
2026-07-02 01:00:19,935 INFO o.a.j.p.j.s.J.Full charging journey with SSE: [electrahub-jmeter][full][033] step=receipt
2026-07-02 01:00:20,008 INFO o.a.j.p.j.s.J.Full charging journey with SSE: [electrahub-jmeter][full][033] http GET /session/api/v1/sessions/1ffcaa95-7fea-4207-b490-0248386944fa/receipt status=200 elapsedMs=73
2026-07-02 01:00:20,008 INFO o.a.j.p.j.s.J.Full charging journey with SSE: [electrahub-jmeter][full][033] step=session history
2026-07-02 01:00:20,071 INFO o.a.j.p.j.s.J.Full charging journey with SSE: [electrahub-jmeter][full][033] http GET /session/api/v1/sessions/history?page=0&size=10 status=200 elapsedMs=62
2026-07-02 01:00:20,072 INFO o.a.j.p.j.s.J.Full charging journey with SSE: [electrahub-jmeter][full][033] step=dashboard stats
2026-07-02 01:00:20,137 INFO o.a.j.p.j.s.J.Full charging journey with SSE: [electrahub-jmeter][full][033] http GET /session/api/v1/sessions/dashboard-stats status=200 elapsedMs=65
2026-07-02 01:00:20,138 INFO o.a.j.p.j.s.J.Full charging journey with SSE: [electrahub-jmeter][full][033] receipt ok session=1ffcaa95-7fea-4207-b490-0248386944fa status=Completed total=1.8678
2026-07-02 01:00:20,139 INFO o.a.j.t.JMeterThread: Thread is done: 100 driver charging journeys 1-33
2026-07-02 01:00:20,139 INFO o.a.j.t.JMeterThread: Thread finished: 100 driver charging journeys 1-33
2026-07-02 01:00:20,500 INFO o.a.j.p.j.s.J.Full charging journey with SSE: [electrahub-jmeter][full][035] step=stop charging session
2026-07-02 01:00:21,909 INFO o.a.j.p.j.s.J.Full charging journey with SSE: [electrahub-jmeter][full][043] sse ok connected=1 snapshot=2 updates=23 receipts=0 heartbeats=0
2026-07-02 01:00:21,910 INFO o.a.j.p.j.s.J.Full charging journey with SSE: [electrahub-jmeter][full][043] holding session for 44s before stop
2026-07-02 01:00:23,887 INFO o.a.j.p.j.s.J.Full charging journey with SSE: [electrahub-jmeter][full][034] step=active sessions
2026-07-02 01:00:23,927 INFO o.a.j.p.j.s.J.Full charging journey with SSE: [electrahub-jmeter][full][035] http POST /session/api/v1/sessions/c9207f5e-d6ea-4a55-96d6-86cf9febe374/stop status=204 elapsedMs=3426
2026-07-02 01:00:23,928 INFO o.a.j.p.j.s.J.Full charging journey with SSE: [electrahub-jmeter][full][035] stop requested session=c9207f5e-d6ea-4a55-96d6-86cf9febe374
2026-07-02 01:00:23,929 INFO o.a.j.p.j.s.J.Full charging journey with SSE: [electrahub-jmeter][full][035] step=active sessions
2026-07-02 01:00:24,008 INFO o.a.j.p.j.s.J.Full charging journey with SSE: [electrahub-jmeter][full][034] http GET /session/api/v1/sessions/active status=200 elapsedMs=120
2026-07-02 01:00:24,009 INFO o.a.j.p.j.s.J.Full charging journey with SSE: [electrahub-jmeter][full][034] step=receipt
2026-07-02 01:00:24,073 INFO o.a.j.p.j.s.J.Full charging journey with SSE: [electrahub-jmeter][full][034] http GET /session/api/v1/sessions/037f9f51-b149-446f-9489-4dc33aed2716/receipt status=200 elapsedMs=64
2026-07-02 01:00:24,074 INFO o.a.j.p.j.s.J.Full charging journey with SSE: [electrahub-jmeter][full][034] step=session history
2026-07-02 01:00:24,137 INFO o.a.j.p.j.s.J.Full charging journey with SSE: [electrahub-jmeter][full][034] http GET /session/api/v1/sessions/history?page=0&size=10 status=200 elapsedMs=63
2026-07-02 01:00:24,138 INFO o.a.j.p.j.s.J.Full charging journey with SSE: [electrahub-jmeter][full][034] step=dashboard stats
2026-07-02 01:00:24,211 INFO o.a.j.p.j.s.J.Full charging journey with SSE: [electrahub-jmeter][full][034] http GET /session/api/v1/sessions/dashboard-stats status=200 elapsedMs=72
2026-07-02 01:00:24,211 INFO o.a.j.p.j.s.J.Full charging journey with SSE: [electrahub-jmeter][full][034] receipt ok session=037f9f51-b149-446f-9489-4dc33aed2716 status=Completed total=1.8647
2026-07-02 01:00:24,212 INFO o.a.j.t.JMeterThread: Thread is done: 100 driver charging journeys 1-34
2026-07-02 01:00:24,213 INFO o.a.j.t.JMeterThread: Thread finished: 100 driver charging journeys 1-34
2026-07-02 01:00:24,934 INFO o.a.j.p.j.s.J.Full charging journey with SSE: [electrahub-jmeter][full][035] http GET /session/api/v1/sessions/active status=200 elapsedMs=1004
2026-07-02 01:00:26,542 INFO o.a.j.p.j.s.J.Full charging journey with SSE: [electrahub-jmeter][full][036] step=stop charging session
2026-07-02 01:00:27,965 INFO o.a.j.p.j.s.J.Full charging journey with SSE: [electrahub-jmeter][full][044] sse ok connected=1 snapshot=2 updates=23 receipts=0 heartbeats=0
2026-07-02 01:00:27,966 INFO o.a.j.p.j.s.J.Full charging journey with SSE: [electrahub-jmeter][full][044] holding session for 44s before stop
2026-07-02 01:00:31,797 INFO o.a.j.p.j.s.J.Full charging journey with SSE: [electrahub-jmeter][full][035] step=active sessions
2026-07-02 01:00:31,860 INFO o.a.j.p.j.s.J.Full charging journey with SSE: [electrahub-jmeter][full][036] http POST /session/api/v1/sessions/34a4d4ed-b9d7-43dc-9b43-faab76f4e835/stop status=204 elapsedMs=5317
2026-07-02 01:00:31,861 INFO o.a.j.p.j.s.J.Full charging journey with SSE: [electrahub-jmeter][full][036] stop requested session=34a4d4ed-b9d7-43dc-9b43-faab76f4e835
2026-07-02 01:00:31,862 INFO o.a.j.p.j.s.J.Full charging journey with SSE: [electrahub-jmeter][full][036] step=active sessions
2026-07-02 01:00:31,935 INFO o.a.j.p.j.s.J.Full charging journey with SSE: [electrahub-jmeter][full][035] http GET /session/api/v1/sessions/active status=200 elapsedMs=137
2026-07-02 01:00:31,936 INFO o.a.j.p.j.s.J.Full charging journey with SSE: [electrahub-jmeter][full][035] step=receipt
2026-07-02 01:00:31,995 INFO o.a.j.p.j.s.J.Full charging journey with SSE: [electrahub-jmeter][full][035] http GET /session/api/v1/sessions/c9207f5e-d6ea-4a55-96d6-86cf9febe374/receipt status=200 elapsedMs=59
2026-07-02 01:00:31,996 INFO o.a.j.p.j.s.J.Full charging journey with SSE: [electrahub-jmeter][full][035] step=session history
2026-07-02 01:00:32,064 INFO o.a.j.p.j.s.J.Full charging journey with SSE: [electrahub-jmeter][full][035] http GET /session/api/v1/sessions/history?page=0&size=10 status=200 elapsedMs=67
2026-07-02 01:00:32,065 INFO o.a.j.p.j.s.J.Full charging journey with SSE: [electrahub-jmeter][full][035] step=dashboard stats
2026-07-02 01:00:32,121 INFO o.a.j.p.j.s.J.Full charging journey with SSE: [electrahub-jmeter][full][035] http GET /session/api/v1/sessions/dashboard-stats status=200 elapsedMs=56
2026-07-02 01:00:32,123 INFO o.a.j.p.j.s.J.Full charging journey with SSE: [electrahub-jmeter][full][035] receipt ok session=c9207f5e-d6ea-4a55-96d6-86cf9febe374 status=Completed total=1.8647
2026-07-02 01:00:32,124 INFO o.a.j.r.Summariser: summary +      6 in 00:01:01 =    0.1/s Avg: 126176 Min: 125186 Max: 127123 Err:     0 (0.00%) Active: 15 Started: 50 Finished: 35
2026-07-02 01:00:32,124 INFO o.a.j.r.Summariser: summary =     36 in 00:05:39 =    0.1/s Avg: 97388 Min: 10749 Max: 128160 Err:     9 (25.00%)
2026-07-02 01:00:32,125 INFO o.a.j.t.JMeterThread: Thread is done: 100 driver charging journeys 1-35
2026-07-02 01:00:32,126 INFO o.a.j.t.JMeterThread: Thread finished: 100 driver charging journeys 1-35
2026-07-02 01:00:32,855 INFO o.a.j.p.j.s.J.Full charging journey with SSE: [electrahub-jmeter][full][036] http GET /session/api/v1/sessions/active status=200 elapsedMs=993
2026-07-02 01:00:34,456 INFO o.a.j.p.j.s.J.Full charging journey with SSE: [electrahub-jmeter][full][037] step=stop charging session
2026-07-02 01:00:35,896 INFO o.a.j.p.j.s.J.Full charging journey with SSE: [electrahub-jmeter][full][045] sse ok connected=1 snapshot=2 updates=23 receipts=0 heartbeats=0
2026-07-02 01:00:35,897 INFO o.a.j.p.j.s.J.Full charging journey with SSE: [electrahub-jmeter][full][045] holding session for 42s before stop
2026-07-02 01:00:37,856 INFO o.a.j.p.j.s.J.Full charging journey with SSE: [electrahub-jmeter][full][036] step=active sessions
2026-07-02 01:00:37,923 INFO o.a.j.p.j.s.J.Full charging journey with SSE: [electrahub-jmeter][full][037] http POST /session/api/v1/sessions/4c3f2cb7-5e6c-4103-b270-14b01942688b/stop status=204 elapsedMs=3465
2026-07-02 01:00:37,924 INFO o.a.j.p.j.s.J.Full charging journey with SSE: [electrahub-jmeter][full][037] stop requested session=4c3f2cb7-5e6c-4103-b270-14b01942688b
2026-07-02 01:00:37,925 INFO o.a.j.p.j.s.J.Full charging journey with SSE: [electrahub-jmeter][full][037] step=active sessions
2026-07-02 01:00:37,987 INFO o.a.j.p.j.s.J.Full charging journey with SSE: [electrahub-jmeter][full][036] http GET /session/api/v1/sessions/active status=200 elapsedMs=130
2026-07-02 01:00:37,988 INFO o.a.j.p.j.s.J.Full charging journey with SSE: [electrahub-jmeter][full][036] step=receipt
2026-07-02 01:00:38,007 INFO o.a.j.p.j.s.J.Full charging journey with SSE: [electrahub-jmeter][full][037] http GET /session/api/v1/sessions/active status=200 elapsedMs=82
2026-07-02 01:00:38,008 INFO o.a.j.p.j.s.J.Full charging journey with SSE: [electrahub-jmeter][full][037] step=receipt
2026-07-02 01:00:38,050 INFO o.a.j.p.j.s.J.Full charging journey with SSE: [electrahub-jmeter][full][036] http GET /session/api/v1/sessions/34a4d4ed-b9d7-43dc-9b43-faab76f4e835/receipt status=200 elapsedMs=61
2026-07-02 01:00:38,052 INFO o.a.j.p.j.s.J.Full charging journey with SSE: [electrahub-jmeter][full][036] step=session history
2026-07-02 01:00:38,071 INFO o.a.j.p.j.s.J.Full charging journey with SSE: [electrahub-jmeter][full][037] http GET /session/api/v1/sessions/4c3f2cb7-5e6c-4103-b270-14b01942688b/receipt status=200 elapsedMs=63
2026-07-02 01:00:38,072 INFO o.a.j.p.j.s.J.Full charging journey with SSE: [electrahub-jmeter][full][037] step=session history
2026-07-02 01:00:38,115 INFO o.a.j.p.j.s.J.Full charging journey with SSE: [electrahub-jmeter][full][036] http GET /session/api/v1/sessions/history?page=0&size=10 status=200 elapsedMs=63
2026-07-02 01:00:38,116 INFO o.a.j.p.j.s.J.Full charging journey with SSE: [electrahub-jmeter][full][036] step=dashboard stats
2026-07-02 01:00:38,130 INFO o.a.j.p.j.s.J.Full charging journey with SSE: [electrahub-jmeter][full][037] http GET /session/api/v1/sessions/history?page=0&size=10 status=200 elapsedMs=57
2026-07-02 01:00:38,131 INFO o.a.j.p.j.s.J.Full charging journey with SSE: [electrahub-jmeter][full][037] step=dashboard stats
2026-07-02 01:00:38,184 INFO o.a.j.p.j.s.J.Full charging journey with SSE: [electrahub-jmeter][full][036] http GET /session/api/v1/sessions/dashboard-stats status=200 elapsedMs=67
2026-07-02 01:00:38,185 INFO o.a.j.p.j.s.J.Full charging journey with SSE: [electrahub-jmeter][full][036] receipt ok session=34a4d4ed-b9d7-43dc-9b43-faab76f4e835 status=Completed total=1.8678
2026-07-02 01:00:38,186 INFO o.a.j.t.JMeterThread: Thread is done: 100 driver charging journeys 1-36
2026-07-02 01:00:38,187 INFO o.a.j.t.JMeterThread: Thread finished: 100 driver charging journeys 1-36
2026-07-02 01:00:38,192 INFO o.a.j.p.j.s.J.Full charging journey with SSE: [electrahub-jmeter][full][037] http GET /session/api/v1/sessions/dashboard-stats status=200 elapsedMs=60
2026-07-02 01:00:38,193 INFO o.a.j.p.j.s.J.Full charging journey with SSE: [electrahub-jmeter][full][037] receipt ok session=4c3f2cb7-5e6c-4103-b270-14b01942688b status=In Progress total=1.8647
2026-07-02 01:00:38,194 INFO o.a.j.t.JMeterThread: Thread is done: 100 driver charging journeys 1-37
2026-07-02 01:00:38,195 INFO o.a.j.t.JMeterThread: Thread finished: 100 driver charging journeys 1-37
2026-07-02 01:00:40,514 INFO o.a.j.p.j.s.J.Full charging journey with SSE: [electrahub-jmeter][full][038] step=stop charging session
2026-07-02 01:00:42,005 INFO o.a.j.p.j.s.J.Full charging journey with SSE: [electrahub-jmeter][full][046] sse ok connected=1 snapshot=2 updates=23 receipts=0 heartbeats=0
2026-07-02 01:00:42,006 INFO o.a.j.p.j.s.J.Full charging journey with SSE: [electrahub-jmeter][full][046] holding session for 42s before stop
2026-07-02 01:00:43,562 INFO o.a.j.p.j.s.J.Full charging journey with SSE: [electrahub-jmeter][full][039] step=stop charging session
2026-07-02 01:00:43,975 INFO o.a.j.p.j.s.J.Full charging journey with SSE: [electrahub-jmeter][full][038] http POST /session/api/v1/sessions/bc933148-4aa7-4640-9d36-61e6c05713e5/stop status=204 elapsedMs=3460
2026-07-02 01:00:43,976 INFO o.a.j.p.j.s.J.Full charging journey with SSE: [electrahub-jmeter][full][038] stop requested session=bc933148-4aa7-4640-9d36-61e6c05713e5
2026-07-02 01:00:43,977 INFO o.a.j.p.j.s.J.Full charging journey with SSE: [electrahub-jmeter][full][038] step=active sessions
2026-07-02 01:00:44,038 INFO o.a.j.p.j.s.J.Full charging journey with SSE: [electrahub-jmeter][full][038] http GET /session/api/v1/sessions/active status=200 elapsedMs=61
2026-07-02 01:00:44,039 INFO o.a.j.p.j.s.J.Full charging journey with SSE: [electrahub-jmeter][full][038] step=receipt
2026-07-02 01:00:44,099 INFO o.a.j.p.j.s.J.Full charging journey with SSE: [electrahub-jmeter][full][038] http GET /session/api/v1/sessions/bc933148-4aa7-4640-9d36-61e6c05713e5/receipt status=200 elapsedMs=60
2026-07-02 01:00:44,100 INFO o.a.j.p.j.s.J.Full charging journey with SSE: [electrahub-jmeter][full][038] step=session history
2026-07-02 01:00:44,162 INFO o.a.j.p.j.s.J.Full charging journey with SSE: [electrahub-jmeter][full][038] http GET /session/api/v1/sessions/history?page=0&size=10 status=200 elapsedMs=61
2026-07-02 01:00:44,163 INFO o.a.j.p.j.s.J.Full charging journey with SSE: [electrahub-jmeter][full][038] step=dashboard stats
2026-07-02 01:00:44,219 INFO o.a.j.p.j.s.J.Full charging journey with SSE: [electrahub-jmeter][full][038] http GET /session/api/v1/sessions/dashboard-stats status=200 elapsedMs=56
2026-07-02 01:00:44,220 INFO o.a.j.p.j.s.J.Full charging journey with SSE: [electrahub-jmeter][full][038] receipt ok session=bc933148-4aa7-4640-9d36-61e6c05713e5 status=In Progress total=1.8647
2026-07-02 01:00:44,221 INFO o.a.j.t.JMeterThread: Thread is done: 100 driver charging journeys 1-38
2026-07-02 01:00:44,222 INFO o.a.j.t.JMeterThread: Thread finished: 100 driver charging journeys 1-38
2026-07-02 01:00:45,998 INFO o.a.j.p.j.s.J.Full charging journey with SSE: [electrahub-jmeter][full][047] sse ok connected=1 snapshot=2 updates=23 receipts=0 heartbeats=0
2026-07-02 01:00:45,999 INFO o.a.j.p.j.s.J.Full charging journey with SSE: [electrahub-jmeter][full][047] holding session for 44s before stop
2026-07-02 01:00:47,006 INFO o.a.j.p.j.s.J.Full charging journey with SSE: [electrahub-jmeter][full][039] http POST /session/api/v1/sessions/d32a18da-baec-4b89-a748-64aaf5838b82/stop status=204 elapsedMs=3396
2026-07-02 01:00:47,007 INFO o.a.j.p.j.s.J.Full charging journey with SSE: [electrahub-jmeter][full][039] stop requested session=d32a18da-baec-4b89-a748-64aaf5838b82
2026-07-02 01:00:47,008 INFO o.a.j.p.j.s.J.Full charging journey with SSE: [electrahub-jmeter][full][039] step=active sessions
2026-07-02 01:00:48,019 INFO o.a.j.p.j.s.J.Full charging journey with SSE: [electrahub-jmeter][full][039] http GET /session/api/v1/sessions/active status=200 elapsedMs=1010
2026-07-02 01:00:49,631 INFO o.a.j.p.j.s.J.Full charging journey with SSE: [electrahub-jmeter][full][040] step=stop charging session
2026-07-02 01:00:52,045 INFO o.a.j.p.j.s.J.Full charging journey with SSE: [electrahub-jmeter][full][048] sse ok connected=1 snapshot=2 updates=23 receipts=0 heartbeats=0
2026-07-02 01:00:52,046 INFO o.a.j.p.j.s.J.Full charging journey with SSE: [electrahub-jmeter][full][048] holding session for 44s before stop
2026-07-02 01:00:53,020 INFO o.a.j.p.j.s.J.Full charging journey with SSE: [electrahub-jmeter][full][039] step=active sessions
2026-07-02 01:00:53,058 INFO o.a.j.p.j.s.J.Full charging journey with SSE: [electrahub-jmeter][full][040] http POST /session/api/v1/sessions/a5c69489-c4c1-4676-bc66-611a6348add6/stop status=204 elapsedMs=3426
2026-07-02 01:00:53,059 INFO o.a.j.p.j.s.J.Full charging journey with SSE: [electrahub-jmeter][full][040] stop requested session=a5c69489-c4c1-4676-bc66-611a6348add6
2026-07-02 01:00:53,059 INFO o.a.j.p.j.s.J.Full charging journey with SSE: [electrahub-jmeter][full][040] step=active sessions
2026-07-02 01:00:53,153 INFO o.a.j.p.j.s.J.Full charging journey with SSE: [electrahub-jmeter][full][039] http GET /session/api/v1/sessions/active status=200 elapsedMs=132
2026-07-02 01:00:53,154 INFO o.a.j.p.j.s.J.Full charging journey with SSE: [electrahub-jmeter][full][039] step=receipt
2026-07-02 01:00:53,222 INFO o.a.j.p.j.s.J.Full charging journey with SSE: [electrahub-jmeter][full][039] http GET /session/api/v1/sessions/d32a18da-baec-4b89-a748-64aaf5838b82/receipt status=200 elapsedMs=67
2026-07-02 01:00:53,223 INFO o.a.j.p.j.s.J.Full charging journey with SSE: [electrahub-jmeter][full][039] step=session history
2026-07-02 01:00:53,286 INFO o.a.j.p.j.s.J.Full charging journey with SSE: [electrahub-jmeter][full][039] http GET /session/api/v1/sessions/history?page=0&size=10 status=200 elapsedMs=62
2026-07-02 01:00:53,287 INFO o.a.j.p.j.s.J.Full charging journey with SSE: [electrahub-jmeter][full][039] step=dashboard stats
2026-07-02 01:00:53,348 INFO o.a.j.p.j.s.J.Full charging journey with SSE: [electrahub-jmeter][full][039] http GET /session/api/v1/sessions/dashboard-stats status=200 elapsedMs=61
2026-07-02 01:00:53,349 INFO o.a.j.p.j.s.J.Full charging journey with SSE: [electrahub-jmeter][full][039] receipt ok session=d32a18da-baec-4b89-a748-64aaf5838b82 status=Completed total=1.8655
2026-07-02 01:00:53,350 INFO o.a.j.t.JMeterThread: Thread is done: 100 driver charging journeys 1-39
2026-07-02 01:00:53,351 INFO o.a.j.t.JMeterThread: Thread finished: 100 driver charging journeys 1-39
2026-07-02 01:00:54,065 INFO o.a.j.p.j.s.J.Full charging journey with SSE: [electrahub-jmeter][full][040] http GET /session/api/v1/sessions/active status=200 elapsedMs=1005
2026-07-02 01:00:58,096 INFO o.a.j.p.j.s.J.Full charging journey with SSE: [electrahub-jmeter][full][049] sse ok connected=1 snapshot=2 updates=23 receipts=0 heartbeats=0
2026-07-02 01:00:58,097 INFO o.a.j.p.j.s.J.Full charging journey with SSE: [electrahub-jmeter][full][049] holding session for 44s before stop
2026-07-02 01:00:59,066 INFO o.a.j.p.j.s.J.Full charging journey with SSE: [electrahub-jmeter][full][040] step=active sessions
2026-07-02 01:00:59,178 INFO o.a.j.p.j.s.J.Full charging journey with SSE: [electrahub-jmeter][full][040] http GET /session/api/v1/sessions/active status=200 elapsedMs=111
2026-07-02 01:00:59,178 INFO o.a.j.p.j.s.J.Full charging journey with SSE: [electrahub-jmeter][full][040] step=receipt
2026-07-02 01:00:59,241 INFO o.a.j.p.j.s.J.Full charging journey with SSE: [electrahub-jmeter][full][040] http GET /session/api/v1/sessions/a5c69489-c4c1-4676-bc66-611a6348add6/receipt status=200 elapsedMs=62
2026-07-02 01:00:59,242 INFO o.a.j.p.j.s.J.Full charging journey with SSE: [electrahub-jmeter][full][040] step=session history
2026-07-02 01:00:59,311 INFO o.a.j.p.j.s.J.Full charging journey with SSE: [electrahub-jmeter][full][040] http GET /session/api/v1/sessions/history?page=0&size=10 status=200 elapsedMs=68
2026-07-02 01:00:59,312 INFO o.a.j.p.j.s.J.Full charging journey with SSE: [electrahub-jmeter][full][040] step=dashboard stats
2026-07-02 01:00:59,376 INFO o.a.j.p.j.s.J.Full charging journey with SSE: [electrahub-jmeter][full][040] http GET /session/api/v1/sessions/dashboard-stats status=200 elapsedMs=64
2026-07-02 01:00:59,377 INFO o.a.j.p.j.s.J.Full charging journey with SSE: [electrahub-jmeter][full][040] receipt ok session=a5c69489-c4c1-4676-bc66-611a6348add6 status=Completed total=1.8647
2026-07-02 01:00:59,378 INFO o.a.j.t.JMeterThread: Thread is done: 100 driver charging journeys 1-40
2026-07-02 01:00:59,378 INFO o.a.j.t.JMeterThread: Thread finished: 100 driver charging journeys 1-40
2026-07-02 01:01:03,934 INFO o.a.j.p.j.s.J.Full charging journey with SSE: [electrahub-jmeter][full][042] step=stop charging session
2026-07-02 01:01:06,368 INFO o.a.j.p.j.s.J.Full charging journey with SSE: [electrahub-jmeter][full][050] sse ok connected=1 snapshot=2 updates=23 receipts=0 heartbeats=0
2026-07-02 01:01:06,369 INFO o.a.j.p.j.s.J.Full charging journey with SSE: [electrahub-jmeter][full][050] holding session for 42s before stop
2026-07-02 01:01:07,377 INFO o.a.j.p.j.s.J.Full charging journey with SSE: [electrahub-jmeter][full][042] http POST /session/api/v1/sessions/e6ce4a88-b551-4c1d-8a94-4f7423c7e78f/stop status=204 elapsedMs=3442
2026-07-02 01:01:07,378 INFO o.a.j.p.j.s.J.Full charging journey with SSE: [electrahub-jmeter][full][042] stop requested session=e6ce4a88-b551-4c1d-8a94-4f7423c7e78f
2026-07-02 01:01:07,378 INFO o.a.j.p.j.s.J.Full charging journey with SSE: [electrahub-jmeter][full][042] step=active sessions
2026-07-02 01:01:08,389 INFO o.a.j.p.j.s.J.Full charging journey with SSE: [electrahub-jmeter][full][042] http GET /session/api/v1/sessions/active status=200 elapsedMs=1010
2026-07-02 01:01:09,986 INFO o.a.j.p.j.s.J.Full charging journey with SSE: [electrahub-jmeter][full][043] step=stop charging session
2026-07-02 01:01:13,390 INFO o.a.j.p.j.s.J.Full charging journey with SSE: [electrahub-jmeter][full][042] step=active sessions
2026-07-02 01:01:13,443 INFO o.a.j.p.j.s.J.Full charging journey with SSE: [electrahub-jmeter][full][043] http POST /session/api/v1/sessions/86fd691a-cd5a-46cc-a074-a6a54e839f14/stop status=204 elapsedMs=3454
2026-07-02 01:01:13,444 INFO o.a.j.p.j.s.J.Full charging journey with SSE: [electrahub-jmeter][full][043] stop requested session=86fd691a-cd5a-46cc-a074-a6a54e839f14
2026-07-02 01:01:13,444 INFO o.a.j.p.j.s.J.Full charging journey with SSE: [electrahub-jmeter][full][043] step=active sessions
2026-07-02 01:01:13,523 INFO o.a.j.p.j.s.J.Full charging journey with SSE: [electrahub-jmeter][full][042] http GET /session/api/v1/sessions/active status=200 elapsedMs=132
2026-07-02 01:01:13,523 INFO o.a.j.p.j.s.J.Full charging journey with SSE: [electrahub-jmeter][full][042] step=receipt
2026-07-02 01:01:13,585 INFO o.a.j.p.j.s.J.Full charging journey with SSE: [electrahub-jmeter][full][042] http GET /session/api/v1/sessions/e6ce4a88-b551-4c1d-8a94-4f7423c7e78f/receipt status=200 elapsedMs=61
2026-07-02 01:01:13,586 INFO o.a.j.p.j.s.J.Full charging journey with SSE: [electrahub-jmeter][full][042] step=session history
2026-07-02 01:01:13,651 INFO o.a.j.p.j.s.J.Full charging journey with SSE: [electrahub-jmeter][full][042] http GET /session/api/v1/sessions/history?page=0&size=10 status=200 elapsedMs=64
2026-07-02 01:01:13,652 INFO o.a.j.p.j.s.J.Full charging journey with SSE: [electrahub-jmeter][full][042] step=dashboard stats
2026-07-02 01:01:13,714 INFO o.a.j.p.j.s.J.Full charging journey with SSE: [electrahub-jmeter][full][042] http GET /session/api/v1/sessions/dashboard-stats status=200 elapsedMs=61
2026-07-02 01:01:13,715 INFO o.a.j.p.j.s.J.Full charging journey with SSE: [electrahub-jmeter][full][042] receipt ok session=e6ce4a88-b551-4c1d-8a94-4f7423c7e78f status=Completed total=1.8678
2026-07-02 01:01:13,716 INFO o.a.j.t.JMeterThread: Thread is done: 100 driver charging journeys 1-42
2026-07-02 01:01:13,716 INFO o.a.j.t.JMeterThread: Thread finished: 100 driver charging journeys 1-42
2026-07-02 01:01:14,445 INFO o.a.j.p.j.s.J.Full charging journey with SSE: [electrahub-jmeter][full][043] http GET /session/api/v1/sessions/active status=200 elapsedMs=1000
2026-07-02 01:01:16,042 INFO o.a.j.p.j.s.J.Full charging journey with SSE: [electrahub-jmeter][full][044] step=stop charging session
2026-07-02 01:01:19,445 INFO o.a.j.p.j.s.J.Full charging journey with SSE: [electrahub-jmeter][full][043] step=active sessions
2026-07-02 01:01:19,478 INFO o.a.j.p.j.s.J.Full charging journey with SSE: [electrahub-jmeter][full][044] http POST /session/api/v1/sessions/e6c40204-eced-4c11-968a-d07aab731b94/stop status=204 elapsedMs=3435
2026-07-02 01:01:19,478 INFO o.a.j.p.j.s.J.Full charging journey with SSE: [electrahub-jmeter][full][044] stop requested session=e6c40204-eced-4c11-968a-d07aab731b94
2026-07-02 01:01:19,479 INFO o.a.j.p.j.s.J.Full charging journey with SSE: [electrahub-jmeter][full][044] step=active sessions
2026-07-02 01:01:19,563 INFO o.a.j.p.j.s.J.Full charging journey with SSE: [electrahub-jmeter][full][043] http GET /session/api/v1/sessions/active status=200 elapsedMs=117
2026-07-02 01:01:19,563 INFO o.a.j.p.j.s.J.Full charging journey with SSE: [electrahub-jmeter][full][043] step=receipt
2026-07-02 01:01:19,623 INFO o.a.j.p.j.s.J.Full charging journey with SSE: [electrahub-jmeter][full][043] http GET /session/api/v1/sessions/86fd691a-cd5a-46cc-a074-a6a54e839f14/receipt status=200 elapsedMs=59
2026-07-02 01:01:19,624 INFO o.a.j.p.j.s.J.Full charging journey with SSE: [electrahub-jmeter][full][043] step=session history
2026-07-02 01:01:19,700 INFO o.a.j.p.j.s.J.Full charging journey with SSE: [electrahub-jmeter][full][043] http GET /session/api/v1/sessions/history?page=0&size=10 status=200 elapsedMs=75
2026-07-02 01:01:19,701 INFO o.a.j.p.j.s.J.Full charging journey with SSE: [electrahub-jmeter][full][043] step=dashboard stats
2026-07-02 01:01:19,765 INFO o.a.j.p.j.s.J.Full charging journey with SSE: [electrahub-jmeter][full][043] http GET /session/api/v1/sessions/dashboard-stats status=200 elapsedMs=64
2026-07-02 01:01:19,765 INFO o.a.j.p.j.s.J.Full charging journey with SSE: [electrahub-jmeter][full][043] receipt ok session=86fd691a-cd5a-46cc-a074-a6a54e839f14 status=Completed total=1.8678
2026-07-02 01:01:19,767 INFO o.a.j.t.JMeterThread: Thread is done: 100 driver charging journeys 1-43
2026-07-02 01:01:19,767 INFO o.a.j.t.JMeterThread: Thread finished: 100 driver charging journeys 1-43
2026-07-02 01:01:20,111 INFO o.a.j.p.j.s.J.Full charging journey with SSE: [electrahub-jmeter][full][045] step=stop charging session
2026-07-02 01:01:20,484 INFO o.a.j.p.j.s.J.Full charging journey with SSE: [electrahub-jmeter][full][044] http GET /session/api/v1/sessions/active status=200 elapsedMs=1005
2026-07-02 01:01:23,507 INFO o.a.j.p.j.s.J.Full charging journey with SSE: [electrahub-jmeter][full][045] http POST /session/api/v1/sessions/d2161adf-b404-4260-a812-6636fc975585/stop status=204 elapsedMs=3395
2026-07-02 01:01:23,508 INFO o.a.j.p.j.s.J.Full charging journey with SSE: [electrahub-jmeter][full][045] stop requested session=d2161adf-b404-4260-a812-6636fc975585
2026-07-02 01:01:23,508 INFO o.a.j.p.j.s.J.Full charging journey with SSE: [electrahub-jmeter][full][045] step=active sessions
2026-07-02 01:01:24,513 INFO o.a.j.p.j.s.J.Full charging journey with SSE: [electrahub-jmeter][full][045] http GET /session/api/v1/sessions/active status=200 elapsedMs=1004
2026-07-02 01:01:25,485 INFO o.a.j.p.j.s.J.Full charging journey with SSE: [electrahub-jmeter][full][044] step=active sessions
2026-07-02 01:01:25,551 INFO o.a.j.p.j.s.J.Full charging journey with SSE: [electrahub-jmeter][full][044] http GET /session/api/v1/sessions/active status=200 elapsedMs=65
2026-07-02 01:01:25,552 INFO o.a.j.p.j.s.J.Full charging journey with SSE: [electrahub-jmeter][full][044] step=receipt
2026-07-02 01:01:25,610 INFO o.a.j.p.j.s.J.Full charging journey with SSE: [electrahub-jmeter][full][044] http GET /session/api/v1/sessions/e6c40204-eced-4c11-968a-d07aab731b94/receipt status=200 elapsedMs=58
2026-07-02 01:01:25,611 INFO o.a.j.p.j.s.J.Full charging journey with SSE: [electrahub-jmeter][full][044] step=session history
2026-07-02 01:01:25,670 INFO o.a.j.p.j.s.J.Full charging journey with SSE: [electrahub-jmeter][full][044] http GET /session/api/v1/sessions/history?page=0&size=10 status=200 elapsedMs=59
2026-07-02 01:01:25,671 INFO o.a.j.p.j.s.J.Full charging journey with SSE: [electrahub-jmeter][full][044] step=dashboard stats
2026-07-02 01:01:25,731 INFO o.a.j.p.j.s.J.Full charging journey with SSE: [electrahub-jmeter][full][044] http GET /session/api/v1/sessions/dashboard-stats status=200 elapsedMs=60
2026-07-02 01:01:25,732 INFO o.a.j.p.j.s.J.Full charging journey with SSE: [electrahub-jmeter][full][044] receipt ok session=e6c40204-eced-4c11-968a-d07aab731b94 status=Completed total=1.8678
2026-07-02 01:01:25,733 INFO o.a.j.t.JMeterThread: Thread is done: 100 driver charging journeys 1-44
2026-07-02 01:01:25,734 INFO o.a.j.t.JMeterThread: Thread finished: 100 driver charging journeys 1-44
2026-07-02 01:01:26,220 INFO o.a.j.p.j.s.J.Full charging journey with SSE: [electrahub-jmeter][full][046] step=stop charging session
2026-07-02 01:01:29,514 INFO o.a.j.p.j.s.J.Full charging journey with SSE: [electrahub-jmeter][full][045] step=active sessions
2026-07-02 01:01:29,554 INFO o.a.j.p.j.s.J.Full charging journey with SSE: [electrahub-jmeter][full][046] http POST /session/api/v1/sessions/16eac0eb-4fce-4017-a121-cb2d307fe8a5/stop status=204 elapsedMs=3333
2026-07-02 01:01:29,555 INFO o.a.j.p.j.s.J.Full charging journey with SSE: [electrahub-jmeter][full][046] stop requested session=16eac0eb-4fce-4017-a121-cb2d307fe8a5
2026-07-02 01:01:29,556 INFO o.a.j.p.j.s.J.Full charging journey with SSE: [electrahub-jmeter][full][046] step=active sessions
2026-07-02 01:01:29,669 INFO o.a.j.p.j.s.J.Full charging journey with SSE: [electrahub-jmeter][full][045] http GET /session/api/v1/sessions/active status=200 elapsedMs=154
2026-07-02 01:01:29,670 INFO o.a.j.p.j.s.J.Full charging journey with SSE: [electrahub-jmeter][full][045] step=receipt
2026-07-02 01:01:29,727 INFO o.a.j.p.j.s.J.Full charging journey with SSE: [electrahub-jmeter][full][045] http GET /session/api/v1/sessions/d2161adf-b404-4260-a812-6636fc975585/receipt status=200 elapsedMs=56
2026-07-02 01:01:29,727 INFO o.a.j.p.j.s.J.Full charging journey with SSE: [electrahub-jmeter][full][045] step=session history
2026-07-02 01:01:29,781 INFO o.a.j.p.j.s.J.Full charging journey with SSE: [electrahub-jmeter][full][045] http GET /session/api/v1/sessions/history?page=0&size=10 status=200 elapsedMs=53
2026-07-02 01:01:29,782 INFO o.a.j.p.j.s.J.Full charging journey with SSE: [electrahub-jmeter][full][045] step=dashboard stats
2026-07-02 01:01:29,845 INFO o.a.j.p.j.s.J.Full charging journey with SSE: [electrahub-jmeter][full][045] http GET /session/api/v1/sessions/dashboard-stats status=200 elapsedMs=62
2026-07-02 01:01:29,846 INFO o.a.j.p.j.s.J.Full charging journey with SSE: [electrahub-jmeter][full][045] receipt ok session=d2161adf-b404-4260-a812-6636fc975585 status=Completed total=1.8647
2026-07-02 01:01:29,847 INFO o.a.j.t.JMeterThread: Thread is done: 100 driver charging journeys 1-45
2026-07-02 01:01:29,848 INFO o.a.j.t.JMeterThread: Thread finished: 100 driver charging journeys 1-45
2026-07-02 01:01:30,563 INFO o.a.j.p.j.s.J.Full charging journey with SSE: [electrahub-jmeter][full][046] http GET /session/api/v1/sessions/active status=200 elapsedMs=1006
2026-07-02 01:01:32,213 INFO o.a.j.p.j.s.J.Full charging journey with SSE: [electrahub-jmeter][full][047] step=stop charging session
2026-07-02 01:01:37,447 INFO o.a.j.p.j.s.J.Full charging journey with SSE: [electrahub-jmeter][full][046] step=active sessions
2026-07-02 01:01:37,485 INFO o.a.j.p.j.s.J.Full charging journey with SSE: [electrahub-jmeter][full][047] http POST /session/api/v1/sessions/70871b41-78d2-404b-9d73-fbb7efad47a3/stop status=204 elapsedMs=5271
2026-07-02 01:01:37,486 INFO o.a.j.p.j.s.J.Full charging journey with SSE: [electrahub-jmeter][full][047] stop requested session=70871b41-78d2-404b-9d73-fbb7efad47a3
2026-07-02 01:01:37,486 INFO o.a.j.p.j.s.J.Full charging journey with SSE: [electrahub-jmeter][full][047] step=active sessions
2026-07-02 01:01:37,581 INFO o.a.j.p.j.s.J.Full charging journey with SSE: [electrahub-jmeter][full][046] http GET /session/api/v1/sessions/active status=200 elapsedMs=133
2026-07-02 01:01:37,582 INFO o.a.j.p.j.s.J.Full charging journey with SSE: [electrahub-jmeter][full][046] step=receipt
2026-07-02 01:01:37,641 INFO o.a.j.p.j.s.J.Full charging journey with SSE: [electrahub-jmeter][full][046] http GET /session/api/v1/sessions/16eac0eb-4fce-4017-a121-cb2d307fe8a5/receipt status=200 elapsedMs=57
2026-07-02 01:01:37,642 INFO o.a.j.p.j.s.J.Full charging journey with SSE: [electrahub-jmeter][full][046] step=session history
2026-07-02 01:01:37,706 INFO o.a.j.p.j.s.J.Full charging journey with SSE: [electrahub-jmeter][full][046] http GET /session/api/v1/sessions/history?page=0&size=10 status=200 elapsedMs=63
2026-07-02 01:01:37,707 INFO o.a.j.p.j.s.J.Full charging journey with SSE: [electrahub-jmeter][full][046] step=dashboard stats
2026-07-02 01:01:37,763 INFO o.a.j.p.j.s.J.Full charging journey with SSE: [electrahub-jmeter][full][046] http GET /session/api/v1/sessions/dashboard-stats status=200 elapsedMs=55
2026-07-02 01:01:37,764 INFO o.a.j.p.j.s.J.Full charging journey with SSE: [electrahub-jmeter][full][046] receipt ok session=16eac0eb-4fce-4017-a121-cb2d307fe8a5 status=Completed total=1.8647
2026-07-02 01:01:37,765 INFO o.a.j.t.JMeterThread: Thread is done: 100 driver charging journeys 1-46
2026-07-02 01:01:37,766 INFO o.a.j.t.JMeterThread: Thread finished: 100 driver charging journeys 1-46
2026-07-02 01:01:38,491 INFO o.a.j.p.j.s.J.Full charging journey with SSE: [electrahub-jmeter][full][047] http GET /session/api/v1/sessions/active status=200 elapsedMs=1004
2026-07-02 01:01:40,144 INFO o.a.j.p.j.s.J.Full charging journey with SSE: [electrahub-jmeter][full][048] step=stop charging session
2026-07-02 01:01:43,492 INFO o.a.j.p.j.s.J.Full charging journey with SSE: [electrahub-jmeter][full][047] step=active sessions
2026-07-02 01:01:43,542 INFO o.a.j.p.j.s.J.Full charging journey with SSE: [electrahub-jmeter][full][048] http POST /session/api/v1/sessions/0ab7a969-1296-403c-b6ba-e8f9ed6b32d9/stop status=204 elapsedMs=3397
2026-07-02 01:01:43,543 INFO o.a.j.p.j.s.J.Full charging journey with SSE: [electrahub-jmeter][full][048] stop requested session=0ab7a969-1296-403c-b6ba-e8f9ed6b32d9
2026-07-02 01:01:43,544 INFO o.a.j.p.j.s.J.Full charging journey with SSE: [electrahub-jmeter][full][048] step=active sessions
2026-07-02 01:01:43,640 INFO o.a.j.p.j.s.J.Full charging journey with SSE: [electrahub-jmeter][full][047] http GET /session/api/v1/sessions/active status=200 elapsedMs=147
2026-07-02 01:01:43,641 INFO o.a.j.p.j.s.J.Full charging journey with SSE: [electrahub-jmeter][full][047] step=receipt
2026-07-02 01:01:43,701 INFO o.a.j.p.j.s.J.Full charging journey with SSE: [electrahub-jmeter][full][047] http GET /session/api/v1/sessions/70871b41-78d2-404b-9d73-fbb7efad47a3/receipt status=200 elapsedMs=60
2026-07-02 01:01:43,702 INFO o.a.j.p.j.s.J.Full charging journey with SSE: [electrahub-jmeter][full][047] step=session history
2026-07-02 01:01:43,759 INFO o.a.j.p.j.s.J.Full charging journey with SSE: [electrahub-jmeter][full][047] http GET /session/api/v1/sessions/history?page=0&size=10 status=200 elapsedMs=56
2026-07-02 01:01:43,760 INFO o.a.j.p.j.s.J.Full charging journey with SSE: [electrahub-jmeter][full][047] step=dashboard stats
2026-07-02 01:01:43,822 INFO o.a.j.p.j.s.J.Full charging journey with SSE: [electrahub-jmeter][full][047] http GET /session/api/v1/sessions/dashboard-stats status=200 elapsedMs=61
2026-07-02 01:01:43,823 INFO o.a.j.p.j.s.J.Full charging journey with SSE: [electrahub-jmeter][full][047] receipt ok session=70871b41-78d2-404b-9d73-fbb7efad47a3 status=Completed total=1.8678
2026-07-02 01:01:43,824 INFO o.a.j.t.JMeterThread: Thread is done: 100 driver charging journeys 1-47
2026-07-02 01:01:43,824 INFO o.a.j.t.JMeterThread: Thread finished: 100 driver charging journeys 1-47
2026-07-02 01:01:44,547 INFO o.a.j.p.j.s.J.Full charging journey with SSE: [electrahub-jmeter][full][048] http GET /session/api/v1/sessions/active status=200 elapsedMs=1002
2026-07-02 01:01:46,195 INFO o.a.j.p.j.s.J.Full charging journey with SSE: [electrahub-jmeter][full][049] step=stop charging session
2026-07-02 01:01:49,548 INFO o.a.j.p.j.s.J.Full charging journey with SSE: [electrahub-jmeter][full][048] step=active sessions
2026-07-02 01:01:49,573 INFO o.a.j.p.j.s.J.Full charging journey with SSE: [electrahub-jmeter][full][049] http POST /session/api/v1/sessions/256b0d3b-b6a9-4db0-9f06-53300ece03fc/stop status=204 elapsedMs=3377
2026-07-02 01:01:49,575 INFO o.a.j.p.j.s.J.Full charging journey with SSE: [electrahub-jmeter][full][049] stop requested session=256b0d3b-b6a9-4db0-9f06-53300ece03fc
2026-07-02 01:01:49,576 INFO o.a.j.p.j.s.J.Full charging journey with SSE: [electrahub-jmeter][full][049] step=active sessions
2026-07-02 01:01:49,653 INFO o.a.j.p.j.s.J.Full charging journey with SSE: [electrahub-jmeter][full][048] http GET /session/api/v1/sessions/active status=200 elapsedMs=104
2026-07-02 01:01:49,654 INFO o.a.j.p.j.s.J.Full charging journey with SSE: [electrahub-jmeter][full][048] step=receipt
2026-07-02 01:01:49,720 INFO o.a.j.p.j.s.J.Full charging journey with SSE: [electrahub-jmeter][full][048] http GET /session/api/v1/sessions/0ab7a969-1296-403c-b6ba-e8f9ed6b32d9/receipt status=200 elapsedMs=65
2026-07-02 01:01:49,720 INFO o.a.j.p.j.s.J.Full charging journey with SSE: [electrahub-jmeter][full][048] step=session history
2026-07-02 01:01:49,781 INFO o.a.j.p.j.s.J.Full charging journey with SSE: [electrahub-jmeter][full][048] http GET /session/api/v1/sessions/history?page=0&size=10 status=200 elapsedMs=60
2026-07-02 01:01:49,782 INFO o.a.j.p.j.s.J.Full charging journey with SSE: [electrahub-jmeter][full][048] step=dashboard stats
2026-07-02 01:01:49,844 INFO o.a.j.p.j.s.J.Full charging journey with SSE: [electrahub-jmeter][full][048] http GET /session/api/v1/sessions/dashboard-stats status=200 elapsedMs=61
2026-07-02 01:01:49,845 INFO o.a.j.p.j.s.J.Full charging journey with SSE: [electrahub-jmeter][full][048] receipt ok session=0ab7a969-1296-403c-b6ba-e8f9ed6b32d9 status=Completed total=1.8678
2026-07-02 01:01:49,846 INFO o.a.j.t.JMeterThread: Thread is done: 100 driver charging journeys 1-48
2026-07-02 01:01:49,846 INFO o.a.j.t.JMeterThread: Thread finished: 100 driver charging journeys 1-48
2026-07-02 01:01:50,252 INFO o.a.j.p.j.s.J.Full charging journey with SSE: [electrahub-jmeter][full][050] step=stop charging session
2026-07-02 01:01:50,588 INFO o.a.j.p.j.s.J.Full charging journey with SSE: [electrahub-jmeter][full][049] http GET /session/api/v1/sessions/active status=200 elapsedMs=1011
2026-07-02 01:01:53,613 INFO o.a.j.p.j.s.J.Full charging journey with SSE: [electrahub-jmeter][full][050] http POST /session/api/v1/sessions/34aa18d7-9fcc-4f67-a7f6-192686f57e2e/stop status=204 elapsedMs=3360
2026-07-02 01:01:53,614 INFO o.a.j.p.j.s.J.Full charging journey with SSE: [electrahub-jmeter][full][050] stop requested session=34aa18d7-9fcc-4f67-a7f6-192686f57e2e
2026-07-02 01:01:53,615 INFO o.a.j.p.j.s.J.Full charging journey with SSE: [electrahub-jmeter][full][050] step=active sessions
2026-07-02 01:01:54,613 INFO o.a.j.p.j.s.J.Full charging journey with SSE: [electrahub-jmeter][full][050] http GET /session/api/v1/sessions/active status=200 elapsedMs=998
2026-07-02 01:01:55,589 INFO o.a.j.p.j.s.J.Full charging journey with SSE: [electrahub-jmeter][full][049] step=active sessions
2026-07-02 01:01:55,654 INFO o.a.j.p.j.s.J.Full charging journey with SSE: [electrahub-jmeter][full][049] http GET /session/api/v1/sessions/active status=200 elapsedMs=64
2026-07-02 01:01:55,654 INFO o.a.j.p.j.s.J.Full charging journey with SSE: [electrahub-jmeter][full][049] step=receipt
2026-07-02 01:01:55,718 INFO o.a.j.p.j.s.J.Full charging journey with SSE: [electrahub-jmeter][full][049] http GET /session/api/v1/sessions/256b0d3b-b6a9-4db0-9f06-53300ece03fc/receipt status=200 elapsedMs=63
2026-07-02 01:01:55,719 INFO o.a.j.p.j.s.J.Full charging journey with SSE: [electrahub-jmeter][full][049] step=session history
2026-07-02 01:01:55,777 INFO o.a.j.p.j.s.J.Full charging journey with SSE: [electrahub-jmeter][full][049] http GET /session/api/v1/sessions/history?page=0&size=10 status=200 elapsedMs=57
2026-07-02 01:01:55,778 INFO o.a.j.p.j.s.J.Full charging journey with SSE: [electrahub-jmeter][full][049] step=dashboard stats
2026-07-02 01:01:55,835 INFO o.a.j.p.j.s.J.Full charging journey with SSE: [electrahub-jmeter][full][049] http GET /session/api/v1/sessions/dashboard-stats status=200 elapsedMs=57
2026-07-02 01:01:55,836 INFO o.a.j.p.j.s.J.Full charging journey with SSE: [electrahub-jmeter][full][049] receipt ok session=256b0d3b-b6a9-4db0-9f06-53300ece03fc status=Completed total=1.8678
2026-07-02 01:01:55,837 INFO o.a.j.t.JMeterThread: Thread is done: 100 driver charging journeys 1-49
2026-07-02 01:01:55,838 INFO o.a.j.t.JMeterThread: Thread finished: 100 driver charging journeys 1-49
2026-07-02 01:01:59,614 INFO o.a.j.p.j.s.J.Full charging journey with SSE: [electrahub-jmeter][full][050] step=active sessions
2026-07-02 01:01:59,682 INFO o.a.j.p.j.s.J.Full charging journey with SSE: [electrahub-jmeter][full][050] http GET /session/api/v1/sessions/active status=200 elapsedMs=67
2026-07-02 01:01:59,683 INFO o.a.j.p.j.s.J.Full charging journey with SSE: [electrahub-jmeter][full][050] step=receipt
2026-07-02 01:01:59,746 INFO o.a.j.p.j.s.J.Full charging journey with SSE: [electrahub-jmeter][full][050] http GET /session/api/v1/sessions/34aa18d7-9fcc-4f67-a7f6-192686f57e2e/receipt status=200 elapsedMs=63
2026-07-02 01:01:59,747 INFO o.a.j.p.j.s.J.Full charging journey with SSE: [electrahub-jmeter][full][050] step=session history
2026-07-02 01:01:59,810 INFO o.a.j.p.j.s.J.Full charging journey with SSE: [electrahub-jmeter][full][050] http GET /session/api/v1/sessions/history?page=0&size=10 status=200 elapsedMs=63
2026-07-02 01:01:59,811 INFO o.a.j.p.j.s.J.Full charging journey with SSE: [electrahub-jmeter][full][050] step=dashboard stats
2026-07-02 01:01:59,875 INFO o.a.j.p.j.s.J.Full charging journey with SSE: [electrahub-jmeter][full][050] http GET /session/api/v1/sessions/dashboard-stats status=200 elapsedMs=63
2026-07-02 01:01:59,876 INFO o.a.j.p.j.s.J.Full charging journey with SSE: [electrahub-jmeter][full][050] receipt ok session=34aa18d7-9fcc-4f67-a7f6-192686f57e2e status=Completed total=1.864
2026-07-02 01:01:59,877 INFO o.a.j.t.JMeterThread: Thread is done: 100 driver charging journeys 1-50
2026-07-02 01:01:59,878 INFO o.a.j.t.JMeterThread: Thread finished: 100 driver charging journeys 1-50
2026-07-02 01:01:59,879 INFO o.a.j.e.StandardJMeterEngine: Notifying test listeners of end of test
2026-07-02 01:01:59,879 INFO o.a.j.s.FileServer: Close: scripts/jmeter/data/connectors-100.csv
2026-07-02 01:01:59,886 INFO o.a.j.r.Summariser: summary +     14 in 00:01:28 =    0.2/s Avg: 124616 Min: 121224 Max: 126982 Err:     0 (0.00%) Active: 0 Started: 50 Finished: 50
2026-07-02 01:01:59,886 INFO o.a.j.r.Summariser: summary =     50 in 00:07:06 =    0.1/s Avg: 105012 Min: 10749 Max: 128160 Err:     9 (18.00%)
2026-07-02 01:01:59,887 INFO o.a.j.JMeter: Generating Dashboard
2026-07-02 01:01:59,888 INFO o.a.j.r.d.ReportGenerator: Flushing result collector before report Generation
2026-07-02 01:01:59,907 INFO o.a.j.r.p.NormalizerSampleConsumer: Using format, 'ms', to parse timeStamp field
2026-07-02 01:01:59,993 INFO o.a.j.r.p.AbstractSampleConsumer: class org.apache.jmeter.report.processor.AggregateConsumer#stopProducing(): beginDate produced 0 samples
2026-07-02 01:01:59,993 INFO o.a.j.r.p.AbstractSampleConsumer: class org.apache.jmeter.report.processor.AggregateConsumer#stopProducing(): endDate produced 0 samples
2026-07-02 01:01:59,996 INFO o.a.j.r.p.AbstractSampleConsumer: class org.apache.jmeter.report.processor.ApdexSummaryConsumer#stopProducing(): apdexSummary produced 0 samples
2026-07-02 01:01:59,998 INFO o.a.j.r.p.AbstractSampleConsumer: class org.apache.jmeter.report.processor.RequestsSummaryConsumer#stopProducing(): requestsSummary produced 0 samples
2026-07-02 01:02:00,001 INFO o.a.j.r.p.AbstractSampleConsumer: class org.apache.jmeter.report.processor.StatisticsSummaryConsumer#stopProducing(): statisticsSummary produced 0 samples
2026-07-02 01:02:00,006 INFO o.a.j.r.p.AbstractSampleConsumer: class org.apache.jmeter.report.processor.Top5ErrorsBySamplerConsumer#stopProducing(): top5ErrorsBySampler produced 0 samples
2026-07-02 01:02:00,008 INFO o.a.j.r.p.AbstractSampleConsumer: class org.apache.jmeter.report.processor.ErrorsSummaryConsumer#stopProducing(): errorsSummary produced 0 samples
2026-07-02 01:02:00,009 INFO o.a.j.r.p.AbstractSampleConsumer: class org.apache.jmeter.report.processor.graph.impl.HitsPerSecondGraphConsumer#stopProducing(): hitsPerSecond produced 0 samples
2026-07-02 01:02:00,048 INFO o.a.j.r.p.AbstractSampleConsumer: class org.apache.jmeter.report.processor.graph.impl.LatencyVSRequestGraphConsumer#stopProducing(): latencyVsRequest produced 0 samples
2026-07-02 01:02:00,049 INFO o.a.j.r.p.AbstractSampleConsumer: class org.apache.jmeter.report.processor.graph.impl.SyntheticResponseTimeDistributionGraphConsumer#stopProducing(): syntheticResponseTimeDistribution produced 0 samples
2026-07-02 01:02:00,050 INFO o.a.j.r.p.AbstractSampleConsumer: class org.apache.jmeter.report.processor.graph.impl.BytesThroughputGraphConsumer#stopProducing(): bytesThroughputOverTime produced 0 samples
2026-07-02 01:02:00,051 INFO o.a.j.r.p.AbstractSampleConsumer: class org.apache.jmeter.report.processor.graph.impl.CodesPerSecondGraphConsumer#stopProducing(): codesPerSecond produced 0 samples
2026-07-02 01:02:00,086 INFO o.a.j.r.p.AbstractSampleConsumer: class org.apache.jmeter.report.processor.graph.impl.ResponseTimeVSRequestGraphConsumer#stopProducing(): responseTimeVsRequest produced 0 samples
2026-07-02 01:02:00,087 INFO o.a.j.r.p.AbstractSampleConsumer: class org.apache.jmeter.report.processor.FilterConsumer#stopProducing(): startIntervalControlerFilter produced 350 samples
2026-07-02 01:02:00,088 INFO o.a.j.r.p.AbstractSampleConsumer: class org.apache.jmeter.report.processor.graph.impl.TotalTPSGraphConsumer#stopProducing(): totalTPS produced 0 samples
2026-07-02 01:02:00,088 INFO o.a.j.r.p.AbstractSampleConsumer: class org.apache.jmeter.report.processor.graph.impl.ActiveThreadsGraphConsumer#stopProducing(): activeThreadsOverTime produced 0 samples
2026-07-02 01:02:00,089 INFO o.a.j.r.p.AbstractSampleConsumer: class org.apache.jmeter.report.processor.graph.impl.TimeVSThreadGraphConsumer#stopProducing(): timeVsThreads produced 0 samples
2026-07-02 01:02:00,090 INFO o.a.j.r.p.AbstractSampleConsumer: class org.apache.jmeter.report.processor.graph.impl.ResponseTimeDistributionGraphConsumer#stopProducing(): responseTimeDistribution produced 0 samples
2026-07-02 01:02:00,090 INFO o.a.j.r.p.AbstractSampleConsumer: class org.apache.jmeter.report.processor.graph.impl.TransactionsPerSecondGraphConsumer#stopProducing(): transactionsPerSecond produced 0 samples
2026-07-02 01:02:00,091 INFO o.a.j.r.p.AbstractSampleConsumer: class org.apache.jmeter.report.processor.graph.impl.ResponseTimePercentilesGraphConsumer#stopProducing(): responseTimePercentiles produced 0 samples
2026-07-02 01:02:00,092 INFO o.a.j.r.p.AbstractSampleConsumer: class org.apache.jmeter.report.processor.graph.impl.ResponseTimePercentilesOverTimeGraphConsumer#stopProducing(): responseTimePercentilesOverTime produced 0 samples
2026-07-02 01:02:00,092 INFO o.a.j.r.p.AbstractSampleConsumer: class org.apache.jmeter.report.processor.graph.impl.ResponseTimeOverTimeGraphConsumer#stopProducing(): responseTimesOverTime produced 0 samples
2026-07-02 01:02:00,093 INFO o.a.j.r.p.AbstractSampleConsumer: class org.apache.jmeter.report.processor.graph.impl.ConnectTimeOverTimeGraphConsumer#stopProducing(): connectTimeOverTime produced 0 samples
2026-07-02 01:02:00,093 INFO o.a.j.r.p.AbstractSampleConsumer: class org.apache.jmeter.report.processor.graph.impl.LatencyOverTimeGraphConsumer#stopProducing(): latenciesOverTime produced 0 samples
2026-07-02 01:02:00,094 INFO o.a.j.r.p.AbstractSampleConsumer: class org.apache.jmeter.report.processor.FilterConsumer#stopProducing(): nameFilter produced 750 samples
2026-07-02 01:02:00,094 INFO o.a.j.r.p.AbstractSampleConsumer: class org.apache.jmeter.report.processor.FilterConsumer#stopProducing(): dateRangeFilter produced 150 samples
2026-07-02 01:02:00,095 INFO o.a.j.r.p.AbstractSampleConsumer: class org.apache.jmeter.report.processor.NormalizerSampleConsumer#stopProducing(): normalizer produced 50 samples
2026-07-02 01:02:00,096 INFO o.a.j.r.p.CsvFileSampleSource: produce(): 50 samples produced in 174ms on channel 0
2026-07-02 01:02:00,097 INFO o.a.j.r.d.ReportGenerator: Exporting data using exporter:'json' of className:'org.apache.jmeter.report.dashboard.JsonExporter'
2026-07-02 01:02:00,168 INFO o.a.j.r.d.JsonExporter: Found data for consumer statisticsSummary in context
2026-07-02 01:02:00,169 INFO o.a.j.r.d.JsonExporter: Creating statistics for overall
2026-07-02 01:02:00,170 INFO o.a.j.r.d.JsonExporter: Creating statistics for other transactions
2026-07-02 01:02:00,171 INFO o.a.j.r.d.JsonExporter: Checking output folder
2026-07-02 01:02:00,174 INFO o.a.j.r.d.JsonExporter: Writing statistics JSON to /work/outputs/jmeter/prod-redis-load-50/report/statistics.json
2026-07-02 01:02:00,212 INFO o.a.j.r.d.ReportGenerator: Exporting data using exporter:'html' of className:'org.apache.jmeter.report.dashboard.HtmlTemplateExporter'
2026-07-02 01:02:00,221 INFO o.a.j.r.d.HtmlTemplateExporter: Will generate dashboard in folder: /work/outputs/jmeter/prod-redis-load-50/report
2026-07-02 01:02:00,282 INFO o.a.j.r.d.HtmlTemplateExporter: Report will be generated in: /work/outputs/jmeter/prod-redis-load-50/report, creating folder structure
2026-07-02 01:02:00,291 INFO o.a.j.r.d.TemplateVisitor: Copying folder from '/opt/apache-jmeter-5.6.3/bin/report-template' to '/work/outputs/jmeter/prod-redis-load-50/report', got message: /work/outputs/jmeter/prod-redis-load-50/report, found non empty folder with following content [/work/outputs/jmeter/prod-redis-load-50/report/statistics.json], will be ignored
2026-07-02 01:02:01,432 INFO o.a.j.JMeter: Dashboard generated
