2026-07-02 01:03:19,780 INFO o.a.j.u.JMeterUtils: Setting Locale to en_EN
2026-07-02 01:03:19,802 INFO o.a.j.JMeter: Loading user properties from: /opt/apache-jmeter-5.6.3/bin/user.properties
2026-07-02 01:03:19,803 INFO o.a.j.JMeter: Loading system properties from: /opt/apache-jmeter-5.6.3/bin/system.properties
2026-07-02 01:03:19,804 INFO o.a.j.JMeter: Setting JMeter property: base_url=https://api.electrahub.net
2026-07-02 01:03:19,805 INFO o.a.j.JMeter: Setting JMeter property: users=50
2026-07-02 01:03:19,805 INFO o.a.j.JMeter: Setting JMeter property: ramp_seconds=300
2026-07-02 01:03:19,806 INFO o.a.j.JMeter: Setting JMeter property: hold_seconds=120
2026-07-02 01:03:19,807 INFO o.a.j.JMeter: Setting JMeter property: sse_seconds=60
2026-07-02 01:03:19,807 INFO o.a.j.JMeter: Setting JMeter property: dynamic_connector_selection=true
2026-07-02 01:03:19,808 INFO o.a.j.JMeter: Setting JMeter property: run_id=redis-load-50-r2
2026-07-02 01:03:19,814 INFO o.a.j.JMeter: Copyright (c) 1998-2024 The Apache Software Foundation
2026-07-02 01:03:19,815 INFO o.a.j.JMeter: Version 5.6.3
2026-07-02 01:03:19,816 INFO o.a.j.JMeter: java.version=17.0.19
2026-07-02 01:03:19,816 INFO o.a.j.JMeter: java.vm.name=OpenJDK 64-Bit Server VM
2026-07-02 01:03:19,817 INFO o.a.j.JMeter: os.name=Linux
2026-07-02 01:03:19,818 INFO o.a.j.JMeter: os.arch=amd64
2026-07-02 01:03:19,818 INFO o.a.j.JMeter: os.version=6.18.33.1-microsoft-standard-WSL2
2026-07-02 01:03:19,819 INFO o.a.j.JMeter: file.encoding=UTF-8
2026-07-02 01:03:19,820 INFO o.a.j.JMeter: java.awt.headless=true
2026-07-02 01:03:19,820 INFO o.a.j.JMeter: Max memory     =1073741824
2026-07-02 01:03:19,821 INFO o.a.j.JMeter: Available Processors =16
2026-07-02 01:03:19,828 INFO o.a.j.JMeter: Default Locale=English (EN)
2026-07-02 01:03:19,830 INFO o.a.j.JMeter: JMeter  Locale=English (EN)
2026-07-02 01:03:19,830 INFO o.a.j.JMeter: JMeterHome=/opt/apache-jmeter-5.6.3
2026-07-02 01:03:19,831 INFO o.a.j.JMeter: user.dir  =/work
2026-07-02 01:03:19,832 INFO o.a.j.JMeter: PWD       =/work
2026-07-02 01:03:19,832 INFO o.a.j.JMeter: IP: 172.17.0.35 Name: 2994a5f71466 FullName: 2994a5f71466
2026-07-02 01:03:19,841 INFO o.a.j.JMeter: Setting property 'jmeter.reportgenerator.outputdir' to:'/work/outputs/jmeter/prod-redis-load-50-r2/report'
2026-07-02 01:03:19,848 INFO o.a.j.s.FileServer: Default base='/work'
2026-07-02 01:03:19,851 INFO o.a.j.s.FileServer: Set new base='/work/scripts/jmeter'
2026-07-02 01:03:20,005 INFO o.a.j.s.SaveService: Testplan (JMX) version: 2.2. Testlog (JTL) version: 2.2
2026-07-02 01:03:20,027 INFO o.a.j.s.SaveService: Using SaveService properties version 5.0
2026-07-02 01:03:20,029 INFO o.a.j.s.SaveService: Using SaveService properties file encoding UTF-8
2026-07-02 01:03:20,033 INFO o.a.j.s.SaveService: Loading file: scripts/jmeter/03-full-e2e-charging-100-users.jmx
2026-07-02 01:03:20,082 INFO o.a.j.JMeter: Creating summariser <summary>
2026-07-02 01:03:20,091 INFO o.a.j.r.d.ReportGenerator: ReportGenerator will use for Parsing the separator: ','
2026-07-02 01:03:20,092 INFO o.a.j.r.d.ReportGenerator: Will generate report at end of test from  results file: outputs/jmeter/prod-redis-load-50-r2/results.jtl
2026-07-02 01:03:20,093 INFO o.a.j.r.d.ReportGenerator: Reading report generator properties from: /opt/apache-jmeter-5.6.3/bin/reportgenerator.properties
2026-07-02 01:03:20,094 INFO o.a.j.r.d.ReportGenerator: Merging with JMeter properties
2026-07-02 01:03:20,098 INFO o.a.j.r.c.ReportGeneratorConfiguration: Property 'jmeter.reportgenerator.temp_dir' not found, using default value 'temp' instead.
2026-07-02 01:03:20,100 INFO o.a.j.r.c.ReportGeneratorConfiguration: Property 'jmeter.reportgenerator.apdex_per_transaction' not found, using default value 'null' instead.
2026-07-02 01:03:20,104 INFO o.a.j.r.c.ReportGeneratorConfiguration: apdex_per_transaction is empty, not APDEX per transaction customization
2026-07-02 01:03:20,105 INFO o.a.j.r.c.ReportGeneratorConfiguration: Property 'jmeter.reportgenerator.sample_filter' not found, using default value 'null' instead.
2026-07-02 01:03:20,106 INFO o.a.j.r.c.ReportGeneratorConfiguration: Property 'jmeter.reportgenerator.report_title' not found, using default value 'null' instead.
2026-07-02 01:03:20,106 INFO o.a.j.r.c.ReportGeneratorConfiguration: Property 'jmeter.reportgenerator.start_date' not found, using default value 'null' instead.
2026-07-02 01:03:20,107 INFO o.a.j.r.c.ReportGeneratorConfiguration: Property 'jmeter.reportgenerator.end_date' not found, using default value 'null' instead.
2026-07-02 01:03:20,108 INFO o.a.j.r.c.ReportGeneratorConfiguration: Property 'jmeter.reportgenerator.date_format' not found, using default value 'null' instead.
2026-07-02 01:03:20,109 INFO o.a.j.r.c.ReportGeneratorConfiguration: Will use date range start date: null, end date: null
2026-07-02 01:03:20,112 INFO o.a.j.r.c.ReportGeneratorConfiguration: Property 'jmeter.reportgenerator.graph.totalTPS.exclude_controllers' not found, using default value 'false' instead.
2026-07-02 01:03:20,113 INFO o.a.j.r.c.ReportGeneratorConfiguration: Property 'jmeter.reportgenerator.graph.activeThreadsOverTime.exclude_controllers' not found, using default value 'false' instead.
2026-07-02 01:03:20,114 INFO o.a.j.r.c.ReportGeneratorConfiguration: Property 'jmeter.reportgenerator.graph.timeVsThreads.exclude_controllers' not found, using default value 'false' instead.
2026-07-02 01:03:20,114 INFO o.a.j.r.c.ReportGeneratorConfiguration: Property 'jmeter.reportgenerator.graph.responseTimeDistribution.exclude_controllers' not found, using default value 'false' instead.
2026-07-02 01:03:20,115 INFO o.a.j.r.c.ReportGeneratorConfiguration: Property 'jmeter.reportgenerator.graph.transactionsPerSecond.exclude_controllers' not found, using default value 'false' instead.
2026-07-02 01:03:20,116 INFO o.a.j.r.c.ReportGeneratorConfiguration: Property 'jmeter.reportgenerator.graph.responseTimePercentiles.exclude_controllers' not found, using default value 'false' instead.
2026-07-02 01:03:20,116 INFO o.a.j.r.c.ReportGeneratorConfiguration: Property 'jmeter.reportgenerator.graph.responseTimePercentilesOverTime.exclude_controllers' not found, using default value 'false' instead.
2026-07-02 01:03:20,117 INFO o.a.j.r.c.ReportGeneratorConfiguration: Property 'jmeter.reportgenerator.graph.responseTimesOverTime.exclude_controllers' not found, using default value 'false' instead.
2026-07-02 01:03:20,118 INFO o.a.j.r.c.ReportGeneratorConfiguration: Property 'jmeter.reportgenerator.graph.connectTimeOverTime.exclude_controllers' not found, using default value 'false' instead.
2026-07-02 01:03:20,119 INFO o.a.j.r.c.ReportGeneratorConfiguration: Property 'jmeter.reportgenerator.graph.latenciesOverTime.exclude_controllers' not found, using default value 'false' instead.
2026-07-02 01:03:20,120 INFO o.a.j.r.c.ReportGeneratorConfiguration: Property 'jmeter.reportgenerator.exporter.json.filters_only_sample_series' not found, using default value 'true' instead.
2026-07-02 01:03:20,120 INFO o.a.j.r.c.ReportGeneratorConfiguration: Property 'jmeter.reportgenerator.exporter.json.series_filter' not found, using default value '' instead.
2026-07-02 01:03:20,121 INFO o.a.j.r.c.ReportGeneratorConfiguration: Property 'jmeter.reportgenerator.exporter.json.show_controllers_only' not found, using default value 'false' instead.
2026-07-02 01:03:20,122 INFO o.a.j.r.c.ReportGeneratorConfiguration: Property 'jmeter.reportgenerator.exporter.html.filters_only_sample_series' not found, using default value 'true' instead.
2026-07-02 01:03:20,122 INFO o.a.j.r.c.ReportGeneratorConfiguration: Property 'jmeter.reportgenerator.exporter.html.series_filter' not found, using default value '' instead.
2026-07-02 01:03:20,123 INFO o.a.j.r.c.ReportGeneratorConfiguration: Property 'jmeter.reportgenerator.exporter.html.show_controllers_only' not found, using default value 'false' instead.
2026-07-02 01:03:20,132 INFO o.a.j.e.StandardJMeterEngine: Running the test!
2026-07-02 01:03:20,134 INFO o.a.j.s.SampleEvent: List of sample_variables: []
2026-07-02 01:03:20,134 INFO o.a.j.s.SampleEvent: List of sample_variables: []
2026-07-02 01:03:20,138 INFO o.a.j.e.u.CompoundVariable: Note: Function class names must contain the string: '.functions.'
2026-07-02 01:03:20,139 INFO o.a.j.e.u.CompoundVariable: Note: Function class names must not contain the string: '.gui.'
2026-07-02 01:03:20,353 INFO o.a.j.JMeter: Running test (1782954200353)
2026-07-02 01:03:20,371 INFO o.a.j.e.StandardJMeterEngine: Starting ThreadGroup: 1 : 100 driver charging journeys
2026-07-02 01:03:20,372 INFO o.a.j.e.StandardJMeterEngine: Starting 50 threads for group 100 driver charging journeys.
2026-07-02 01:03:20,373 INFO o.a.j.e.StandardJMeterEngine: Thread will continue on error
2026-07-02 01:03:20,373 INFO o.a.j.t.ThreadGroup: Starting thread group... number=1 threads=50 ramp-up=300 delayedStart=false
2026-07-02 01:03:20,385 INFO o.a.j.t.JMeterThread: Thread started: 100 driver charging journeys 1-1
2026-07-02 01:03:20,389 INFO o.a.j.s.FileServer: Stored: scripts/jmeter/data/connectors-100.csv
2026-07-02 01:03:20,398 INFO o.a.j.t.ThreadGroup: Started thread group number 1
2026-07-02 01:03:20,399 INFO o.a.j.e.StandardJMeterEngine: All thread groups have been started
2026-07-02 01:03:20,407 INFO o.a.j.s.SampleResult: Note: Sample TimeStamps are START times
2026-07-02 01:03:20,408 INFO o.a.j.s.SampleResult: sampleresult.default.encoding is set to UTF-8
2026-07-02 01:03:20,408 INFO o.a.j.s.SampleResult: sampleresult.useNanoTime=true
2026-07-02 01:03:20,409 INFO o.a.j.s.SampleResult: sampleresult.nanoThreadSleep=5000
2026-07-02 01:03:21,603 INFO o.a.j.p.j.s.J.Full charging journey with SSE: [electrahub-jmeter][full][001] step=register
2026-07-02 01:03:22,380 INFO o.a.j.p.j.s.J.Full charging journey with SSE: [electrahub-jmeter][full][001] http POST /auth/api/auth/register status=200 elapsedMs=302
2026-07-02 01:03:22,397 INFO o.a.j.p.j.s.J.Full charging journey with SSE: [electrahub-jmeter][full][001] registered uid=bbf12010-9017-4931-b6b8-1b0b06f8a6bf
2026-07-02 01:03:22,413 INFO o.a.j.p.j.s.J.Full charging journey with SSE: [electrahub-jmeter][full][001] step=payment state before setup
2026-07-02 01:03:22,483 INFO o.a.j.p.j.s.J.Full charging journey with SSE: [electrahub-jmeter][full][001] http GET /payment/api/v1/payment/state status=451 elapsedMs=68
2026-07-02 01:03:22,485 INFO o.a.j.p.j.s.J.Full charging journey with SSE: [electrahub-jmeter][full][001] step=accept terms
2026-07-02 01:03:22,706 INFO o.a.j.p.j.s.J.Full charging journey with SSE: [electrahub-jmeter][full][001] http POST /auth/api/terms/accept status=201 elapsedMs=219
2026-07-02 01:03:22,715 INFO o.a.j.p.j.s.J.Full charging journey with SSE: [electrahub-jmeter][full][001] accepted terms; refreshing token through login
2026-07-02 01:03:22,718 INFO o.a.j.p.j.s.J.Full charging journey with SSE: [electrahub-jmeter][full][001] step=login
2026-07-02 01:03:22,899 INFO o.a.j.p.j.s.J.Full charging journey with SSE: [electrahub-jmeter][full][001] http POST /auth/api/auth/login status=200 elapsedMs=180
2026-07-02 01:03:22,902 INFO o.a.j.p.j.s.J.Full charging journey with SSE: [electrahub-jmeter][full][001] logged in uid=bbf12010-9017-4931-b6b8-1b0b06f8a6bf
2026-07-02 01:03:22,903 INFO o.a.j.p.j.s.J.Full charging journey with SSE: [electrahub-jmeter][full][001] step=payment state after terms
2026-07-02 01:03:22,986 INFO o.a.j.p.j.s.J.Full charging journey with SSE: [electrahub-jmeter][full][001] http GET /payment/api/v1/payment/state status=200 elapsedMs=82
2026-07-02 01:03:22,988 INFO o.a.j.p.j.s.J.Full charging journey with SSE: [electrahub-jmeter][full][001] step=add card
2026-07-02 01:03:23,046 INFO o.a.j.p.j.s.J.Full charging journey with SSE: [electrahub-jmeter][full][001] http POST /payment/api/v1/payment/cards status=201 elapsedMs=57
2026-07-02 01:03:23,048 INFO o.a.j.p.j.s.J.Full charging journey with SSE: [electrahub-jmeter][full][001] step=wallet topup
2026-07-02 01:03:23,142 INFO o.a.j.p.j.s.J.Full charging journey with SSE: [electrahub-jmeter][full][001] http POST /payment/api/v1/payment/wallet/topups status=201 elapsedMs=93
2026-07-02 01:03:23,143 INFO o.a.j.p.j.s.J.Full charging journey with SSE: [electrahub-jmeter][full][001] step=payment state after setup
2026-07-02 01:03:23,202 INFO o.a.j.p.j.s.J.Full charging journey with SSE: [electrahub-jmeter][full][001] http GET /payment/api/v1/payment/state status=200 elapsedMs=58
2026-07-02 01:03:23,203 INFO o.a.j.p.j.s.J.Full charging journey with SSE: [electrahub-jmeter][full][001] payment ready wallet=120.00
2026-07-02 01:03:23,204 INFO o.a.j.p.j.s.J.Full charging journey with SSE: [electrahub-jmeter][full][001] step=charger graphql list
2026-07-02 01:03:23,337 INFO o.a.j.p.j.s.J.Full charging journey with SSE: [electrahub-jmeter][full][001] http POST /charger/graphql status=200 elapsedMs=132
2026-07-02 01:03:23,352 INFO o.a.j.p.j.s.J.Full charging journey with SSE: [electrahub-jmeter][full][001] dynamic connector selection found no available connector; using CSV connector
2026-07-02 01:03:23,354 INFO o.a.j.p.j.s.J.Full charging journey with SSE: [electrahub-jmeter][full][001] step=charger graphql view
2026-07-02 01:03:23,430 INFO o.a.j.p.j.s.J.Full charging journey with SSE: [electrahub-jmeter][full][001] http POST /charger/graphql status=200 elapsedMs=74
2026-07-02 01:03:23,432 INFO o.a.j.p.j.s.J.Full charging journey with SSE: [electrahub-jmeter][full][001] step=payment state before start
2026-07-02 01:03:23,527 INFO o.a.j.p.j.s.J.Full charging journey with SSE: [electrahub-jmeter][full][001] http GET /payment/api/v1/payment/state status=200 elapsedMs=94
2026-07-02 01:03:23,550 INFO o.a.j.p.j.s.J.Full charging journey with SSE: [electrahub-jmeter][full][001] using connector csv fallback attempts=100 startIndex=1/100
2026-07-02 01:03:23,554 INFO o.a.j.p.j.s.J.Full charging journey with SSE: [electrahub-jmeter][full][001] step=start charging attempt 1
2026-07-02 01:03:24,317 INFO o.a.j.p.j.s.J.Full charging journey with SSE: [electrahub-jmeter][full][001] http POST /session/api/v1/sessions/start status=201 elapsedMs=762
2026-07-02 01:03:24,318 INFO o.a.j.p.j.s.J.Full charging journey with SSE: [electrahub-jmeter][full][001] started session=8b839128-baa7-4e5c-a6f1-0b8b3c188a0e charger=EH-US-CHG-0001/CON-US-0001 status=PREPARING remote=Accepted attempt=1/100
2026-07-02 01:03:24,320 INFO o.a.j.p.j.s.J.Full charging journey with SSE: [electrahub-jmeter][full][001] step=active sessions
2026-07-02 01:03:25,326 INFO o.a.j.p.j.s.J.Full charging journey with SSE: [electrahub-jmeter][full][001] http GET /session/api/v1/sessions/active status=200 elapsedMs=1006
2026-07-02 01:03:26,383 INFO o.a.j.t.JMeterThread: Thread started: 100 driver charging journeys 1-2
2026-07-02 01:03:26,390 INFO o.a.j.p.j.s.J.Full charging journey with SSE: [electrahub-jmeter][full][002] step=register
2026-07-02 01:03:26,626 INFO o.a.j.p.j.s.J.Full charging journey with SSE: [electrahub-jmeter][full][002] http POST /auth/api/auth/register status=200 elapsedMs=192
2026-07-02 01:03:26,628 INFO o.a.j.p.j.s.J.Full charging journey with SSE: [electrahub-jmeter][full][002] registered uid=439a64f1-2c08-4a9a-8804-73f765dd0fa4
2026-07-02 01:03:26,636 INFO o.a.j.p.j.s.J.Full charging journey with SSE: [electrahub-jmeter][full][002] step=payment state before setup
2026-07-02 01:03:26,691 INFO o.a.j.p.j.s.J.Full charging journey with SSE: [electrahub-jmeter][full][002] http GET /payment/api/v1/payment/state status=451 elapsedMs=54
2026-07-02 01:03:26,693 INFO o.a.j.p.j.s.J.Full charging journey with SSE: [electrahub-jmeter][full][002] step=accept terms
2026-07-02 01:03:26,754 INFO o.a.j.p.j.s.J.Full charging journey with SSE: [electrahub-jmeter][full][002] http POST /auth/api/terms/accept status=201 elapsedMs=60
2026-07-02 01:03:26,755 INFO o.a.j.p.j.s.J.Full charging journey with SSE: [electrahub-jmeter][full][002] accepted terms; refreshing token through login
2026-07-02 01:03:26,756 INFO o.a.j.p.j.s.J.Full charging journey with SSE: [electrahub-jmeter][full][002] step=login
2026-07-02 01:03:26,908 INFO o.a.j.p.j.s.J.Full charging journey with SSE: [electrahub-jmeter][full][002] http POST /auth/api/auth/login status=200 elapsedMs=151
2026-07-02 01:03:26,909 INFO o.a.j.p.j.s.J.Full charging journey with SSE: [electrahub-jmeter][full][002] logged in uid=439a64f1-2c08-4a9a-8804-73f765dd0fa4
2026-07-02 01:03:26,910 INFO o.a.j.p.j.s.J.Full charging journey with SSE: [electrahub-jmeter][full][002] step=payment state after terms
2026-07-02 01:03:26,971 INFO o.a.j.p.j.s.J.Full charging journey with SSE: [electrahub-jmeter][full][002] http GET /payment/api/v1/payment/state status=200 elapsedMs=61
2026-07-02 01:03:26,971 INFO o.a.j.p.j.s.J.Full charging journey with SSE: [electrahub-jmeter][full][002] step=add card
2026-07-02 01:03:27,033 INFO o.a.j.p.j.s.J.Full charging journey with SSE: [electrahub-jmeter][full][002] http POST /payment/api/v1/payment/cards status=201 elapsedMs=60
2026-07-02 01:03:27,035 INFO o.a.j.p.j.s.J.Full charging journey with SSE: [electrahub-jmeter][full][002] step=wallet topup
2026-07-02 01:03:27,096 INFO o.a.j.p.j.s.J.Full charging journey with SSE: [electrahub-jmeter][full][002] http POST /payment/api/v1/payment/wallet/topups status=201 elapsedMs=59
2026-07-02 01:03:27,097 INFO o.a.j.p.j.s.J.Full charging journey with SSE: [electrahub-jmeter][full][002] step=payment state after setup
2026-07-02 01:03:27,152 INFO o.a.j.p.j.s.J.Full charging journey with SSE: [electrahub-jmeter][full][002] http GET /payment/api/v1/payment/state status=200 elapsedMs=54
2026-07-02 01:03:27,156 INFO o.a.j.p.j.s.J.Full charging journey with SSE: [electrahub-jmeter][full][002] payment ready wallet=120.00
2026-07-02 01:03:27,157 INFO o.a.j.p.j.s.J.Full charging journey with SSE: [electrahub-jmeter][full][002] step=charger graphql list
2026-07-02 01:03:27,257 INFO o.a.j.p.j.s.J.Full charging journey with SSE: [electrahub-jmeter][full][002] http POST /charger/graphql status=200 elapsedMs=99
2026-07-02 01:03:27,259 INFO o.a.j.p.j.s.J.Full charging journey with SSE: [electrahub-jmeter][full][002] dynamic connector selection found no available connector; using CSV connector
2026-07-02 01:03:27,263 INFO o.a.j.p.j.s.J.Full charging journey with SSE: [electrahub-jmeter][full][002] step=charger graphql view
2026-07-02 01:03:27,338 INFO o.a.j.p.j.s.J.Full charging journey with SSE: [electrahub-jmeter][full][002] http POST /charger/graphql status=200 elapsedMs=74
2026-07-02 01:03:27,339 INFO o.a.j.p.j.s.J.Full charging journey with SSE: [electrahub-jmeter][full][002] step=payment state before start
2026-07-02 01:03:27,410 INFO o.a.j.p.j.s.J.Full charging journey with SSE: [electrahub-jmeter][full][002] http GET /payment/api/v1/payment/state status=200 elapsedMs=70
2026-07-02 01:03:27,415 INFO o.a.j.p.j.s.J.Full charging journey with SSE: [electrahub-jmeter][full][002] using connector csv fallback attempts=100 startIndex=2/100
2026-07-02 01:03:27,415 INFO o.a.j.p.j.s.J.Full charging journey with SSE: [electrahub-jmeter][full][002] step=start charging attempt 1
2026-07-02 01:03:28,348 INFO o.a.j.p.j.s.J.Full charging journey with SSE: [electrahub-jmeter][full][002] http POST /session/api/v1/sessions/start status=201 elapsedMs=931
2026-07-02 01:03:28,349 INFO o.a.j.p.j.s.J.Full charging journey with SSE: [electrahub-jmeter][full][002] started session=9350c9df-9b6a-442e-999e-b183b3780459 charger=EH-US-CHG-0002/CON-US-0002 status=PREPARING remote=Accepted attempt=1/100
2026-07-02 01:03:28,350 INFO o.a.j.p.j.s.J.Full charging journey with SSE: [electrahub-jmeter][full][002] step=active sessions
2026-07-02 01:03:29,342 INFO o.a.j.p.j.s.J.Full charging journey with SSE: [electrahub-jmeter][full][002] http GET /session/api/v1/sessions/active status=200 elapsedMs=992
2026-07-02 01:03:32,382 INFO o.a.j.t.JMeterThread: Thread started: 100 driver charging journeys 1-3
2026-07-02 01:03:32,388 INFO o.a.j.p.j.s.J.Full charging journey with SSE: [electrahub-jmeter][full][003] step=register
2026-07-02 01:03:32,693 INFO o.a.j.p.j.s.J.Full charging journey with SSE: [electrahub-jmeter][full][003] http POST /auth/api/auth/register status=200 elapsedMs=237
2026-07-02 01:03:32,694 INFO o.a.j.p.j.s.J.Full charging journey with SSE: [electrahub-jmeter][full][003] registered uid=336eec47-3bc2-4e1c-9f09-3c5fd34e59a6
2026-07-02 01:03:32,703 INFO o.a.j.p.j.s.J.Full charging journey with SSE: [electrahub-jmeter][full][003] step=payment state before setup
2026-07-02 01:03:32,761 INFO o.a.j.p.j.s.J.Full charging journey with SSE: [electrahub-jmeter][full][003] http GET /payment/api/v1/payment/state status=451 elapsedMs=58
2026-07-02 01:03:32,762 INFO o.a.j.p.j.s.J.Full charging journey with SSE: [electrahub-jmeter][full][003] step=accept terms
2026-07-02 01:03:32,824 INFO o.a.j.p.j.s.J.Full charging journey with SSE: [electrahub-jmeter][full][003] http POST /auth/api/terms/accept status=201 elapsedMs=60
2026-07-02 01:03:32,825 INFO o.a.j.p.j.s.J.Full charging journey with SSE: [electrahub-jmeter][full][003] accepted terms; refreshing token through login
2026-07-02 01:03:32,826 INFO o.a.j.p.j.s.J.Full charging journey with SSE: [electrahub-jmeter][full][003] step=login
2026-07-02 01:03:32,975 INFO o.a.j.p.j.s.J.Full charging journey with SSE: [electrahub-jmeter][full][003] http POST /auth/api/auth/login status=200 elapsedMs=148
2026-07-02 01:03:32,977 INFO o.a.j.p.j.s.J.Full charging journey with SSE: [electrahub-jmeter][full][003] logged in uid=336eec47-3bc2-4e1c-9f09-3c5fd34e59a6
2026-07-02 01:03:32,977 INFO o.a.j.p.j.s.J.Full charging journey with SSE: [electrahub-jmeter][full][003] step=payment state after terms
2026-07-02 01:03:33,052 INFO o.a.j.p.j.s.J.Full charging journey with SSE: [electrahub-jmeter][full][003] http GET /payment/api/v1/payment/state status=200 elapsedMs=74
2026-07-02 01:03:33,053 INFO o.a.j.p.j.s.J.Full charging journey with SSE: [electrahub-jmeter][full][003] step=add card
2026-07-02 01:03:33,158 INFO o.a.j.p.j.s.J.Full charging journey with SSE: [electrahub-jmeter][full][003] http POST /payment/api/v1/payment/cards status=201 elapsedMs=103
2026-07-02 01:03:33,159 INFO o.a.j.p.j.s.J.Full charging journey with SSE: [electrahub-jmeter][full][003] step=wallet topup
2026-07-02 01:03:33,236 INFO o.a.j.p.j.s.J.Full charging journey with SSE: [electrahub-jmeter][full][003] http POST /payment/api/v1/payment/wallet/topups status=201 elapsedMs=76
2026-07-02 01:03:33,237 INFO o.a.j.p.j.s.J.Full charging journey with SSE: [electrahub-jmeter][full][003] step=payment state after setup
2026-07-02 01:03:33,297 INFO o.a.j.p.j.s.J.Full charging journey with SSE: [electrahub-jmeter][full][003] http GET /payment/api/v1/payment/state status=200 elapsedMs=60
2026-07-02 01:03:33,298 INFO o.a.j.p.j.s.J.Full charging journey with SSE: [electrahub-jmeter][full][003] payment ready wallet=120.00
2026-07-02 01:03:33,299 INFO o.a.j.p.j.s.J.Full charging journey with SSE: [electrahub-jmeter][full][003] step=charger graphql list
2026-07-02 01:03:33,398 INFO o.a.j.p.j.s.J.Full charging journey with SSE: [electrahub-jmeter][full][003] http POST /charger/graphql status=200 elapsedMs=98
2026-07-02 01:03:33,400 INFO o.a.j.p.j.s.J.Full charging journey with SSE: [electrahub-jmeter][full][003] dynamic connector selection found no available connector; using CSV connector
2026-07-02 01:03:33,401 INFO o.a.j.p.j.s.J.Full charging journey with SSE: [electrahub-jmeter][full][003] step=charger graphql view
2026-07-02 01:03:33,474 INFO o.a.j.p.j.s.J.Full charging journey with SSE: [electrahub-jmeter][full][003] http POST /charger/graphql status=200 elapsedMs=71
2026-07-02 01:03:33,474 INFO o.a.j.p.j.s.J.Full charging journey with SSE: [electrahub-jmeter][full][003] step=payment state before start
2026-07-02 01:03:33,531 INFO o.a.j.p.j.s.J.Full charging journey with SSE: [electrahub-jmeter][full][003] http GET /payment/api/v1/payment/state status=200 elapsedMs=56
2026-07-02 01:03:33,535 INFO o.a.j.p.j.s.J.Full charging journey with SSE: [electrahub-jmeter][full][003] using connector csv fallback attempts=100 startIndex=3/100
2026-07-02 01:03:33,536 INFO o.a.j.p.j.s.J.Full charging journey with SSE: [electrahub-jmeter][full][003] step=start charging attempt 1
2026-07-02 01:03:34,369 INFO o.a.j.p.j.s.J.Full charging journey with SSE: [electrahub-jmeter][full][003] http POST /session/api/v1/sessions/start status=201 elapsedMs=832
2026-07-02 01:03:34,370 INFO o.a.j.p.j.s.J.Full charging journey with SSE: [electrahub-jmeter][full][003] started session=75b8d33a-ce0c-480d-97f2-a86a6c891574 charger=EH-US-CHG-0003/CON-US-0003 status=PREPARING remote=Accepted attempt=1/100
2026-07-02 01:03:34,371 INFO o.a.j.p.j.s.J.Full charging journey with SSE: [electrahub-jmeter][full][003] step=active sessions
2026-07-02 01:03:35,379 INFO o.a.j.p.j.s.J.Full charging journey with SSE: [electrahub-jmeter][full][003] http GET /session/api/v1/sessions/active status=200 elapsedMs=1007
2026-07-02 01:03:38,382 INFO o.a.j.t.JMeterThread: Thread started: 100 driver charging journeys 1-4
2026-07-02 01:03:38,388 INFO o.a.j.p.j.s.J.Full charging journey with SSE: [electrahub-jmeter][full][004] step=register
2026-07-02 01:03:38,660 INFO o.a.j.p.j.s.J.Full charging journey with SSE: [electrahub-jmeter][full][004] http POST /auth/api/auth/register status=200 elapsedMs=220
2026-07-02 01:03:38,661 INFO o.a.j.p.j.s.J.Full charging journey with SSE: [electrahub-jmeter][full][004] registered uid=37d18e77-2b56-4a37-a0ee-b2af90ca4d49
2026-07-02 01:03:38,669 INFO o.a.j.p.j.s.J.Full charging journey with SSE: [electrahub-jmeter][full][004] step=payment state before setup
2026-07-02 01:03:38,731 INFO o.a.j.p.j.s.J.Full charging journey with SSE: [electrahub-jmeter][full][004] http GET /payment/api/v1/payment/state status=451 elapsedMs=61
2026-07-02 01:03:38,733 INFO o.a.j.p.j.s.J.Full charging journey with SSE: [electrahub-jmeter][full][004] step=accept terms
2026-07-02 01:03:38,802 INFO o.a.j.p.j.s.J.Full charging journey with SSE: [electrahub-jmeter][full][004] http POST /auth/api/terms/accept status=201 elapsedMs=69
2026-07-02 01:03:38,803 INFO o.a.j.p.j.s.J.Full charging journey with SSE: [electrahub-jmeter][full][004] accepted terms; refreshing token through login
2026-07-02 01:03:38,804 INFO o.a.j.p.j.s.J.Full charging journey with SSE: [electrahub-jmeter][full][004] step=login
2026-07-02 01:03:38,959 INFO o.a.j.p.j.s.J.Full charging journey with SSE: [electrahub-jmeter][full][004] http POST /auth/api/auth/login status=200 elapsedMs=154
2026-07-02 01:03:38,961 INFO o.a.j.p.j.s.J.Full charging journey with SSE: [electrahub-jmeter][full][004] logged in uid=37d18e77-2b56-4a37-a0ee-b2af90ca4d49
2026-07-02 01:03:38,967 INFO o.a.j.p.j.s.J.Full charging journey with SSE: [electrahub-jmeter][full][004] step=payment state after terms
2026-07-02 01:03:39,036 INFO o.a.j.p.j.s.J.Full charging journey with SSE: [electrahub-jmeter][full][004] http GET /payment/api/v1/payment/state status=200 elapsedMs=68
2026-07-02 01:03:39,037 INFO o.a.j.p.j.s.J.Full charging journey with SSE: [electrahub-jmeter][full][004] step=add card
2026-07-02 01:03:39,098 INFO o.a.j.p.j.s.J.Full charging journey with SSE: [electrahub-jmeter][full][004] http POST /payment/api/v1/payment/cards status=201 elapsedMs=60
2026-07-02 01:03:39,099 INFO o.a.j.p.j.s.J.Full charging journey with SSE: [electrahub-jmeter][full][004] step=wallet topup
2026-07-02 01:03:39,184 INFO o.a.j.p.j.s.J.Full charging journey with SSE: [electrahub-jmeter][full][004] http POST /payment/api/v1/payment/wallet/topups status=201 elapsedMs=84
2026-07-02 01:03:39,185 INFO o.a.j.p.j.s.J.Full charging journey with SSE: [electrahub-jmeter][full][004] step=payment state after setup
2026-07-02 01:03:39,253 INFO o.a.j.p.j.s.J.Full charging journey with SSE: [electrahub-jmeter][full][004] http GET /payment/api/v1/payment/state status=200 elapsedMs=66
2026-07-02 01:03:39,255 INFO o.a.j.p.j.s.J.Full charging journey with SSE: [electrahub-jmeter][full][004] payment ready wallet=120.00
2026-07-02 01:03:39,256 INFO o.a.j.p.j.s.J.Full charging journey with SSE: [electrahub-jmeter][full][004] step=charger graphql list
2026-07-02 01:03:39,388 INFO o.a.j.p.j.s.J.Full charging journey with SSE: [electrahub-jmeter][full][004] http POST /charger/graphql status=200 elapsedMs=131
2026-07-02 01:03:39,389 INFO o.a.j.p.j.s.J.Full charging journey with SSE: [electrahub-jmeter][full][004] dynamic connector selection found no available connector; using CSV connector
2026-07-02 01:03:39,390 INFO o.a.j.p.j.s.J.Full charging journey with SSE: [electrahub-jmeter][full][004] step=charger graphql view
2026-07-02 01:03:39,465 INFO o.a.j.p.j.s.J.Full charging journey with SSE: [electrahub-jmeter][full][004] http POST /charger/graphql status=200 elapsedMs=74
2026-07-02 01:03:39,467 INFO o.a.j.p.j.s.J.Full charging journey with SSE: [electrahub-jmeter][full][004] step=payment state before start
2026-07-02 01:03:39,533 INFO o.a.j.p.j.s.J.Full charging journey with SSE: [electrahub-jmeter][full][004] http GET /payment/api/v1/payment/state status=200 elapsedMs=66
2026-07-02 01:03:39,537 INFO o.a.j.p.j.s.J.Full charging journey with SSE: [electrahub-jmeter][full][004] using connector csv fallback attempts=100 startIndex=4/100
2026-07-02 01:03:39,539 INFO o.a.j.p.j.s.J.Full charging journey with SSE: [electrahub-jmeter][full][004] step=start charging attempt 1
2026-07-02 01:03:40,403 INFO o.a.j.p.j.s.J.Full charging journey with SSE: [electrahub-jmeter][full][004] http POST /session/api/v1/sessions/start status=201 elapsedMs=863
2026-07-02 01:03:40,404 INFO o.a.j.p.j.s.J.Full charging journey with SSE: [electrahub-jmeter][full][004] started session=470fa635-6182-4c33-90d3-5c1914411886 charger=EH-US-CHG-0004/CON-US-0004 status=PREPARING remote=Accepted attempt=1/100
2026-07-02 01:03:40,405 INFO o.a.j.p.j.s.J.Full charging journey with SSE: [electrahub-jmeter][full][004] step=active sessions
2026-07-02 01:03:43,180 INFO o.a.j.p.j.s.J.Full charging journey with SSE: [electrahub-jmeter][full][004] http GET /session/api/v1/sessions/active status=200 elapsedMs=2774
2026-07-02 01:03:44,383 INFO o.a.j.t.JMeterThread: Thread started: 100 driver charging journeys 1-5
2026-07-02 01:03:44,388 INFO o.a.j.p.j.s.J.Full charging journey with SSE: [electrahub-jmeter][full][005] step=register
2026-07-02 01:03:44,668 INFO o.a.j.p.j.s.J.Full charging journey with SSE: [electrahub-jmeter][full][005] http POST /auth/api/auth/register status=200 elapsedMs=235
2026-07-02 01:03:44,669 INFO o.a.j.p.j.s.J.Full charging journey with SSE: [electrahub-jmeter][full][005] registered uid=040f859c-f976-4a6e-9229-30980d7c7171
2026-07-02 01:03:44,678 INFO o.a.j.p.j.s.J.Full charging journey with SSE: [electrahub-jmeter][full][005] step=payment state before setup
2026-07-02 01:03:44,737 INFO o.a.j.p.j.s.J.Full charging journey with SSE: [electrahub-jmeter][full][005] http GET /payment/api/v1/payment/state status=451 elapsedMs=58
2026-07-02 01:03:44,738 INFO o.a.j.p.j.s.J.Full charging journey with SSE: [electrahub-jmeter][full][005] step=accept terms
2026-07-02 01:03:44,804 INFO o.a.j.p.j.s.J.Full charging journey with SSE: [electrahub-jmeter][full][005] http POST /auth/api/terms/accept status=201 elapsedMs=65
2026-07-02 01:03:44,804 INFO o.a.j.p.j.s.J.Full charging journey with SSE: [electrahub-jmeter][full][005] accepted terms; refreshing token through login
2026-07-02 01:03:44,805 INFO o.a.j.p.j.s.J.Full charging journey with SSE: [electrahub-jmeter][full][005] step=login
2026-07-02 01:03:44,963 INFO o.a.j.p.j.s.J.Full charging journey with SSE: [electrahub-jmeter][full][005] http POST /auth/api/auth/login status=200 elapsedMs=155
2026-07-02 01:03:44,965 INFO o.a.j.p.j.s.J.Full charging journey with SSE: [electrahub-jmeter][full][005] logged in uid=040f859c-f976-4a6e-9229-30980d7c7171
2026-07-02 01:03:44,965 INFO o.a.j.p.j.s.J.Full charging journey with SSE: [electrahub-jmeter][full][005] step=payment state after terms
2026-07-02 01:03:45,026 INFO o.a.j.p.j.s.J.Full charging journey with SSE: [electrahub-jmeter][full][005] http GET /payment/api/v1/payment/state status=200 elapsedMs=60
2026-07-02 01:03:45,027 INFO o.a.j.p.j.s.J.Full charging journey with SSE: [electrahub-jmeter][full][005] step=add card
2026-07-02 01:03:45,128 INFO o.a.j.p.j.s.J.Full charging journey with SSE: [electrahub-jmeter][full][005] http POST /payment/api/v1/payment/cards status=201 elapsedMs=99
2026-07-02 01:03:45,130 INFO o.a.j.p.j.s.J.Full charging journey with SSE: [electrahub-jmeter][full][005] step=wallet topup
2026-07-02 01:03:45,189 INFO o.a.j.p.j.s.J.Full charging journey with SSE: [electrahub-jmeter][full][005] http POST /payment/api/v1/payment/wallet/topups status=201 elapsedMs=58
2026-07-02 01:03:45,190 INFO o.a.j.p.j.s.J.Full charging journey with SSE: [electrahub-jmeter][full][005] step=payment state after setup
2026-07-02 01:03:45,250 INFO o.a.j.p.j.s.J.Full charging journey with SSE: [electrahub-jmeter][full][005] http GET /payment/api/v1/payment/state status=200 elapsedMs=59
2026-07-02 01:03:45,251 INFO o.a.j.p.j.s.J.Full charging journey with SSE: [electrahub-jmeter][full][005] payment ready wallet=120.00
2026-07-02 01:03:45,252 INFO o.a.j.p.j.s.J.Full charging journey with SSE: [electrahub-jmeter][full][005] step=charger graphql list
2026-07-02 01:03:45,342 INFO o.a.j.p.j.s.J.Full charging journey with SSE: [electrahub-jmeter][full][005] http POST /charger/graphql status=200 elapsedMs=88
2026-07-02 01:03:45,344 INFO o.a.j.p.j.s.J.Full charging journey with SSE: [electrahub-jmeter][full][005] dynamic connector selection found no available connector; using CSV connector
2026-07-02 01:03:45,345 INFO o.a.j.p.j.s.J.Full charging journey with SSE: [electrahub-jmeter][full][005] step=charger graphql view
2026-07-02 01:03:45,426 INFO o.a.j.p.j.s.J.Full charging journey with SSE: [electrahub-jmeter][full][005] http POST /charger/graphql status=200 elapsedMs=80
2026-07-02 01:03:45,427 INFO o.a.j.p.j.s.J.Full charging journey with SSE: [electrahub-jmeter][full][005] step=payment state before start
2026-07-02 01:03:45,487 INFO o.a.j.p.j.s.J.Full charging journey with SSE: [electrahub-jmeter][full][005] http GET /payment/api/v1/payment/state status=200 elapsedMs=59
2026-07-02 01:03:45,492 INFO o.a.j.p.j.s.J.Full charging journey with SSE: [electrahub-jmeter][full][005] using connector csv fallback attempts=100 startIndex=5/100
2026-07-02 01:03:45,493 INFO o.a.j.p.j.s.J.Full charging journey with SSE: [electrahub-jmeter][full][005] step=start charging attempt 1
2026-07-02 01:03:45,565 INFO o.a.j.p.j.s.J.Full charging journey with SSE: [electrahub-jmeter][full][005] http POST /session/api/v1/sessions/start status=409 elapsedMs=71
2026-07-02 01:03:45,566 INFO o.a.j.p.j.s.J.Full charging journey with SSE: [electrahub-jmeter][full][005] start skipped EH-US-CHG-0005/CON-US-0005 HTTP 409; trying next connector
2026-07-02 01:03:46,568 INFO o.a.j.p.j.s.J.Full charging journey with SSE: [electrahub-jmeter][full][005] step=start charging attempt 2
2026-07-02 01:03:46,643 INFO o.a.j.p.j.s.J.Full charging journey with SSE: [electrahub-jmeter][full][005] http POST /session/api/v1/sessions/start status=409 elapsedMs=74
2026-07-02 01:03:46,645 INFO o.a.j.p.j.s.J.Full charging journey with SSE: [electrahub-jmeter][full][005] start skipped EH-US-CHG-0006/CON-US-0006 HTTP 409; trying next connector
2026-07-02 01:03:47,646 INFO o.a.j.p.j.s.J.Full charging journey with SSE: [electrahub-jmeter][full][005] step=start charging attempt 3
2026-07-02 01:03:47,710 INFO o.a.j.p.j.s.J.Full charging journey with SSE: [electrahub-jmeter][full][005] http POST /session/api/v1/sessions/start status=409 elapsedMs=63
2026-07-02 01:03:47,711 INFO o.a.j.p.j.s.J.Full charging journey with SSE: [electrahub-jmeter][full][005] start skipped EH-US-CHG-0007/CON-US-0007 HTTP 409; trying next connector
2026-07-02 01:03:48,713 INFO o.a.j.p.j.s.J.Full charging journey with SSE: [electrahub-jmeter][full][005] step=start charging attempt 4
2026-07-02 01:03:49,230 INFO o.a.j.p.j.s.J.Full charging journey with SSE: [electrahub-jmeter][full][005] http POST /session/api/v1/sessions/start status=201 elapsedMs=516
2026-07-02 01:03:49,231 INFO o.a.j.p.j.s.J.Full charging journey with SSE: [electrahub-jmeter][full][005] started session=a02013af-ad62-4cd4-93d7-b0ac8e685670 charger=EH-US-CHG-0008/CON-US-0008 status=PREPARING remote=Accepted attempt=4/100
2026-07-02 01:03:49,232 INFO o.a.j.p.j.s.J.Full charging journey with SSE: [electrahub-jmeter][full][005] step=active sessions
2026-07-02 01:03:50,259 INFO o.a.j.p.j.s.J.Full charging journey with SSE: [electrahub-jmeter][full][005] http GET /session/api/v1/sessions/active status=200 elapsedMs=1026
2026-07-02 01:03:50,383 INFO o.a.j.t.JMeterThread: Thread started: 100 driver charging journeys 1-6
2026-07-02 01:03:50,388 INFO o.a.j.p.j.s.J.Full charging journey with SSE: [electrahub-jmeter][full][006] step=register
2026-07-02 01:03:50,668 INFO o.a.j.p.j.s.J.Full charging journey with SSE: [electrahub-jmeter][full][006] http POST /auth/api/auth/register status=200 elapsedMs=230
2026-07-02 01:03:50,669 INFO o.a.j.p.j.s.J.Full charging journey with SSE: [electrahub-jmeter][full][006] registered uid=85050097-c519-42d0-9124-5a688238073e
2026-07-02 01:03:50,681 INFO o.a.j.p.j.s.J.Full charging journey with SSE: [electrahub-jmeter][full][006] step=payment state before setup
2026-07-02 01:03:50,737 INFO o.a.j.p.j.s.J.Full charging journey with SSE: [electrahub-jmeter][full][006] http GET /payment/api/v1/payment/state status=451 elapsedMs=56
2026-07-02 01:03:50,738 INFO o.a.j.p.j.s.J.Full charging journey with SSE: [electrahub-jmeter][full][006] step=accept terms
2026-07-02 01:03:50,800 INFO o.a.j.p.j.s.J.Full charging journey with SSE: [electrahub-jmeter][full][006] http POST /auth/api/terms/accept status=201 elapsedMs=61
2026-07-02 01:03:50,801 INFO o.a.j.p.j.s.J.Full charging journey with SSE: [electrahub-jmeter][full][006] accepted terms; refreshing token through login
2026-07-02 01:03:50,801 INFO o.a.j.p.j.s.J.Full charging journey with SSE: [electrahub-jmeter][full][006] step=login
2026-07-02 01:03:50,946 INFO o.a.j.p.j.s.J.Full charging journey with SSE: [electrahub-jmeter][full][006] http POST /auth/api/auth/login status=200 elapsedMs=144
2026-07-02 01:03:50,947 INFO o.a.j.p.j.s.J.Full charging journey with SSE: [electrahub-jmeter][full][006] logged in uid=85050097-c519-42d0-9124-5a688238073e
2026-07-02 01:03:50,948 INFO o.a.j.p.j.s.J.Full charging journey with SSE: [electrahub-jmeter][full][006] step=payment state after terms
2026-07-02 01:03:51,005 INFO o.a.j.p.j.s.J.Full charging journey with SSE: [electrahub-jmeter][full][006] http GET /payment/api/v1/payment/state status=200 elapsedMs=56
2026-07-02 01:03:51,006 INFO o.a.j.p.j.s.J.Full charging journey with SSE: [electrahub-jmeter][full][006] step=add card
2026-07-02 01:03:51,066 INFO o.a.j.p.j.s.J.Full charging journey with SSE: [electrahub-jmeter][full][006] http POST /payment/api/v1/payment/cards status=201 elapsedMs=58
2026-07-02 01:03:51,067 INFO o.a.j.p.j.s.J.Full charging journey with SSE: [electrahub-jmeter][full][006] step=wallet topup
2026-07-02 01:03:51,133 INFO o.a.j.p.j.s.J.Full charging journey with SSE: [electrahub-jmeter][full][006] http POST /payment/api/v1/payment/wallet/topups status=201 elapsedMs=65
2026-07-02 01:03:51,134 INFO o.a.j.p.j.s.J.Full charging journey with SSE: [electrahub-jmeter][full][006] step=payment state after setup
2026-07-02 01:03:51,196 INFO o.a.j.p.j.s.J.Full charging journey with SSE: [electrahub-jmeter][full][006] http GET /payment/api/v1/payment/state status=200 elapsedMs=61
2026-07-02 01:03:51,197 INFO o.a.j.p.j.s.J.Full charging journey with SSE: [electrahub-jmeter][full][006] payment ready wallet=120.00
2026-07-02 01:03:51,198 INFO o.a.j.p.j.s.J.Full charging journey with SSE: [electrahub-jmeter][full][006] step=charger graphql list
2026-07-02 01:03:51,287 INFO o.a.j.p.j.s.J.Full charging journey with SSE: [electrahub-jmeter][full][006] http POST /charger/graphql status=200 elapsedMs=88
2026-07-02 01:03:51,289 INFO o.a.j.p.j.s.J.Full charging journey with SSE: [electrahub-jmeter][full][006] dynamic connector selection found no available connector; using CSV connector
2026-07-02 01:03:51,290 INFO o.a.j.p.j.s.J.Full charging journey with SSE: [electrahub-jmeter][full][006] step=charger graphql view
2026-07-02 01:03:51,373 INFO o.a.j.p.j.s.J.Full charging journey with SSE: [electrahub-jmeter][full][006] http POST /charger/graphql status=200 elapsedMs=82
2026-07-02 01:03:51,374 INFO o.a.j.p.j.s.J.Full charging journey with SSE: [electrahub-jmeter][full][006] step=payment state before start
2026-07-02 01:03:51,432 INFO o.a.j.p.j.s.J.Full charging journey with SSE: [electrahub-jmeter][full][006] http GET /payment/api/v1/payment/state status=200 elapsedMs=57
2026-07-02 01:03:51,436 INFO o.a.j.p.j.s.J.Full charging journey with SSE: [electrahub-jmeter][full][006] using connector csv fallback attempts=100 startIndex=6/100
2026-07-02 01:03:51,436 INFO o.a.j.p.j.s.J.Full charging journey with SSE: [electrahub-jmeter][full][006] step=start charging attempt 1
2026-07-02 01:03:51,508 INFO o.a.j.p.j.s.J.Full charging journey with SSE: [electrahub-jmeter][full][006] http POST /session/api/v1/sessions/start status=409 elapsedMs=70
2026-07-02 01:03:51,509 INFO o.a.j.p.j.s.J.Full charging journey with SSE: [electrahub-jmeter][full][006] start skipped EH-US-CHG-0006/CON-US-0006 HTTP 409; trying next connector
2026-07-02 01:03:52,510 INFO o.a.j.p.j.s.J.Full charging journey with SSE: [electrahub-jmeter][full][006] step=start charging attempt 2
2026-07-02 01:03:52,582 INFO o.a.j.p.j.s.J.Full charging journey with SSE: [electrahub-jmeter][full][006] http POST /session/api/v1/sessions/start status=409 elapsedMs=71
2026-07-02 01:03:52,583 INFO o.a.j.p.j.s.J.Full charging journey with SSE: [electrahub-jmeter][full][006] start skipped EH-US-CHG-0007/CON-US-0007 HTTP 409; trying next connector
2026-07-02 01:03:53,584 INFO o.a.j.p.j.s.J.Full charging journey with SSE: [electrahub-jmeter][full][006] step=start charging attempt 3
2026-07-02 01:03:53,655 INFO o.a.j.p.j.s.J.Full charging journey with SSE: [electrahub-jmeter][full][006] http POST /session/api/v1/sessions/start status=409 elapsedMs=68
2026-07-02 01:03:53,656 INFO o.a.j.p.j.s.J.Full charging journey with SSE: [electrahub-jmeter][full][006] start skipped EH-US-CHG-0008/CON-US-0008 HTTP 409; trying next connector
2026-07-02 01:03:54,656 INFO o.a.j.p.j.s.J.Full charging journey with SSE: [electrahub-jmeter][full][006] step=start charging attempt 4
2026-07-02 01:03:55,266 INFO o.a.j.p.j.s.J.Full charging journey with SSE: [electrahub-jmeter][full][006] http POST /session/api/v1/sessions/start status=201 elapsedMs=607
2026-07-02 01:03:55,268 INFO o.a.j.p.j.s.J.Full charging journey with SSE: [electrahub-jmeter][full][006] started session=009561b2-6156-4da8-b144-cd361990456d charger=EH-US-CHG-0009/CON-US-0009 status=PREPARING remote=Accepted attempt=4/100
2026-07-02 01:03:55,269 INFO o.a.j.p.j.s.J.Full charging journey with SSE: [electrahub-jmeter][full][006] step=active sessions
2026-07-02 01:03:56,270 INFO o.a.j.p.j.s.J.Full charging journey with SSE: [electrahub-jmeter][full][006] http GET /session/api/v1/sessions/active status=200 elapsedMs=1000
2026-07-02 01:03:56,382 INFO o.a.j.t.JMeterThread: Thread started: 100 driver charging journeys 1-7
2026-07-02 01:03:56,388 INFO o.a.j.p.j.s.J.Full charging journey with SSE: [electrahub-jmeter][full][007] step=register
2026-07-02 01:03:56,671 INFO o.a.j.p.j.s.J.Full charging journey with SSE: [electrahub-jmeter][full][007] http POST /auth/api/auth/register status=200 elapsedMs=223
2026-07-02 01:03:56,672 INFO o.a.j.p.j.s.J.Full charging journey with SSE: [electrahub-jmeter][full][007] registered uid=50d898bf-3e96-42a6-a574-fa3ba27667ed
2026-07-02 01:03:56,679 INFO o.a.j.p.j.s.J.Full charging journey with SSE: [electrahub-jmeter][full][007] step=payment state before setup
2026-07-02 01:03:56,735 INFO o.a.j.p.j.s.J.Full charging journey with SSE: [electrahub-jmeter][full][007] http GET /payment/api/v1/payment/state status=451 elapsedMs=56
2026-07-02 01:03:56,736 INFO o.a.j.p.j.s.J.Full charging journey with SSE: [electrahub-jmeter][full][007] step=accept terms
2026-07-02 01:03:56,827 INFO o.a.j.p.j.s.J.Full charging journey with SSE: [electrahub-jmeter][full][007] http POST /auth/api/terms/accept status=201 elapsedMs=90
2026-07-02 01:03:56,828 INFO o.a.j.p.j.s.J.Full charging journey with SSE: [electrahub-jmeter][full][007] accepted terms; refreshing token through login
2026-07-02 01:03:56,828 INFO o.a.j.p.j.s.J.Full charging journey with SSE: [electrahub-jmeter][full][007] step=login
2026-07-02 01:03:57,154 INFO o.a.j.p.j.s.J.Full charging journey with SSE: [electrahub-jmeter][full][007] http POST /auth/api/auth/login status=200 elapsedMs=325
2026-07-02 01:03:57,155 INFO o.a.j.p.j.s.J.Full charging journey with SSE: [electrahub-jmeter][full][007] logged in uid=50d898bf-3e96-42a6-a574-fa3ba27667ed
2026-07-02 01:03:57,156 INFO o.a.j.p.j.s.J.Full charging journey with SSE: [electrahub-jmeter][full][007] step=payment state after terms
2026-07-02 01:03:57,224 INFO o.a.j.p.j.s.J.Full charging journey with SSE: [electrahub-jmeter][full][007] http GET /payment/api/v1/payment/state status=200 elapsedMs=67
2026-07-02 01:03:57,225 INFO o.a.j.p.j.s.J.Full charging journey with SSE: [electrahub-jmeter][full][007] step=add card
2026-07-02 01:03:57,286 INFO o.a.j.p.j.s.J.Full charging journey with SSE: [electrahub-jmeter][full][007] http POST /payment/api/v1/payment/cards status=201 elapsedMs=60
2026-07-02 01:03:57,287 INFO o.a.j.p.j.s.J.Full charging journey with SSE: [electrahub-jmeter][full][007] step=wallet topup
2026-07-02 01:03:57,347 INFO o.a.j.p.j.s.J.Full charging journey with SSE: [electrahub-jmeter][full][007] http POST /payment/api/v1/payment/wallet/topups status=201 elapsedMs=59
2026-07-02 01:03:57,348 INFO o.a.j.p.j.s.J.Full charging journey with SSE: [electrahub-jmeter][full][007] step=payment state after setup
2026-07-02 01:03:57,410 INFO o.a.j.p.j.s.J.Full charging journey with SSE: [electrahub-jmeter][full][007] http GET /payment/api/v1/payment/state status=200 elapsedMs=61
2026-07-02 01:03:57,411 INFO o.a.j.p.j.s.J.Full charging journey with SSE: [electrahub-jmeter][full][007] payment ready wallet=120.00
2026-07-02 01:03:57,411 INFO o.a.j.p.j.s.J.Full charging journey with SSE: [electrahub-jmeter][full][007] step=charger graphql list
2026-07-02 01:03:57,503 INFO o.a.j.p.j.s.J.Full charging journey with SSE: [electrahub-jmeter][full][007] http POST /charger/graphql status=200 elapsedMs=91
2026-07-02 01:03:57,504 INFO o.a.j.p.j.s.J.Full charging journey with SSE: [electrahub-jmeter][full][007] dynamic connector selection found no available connector; using CSV connector
2026-07-02 01:03:57,505 INFO o.a.j.p.j.s.J.Full charging journey with SSE: [electrahub-jmeter][full][007] step=charger graphql view
2026-07-02 01:03:57,575 INFO o.a.j.p.j.s.J.Full charging journey with SSE: [electrahub-jmeter][full][007] http POST /charger/graphql status=200 elapsedMs=69
2026-07-02 01:03:57,577 INFO o.a.j.p.j.s.J.Full charging journey with SSE: [electrahub-jmeter][full][007] step=payment state before start
2026-07-02 01:03:57,638 INFO o.a.j.p.j.s.J.Full charging journey with SSE: [electrahub-jmeter][full][007] http GET /payment/api/v1/payment/state status=200 elapsedMs=60
2026-07-02 01:03:57,644 INFO o.a.j.p.j.s.J.Full charging journey with SSE: [electrahub-jmeter][full][007] using connector csv fallback attempts=100 startIndex=7/100
2026-07-02 01:03:57,644 INFO o.a.j.p.j.s.J.Full charging journey with SSE: [electrahub-jmeter][full][007] step=start charging attempt 1
2026-07-02 01:03:57,708 INFO o.a.j.p.j.s.J.Full charging journey with SSE: [electrahub-jmeter][full][007] http POST /session/api/v1/sessions/start status=409 elapsedMs=63
2026-07-02 01:03:57,709 INFO o.a.j.p.j.s.J.Full charging journey with SSE: [electrahub-jmeter][full][007] start skipped EH-US-CHG-0007/CON-US-0007 HTTP 409; trying next connector
2026-07-02 01:03:58,710 INFO o.a.j.p.j.s.J.Full charging journey with SSE: [electrahub-jmeter][full][007] step=start charging attempt 2
2026-07-02 01:03:58,776 INFO o.a.j.p.j.s.J.Full charging journey with SSE: [electrahub-jmeter][full][007] http POST /session/api/v1/sessions/start status=409 elapsedMs=65
2026-07-02 01:03:58,777 INFO o.a.j.p.j.s.J.Full charging journey with SSE: [electrahub-jmeter][full][007] start skipped EH-US-CHG-0008/CON-US-0008 HTTP 409; trying next connector
2026-07-02 01:03:59,778 INFO o.a.j.p.j.s.J.Full charging journey with SSE: [electrahub-jmeter][full][007] step=start charging attempt 3
2026-07-02 01:03:59,842 INFO o.a.j.p.j.s.J.Full charging journey with SSE: [electrahub-jmeter][full][007] http POST /session/api/v1/sessions/start status=409 elapsedMs=62
2026-07-02 01:03:59,843 INFO o.a.j.p.j.s.J.Full charging journey with SSE: [electrahub-jmeter][full][007] start skipped EH-US-CHG-0009/CON-US-0009 HTTP 409; trying next connector
2026-07-02 01:04:00,844 INFO o.a.j.p.j.s.J.Full charging journey with SSE: [electrahub-jmeter][full][007] step=start charging attempt 4
2026-07-02 01:04:00,909 INFO o.a.j.p.j.s.J.Full charging journey with SSE: [electrahub-jmeter][full][007] http POST /session/api/v1/sessions/start status=409 elapsedMs=63
2026-07-02 01:04:00,910 INFO o.a.j.p.j.s.J.Full charging journey with SSE: [electrahub-jmeter][full][007] start skipped EH-US-CHG-0010/CON-US-0010 HTTP 409; trying next connector
2026-07-02 01:04:01,911 INFO o.a.j.p.j.s.J.Full charging journey with SSE: [electrahub-jmeter][full][007] step=start charging attempt 5
2026-07-02 01:04:02,319 INFO o.a.j.p.j.s.J.Full charging journey with SSE: [electrahub-jmeter][full][007] http POST /session/api/v1/sessions/start status=201 elapsedMs=407
2026-07-02 01:04:02,320 INFO o.a.j.p.j.s.J.Full charging journey with SSE: [electrahub-jmeter][full][007] started session=36c550ec-0d49-4bdc-a873-80055c20f5d0 charger=EH-US-CHG-0011/CON-US-0011 status=PREPARING remote=Accepted attempt=5/100
2026-07-02 01:04:02,321 INFO o.a.j.p.j.s.J.Full charging journey with SSE: [electrahub-jmeter][full][007] step=active sessions
2026-07-02 01:04:02,382 INFO o.a.j.t.JMeterThread: Thread started: 100 driver charging journeys 1-8
2026-07-02 01:04:02,389 INFO o.a.j.p.j.s.J.Full charging journey with SSE: [electrahub-jmeter][full][008] step=register
2026-07-02 01:04:02,662 INFO o.a.j.p.j.s.J.Full charging journey with SSE: [electrahub-jmeter][full][008] http POST /auth/api/auth/register status=200 elapsedMs=223
2026-07-02 01:04:02,663 INFO o.a.j.p.j.s.J.Full charging journey with SSE: [electrahub-jmeter][full][008] registered uid=fc557618-939b-498f-a048-b2bda16b8c73
2026-07-02 01:04:02,672 INFO o.a.j.p.j.s.J.Full charging journey with SSE: [electrahub-jmeter][full][008] step=payment state before setup
2026-07-02 01:04:02,727 INFO o.a.j.p.j.s.J.Full charging journey with SSE: [electrahub-jmeter][full][008] http GET /payment/api/v1/payment/state status=451 elapsedMs=54
2026-07-02 01:04:02,728 INFO o.a.j.p.j.s.J.Full charging journey with SSE: [electrahub-jmeter][full][008] step=accept terms
2026-07-02 01:04:02,788 INFO o.a.j.p.j.s.J.Full charging journey with SSE: [electrahub-jmeter][full][008] http POST /auth/api/terms/accept status=201 elapsedMs=59
2026-07-02 01:04:02,789 INFO o.a.j.p.j.s.J.Full charging journey with SSE: [electrahub-jmeter][full][008] accepted terms; refreshing token through login
2026-07-02 01:04:02,789 INFO o.a.j.p.j.s.J.Full charging journey with SSE: [electrahub-jmeter][full][008] step=login
2026-07-02 01:04:02,955 INFO o.a.j.p.j.s.J.Full charging journey with SSE: [electrahub-jmeter][full][008] http POST /auth/api/auth/login status=200 elapsedMs=165
2026-07-02 01:04:02,956 INFO o.a.j.p.j.s.J.Full charging journey with SSE: [electrahub-jmeter][full][008] logged in uid=fc557618-939b-498f-a048-b2bda16b8c73
2026-07-02 01:04:02,957 INFO o.a.j.p.j.s.J.Full charging journey with SSE: [electrahub-jmeter][full][008] step=payment state after terms
2026-07-02 01:04:03,018 INFO o.a.j.p.j.s.J.Full charging journey with SSE: [electrahub-jmeter][full][008] http GET /payment/api/v1/payment/state status=200 elapsedMs=59
2026-07-02 01:04:03,019 INFO o.a.j.p.j.s.J.Full charging journey with SSE: [electrahub-jmeter][full][008] step=add card
2026-07-02 01:04:03,080 INFO o.a.j.p.j.s.J.Full charging journey with SSE: [electrahub-jmeter][full][008] http POST /payment/api/v1/payment/cards status=201 elapsedMs=60
2026-07-02 01:04:03,081 INFO o.a.j.p.j.s.J.Full charging journey with SSE: [electrahub-jmeter][full][008] step=wallet topup
2026-07-02 01:04:03,152 INFO o.a.j.p.j.s.J.Full charging journey with SSE: [electrahub-jmeter][full][008] http POST /payment/api/v1/payment/wallet/topups status=201 elapsedMs=70
2026-07-02 01:04:03,153 INFO o.a.j.p.j.s.J.Full charging journey with SSE: [electrahub-jmeter][full][008] step=payment state after setup
2026-07-02 01:04:03,208 INFO o.a.j.p.j.s.J.Full charging journey with SSE: [electrahub-jmeter][full][008] http GET /payment/api/v1/payment/state status=200 elapsedMs=54
2026-07-02 01:04:03,209 INFO o.a.j.p.j.s.J.Full charging journey with SSE: [electrahub-jmeter][full][008] payment ready wallet=120.00
2026-07-02 01:04:03,209 INFO o.a.j.p.j.s.J.Full charging journey with SSE: [electrahub-jmeter][full][008] step=charger graphql list
2026-07-02 01:04:03,301 INFO o.a.j.p.j.s.J.Full charging journey with SSE: [electrahub-jmeter][full][008] http POST /charger/graphql status=200 elapsedMs=91
2026-07-02 01:04:03,303 INFO o.a.j.p.j.s.J.Full charging journey with SSE: [electrahub-jmeter][full][008] dynamic connector selection found no available connector; using CSV connector
2026-07-02 01:04:03,305 INFO o.a.j.p.j.s.J.Full charging journey with SSE: [electrahub-jmeter][full][008] step=charger graphql view
2026-07-02 01:04:03,326 INFO o.a.j.p.j.s.J.Full charging journey with SSE: [electrahub-jmeter][full][007] http GET /session/api/v1/sessions/active status=200 elapsedMs=1005
2026-07-02 01:04:03,376 INFO o.a.j.p.j.s.J.Full charging journey with SSE: [electrahub-jmeter][full][008] http POST /charger/graphql status=200 elapsedMs=70
2026-07-02 01:04:03,377 INFO o.a.j.p.j.s.J.Full charging journey with SSE: [electrahub-jmeter][full][008] step=payment state before start
2026-07-02 01:04:03,435 INFO o.a.j.p.j.s.J.Full charging journey with SSE: [electrahub-jmeter][full][008] http GET /payment/api/v1/payment/state status=200 elapsedMs=57
2026-07-02 01:04:03,439 INFO o.a.j.p.j.s.J.Full charging journey with SSE: [electrahub-jmeter][full][008] using connector csv fallback attempts=100 startIndex=8/100
2026-07-02 01:04:03,439 INFO o.a.j.p.j.s.J.Full charging journey with SSE: [electrahub-jmeter][full][008] step=start charging attempt 1
2026-07-02 01:04:03,525 INFO o.a.j.p.j.s.J.Full charging journey with SSE: [electrahub-jmeter][full][008] http POST /session/api/v1/sessions/start status=409 elapsedMs=85
2026-07-02 01:04:03,526 INFO o.a.j.p.j.s.J.Full charging journey with SSE: [electrahub-jmeter][full][008] start skipped EH-US-CHG-0008/CON-US-0008 HTTP 409; trying next connector
2026-07-02 01:04:04,526 INFO o.a.j.p.j.s.J.Full charging journey with SSE: [electrahub-jmeter][full][008] step=start charging attempt 2
2026-07-02 01:04:04,595 INFO o.a.j.p.j.s.J.Full charging journey with SSE: [electrahub-jmeter][full][008] http POST /session/api/v1/sessions/start status=409 elapsedMs=67
2026-07-02 01:04:04,596 INFO o.a.j.p.j.s.J.Full charging journey with SSE: [electrahub-jmeter][full][008] start skipped EH-US-CHG-0009/CON-US-0009 HTTP 409; trying next connector
2026-07-02 01:04:05,598 INFO o.a.j.p.j.s.J.Full charging journey with SSE: [electrahub-jmeter][full][008] step=start charging attempt 3
2026-07-02 01:04:05,663 INFO o.a.j.p.j.s.J.Full charging journey with SSE: [electrahub-jmeter][full][008] http POST /session/api/v1/sessions/start status=409 elapsedMs=63
2026-07-02 01:04:05,664 INFO o.a.j.p.j.s.J.Full charging journey with SSE: [electrahub-jmeter][full][008] start skipped EH-US-CHG-0010/CON-US-0010 HTTP 409; trying next connector
2026-07-02 01:04:06,665 INFO o.a.j.p.j.s.J.Full charging journey with SSE: [electrahub-jmeter][full][008] step=start charging attempt 4
2026-07-02 01:04:06,739 INFO o.a.j.p.j.s.J.Full charging journey with SSE: [electrahub-jmeter][full][008] http POST /session/api/v1/sessions/start status=409 elapsedMs=73
2026-07-02 01:04:06,740 INFO o.a.j.p.j.s.J.Full charging journey with SSE: [electrahub-jmeter][full][008] start skipped EH-US-CHG-0011/CON-US-0011 HTTP 409; trying next connector
2026-07-02 01:04:07,741 INFO o.a.j.p.j.s.J.Full charging journey with SSE: [electrahub-jmeter][full][008] step=start charging attempt 5
2026-07-02 01:04:08,361 INFO o.a.j.p.j.s.J.Full charging journey with SSE: [electrahub-jmeter][full][008] http POST /session/api/v1/sessions/start status=201 elapsedMs=619
2026-07-02 01:04:08,362 INFO o.a.j.p.j.s.J.Full charging journey with SSE: [electrahub-jmeter][full][008] started session=4fc48b7c-70bb-4b09-9521-4f861ffb90f6 charger=EH-US-CHG-0012/CON-US-0012 status=PREPARING remote=Accepted attempt=5/100
2026-07-02 01:04:08,363 INFO o.a.j.p.j.s.J.Full charging journey with SSE: [electrahub-jmeter][full][008] step=active sessions
2026-07-02 01:04:08,380 INFO o.a.j.t.JMeterThread: Thread started: 100 driver charging journeys 1-9
2026-07-02 01:04:08,387 INFO o.a.j.p.j.s.J.Full charging journey with SSE: [electrahub-jmeter][full][009] step=register
2026-07-02 01:04:08,672 INFO o.a.j.p.j.s.J.Full charging journey with SSE: [electrahub-jmeter][full][009] http POST /auth/api/auth/register status=200 elapsedMs=239
2026-07-02 01:04:08,673 INFO o.a.j.p.j.s.J.Full charging journey with SSE: [electrahub-jmeter][full][009] registered uid=50277be8-2afe-4b10-8bbc-1df1ec1a9fae
2026-07-02 01:04:08,684 INFO o.a.j.p.j.s.J.Full charging journey with SSE: [electrahub-jmeter][full][009] step=payment state before setup
2026-07-02 01:04:08,736 INFO o.a.j.p.j.s.J.Full charging journey with SSE: [electrahub-jmeter][full][009] http GET /payment/api/v1/payment/state status=451 elapsedMs=52
2026-07-02 01:04:08,737 INFO o.a.j.p.j.s.J.Full charging journey with SSE: [electrahub-jmeter][full][009] step=accept terms
2026-07-02 01:04:08,797 INFO o.a.j.p.j.s.J.Full charging journey with SSE: [electrahub-jmeter][full][009] http POST /auth/api/terms/accept status=201 elapsedMs=58
2026-07-02 01:04:08,799 INFO o.a.j.p.j.s.J.Full charging journey with SSE: [electrahub-jmeter][full][009] accepted terms; refreshing token through login
2026-07-02 01:04:08,800 INFO o.a.j.p.j.s.J.Full charging journey with SSE: [electrahub-jmeter][full][009] step=login
2026-07-02 01:04:08,940 INFO o.a.j.p.j.s.J.Full charging journey with SSE: [electrahub-jmeter][full][009] http POST /auth/api/auth/login status=200 elapsedMs=138
2026-07-02 01:04:08,941 INFO o.a.j.p.j.s.J.Full charging journey with SSE: [electrahub-jmeter][full][009] logged in uid=50277be8-2afe-4b10-8bbc-1df1ec1a9fae
2026-07-02 01:04:08,942 INFO o.a.j.p.j.s.J.Full charging journey with SSE: [electrahub-jmeter][full][009] step=payment state after terms
2026-07-02 01:04:09,001 INFO o.a.j.p.j.s.J.Full charging journey with SSE: [electrahub-jmeter][full][009] http GET /payment/api/v1/payment/state status=200 elapsedMs=59
2026-07-02 01:04:09,002 INFO o.a.j.p.j.s.J.Full charging journey with SSE: [electrahub-jmeter][full][009] step=add card
2026-07-02 01:04:09,062 INFO o.a.j.p.j.s.J.Full charging journey with SSE: [electrahub-jmeter][full][009] http POST /payment/api/v1/payment/cards status=201 elapsedMs=59
2026-07-02 01:04:09,064 INFO o.a.j.p.j.s.J.Full charging journey with SSE: [electrahub-jmeter][full][009] step=wallet topup
2026-07-02 01:04:09,125 INFO o.a.j.p.j.s.J.Full charging journey with SSE: [electrahub-jmeter][full][009] http POST /payment/api/v1/payment/wallet/topups status=201 elapsedMs=60
2026-07-02 01:04:09,126 INFO o.a.j.p.j.s.J.Full charging journey with SSE: [electrahub-jmeter][full][009] step=payment state after setup
2026-07-02 01:04:09,184 INFO o.a.j.p.j.s.J.Full charging journey with SSE: [electrahub-jmeter][full][009] http GET /payment/api/v1/payment/state status=200 elapsedMs=57
2026-07-02 01:04:09,185 INFO o.a.j.p.j.s.J.Full charging journey with SSE: [electrahub-jmeter][full][009] payment ready wallet=120.00
2026-07-02 01:04:09,185 INFO o.a.j.p.j.s.J.Full charging journey with SSE: [electrahub-jmeter][full][009] step=charger graphql list
2026-07-02 01:04:09,282 INFO o.a.j.p.j.s.J.Full charging journey with SSE: [electrahub-jmeter][full][009] http POST /charger/graphql status=200 elapsedMs=96
2026-07-02 01:04:09,284 INFO o.a.j.p.j.s.J.Full charging journey with SSE: [electrahub-jmeter][full][009] dynamic connector selection found no available connector; using CSV connector
2026-07-02 01:04:09,285 INFO o.a.j.p.j.s.J.Full charging journey with SSE: [electrahub-jmeter][full][009] step=charger graphql view
2026-07-02 01:04:09,354 INFO o.a.j.p.j.s.J.Full charging journey with SSE: [electrahub-jmeter][full][009] http POST /charger/graphql status=200 elapsedMs=68
2026-07-02 01:04:09,355 INFO o.a.j.p.j.s.J.Full charging journey with SSE: [electrahub-jmeter][full][009] step=payment state before start
2026-07-02 01:04:09,368 INFO o.a.j.p.j.s.J.Full charging journey with SSE: [electrahub-jmeter][full][008] http GET /session/api/v1/sessions/active status=200 elapsedMs=1005
2026-07-02 01:04:09,418 INFO o.a.j.p.j.s.J.Full charging journey with SSE: [electrahub-jmeter][full][009] http GET /payment/api/v1/payment/state status=200 elapsedMs=62
2026-07-02 01:04:09,421 INFO o.a.j.p.j.s.J.Full charging journey with SSE: [electrahub-jmeter][full][009] using connector csv fallback attempts=100 startIndex=9/100
2026-07-02 01:04:09,421 INFO o.a.j.p.j.s.J.Full charging journey with SSE: [electrahub-jmeter][full][009] step=start charging attempt 1
2026-07-02 01:04:09,492 INFO o.a.j.p.j.s.J.Full charging journey with SSE: [electrahub-jmeter][full][009] http POST /session/api/v1/sessions/start status=409 elapsedMs=70
2026-07-02 01:04:09,492 INFO o.a.j.p.j.s.J.Full charging journey with SSE: [electrahub-jmeter][full][009] start skipped EH-US-CHG-0009/CON-US-0009 HTTP 409; trying next connector
2026-07-02 01:04:10,494 INFO o.a.j.p.j.s.J.Full charging journey with SSE: [electrahub-jmeter][full][009] step=start charging attempt 2
2026-07-02 01:04:10,561 INFO o.a.j.p.j.s.J.Full charging journey with SSE: [electrahub-jmeter][full][009] http POST /session/api/v1/sessions/start status=409 elapsedMs=66
2026-07-02 01:04:10,562 INFO o.a.j.p.j.s.J.Full charging journey with SSE: [electrahub-jmeter][full][009] start skipped EH-US-CHG-0010/CON-US-0010 HTTP 409; trying next connector
2026-07-02 01:04:11,564 INFO o.a.j.p.j.s.J.Full charging journey with SSE: [electrahub-jmeter][full][009] step=start charging attempt 3
2026-07-02 01:04:11,651 INFO o.a.j.p.j.s.J.Full charging journey with SSE: [electrahub-jmeter][full][009] http POST /session/api/v1/sessions/start status=409 elapsedMs=85
2026-07-02 01:04:11,652 INFO o.a.j.p.j.s.J.Full charging journey with SSE: [electrahub-jmeter][full][009] start skipped EH-US-CHG-0011/CON-US-0011 HTTP 409; trying next connector
2026-07-02 01:04:15,262 INFO o.a.j.p.j.s.J.Full charging journey with SSE: [electrahub-jmeter][full][009] step=start charging attempt 4
2026-07-02 01:04:15,333 INFO o.a.j.p.j.s.J.Full charging journey with SSE: [electrahub-jmeter][full][009] http POST /session/api/v1/sessions/start status=409 elapsedMs=69
2026-07-02 01:04:15,334 INFO o.a.j.p.j.s.J.Full charging journey with SSE: [electrahub-jmeter][full][009] start skipped EH-US-CHG-0012/CON-US-0012 HTTP 409; trying next connector
2026-07-02 01:04:15,771 INFO o.a.j.t.JMeterThread: Thread started: 100 driver charging journeys 1-10
2026-07-02 01:04:15,776 INFO o.a.j.p.j.s.J.Full charging journey with SSE: [electrahub-jmeter][full][010] step=register
2026-07-02 01:04:15,972 INFO o.a.j.p.j.s.J.Full charging journey with SSE: [electrahub-jmeter][full][010] http POST /auth/api/auth/register status=200 elapsedMs=195
2026-07-02 01:04:15,974 INFO o.a.j.p.j.s.J.Full charging journey with SSE: [electrahub-jmeter][full][010] registered uid=8200b684-81a7-4529-b649-7fcb05573d45
2026-07-02 01:04:15,982 INFO o.a.j.p.j.s.J.Full charging journey with SSE: [electrahub-jmeter][full][010] step=payment state before setup
2026-07-02 01:04:16,038 INFO o.a.j.p.j.s.J.Full charging journey with SSE: [electrahub-jmeter][full][010] http GET /payment/api/v1/payment/state status=451 elapsedMs=55
2026-07-02 01:04:16,039 INFO o.a.j.p.j.s.J.Full charging journey with SSE: [electrahub-jmeter][full][010] step=accept terms
2026-07-02 01:04:16,097 INFO o.a.j.p.j.s.J.Full charging journey with SSE: [electrahub-jmeter][full][010] http POST /auth/api/terms/accept status=201 elapsedMs=57
2026-07-02 01:04:16,098 INFO o.a.j.p.j.s.J.Full charging journey with SSE: [electrahub-jmeter][full][010] accepted terms; refreshing token through login
2026-07-02 01:04:16,098 INFO o.a.j.p.j.s.J.Full charging journey with SSE: [electrahub-jmeter][full][010] step=login
2026-07-02 01:04:16,259 INFO o.a.j.p.j.s.J.Full charging journey with SSE: [electrahub-jmeter][full][010] http POST /auth/api/auth/login status=200 elapsedMs=160
2026-07-02 01:04:16,260 INFO o.a.j.p.j.s.J.Full charging journey with SSE: [electrahub-jmeter][full][010] logged in uid=8200b684-81a7-4529-b649-7fcb05573d45
2026-07-02 01:04:16,260 INFO o.a.j.p.j.s.J.Full charging journey with SSE: [electrahub-jmeter][full][010] step=payment state after terms
2026-07-02 01:04:16,325 INFO o.a.j.p.j.s.J.Full charging journey with SSE: [electrahub-jmeter][full][010] http GET /payment/api/v1/payment/state status=200 elapsedMs=64
2026-07-02 01:04:16,326 INFO o.a.j.p.j.s.J.Full charging journey with SSE: [electrahub-jmeter][full][010] step=add card
2026-07-02 01:04:16,335 INFO o.a.j.p.j.s.J.Full charging journey with SSE: [electrahub-jmeter][full][009] step=start charging attempt 5
2026-07-02 01:04:16,393 INFO o.a.j.p.j.s.J.Full charging journey with SSE: [electrahub-jmeter][full][010] http POST /payment/api/v1/payment/cards status=201 elapsedMs=66
2026-07-02 01:04:16,394 INFO o.a.j.p.j.s.J.Full charging journey with SSE: [electrahub-jmeter][full][010] step=wallet topup
2026-07-02 01:04:16,454 INFO o.a.j.p.j.s.J.Full charging journey with SSE: [electrahub-jmeter][full][010] http POST /payment/api/v1/payment/wallet/topups status=201 elapsedMs=60
2026-07-02 01:04:16,454 INFO o.a.j.p.j.s.J.Full charging journey with SSE: [electrahub-jmeter][full][010] step=payment state after setup
2026-07-02 01:04:16,513 INFO o.a.j.p.j.s.J.Full charging journey with SSE: [electrahub-jmeter][full][010] http GET /payment/api/v1/payment/state status=200 elapsedMs=58
2026-07-02 01:04:16,514 INFO o.a.j.p.j.s.J.Full charging journey with SSE: [electrahub-jmeter][full][010] payment ready wallet=120.00
2026-07-02 01:04:16,514 INFO o.a.j.p.j.s.J.Full charging journey with SSE: [electrahub-jmeter][full][010] step=charger graphql list
2026-07-02 01:04:16,605 INFO o.a.j.p.j.s.J.Full charging journey with SSE: [electrahub-jmeter][full][010] http POST /charger/graphql status=200 elapsedMs=90
2026-07-02 01:04:16,607 INFO o.a.j.p.j.s.J.Full charging journey with SSE: [electrahub-jmeter][full][010] dynamic connector selection found no available connector; using CSV connector
2026-07-02 01:04:16,608 INFO o.a.j.p.j.s.J.Full charging journey with SSE: [electrahub-jmeter][full][010] step=charger graphql view
2026-07-02 01:04:16,682 INFO o.a.j.p.j.s.J.Full charging journey with SSE: [electrahub-jmeter][full][010] http POST /charger/graphql status=200 elapsedMs=73
2026-07-02 01:04:16,683 INFO o.a.j.p.j.s.J.Full charging journey with SSE: [electrahub-jmeter][full][010] step=payment state before start
2026-07-02 01:04:16,740 INFO o.a.j.p.j.s.J.Full charging journey with SSE: [electrahub-jmeter][full][010] http GET /payment/api/v1/payment/state status=200 elapsedMs=57
2026-07-02 01:04:16,744 INFO o.a.j.p.j.s.J.Full charging journey with SSE: [electrahub-jmeter][full][010] using connector csv fallback attempts=100 startIndex=10/100
2026-07-02 01:04:16,744 INFO o.a.j.p.j.s.J.Full charging journey with SSE: [electrahub-jmeter][full][010] step=start charging attempt 1
2026-07-02 01:04:16,810 INFO o.a.j.p.j.s.J.Full charging journey with SSE: [electrahub-jmeter][full][010] http POST /session/api/v1/sessions/start status=409 elapsedMs=65
2026-07-02 01:04:16,811 INFO o.a.j.p.j.s.J.Full charging journey with SSE: [electrahub-jmeter][full][010] start skipped EH-US-CHG-0010/CON-US-0010 HTTP 409; trying next connector
2026-07-02 01:04:17,023 INFO o.a.j.p.j.s.J.Full charging journey with SSE: [electrahub-jmeter][full][009] http POST /session/api/v1/sessions/start status=201 elapsedMs=638
2026-07-02 01:04:17,024 INFO o.a.j.p.j.s.J.Full charging journey with SSE: [electrahub-jmeter][full][009] started session=b341bd4b-91a8-41b1-be58-c9e06b34597f charger=EH-US-CHG-0013/CON-US-0013 status=PREPARING remote=Accepted attempt=5/100
2026-07-02 01:04:17,024 INFO o.a.j.p.j.s.J.Full charging journey with SSE: [electrahub-jmeter][full][009] step=active sessions
2026-07-02 01:04:17,812 INFO o.a.j.p.j.s.J.Full charging journey with SSE: [electrahub-jmeter][full][010] step=start charging attempt 2
2026-07-02 01:04:17,889 INFO o.a.j.p.j.s.J.Full charging journey with SSE: [electrahub-jmeter][full][010] http POST /session/api/v1/sessions/start status=409 elapsedMs=76
2026-07-02 01:04:17,889 INFO o.a.j.p.j.s.J.Full charging journey with SSE: [electrahub-jmeter][full][010] start skipped EH-US-CHG-0011/CON-US-0011 HTTP 409; trying next connector
2026-07-02 01:04:18,027 INFO o.a.j.p.j.s.J.Full charging journey with SSE: [electrahub-jmeter][full][009] http GET /session/api/v1/sessions/active status=200 elapsedMs=1002
2026-07-02 01:04:18,890 INFO o.a.j.p.j.s.J.Full charging journey with SSE: [electrahub-jmeter][full][010] step=start charging attempt 3
2026-07-02 01:04:18,969 INFO o.a.j.p.j.s.J.Full charging journey with SSE: [electrahub-jmeter][full][010] http POST /session/api/v1/sessions/start status=409 elapsedMs=78
2026-07-02 01:04:18,970 INFO o.a.j.p.j.s.J.Full charging journey with SSE: [electrahub-jmeter][full][010] start skipped EH-US-CHG-0012/CON-US-0012 HTTP 409; trying next connector
2026-07-02 01:04:19,971 INFO o.a.j.p.j.s.J.Full charging journey with SSE: [electrahub-jmeter][full][010] step=start charging attempt 4
2026-07-02 01:04:20,042 INFO o.a.j.p.j.s.J.Full charging journey with SSE: [electrahub-jmeter][full][010] http POST /session/api/v1/sessions/start status=409 elapsedMs=70
2026-07-02 01:04:20,043 INFO o.a.j.p.j.s.J.Full charging journey with SSE: [electrahub-jmeter][full][010] start skipped EH-US-CHG-0013/CON-US-0013 HTTP 409; trying next connector
2026-07-02 01:04:20,380 INFO o.a.j.t.JMeterThread: Thread started: 100 driver charging journeys 1-11
2026-07-02 01:04:20,385 INFO o.a.j.p.j.s.J.Full charging journey with SSE: [electrahub-jmeter][full][011] step=register
2026-07-02 01:04:20,571 INFO o.a.j.p.j.s.J.Full charging journey with SSE: [electrahub-jmeter][full][011] http POST /auth/api/auth/register status=200 elapsedMs=185
2026-07-02 01:04:20,572 INFO o.a.j.p.j.s.J.Full charging journey with SSE: [electrahub-jmeter][full][011] registered uid=11ce5be8-4e74-4458-ba7f-c173305a15dc
2026-07-02 01:04:20,579 INFO o.a.j.p.j.s.J.Full charging journey with SSE: [electrahub-jmeter][full][011] step=payment state before setup
2026-07-02 01:04:20,632 INFO o.a.j.p.j.s.J.Full charging journey with SSE: [electrahub-jmeter][full][011] http GET /payment/api/v1/payment/state status=451 elapsedMs=52
2026-07-02 01:04:20,633 INFO o.a.j.p.j.s.J.Full charging journey with SSE: [electrahub-jmeter][full][011] step=accept terms
2026-07-02 01:04:20,691 INFO o.a.j.p.j.s.J.Full charging journey with SSE: [electrahub-jmeter][full][011] http POST /auth/api/terms/accept status=201 elapsedMs=57
2026-07-02 01:04:20,692 INFO o.a.j.p.j.s.J.Full charging journey with SSE: [electrahub-jmeter][full][011] accepted terms; refreshing token through login
2026-07-02 01:04:20,693 INFO o.a.j.p.j.s.J.Full charging journey with SSE: [electrahub-jmeter][full][011] step=login
2026-07-02 01:04:20,857 INFO o.a.j.p.j.s.J.Full charging journey with SSE: [electrahub-jmeter][full][011] http POST /auth/api/auth/login status=200 elapsedMs=163
2026-07-02 01:04:20,858 INFO o.a.j.p.j.s.J.Full charging journey with SSE: [electrahub-jmeter][full][011] logged in uid=11ce5be8-4e74-4458-ba7f-c173305a15dc
2026-07-02 01:04:20,858 INFO o.a.j.p.j.s.J.Full charging journey with SSE: [electrahub-jmeter][full][011] step=payment state after terms
2026-07-02 01:04:20,926 INFO o.a.j.p.j.s.J.Full charging journey with SSE: [electrahub-jmeter][full][011] http GET /payment/api/v1/payment/state status=200 elapsedMs=67
2026-07-02 01:04:20,927 INFO o.a.j.p.j.s.J.Full charging journey with SSE: [electrahub-jmeter][full][011] step=add card
2026-07-02 01:04:20,992 INFO o.a.j.p.j.s.J.Full charging journey with SSE: [electrahub-jmeter][full][011] http POST /payment/api/v1/payment/cards status=201 elapsedMs=64
2026-07-02 01:04:20,993 INFO o.a.j.p.j.s.J.Full charging journey with SSE: [electrahub-jmeter][full][011] step=wallet topup
2026-07-02 01:04:21,045 INFO o.a.j.p.j.s.J.Full charging journey with SSE: [electrahub-jmeter][full][010] step=start charging attempt 5
2026-07-02 01:04:21,058 INFO o.a.j.p.j.s.J.Full charging journey with SSE: [electrahub-jmeter][full][011] http POST /payment/api/v1/payment/wallet/topups status=201 elapsedMs=64
2026-07-02 01:04:21,060 INFO o.a.j.p.j.s.J.Full charging journey with SSE: [electrahub-jmeter][full][011] step=payment state after setup
2026-07-02 01:04:21,134 INFO o.a.j.p.j.s.J.Full charging journey with SSE: [electrahub-jmeter][full][011] http GET /payment/api/v1/payment/state status=200 elapsedMs=74
2026-07-02 01:04:21,135 INFO o.a.j.p.j.s.J.Full charging journey with SSE: [electrahub-jmeter][full][011] payment ready wallet=120.00
2026-07-02 01:04:21,136 INFO o.a.j.p.j.s.J.Full charging journey with SSE: [electrahub-jmeter][full][011] step=charger graphql list
2026-07-02 01:04:21,273 INFO o.a.j.p.j.s.J.Full charging journey with SSE: [electrahub-jmeter][full][011] http POST /charger/graphql status=200 elapsedMs=136
2026-07-02 01:04:21,274 INFO o.a.j.p.j.s.J.Full charging journey with SSE: [electrahub-jmeter][full][011] dynamic connector selection found no available connector; using CSV connector
2026-07-02 01:04:21,275 INFO o.a.j.p.j.s.J.Full charging journey with SSE: [electrahub-jmeter][full][011] step=charger graphql view
2026-07-02 01:04:21,350 INFO o.a.j.p.j.s.J.Full charging journey with SSE: [electrahub-jmeter][full][011] http POST /charger/graphql status=200 elapsedMs=74
2026-07-02 01:04:21,351 INFO o.a.j.p.j.s.J.Full charging journey with SSE: [electrahub-jmeter][full][011] step=payment state before start
2026-07-02 01:04:21,411 INFO o.a.j.p.j.s.J.Full charging journey with SSE: [electrahub-jmeter][full][011] http GET /payment/api/v1/payment/state status=200 elapsedMs=59
2026-07-02 01:04:21,415 INFO o.a.j.p.j.s.J.Full charging journey with SSE: [electrahub-jmeter][full][011] using connector csv fallback attempts=100 startIndex=11/100
2026-07-02 01:04:21,416 INFO o.a.j.p.j.s.J.Full charging journey with SSE: [electrahub-jmeter][full][011] step=start charging attempt 1
2026-07-02 01:04:21,483 INFO o.a.j.p.j.s.J.Full charging journey with SSE: [electrahub-jmeter][full][011] http POST /session/api/v1/sessions/start status=409 elapsedMs=67
2026-07-02 01:04:21,484 INFO o.a.j.p.j.s.J.Full charging journey with SSE: [electrahub-jmeter][full][011] start skipped EH-US-CHG-0011/CON-US-0011 HTTP 409; trying next connector
2026-07-02 01:04:22,064 INFO o.a.j.p.j.s.J.Full charging journey with SSE: [electrahub-jmeter][full][010] http POST /session/api/v1/sessions/start status=201 elapsedMs=970
2026-07-02 01:04:22,065 INFO o.a.j.p.j.s.J.Full charging journey with SSE: [electrahub-jmeter][full][010] started session=510d8300-6c03-4edc-b4fb-b77c15039bfe charger=EH-US-CHG-0014/CON-US-0014 status=PREPARING remote=Accepted attempt=5/100
2026-07-02 01:04:22,066 INFO o.a.j.p.j.s.J.Full charging journey with SSE: [electrahub-jmeter][full][010] step=active sessions
2026-07-02 01:04:22,485 INFO o.a.j.p.j.s.J.Full charging journey with SSE: [electrahub-jmeter][full][011] step=start charging attempt 2
2026-07-02 01:04:22,554 INFO o.a.j.p.j.s.J.Full charging journey with SSE: [electrahub-jmeter][full][011] http POST /session/api/v1/sessions/start status=409 elapsedMs=68
2026-07-02 01:04:22,555 INFO o.a.j.p.j.s.J.Full charging journey with SSE: [electrahub-jmeter][full][011] start skipped EH-US-CHG-0012/CON-US-0012 HTTP 409; trying next connector
2026-07-02 01:04:23,067 INFO o.a.j.p.j.s.J.Full charging journey with SSE: [electrahub-jmeter][full][010] http GET /session/api/v1/sessions/active status=200 elapsedMs=1000
2026-07-02 01:04:23,556 INFO o.a.j.p.j.s.J.Full charging journey with SSE: [electrahub-jmeter][full][011] step=start charging attempt 3
2026-07-02 01:04:23,632 INFO o.a.j.p.j.s.J.Full charging journey with SSE: [electrahub-jmeter][full][011] http POST /session/api/v1/sessions/start status=409 elapsedMs=74
2026-07-02 01:04:23,634 INFO o.a.j.p.j.s.J.Full charging journey with SSE: [electrahub-jmeter][full][011] start skipped EH-US-CHG-0013/CON-US-0013 HTTP 409; trying next connector
2026-07-02 01:04:24,635 INFO o.a.j.p.j.s.J.Full charging journey with SSE: [electrahub-jmeter][full][011] step=start charging attempt 4
2026-07-02 01:04:24,703 INFO o.a.j.p.j.s.J.Full charging journey with SSE: [electrahub-jmeter][full][011] http POST /session/api/v1/sessions/start status=409 elapsedMs=67
2026-07-02 01:04:24,703 INFO o.a.j.p.j.s.J.Full charging journey with SSE: [electrahub-jmeter][full][011] start skipped EH-US-CHG-0014/CON-US-0014 HTTP 409; trying next connector
2026-07-02 01:04:25,704 INFO o.a.j.p.j.s.J.Full charging journey with SSE: [electrahub-jmeter][full][011] step=start charging attempt 5
2026-07-02 01:04:26,093 INFO o.a.j.p.j.s.J.Full charging journey with SSE: [electrahub-jmeter][full][011] http POST /session/api/v1/sessions/start status=201 elapsedMs=388
2026-07-02 01:04:26,094 INFO o.a.j.p.j.s.J.Full charging journey with SSE: [electrahub-jmeter][full][011] started session=c5dbd3b6-41b5-487c-81d2-80f13edda436 charger=EH-US-CHG-0015/CON-US-0015 status=PREPARING remote=Accepted attempt=5/100
2026-07-02 01:04:26,095 INFO o.a.j.p.j.s.J.Full charging journey with SSE: [electrahub-jmeter][full][011] step=active sessions
2026-07-02 01:04:26,378 INFO o.a.j.t.JMeterThread: Thread started: 100 driver charging journeys 1-12
2026-07-02 01:04:26,384 INFO o.a.j.p.j.s.J.Full charging journey with SSE: [electrahub-jmeter][full][012] step=register
2026-07-02 01:04:26,672 INFO o.a.j.p.j.s.J.Full charging journey with SSE: [electrahub-jmeter][full][012] http POST /auth/api/auth/register status=200 elapsedMs=244
2026-07-02 01:04:26,672 INFO o.a.j.p.j.s.J.Full charging journey with SSE: [electrahub-jmeter][full][012] registered uid=72ce4e9c-ff80-4d5f-b8cf-adb14324afe3
2026-07-02 01:04:26,679 INFO o.a.j.p.j.s.J.Full charging journey with SSE: [electrahub-jmeter][full][012] step=payment state before setup
2026-07-02 01:04:26,740 INFO o.a.j.p.j.s.J.Full charging journey with SSE: [electrahub-jmeter][full][012] http GET /payment/api/v1/payment/state status=451 elapsedMs=61
2026-07-02 01:04:26,741 INFO o.a.j.p.j.s.J.Full charging journey with SSE: [electrahub-jmeter][full][012] step=accept terms
2026-07-02 01:04:26,806 INFO o.a.j.p.j.s.J.Full charging journey with SSE: [electrahub-jmeter][full][012] http POST /auth/api/terms/accept status=201 elapsedMs=64
2026-07-02 01:04:26,807 INFO o.a.j.p.j.s.J.Full charging journey with SSE: [electrahub-jmeter][full][012] accepted terms; refreshing token through login
2026-07-02 01:04:26,807 INFO o.a.j.p.j.s.J.Full charging journey with SSE: [electrahub-jmeter][full][012] step=login
2026-07-02 01:04:26,961 INFO o.a.j.p.j.s.J.Full charging journey with SSE: [electrahub-jmeter][full][012] http POST /auth/api/auth/login status=200 elapsedMs=153
2026-07-02 01:04:26,962 INFO o.a.j.p.j.s.J.Full charging journey with SSE: [electrahub-jmeter][full][012] logged in uid=72ce4e9c-ff80-4d5f-b8cf-adb14324afe3
2026-07-02 01:04:26,962 INFO o.a.j.p.j.s.J.Full charging journey with SSE: [electrahub-jmeter][full][012] step=payment state after terms
2026-07-02 01:04:27,030 INFO o.a.j.p.j.s.J.Full charging journey with SSE: [electrahub-jmeter][full][012] http GET /payment/api/v1/payment/state status=200 elapsedMs=67
2026-07-02 01:04:27,031 INFO o.a.j.p.j.s.J.Full charging journey with SSE: [electrahub-jmeter][full][012] step=add card
2026-07-02 01:04:27,099 INFO o.a.j.p.j.s.J.Full charging journey with SSE: [electrahub-jmeter][full][012] http POST /payment/api/v1/payment/cards status=201 elapsedMs=66
2026-07-02 01:04:27,099 INFO o.a.j.p.j.s.J.Full charging journey with SSE: [electrahub-jmeter][full][011] http GET /session/api/v1/sessions/active status=200 elapsedMs=1004
2026-07-02 01:04:27,100 INFO o.a.j.p.j.s.J.Full charging journey with SSE: [electrahub-jmeter][full][012] step=wallet topup
2026-07-02 01:04:27,163 INFO o.a.j.p.j.s.J.Full charging journey with SSE: [electrahub-jmeter][full][012] http POST /payment/api/v1/payment/wallet/topups status=201 elapsedMs=62
2026-07-02 01:04:27,164 INFO o.a.j.p.j.s.J.Full charging journey with SSE: [electrahub-jmeter][full][012] step=payment state after setup
2026-07-02 01:04:27,228 INFO o.a.j.p.j.s.J.Full charging journey with SSE: [electrahub-jmeter][full][012] http GET /payment/api/v1/payment/state status=200 elapsedMs=64
2026-07-02 01:04:27,229 INFO o.a.j.p.j.s.J.Full charging journey with SSE: [electrahub-jmeter][full][012] payment ready wallet=120.00
2026-07-02 01:04:27,229 INFO o.a.j.p.j.s.J.Full charging journey with SSE: [electrahub-jmeter][full][012] step=charger graphql list
2026-07-02 01:04:27,323 INFO o.a.j.p.j.s.J.Full charging journey with SSE: [electrahub-jmeter][full][012] http POST /charger/graphql status=200 elapsedMs=93
2026-07-02 01:04:27,325 INFO o.a.j.p.j.s.J.Full charging journey with SSE: [electrahub-jmeter][full][012] dynamic connector selection found no available connector; using CSV connector
2026-07-02 01:04:27,325 INFO o.a.j.p.j.s.J.Full charging journey with SSE: [electrahub-jmeter][full][012] step=charger graphql view
2026-07-02 01:04:27,403 INFO o.a.j.p.j.s.J.Full charging journey with SSE: [electrahub-jmeter][full][012] http POST /charger/graphql status=200 elapsedMs=77
2026-07-02 01:04:27,404 INFO o.a.j.p.j.s.J.Full charging journey with SSE: [electrahub-jmeter][full][012] step=payment state before start
2026-07-02 01:04:27,464 INFO o.a.j.p.j.s.J.Full charging journey with SSE: [electrahub-jmeter][full][012] http GET /payment/api/v1/payment/state status=200 elapsedMs=60
2026-07-02 01:04:27,468 INFO o.a.j.p.j.s.J.Full charging journey with SSE: [electrahub-jmeter][full][012] using connector csv fallback attempts=100 startIndex=12/100
2026-07-02 01:04:27,469 INFO o.a.j.p.j.s.J.Full charging journey with SSE: [electrahub-jmeter][full][012] step=start charging attempt 1
2026-07-02 01:04:27,534 INFO o.a.j.p.j.s.J.Full charging journey with SSE: [electrahub-jmeter][full][012] http POST /session/api/v1/sessions/start status=409 elapsedMs=64
2026-07-02 01:04:27,535 INFO o.a.j.p.j.s.J.Full charging journey with SSE: [electrahub-jmeter][full][012] start skipped EH-US-CHG-0012/CON-US-0012 HTTP 409; trying next connector
2026-07-02 01:04:28,536 INFO o.a.j.p.j.s.J.Full charging journey with SSE: [electrahub-jmeter][full][012] step=start charging attempt 2
2026-07-02 01:04:28,604 INFO o.a.j.p.j.s.J.Full charging journey with SSE: [electrahub-jmeter][full][012] http POST /session/api/v1/sessions/start status=409 elapsedMs=67
2026-07-02 01:04:28,604 INFO o.a.j.p.j.s.J.Full charging journey with SSE: [electrahub-jmeter][full][012] start skipped EH-US-CHG-0013/CON-US-0013 HTTP 409; trying next connector
2026-07-02 01:04:29,151 INFO o.a.j.p.j.s.J.Full charging journey with SSE: [electrahub-jmeter][full][001] sse ok connected=1 snapshot=2 updates=23 receipts=0 heartbeats=0
2026-07-02 01:04:29,153 INFO o.a.j.p.j.s.J.Full charging journey with SSE: [electrahub-jmeter][full][001] holding session for 53s before stop
2026-07-02 01:04:29,605 INFO o.a.j.p.j.s.J.Full charging journey with SSE: [electrahub-jmeter][full][012] step=start charging attempt 3
2026-07-02 01:04:29,672 INFO o.a.j.p.j.s.J.Full charging journey with SSE: [electrahub-jmeter][full][012] http POST /session/api/v1/sessions/start status=409 elapsedMs=66
2026-07-02 01:04:29,673 INFO o.a.j.p.j.s.J.Full charging journey with SSE: [electrahub-jmeter][full][012] start skipped EH-US-CHG-0014/CON-US-0014 HTTP 409; trying next connector
2026-07-02 01:04:30,673 INFO o.a.j.p.j.s.J.Full charging journey with SSE: [electrahub-jmeter][full][012] step=start charging attempt 4
2026-07-02 01:04:30,751 INFO o.a.j.p.j.s.J.Full charging journey with SSE: [electrahub-jmeter][full][012] http POST /session/api/v1/sessions/start status=409 elapsedMs=76
2026-07-02 01:04:30,752 INFO o.a.j.p.j.s.J.Full charging journey with SSE: [electrahub-jmeter][full][012] start skipped EH-US-CHG-0015/CON-US-0015 HTTP 409; trying next connector
2026-07-02 01:04:31,753 INFO o.a.j.p.j.s.J.Full charging journey with SSE: [electrahub-jmeter][full][012] step=start charging attempt 5
2026-07-02 01:04:32,143 INFO o.a.j.p.j.s.J.Full charging journey with SSE: [electrahub-jmeter][full][012] http POST /session/api/v1/sessions/start status=201 elapsedMs=388
2026-07-02 01:04:32,143 INFO o.a.j.p.j.s.J.Full charging journey with SSE: [electrahub-jmeter][full][012] started session=253731ee-51e0-4c77-9efb-72d275d70213 charger=EH-US-CHG-0016/CON-US-0016 status=PREPARING remote=Accepted attempt=5/100
2026-07-02 01:04:32,144 INFO o.a.j.p.j.s.J.Full charging journey with SSE: [electrahub-jmeter][full][012] step=active sessions
2026-07-02 01:04:32,379 INFO o.a.j.t.JMeterThread: Thread started: 100 driver charging journeys 1-13
2026-07-02 01:04:32,385 INFO o.a.j.p.j.s.J.Full charging journey with SSE: [electrahub-jmeter][full][013] step=register
2026-07-02 01:04:32,604 INFO o.a.j.p.j.s.J.Full charging journey with SSE: [electrahub-jmeter][full][013] http POST /auth/api/auth/register status=200 elapsedMs=168
2026-07-02 01:04:32,605 INFO o.a.j.p.j.s.J.Full charging journey with SSE: [electrahub-jmeter][full][013] registered uid=cd312315-d392-4944-8c2d-22090a3f72f7
2026-07-02 01:04:32,611 INFO o.a.j.p.j.s.J.Full charging journey with SSE: [electrahub-jmeter][full][013] step=payment state before setup
2026-07-02 01:04:32,664 INFO o.a.j.p.j.s.J.Full charging journey with SSE: [electrahub-jmeter][full][013] http GET /payment/api/v1/payment/state status=451 elapsedMs=52
2026-07-02 01:04:32,665 INFO o.a.j.p.j.s.J.Full charging journey with SSE: [electrahub-jmeter][full][013] step=accept terms
2026-07-02 01:04:32,721 INFO o.a.j.p.j.s.J.Full charging journey with SSE: [electrahub-jmeter][full][013] http POST /auth/api/terms/accept status=201 elapsedMs=56
2026-07-02 01:04:32,722 INFO o.a.j.p.j.s.J.Full charging journey with SSE: [electrahub-jmeter][full][013] accepted terms; refreshing token through login
2026-07-02 01:04:32,723 INFO o.a.j.p.j.s.J.Full charging journey with SSE: [electrahub-jmeter][full][013] step=login
2026-07-02 01:04:32,877 INFO o.a.j.p.j.s.J.Full charging journey with SSE: [electrahub-jmeter][full][013] http POST /auth/api/auth/login status=200 elapsedMs=153
2026-07-02 01:04:32,878 INFO o.a.j.p.j.s.J.Full charging journey with SSE: [electrahub-jmeter][full][013] logged in uid=cd312315-d392-4944-8c2d-22090a3f72f7
2026-07-02 01:04:32,879 INFO o.a.j.p.j.s.J.Full charging journey with SSE: [electrahub-jmeter][full][013] step=payment state after terms
2026-07-02 01:04:32,948 INFO o.a.j.p.j.s.J.Full charging journey with SSE: [electrahub-jmeter][full][013] http GET /payment/api/v1/payment/state status=200 elapsedMs=68
2026-07-02 01:04:32,949 INFO o.a.j.p.j.s.J.Full charging journey with SSE: [electrahub-jmeter][full][013] step=add card
2026-07-02 01:04:33,006 INFO o.a.j.p.j.s.J.Full charging journey with SSE: [electrahub-jmeter][full][013] http POST /payment/api/v1/payment/cards status=201 elapsedMs=56
2026-07-02 01:04:33,007 INFO o.a.j.p.j.s.J.Full charging journey with SSE: [electrahub-jmeter][full][013] step=wallet topup
2026-07-02 01:04:33,073 INFO o.a.j.p.j.s.J.Full charging journey with SSE: [electrahub-jmeter][full][013] http POST /payment/api/v1/payment/wallet/topups status=201 elapsedMs=65
2026-07-02 01:04:33,074 INFO o.a.j.p.j.s.J.Full charging journey with SSE: [electrahub-jmeter][full][013] step=payment state after setup
2026-07-02 01:04:33,131 INFO o.a.j.p.j.s.J.Full charging journey with SSE: [electrahub-jmeter][full][013] http GET /payment/api/v1/payment/state status=200 elapsedMs=56
2026-07-02 01:04:33,132 INFO o.a.j.p.j.s.J.Full charging journey with SSE: [electrahub-jmeter][full][013] payment ready wallet=120.00
2026-07-02 01:04:33,132 INFO o.a.j.p.j.s.J.Full charging journey with SSE: [electrahub-jmeter][full][013] step=charger graphql list
2026-07-02 01:04:33,148 INFO o.a.j.p.j.s.J.Full charging journey with SSE: [electrahub-jmeter][full][002] sse ok connected=1 snapshot=2 updates=23 receipts=0 heartbeats=0
2026-07-02 01:04:33,149 INFO o.a.j.p.j.s.J.Full charging journey with SSE: [electrahub-jmeter][full][012] http GET /session/api/v1/sessions/active status=200 elapsedMs=1004
2026-07-02 01:04:33,149 INFO o.a.j.p.j.s.J.Full charging journey with SSE: [electrahub-jmeter][full][002] holding session for 54s before stop
2026-07-02 01:04:33,226 INFO o.a.j.p.j.s.J.Full charging journey with SSE: [electrahub-jmeter][full][013] http POST /charger/graphql status=200 elapsedMs=93
2026-07-02 01:04:33,227 INFO o.a.j.p.j.s.J.Full charging journey with SSE: [electrahub-jmeter][full][013] dynamic connector selection found no available connector; using CSV connector
2026-07-02 01:04:33,228 INFO o.a.j.p.j.s.J.Full charging journey with SSE: [electrahub-jmeter][full][013] step=charger graphql view
2026-07-02 01:04:33,300 INFO o.a.j.p.j.s.J.Full charging journey with SSE: [electrahub-jmeter][full][013] http POST /charger/graphql status=200 elapsedMs=71
2026-07-02 01:04:33,301 INFO o.a.j.p.j.s.J.Full charging journey with SSE: [electrahub-jmeter][full][013] step=payment state before start
2026-07-02 01:04:33,355 INFO o.a.j.p.j.s.J.Full charging journey with SSE: [electrahub-jmeter][full][013] http GET /payment/api/v1/payment/state status=200 elapsedMs=53
2026-07-02 01:04:33,360 INFO o.a.j.p.j.s.J.Full charging journey with SSE: [electrahub-jmeter][full][013] using connector csv fallback attempts=100 startIndex=13/100
2026-07-02 01:04:33,361 INFO o.a.j.p.j.s.J.Full charging journey with SSE: [electrahub-jmeter][full][013] step=start charging attempt 1
2026-07-02 01:04:33,426 INFO o.a.j.p.j.s.J.Full charging journey with SSE: [electrahub-jmeter][full][013] http POST /session/api/v1/sessions/start status=409 elapsedMs=65
2026-07-02 01:04:33,427 INFO o.a.j.p.j.s.J.Full charging journey with SSE: [electrahub-jmeter][full][013] start skipped EH-US-CHG-0013/CON-US-0013 HTTP 409; trying next connector
2026-07-02 01:04:34,428 INFO o.a.j.p.j.s.J.Full charging journey with SSE: [electrahub-jmeter][full][013] step=start charging attempt 2
2026-07-02 01:04:34,505 INFO o.a.j.p.j.s.J.Full charging journey with SSE: [electrahub-jmeter][full][013] http POST /session/api/v1/sessions/start status=409 elapsedMs=75
2026-07-02 01:04:34,506 INFO o.a.j.p.j.s.J.Full charging journey with SSE: [electrahub-jmeter][full][013] start skipped EH-US-CHG-0014/CON-US-0014 HTTP 409; trying next connector
2026-07-02 01:04:35,507 INFO o.a.j.p.j.s.J.Full charging journey with SSE: [electrahub-jmeter][full][013] step=start charging attempt 3
2026-07-02 01:04:35,569 INFO o.a.j.p.j.s.J.Full charging journey with SSE: [electrahub-jmeter][full][013] http POST /session/api/v1/sessions/start status=409 elapsedMs=61
2026-07-02 01:04:35,570 INFO o.a.j.p.j.s.J.Full charging journey with SSE: [electrahub-jmeter][full][013] start skipped EH-US-CHG-0015/CON-US-0015 HTTP 409; trying next connector
2026-07-02 01:04:36,571 INFO o.a.j.p.j.s.J.Full charging journey with SSE: [electrahub-jmeter][full][013] step=start charging attempt 4
2026-07-02 01:04:36,635 INFO o.a.j.p.j.s.J.Full charging journey with SSE: [electrahub-jmeter][full][013] http POST /session/api/v1/sessions/start status=409 elapsedMs=63
2026-07-02 01:04:36,636 INFO o.a.j.p.j.s.J.Full charging journey with SSE: [electrahub-jmeter][full][013] start skipped EH-US-CHG-0016/CON-US-0016 HTTP 409; trying next connector
2026-07-02 01:04:37,637 INFO o.a.j.p.j.s.J.Full charging journey with SSE: [electrahub-jmeter][full][013] step=start charging attempt 5
2026-07-02 01:04:37,705 INFO o.a.j.p.j.s.J.Full charging journey with SSE: [electrahub-jmeter][full][013] http POST /session/api/v1/sessions/start status=409 elapsedMs=67
2026-07-02 01:04:37,706 INFO o.a.j.p.j.s.J.Full charging journey with SSE: [electrahub-jmeter][full][013] start skipped EH-US-CHG-0017/CON-US-0017 HTTP 409; trying next connector
2026-07-02 01:04:38,377 INFO o.a.j.t.JMeterThread: Thread started: 100 driver charging journeys 1-14
2026-07-02 01:04:38,382 INFO o.a.j.p.j.s.J.Full charging journey with SSE: [electrahub-jmeter][full][014] step=register
2026-07-02 01:04:38,571 INFO o.a.j.p.j.s.J.Full charging journey with SSE: [electrahub-jmeter][full][014] http POST /auth/api/auth/register status=200 elapsedMs=188
2026-07-02 01:04:38,572 INFO o.a.j.p.j.s.J.Full charging journey with SSE: [electrahub-jmeter][full][014] registered uid=4bc97f1a-aabb-4a98-846c-e460f0ce4069
2026-07-02 01:04:38,579 INFO o.a.j.p.j.s.J.Full charging journey with SSE: [electrahub-jmeter][full][014] step=payment state before setup
2026-07-02 01:04:38,635 INFO o.a.j.p.j.s.J.Full charging journey with SSE: [electrahub-jmeter][full][014] http GET /payment/api/v1/payment/state status=451 elapsedMs=55
2026-07-02 01:04:38,635 INFO o.a.j.p.j.s.J.Full charging journey with SSE: [electrahub-jmeter][full][014] step=accept terms
2026-07-02 01:04:38,706 INFO o.a.j.p.j.s.J.Full charging journey with SSE: [electrahub-jmeter][full][014] http POST /auth/api/terms/accept status=201 elapsedMs=70
2026-07-02 01:04:38,707 INFO o.a.j.p.j.s.J.Full charging journey with SSE: [electrahub-jmeter][full][013] step=start charging attempt 6
2026-07-02 01:04:38,707 INFO o.a.j.p.j.s.J.Full charging journey with SSE: [electrahub-jmeter][full][014] accepted terms; refreshing token through login
2026-07-02 01:04:38,708 INFO o.a.j.p.j.s.J.Full charging journey with SSE: [electrahub-jmeter][full][014] step=login
2026-07-02 01:04:38,961 INFO o.a.j.p.j.s.J.Full charging journey with SSE: [electrahub-jmeter][full][014] http POST /auth/api/auth/login status=200 elapsedMs=210
2026-07-02 01:04:38,962 INFO o.a.j.p.j.s.J.Full charging journey with SSE: [electrahub-jmeter][full][014] logged in uid=4bc97f1a-aabb-4a98-846c-e460f0ce4069
2026-07-02 01:04:38,963 INFO o.a.j.p.j.s.J.Full charging journey with SSE: [electrahub-jmeter][full][014] step=payment state after terms
2026-07-02 01:04:39,037 INFO o.a.j.p.j.s.J.Full charging journey with SSE: [electrahub-jmeter][full][014] http GET /payment/api/v1/payment/state status=200 elapsedMs=73
2026-07-02 01:04:39,038 INFO o.a.j.p.j.s.J.Full charging journey with SSE: [electrahub-jmeter][full][014] step=add card
2026-07-02 01:04:39,102 INFO o.a.j.p.j.s.J.Full charging journey with SSE: [electrahub-jmeter][full][014] http POST /payment/api/v1/payment/cards status=201 elapsedMs=64
2026-07-02 01:04:39,103 INFO o.a.j.p.j.s.J.Full charging journey with SSE: [electrahub-jmeter][full][014] step=wallet topup
2026-07-02 01:04:39,161 INFO o.a.j.p.j.s.J.Full charging journey with SSE: [electrahub-jmeter][full][014] http POST /payment/api/v1/payment/wallet/topups status=201 elapsedMs=57
2026-07-02 01:04:39,162 INFO o.a.j.p.j.s.J.Full charging journey with SSE: [electrahub-jmeter][full][014] step=payment state after setup
2026-07-02 01:04:39,198 INFO o.a.j.p.j.s.J.Full charging journey with SSE: [electrahub-jmeter][full][003] sse ok connected=1 snapshot=2 updates=23 receipts=0 heartbeats=0
2026-07-02 01:04:39,198 INFO o.a.j.p.j.s.J.Full charging journey with SSE: [electrahub-jmeter][full][003] holding session for 54s before stop
2026-07-02 01:04:39,202 INFO o.a.j.p.j.s.J.Full charging journey with SSE: [electrahub-jmeter][full][013] http POST /session/api/v1/sessions/start status=201 elapsedMs=494
2026-07-02 01:04:39,203 INFO o.a.j.p.j.s.J.Full charging journey with SSE: [electrahub-jmeter][full][013] started session=ddb64624-5d74-4325-9dcc-9758c78c919a charger=EH-US-CHG-0018/CON-US-0018 status=PREPARING remote=Accepted attempt=6/100
2026-07-02 01:04:39,203 INFO o.a.j.p.j.s.J.Full charging journey with SSE: [electrahub-jmeter][full][013] step=active sessions
2026-07-02 01:04:39,223 INFO o.a.j.p.j.s.J.Full charging journey with SSE: [electrahub-jmeter][full][014] http GET /payment/api/v1/payment/state status=200 elapsedMs=60
2026-07-02 01:04:39,224 INFO o.a.j.p.j.s.J.Full charging journey with SSE: [electrahub-jmeter][full][014] payment ready wallet=120.00
2026-07-02 01:04:39,224 INFO o.a.j.p.j.s.J.Full charging journey with SSE: [electrahub-jmeter][full][014] step=charger graphql list
2026-07-02 01:04:39,316 INFO o.a.j.p.j.s.J.Full charging journey with SSE: [electrahub-jmeter][full][014] http POST /charger/graphql status=200 elapsedMs=91
2026-07-02 01:04:39,318 INFO o.a.j.p.j.s.J.Full charging journey with SSE: [electrahub-jmeter][full][014] dynamic connector selection found no available connector; using CSV connector
2026-07-02 01:04:39,319 INFO o.a.j.p.j.s.J.Full charging journey with SSE: [electrahub-jmeter][full][014] step=charger graphql view
2026-07-02 01:04:39,400 INFO o.a.j.p.j.s.J.Full charging journey with SSE: [electrahub-jmeter][full][014] http POST /charger/graphql status=200 elapsedMs=80
2026-07-02 01:04:39,401 INFO o.a.j.p.j.s.J.Full charging journey with SSE: [electrahub-jmeter][full][014] step=payment state before start
2026-07-02 01:04:39,460 INFO o.a.j.p.j.s.J.Full charging journey with SSE: [electrahub-jmeter][full][014] http GET /payment/api/v1/payment/state status=200 elapsedMs=59
2026-07-02 01:04:39,464 INFO o.a.j.p.j.s.J.Full charging journey with SSE: [electrahub-jmeter][full][014] using connector csv fallback attempts=100 startIndex=14/100
2026-07-02 01:04:39,464 INFO o.a.j.p.j.s.J.Full charging journey with SSE: [electrahub-jmeter][full][014] step=start charging attempt 1
2026-07-02 01:04:39,528 INFO o.a.j.p.j.s.J.Full charging journey with SSE: [electrahub-jmeter][full][014] http POST /session/api/v1/sessions/start status=409 elapsedMs=63
2026-07-02 01:04:39,529 INFO o.a.j.p.j.s.J.Full charging journey with SSE: [electrahub-jmeter][full][014] start skipped EH-US-CHG-0014/CON-US-0014 HTTP 409; trying next connector
2026-07-02 01:04:40,205 INFO o.a.j.p.j.s.J.Full charging journey with SSE: [electrahub-jmeter][full][013] http GET /session/api/v1/sessions/active status=200 elapsedMs=1001
2026-07-02 01:04:40,530 INFO o.a.j.p.j.s.J.Full charging journey with SSE: [electrahub-jmeter][full][014] step=start charging attempt 2
2026-07-02 01:04:40,601 INFO o.a.j.p.j.s.J.Full charging journey with SSE: [electrahub-jmeter][full][014] http POST /session/api/v1/sessions/start status=409 elapsedMs=70
2026-07-02 01:04:40,602 INFO o.a.j.p.j.s.J.Full charging journey with SSE: [electrahub-jmeter][full][014] start skipped EH-US-CHG-0015/CON-US-0015 HTTP 409; trying next connector
2026-07-02 01:04:41,602 INFO o.a.j.p.j.s.J.Full charging journey with SSE: [electrahub-jmeter][full][014] step=start charging attempt 3
2026-07-02 01:04:41,669 INFO o.a.j.p.j.s.J.Full charging journey with SSE: [electrahub-jmeter][full][014] http POST /session/api/v1/sessions/start status=409 elapsedMs=65
2026-07-02 01:04:41,670 INFO o.a.j.p.j.s.J.Full charging journey with SSE: [electrahub-jmeter][full][014] start skipped EH-US-CHG-0016/CON-US-0016 HTTP 409; trying next connector
2026-07-02 01:04:42,671 INFO o.a.j.p.j.s.J.Full charging journey with SSE: [electrahub-jmeter][full][014] step=start charging attempt 4
2026-07-02 01:04:42,746 INFO o.a.j.p.j.s.J.Full charging journey with SSE: [electrahub-jmeter][full][014] http POST /session/api/v1/sessions/start status=409 elapsedMs=73
2026-07-02 01:04:42,746 INFO o.a.j.p.j.s.J.Full charging journey with SSE: [electrahub-jmeter][full][014] start skipped EH-US-CHG-0017/CON-US-0017 HTTP 409; trying next connector
2026-07-02 01:04:43,747 INFO o.a.j.p.j.s.J.Full charging journey with SSE: [electrahub-jmeter][full][014] step=start charging attempt 5
2026-07-02 01:04:43,815 INFO o.a.j.p.j.s.J.Full charging journey with SSE: [electrahub-jmeter][full][014] http POST /session/api/v1/sessions/start status=409 elapsedMs=67
2026-07-02 01:04:43,815 INFO o.a.j.p.j.s.J.Full charging journey with SSE: [electrahub-jmeter][full][014] start skipped EH-US-CHG-0018/CON-US-0018 HTTP 409; trying next connector
2026-07-02 01:04:44,376 INFO o.a.j.t.JMeterThread: Thread started: 100 driver charging journeys 1-15
2026-07-02 01:04:44,381 INFO o.a.j.p.j.s.J.Full charging journey with SSE: [electrahub-jmeter][full][015] step=register
2026-07-02 01:04:44,572 INFO o.a.j.p.j.s.J.Full charging journey with SSE: [electrahub-jmeter][full][015] http POST /auth/api/auth/register status=200 elapsedMs=190
2026-07-02 01:04:44,573 INFO o.a.j.p.j.s.J.Full charging journey with SSE: [electrahub-jmeter][full][015] registered uid=7d6bebde-3606-4b97-a0b4-e46c2c6756f1
2026-07-02 01:04:44,583 INFO o.a.j.p.j.s.J.Full charging journey with SSE: [electrahub-jmeter][full][015] step=payment state before setup
2026-07-02 01:04:44,643 INFO o.a.j.p.j.s.J.Full charging journey with SSE: [electrahub-jmeter][full][015] http GET /payment/api/v1/payment/state status=451 elapsedMs=60
2026-07-02 01:04:44,644 INFO o.a.j.p.j.s.J.Full charging journey with SSE: [electrahub-jmeter][full][015] step=accept terms
2026-07-02 01:04:44,701 INFO o.a.j.p.j.s.J.Full charging journey with SSE: [electrahub-jmeter][full][015] http POST /auth/api/terms/accept status=201 elapsedMs=56
2026-07-02 01:04:44,703 INFO o.a.j.p.j.s.J.Full charging journey with SSE: [electrahub-jmeter][full][015] accepted terms; refreshing token through login
2026-07-02 01:04:44,704 INFO o.a.j.p.j.s.J.Full charging journey with SSE: [electrahub-jmeter][full][015] step=login
2026-07-02 01:04:44,816 INFO o.a.j.p.j.s.J.Full charging journey with SSE: [electrahub-jmeter][full][014] step=start charging attempt 6
2026-07-02 01:04:44,865 INFO o.a.j.p.j.s.J.Full charging journey with SSE: [electrahub-jmeter][full][015] http POST /auth/api/auth/login status=200 elapsedMs=159
2026-07-02 01:04:44,866 INFO o.a.j.p.j.s.J.Full charging journey with SSE: [electrahub-jmeter][full][015] logged in uid=7d6bebde-3606-4b97-a0b4-e46c2c6756f1
2026-07-02 01:04:44,866 INFO o.a.j.p.j.s.J.Full charging journey with SSE: [electrahub-jmeter][full][015] step=payment state after terms
2026-07-02 01:04:45,479 INFO o.a.j.p.j.s.J.Full charging journey with SSE: [electrahub-jmeter][full][015] http GET /payment/api/v1/payment/state status=200 elapsedMs=612
2026-07-02 01:04:45,480 INFO o.a.j.p.j.s.J.Full charging journey with SSE: [electrahub-jmeter][full][015] step=add card
2026-07-02 01:04:47,111 INFO o.a.j.p.j.s.J.Full charging journey with SSE: [electrahub-jmeter][full][015] http POST /payment/api/v1/payment/cards status=201 elapsedMs=1630
2026-07-02 01:04:47,112 INFO o.a.j.p.j.s.J.Full charging journey with SSE: [electrahub-jmeter][full][015] step=wallet topup
2026-07-02 01:04:47,173 INFO o.a.j.p.j.s.J.Full charging journey with SSE: [electrahub-jmeter][full][015] http POST /payment/api/v1/payment/wallet/topups status=201 elapsedMs=60
2026-07-02 01:04:47,174 INFO o.a.j.p.j.s.J.Full charging journey with SSE: [electrahub-jmeter][full][015] step=payment state after setup
2026-07-02 01:04:47,236 INFO o.a.j.p.j.s.J.Full charging journey with SSE: [electrahub-jmeter][full][015] http GET /payment/api/v1/payment/state status=200 elapsedMs=62
2026-07-02 01:04:47,237 INFO o.a.j.p.j.s.J.Full charging journey with SSE: [electrahub-jmeter][full][015] payment ready wallet=120.00
2026-07-02 01:04:47,238 INFO o.a.j.p.j.s.J.Full charging journey with SSE: [electrahub-jmeter][full][015] step=charger graphql list
2026-07-02 01:04:47,334 INFO o.a.j.p.j.s.J.Full charging journey with SSE: [electrahub-jmeter][full][015] http POST /charger/graphql status=200 elapsedMs=93
2026-07-02 01:04:47,336 INFO o.a.j.p.j.s.J.Full charging journey with SSE: [electrahub-jmeter][full][015] dynamic connector selection found no available connector; using CSV connector
2026-07-02 01:04:47,337 INFO o.a.j.p.j.s.J.Full charging journey with SSE: [electrahub-jmeter][full][015] step=charger graphql view
2026-07-02 01:04:47,363 INFO o.a.j.p.j.s.J.Full charging journey with SSE: [electrahub-jmeter][full][004] sse ok connected=1 snapshot=2 updates=23 receipts=0 heartbeats=0
2026-07-02 01:04:47,364 INFO o.a.j.p.j.s.J.Full charging journey with SSE: [electrahub-jmeter][full][004] holding session for 52s before stop
2026-07-02 01:04:47,368 INFO o.a.j.p.j.s.J.Full charging journey with SSE: [electrahub-jmeter][full][014] http POST /session/api/v1/sessions/start status=201 elapsedMs=2515
2026-07-02 01:04:47,369 INFO o.a.j.p.j.s.J.Full charging journey with SSE: [electrahub-jmeter][full][014] started session=3fec91fe-152a-4332-952c-5b2ab0e0168d charger=EH-US-CHG-0019/CON-US-0019 status=PREPARING remote=Accepted attempt=6/100
2026-07-02 01:04:47,370 INFO o.a.j.p.j.s.J.Full charging journey with SSE: [electrahub-jmeter][full][014] step=active sessions
2026-07-02 01:04:47,416 INFO o.a.j.p.j.s.J.Full charging journey with SSE: [electrahub-jmeter][full][015] http POST /charger/graphql status=200 elapsedMs=77
2026-07-02 01:04:47,417 INFO o.a.j.p.j.s.J.Full charging journey with SSE: [electrahub-jmeter][full][015] step=payment state before start
2026-07-02 01:04:47,473 INFO o.a.j.p.j.s.J.Full charging journey with SSE: [electrahub-jmeter][full][015] http GET /payment/api/v1/payment/state status=200 elapsedMs=55
2026-07-02 01:04:47,476 INFO o.a.j.p.j.s.J.Full charging journey with SSE: [electrahub-jmeter][full][015] using connector csv fallback attempts=100 startIndex=15/100
2026-07-02 01:04:47,477 INFO o.a.j.p.j.s.J.Full charging journey with SSE: [electrahub-jmeter][full][015] step=start charging attempt 1
2026-07-02 01:04:47,543 INFO o.a.j.p.j.s.J.Full charging journey with SSE: [electrahub-jmeter][full][015] http POST /session/api/v1/sessions/start status=409 elapsedMs=65
2026-07-02 01:04:47,544 INFO o.a.j.p.j.s.J.Full charging journey with SSE: [electrahub-jmeter][full][015] start skipped EH-US-CHG-0015/CON-US-0015 HTTP 409; trying next connector
2026-07-02 01:04:48,372 INFO o.a.j.p.j.s.J.Full charging journey with SSE: [electrahub-jmeter][full][014] http GET /session/api/v1/sessions/active status=200 elapsedMs=1001
2026-07-02 01:04:48,545 INFO o.a.j.p.j.s.J.Full charging journey with SSE: [electrahub-jmeter][full][015] step=start charging attempt 2
2026-07-02 01:04:48,615 INFO o.a.j.p.j.s.J.Full charging journey with SSE: [electrahub-jmeter][full][015] http POST /session/api/v1/sessions/start status=409 elapsedMs=69
2026-07-02 01:04:48,616 INFO o.a.j.p.j.s.J.Full charging journey with SSE: [electrahub-jmeter][full][015] start skipped EH-US-CHG-0016/CON-US-0016 HTTP 409; trying next connector
2026-07-02 01:04:49,617 INFO o.a.j.p.j.s.J.Full charging journey with SSE: [electrahub-jmeter][full][015] step=start charging attempt 3
2026-07-02 01:04:49,688 INFO o.a.j.p.j.s.J.Full charging journey with SSE: [electrahub-jmeter][full][015] http POST /session/api/v1/sessions/start status=409 elapsedMs=69
2026-07-02 01:04:49,689 INFO o.a.j.p.j.s.J.Full charging journey with SSE: [electrahub-jmeter][full][015] start skipped EH-US-CHG-0017/CON-US-0017 HTTP 409; trying next connector
2026-07-02 01:04:50,377 INFO o.a.j.t.JMeterThread: Thread started: 100 driver charging journeys 1-16
2026-07-02 01:04:50,383 INFO o.a.j.p.j.s.J.Full charging journey with SSE: [electrahub-jmeter][full][016] step=register
2026-07-02 01:04:50,597 INFO o.a.j.p.j.s.J.Full charging journey with SSE: [electrahub-jmeter][full][016] http POST /auth/api/auth/register status=200 elapsedMs=213
2026-07-02 01:04:50,598 INFO o.a.j.p.j.s.J.Full charging journey with SSE: [electrahub-jmeter][full][016] registered uid=c447630d-5cbe-4f70-84b1-4aeb96676fbe
2026-07-02 01:04:50,606 INFO o.a.j.p.j.s.J.Full charging journey with SSE: [electrahub-jmeter][full][016] step=payment state before setup
2026-07-02 01:04:50,663 INFO o.a.j.p.j.s.J.Full charging journey with SSE: [electrahub-jmeter][full][016] http GET /payment/api/v1/payment/state status=451 elapsedMs=56
2026-07-02 01:04:50,664 INFO o.a.j.p.j.s.J.Full charging journey with SSE: [electrahub-jmeter][full][016] step=accept terms
2026-07-02 01:04:50,690 INFO o.a.j.p.j.s.J.Full charging journey with SSE: [electrahub-jmeter][full][015] step=start charging attempt 4
2026-07-02 01:04:50,727 INFO o.a.j.p.j.s.J.Full charging journey with SSE: [electrahub-jmeter][full][016] http POST /auth/api/terms/accept status=201 elapsedMs=62
2026-07-02 01:04:50,728 INFO o.a.j.p.j.s.J.Full charging journey with SSE: [electrahub-jmeter][full][016] accepted terms; refreshing token through login
2026-07-02 01:04:50,729 INFO o.a.j.p.j.s.J.Full charging journey with SSE: [electrahub-jmeter][full][016] step=login
2026-07-02 01:04:50,800 INFO o.a.j.p.j.s.J.Full charging journey with SSE: [electrahub-jmeter][full][015] http POST /session/api/v1/sessions/start status=409 elapsedMs=72
2026-07-02 01:04:50,800 INFO o.a.j.p.j.s.J.Full charging journey with SSE: [electrahub-jmeter][full][015] start skipped EH-US-CHG-0018/CON-US-0018 HTTP 409; trying next connector
2026-07-02 01:04:50,873 INFO o.a.j.p.j.s.J.Full charging journey with SSE: [electrahub-jmeter][full][016] http POST /auth/api/auth/login status=200 elapsedMs=143
2026-07-02 01:04:50,874 INFO o.a.j.p.j.s.J.Full charging journey with SSE: [electrahub-jmeter][full][016] logged in uid=c447630d-5cbe-4f70-84b1-4aeb96676fbe
2026-07-02 01:04:50,875 INFO o.a.j.p.j.s.J.Full charging journey with SSE: [electrahub-jmeter][full][016] step=payment state after terms
2026-07-02 01:04:50,937 INFO o.a.j.p.j.s.J.Full charging journey with SSE: [electrahub-jmeter][full][016] http GET /payment/api/v1/payment/state status=200 elapsedMs=60
2026-07-02 01:04:50,937 INFO o.a.j.p.j.s.J.Full charging journey with SSE: [electrahub-jmeter][full][016] step=add card
2026-07-02 01:04:51,006 INFO o.a.j.p.j.s.J.Full charging journey with SSE: [electrahub-jmeter][full][016] http POST /payment/api/v1/payment/cards status=201 elapsedMs=68
2026-07-02 01:04:51,007 INFO o.a.j.p.j.s.J.Full charging journey with SSE: [electrahub-jmeter][full][016] step=wallet topup
2026-07-02 01:04:51,061 INFO o.a.j.p.j.s.J.Full charging journey with SSE: [electrahub-jmeter][full][016] http POST /payment/api/v1/payment/wallet/topups status=201 elapsedMs=53
2026-07-02 01:04:51,062 INFO o.a.j.p.j.s.J.Full charging journey with SSE: [electrahub-jmeter][full][016] step=payment state after setup
2026-07-02 01:04:51,119 INFO o.a.j.p.j.s.J.Full charging journey with SSE: [electrahub-jmeter][full][016] http GET /payment/api/v1/payment/state status=200 elapsedMs=55
2026-07-02 01:04:51,119 INFO o.a.j.p.j.s.J.Full charging journey with SSE: [electrahub-jmeter][full][016] payment ready wallet=120.00
2026-07-02 01:04:51,120 INFO o.a.j.p.j.s.J.Full charging journey with SSE: [electrahub-jmeter][full][016] step=charger graphql list
2026-07-02 01:04:51,218 INFO o.a.j.p.j.s.J.Full charging journey with SSE: [electrahub-jmeter][full][016] http POST /charger/graphql status=200 elapsedMs=96
2026-07-02 01:04:51,220 INFO o.a.j.p.j.s.J.Full charging journey with SSE: [electrahub-jmeter][full][016] dynamic connector selection found no available connector; using CSV connector
2026-07-02 01:04:51,220 INFO o.a.j.p.j.s.J.Full charging journey with SSE: [electrahub-jmeter][full][016] step=charger graphql view
2026-07-02 01:04:51,298 INFO o.a.j.p.j.s.J.Full charging journey with SSE: [electrahub-jmeter][full][016] http POST /charger/graphql status=200 elapsedMs=76
2026-07-02 01:04:51,299 INFO o.a.j.p.j.s.J.Full charging journey with SSE: [electrahub-jmeter][full][016] step=payment state before start
2026-07-02 01:04:51,360 INFO o.a.j.p.j.s.J.Full charging journey with SSE: [electrahub-jmeter][full][016] http GET /payment/api/v1/payment/state status=200 elapsedMs=60
2026-07-02 01:04:51,364 INFO o.a.j.p.j.s.J.Full charging journey with SSE: [electrahub-jmeter][full][016] using connector csv fallback attempts=100 startIndex=16/100
2026-07-02 01:04:51,365 INFO o.a.j.p.j.s.J.Full charging journey with SSE: [electrahub-jmeter][full][016] step=start charging attempt 1
2026-07-02 01:04:51,440 INFO o.a.j.p.j.s.J.Full charging journey with SSE: [electrahub-jmeter][full][016] http POST /session/api/v1/sessions/start status=409 elapsedMs=72
2026-07-02 01:04:51,440 INFO o.a.j.p.j.s.J.Full charging journey with SSE: [electrahub-jmeter][full][016] start skipped EH-US-CHG-0016/CON-US-0016 HTTP 409; trying next connector
2026-07-02 01:04:51,801 INFO o.a.j.p.j.s.J.Full charging journey with SSE: [electrahub-jmeter][full][015] step=start charging attempt 5
2026-07-02 01:04:51,869 INFO o.a.j.p.j.s.J.Full charging journey with SSE: [electrahub-jmeter][full][015] http POST /session/api/v1/sessions/start status=409 elapsedMs=67
2026-07-02 01:04:51,870 INFO o.a.j.p.j.s.J.Full charging journey with SSE: [electrahub-jmeter][full][015] start skipped EH-US-CHG-0019/CON-US-0019 HTTP 409; trying next connector
2026-07-02 01:04:52,441 INFO o.a.j.p.j.s.J.Full charging journey with SSE: [electrahub-jmeter][full][016] step=start charging attempt 2
2026-07-02 01:04:52,521 INFO o.a.j.p.j.s.J.Full charging journey with SSE: [electrahub-jmeter][full][016] http POST /session/api/v1/sessions/start status=409 elapsedMs=79
2026-07-02 01:04:52,522 INFO o.a.j.p.j.s.J.Full charging journey with SSE: [electrahub-jmeter][full][016] start skipped EH-US-CHG-0017/CON-US-0017 HTTP 409; trying next connector
2026-07-02 01:04:52,871 INFO o.a.j.p.j.s.J.Full charging journey with SSE: [electrahub-jmeter][full][015] step=start charging attempt 6
2026-07-02 01:04:53,423 INFO o.a.j.p.j.s.J.Full charging journey with SSE: [electrahub-jmeter][full][015] http POST /session/api/v1/sessions/start status=201 elapsedMs=550
2026-07-02 01:04:53,425 INFO o.a.j.p.j.s.J.Full charging journey with SSE: [electrahub-jmeter][full][015] started session=e9c11e04-9f4c-46c5-8e15-da5470424b5e charger=EH-US-CHG-0020/CON-US-0020 status=PREPARING remote=Accepted attempt=6/100
2026-07-02 01:04:53,425 INFO o.a.j.p.j.s.J.Full charging journey with SSE: [electrahub-jmeter][full][015] step=active sessions
2026-07-02 01:04:53,523 INFO o.a.j.p.j.s.J.Full charging journey with SSE: [electrahub-jmeter][full][016] step=start charging attempt 3
2026-07-02 01:04:53,592 INFO o.a.j.p.j.s.J.Full charging journey with SSE: [electrahub-jmeter][full][016] http POST /session/api/v1/sessions/start status=409 elapsedMs=68
2026-07-02 01:04:53,593 INFO o.a.j.p.j.s.J.Full charging journey with SSE: [electrahub-jmeter][full][016] start skipped EH-US-CHG-0018/CON-US-0018 HTTP 409; trying next connector
2026-07-02 01:04:54,423 INFO o.a.j.p.j.s.J.Full charging journey with SSE: [electrahub-jmeter][full][015] http GET /session/api/v1/sessions/active status=200 elapsedMs=997
2026-07-02 01:04:54,594 INFO o.a.j.p.j.s.J.Full charging journey with SSE: [electrahub-jmeter][full][016] step=start charging attempt 4
2026-07-02 01:04:54,665 INFO o.a.j.p.j.s.J.Full charging journey with SSE: [electrahub-jmeter][full][016] http POST /session/api/v1/sessions/start status=409 elapsedMs=71
2026-07-02 01:04:54,666 INFO o.a.j.p.j.s.J.Full charging journey with SSE: [electrahub-jmeter][full][016] start skipped EH-US-CHG-0019/CON-US-0019 HTTP 409; trying next connector
2026-07-02 01:04:55,426 INFO o.a.j.p.j.s.J.Full charging journey with SSE: [electrahub-jmeter][full][005] sse ok connected=1 snapshot=2 updates=23 receipts=0 heartbeats=0
2026-07-02 01:04:55,427 INFO o.a.j.p.j.s.J.Full charging journey with SSE: [electrahub-jmeter][full][005] holding session for 49s before stop
2026-07-02 01:04:55,667 INFO o.a.j.p.j.s.J.Full charging journey with SSE: [electrahub-jmeter][full][016] step=start charging attempt 5
2026-07-02 01:04:55,731 INFO o.a.j.p.j.s.J.Full charging journey with SSE: [electrahub-jmeter][full][016] http POST /session/api/v1/sessions/start status=409 elapsedMs=63
2026-07-02 01:04:55,732 INFO o.a.j.p.j.s.J.Full charging journey with SSE: [electrahub-jmeter][full][016] start skipped EH-US-CHG-0020/CON-US-0020 HTTP 409; trying next connector
2026-07-02 01:04:56,376 INFO o.a.j.t.JMeterThread: Thread started: 100 driver charging journeys 1-17
2026-07-02 01:04:56,381 INFO o.a.j.p.j.s.J.Full charging journey with SSE: [electrahub-jmeter][full][017] step=register
2026-07-02 01:04:56,586 INFO o.a.j.p.j.s.J.Full charging journey with SSE: [electrahub-jmeter][full][017] http POST /auth/api/auth/register status=200 elapsedMs=204
2026-07-02 01:04:56,587 INFO o.a.j.p.j.s.J.Full charging journey with SSE: [electrahub-jmeter][full][017] registered uid=5e03b855-0637-4140-a7a4-2e9daaf794d7
2026-07-02 01:04:56,598 INFO o.a.j.p.j.s.J.Full charging journey with SSE: [electrahub-jmeter][full][017] step=payment state before setup
2026-07-02 01:04:56,652 INFO o.a.j.p.j.s.J.Full charging journey with SSE: [electrahub-jmeter][full][017] http GET /payment/api/v1/payment/state status=451 elapsedMs=53
2026-07-02 01:04:56,653 INFO o.a.j.p.j.s.J.Full charging journey with SSE: [electrahub-jmeter][full][017] step=accept terms
2026-07-02 01:04:56,719 INFO o.a.j.p.j.s.J.Full charging journey with SSE: [electrahub-jmeter][full][017] http POST /auth/api/terms/accept status=201 elapsedMs=65
2026-07-02 01:04:56,720 INFO o.a.j.p.j.s.J.Full charging journey with SSE: [electrahub-jmeter][full][017] accepted terms; refreshing token through login
2026-07-02 01:04:56,720 INFO o.a.j.p.j.s.J.Full charging journey with SSE: [electrahub-jmeter][full][017] step=login
2026-07-02 01:04:56,733 INFO o.a.j.p.j.s.J.Full charging journey with SSE: [electrahub-jmeter][full][016] step=start charging attempt 6
2026-07-02 01:04:56,872 INFO o.a.j.p.j.s.J.Full charging journey with SSE: [electrahub-jmeter][full][017] http POST /auth/api/auth/login status=200 elapsedMs=151
2026-07-02 01:04:56,873 INFO o.a.j.p.j.s.J.Full charging journey with SSE: [electrahub-jmeter][full][017] logged in uid=5e03b855-0637-4140-a7a4-2e9daaf794d7
2026-07-02 01:04:56,873 INFO o.a.j.p.j.s.J.Full charging journey with SSE: [electrahub-jmeter][full][017] step=payment state after terms
2026-07-02 01:04:56,936 INFO o.a.j.p.j.s.J.Full charging journey with SSE: [electrahub-jmeter][full][017] http GET /payment/api/v1/payment/state status=200 elapsedMs=62
2026-07-02 01:04:56,937 INFO o.a.j.p.j.s.J.Full charging journey with SSE: [electrahub-jmeter][full][017] step=add card
2026-07-02 01:04:56,996 INFO o.a.j.p.j.s.J.Full charging journey with SSE: [electrahub-jmeter][full][017] http POST /payment/api/v1/payment/cards status=201 elapsedMs=58
2026-07-02 01:04:56,996 INFO o.a.j.p.j.s.J.Full charging journey with SSE: [electrahub-jmeter][full][017] step=wallet topup
2026-07-02 01:04:57,053 INFO o.a.j.p.j.s.J.Full charging journey with SSE: [electrahub-jmeter][full][017] http POST /payment/api/v1/payment/wallet/topups status=201 elapsedMs=56
2026-07-02 01:04:57,053 INFO o.a.j.p.j.s.J.Full charging journey with SSE: [electrahub-jmeter][full][017] step=payment state after setup
2026-07-02 01:04:57,106 INFO o.a.j.p.j.s.J.Full charging journey with SSE: [electrahub-jmeter][full][017] http GET /payment/api/v1/payment/state status=200 elapsedMs=52
2026-07-02 01:04:57,107 INFO o.a.j.p.j.s.J.Full charging journey with SSE: [electrahub-jmeter][full][017] payment ready wallet=120.00
2026-07-02 01:04:57,108 INFO o.a.j.p.j.s.J.Full charging journey with SSE: [electrahub-jmeter][full][017] step=charger graphql list
2026-07-02 01:04:57,200 INFO o.a.j.p.j.s.J.Full charging journey with SSE: [electrahub-jmeter][full][017] http POST /charger/graphql status=200 elapsedMs=91
2026-07-02 01:04:57,203 INFO o.a.j.p.j.s.J.Full charging journey with SSE: [electrahub-jmeter][full][017] dynamic connector selection found no available connector; using CSV connector
2026-07-02 01:04:57,203 INFO o.a.j.p.j.s.J.Full charging journey with SSE: [electrahub-jmeter][full][017] step=charger graphql view
2026-07-02 01:04:57,269 INFO o.a.j.p.j.s.J.Full charging journey with SSE: [electrahub-jmeter][full][017] http POST /charger/graphql status=200 elapsedMs=65
2026-07-02 01:04:57,270 INFO o.a.j.p.j.s.J.Full charging journey with SSE: [electrahub-jmeter][full][017] step=payment state before start
2026-07-02 01:04:57,329 INFO o.a.j.p.j.s.J.Full charging journey with SSE: [electrahub-jmeter][full][017] http GET /payment/api/v1/payment/state status=200 elapsedMs=58
2026-07-02 01:04:57,332 INFO o.a.j.p.j.s.J.Full charging journey with SSE: [electrahub-jmeter][full][017] using connector csv fallback attempts=100 startIndex=17/100
2026-07-02 01:04:57,333 INFO o.a.j.p.j.s.J.Full charging journey with SSE: [electrahub-jmeter][full][017] step=start charging attempt 1
2026-07-02 01:04:57,395 INFO o.a.j.p.j.s.J.Full charging journey with SSE: [electrahub-jmeter][full][017] http POST /session/api/v1/sessions/start status=409 elapsedMs=61
2026-07-02 01:04:57,396 INFO o.a.j.p.j.s.J.Full charging journey with SSE: [electrahub-jmeter][full][017] start skipped EH-US-CHG-0017/CON-US-0017 HTTP 409; trying next connector
2026-07-02 01:04:57,442 INFO o.a.j.p.j.s.J.Full charging journey with SSE: [electrahub-jmeter][full][016] http POST /session/api/v1/sessions/start status=201 elapsedMs=670
2026-07-02 01:04:57,442 INFO o.a.j.p.j.s.J.Full charging journey with SSE: [electrahub-jmeter][full][016] started session=9d18d4c9-ac8d-4bf4-9354-b349de3a8f3c charger=EH-US-CHG-0021/CON-US-0021 status=PREPARING remote=Accepted attempt=6/100
2026-07-02 01:04:57,443 INFO o.a.j.p.j.s.J.Full charging journey with SSE: [electrahub-jmeter][full][016] step=active sessions
2026-07-02 01:04:58,397 INFO o.a.j.p.j.s.J.Full charging journey with SSE: [electrahub-jmeter][full][017] step=start charging attempt 2
2026-07-02 01:04:58,448 INFO o.a.j.p.j.s.J.Full charging journey with SSE: [electrahub-jmeter][full][016] http GET /session/api/v1/sessions/active status=200 elapsedMs=1004
2026-07-02 01:04:58,463 INFO o.a.j.p.j.s.J.Full charging journey with SSE: [electrahub-jmeter][full][017] http POST /session/api/v1/sessions/start status=409 elapsedMs=65
2026-07-02 01:04:58,464 INFO o.a.j.p.j.s.J.Full charging journey with SSE: [electrahub-jmeter][full][017] start skipped EH-US-CHG-0018/CON-US-0018 HTTP 409; trying next connector
2026-07-02 01:04:59,465 INFO o.a.j.p.j.s.J.Full charging journey with SSE: [electrahub-jmeter][full][017] step=start charging attempt 3
2026-07-02 01:04:59,539 INFO o.a.j.p.j.s.J.Full charging journey with SSE: [electrahub-jmeter][full][017] http POST /session/api/v1/sessions/start status=409 elapsedMs=73
2026-07-02 01:04:59,540 INFO o.a.j.p.j.s.J.Full charging journey with SSE: [electrahub-jmeter][full][017] start skipped EH-US-CHG-0019/CON-US-0019 HTTP 409; trying next connector
2026-07-02 01:05:00,541 INFO o.a.j.p.j.s.J.Full charging journey with SSE: [electrahub-jmeter][full][017] step=start charging attempt 4
2026-07-02 01:05:00,613 INFO o.a.j.p.j.s.J.Full charging journey with SSE: [electrahub-jmeter][full][017] http POST /session/api/v1/sessions/start status=409 elapsedMs=71
2026-07-02 01:05:00,614 INFO o.a.j.p.j.s.J.Full charging journey with SSE: [electrahub-jmeter][full][017] start skipped EH-US-CHG-0020/CON-US-0020 HTTP 409; trying next connector
2026-07-02 01:05:01,465 INFO o.a.j.p.j.s.J.Full charging journey with SSE: [electrahub-jmeter][full][006] sse ok connected=1 snapshot=2 updates=23 receipts=0 heartbeats=0
2026-07-02 01:05:01,466 INFO o.a.j.p.j.s.J.Full charging journey with SSE: [electrahub-jmeter][full][006] holding session for 49s before stop
2026-07-02 01:05:01,615 INFO o.a.j.p.j.s.J.Full charging journey with SSE: [electrahub-jmeter][full][017] step=start charging attempt 5
2026-07-02 01:05:01,690 INFO o.a.j.p.j.s.J.Full charging journey with SSE: [electrahub-jmeter][full][017] http POST /session/api/v1/sessions/start status=409 elapsedMs=74
2026-07-02 01:05:01,691 INFO o.a.j.p.j.s.J.Full charging journey with SSE: [electrahub-jmeter][full][017] start skipped EH-US-CHG-0021/CON-US-0021 HTTP 409; trying next connector
2026-07-02 01:05:02,375 INFO o.a.j.t.JMeterThread: Thread started: 100 driver charging journeys 1-18
2026-07-02 01:05:02,380 INFO o.a.j.p.j.s.J.Full charging journey with SSE: [electrahub-jmeter][full][018] step=register
2026-07-02 01:05:02,585 INFO o.a.j.p.j.s.J.Full charging journey with SSE: [electrahub-jmeter][full][018] http POST /auth/api/auth/register status=200 elapsedMs=204
2026-07-02 01:05:02,586 INFO o.a.j.p.j.s.J.Full charging journey with SSE: [electrahub-jmeter][full][018] registered uid=82d39a0c-d9f6-4665-8a45-3044d1e41270
2026-07-02 01:05:02,596 INFO o.a.j.p.j.s.J.Full charging journey with SSE: [electrahub-jmeter][full][018] step=payment state before setup
2026-07-02 01:05:02,658 INFO o.a.j.p.j.s.J.Full charging journey with SSE: [electrahub-jmeter][full][018] http GET /payment/api/v1/payment/state status=451 elapsedMs=61
2026-07-02 01:05:02,659 INFO o.a.j.p.j.s.J.Full charging journey with SSE: [electrahub-jmeter][full][018] step=accept terms
2026-07-02 01:05:02,697 INFO o.a.j.p.j.s.J.Full charging journey with SSE: [electrahub-jmeter][full][017] step=start charging attempt 6
2026-07-02 01:05:02,723 INFO o.a.j.p.j.s.J.Full charging journey with SSE: [electrahub-jmeter][full][018] http POST /auth/api/terms/accept status=201 elapsedMs=63
2026-07-02 01:05:02,724 INFO o.a.j.p.j.s.J.Full charging journey with SSE: [electrahub-jmeter][full][018] accepted terms; refreshing token through login
2026-07-02 01:05:02,724 INFO o.a.j.p.j.s.J.Full charging journey with SSE: [electrahub-jmeter][full][018] step=login
2026-07-02 01:05:02,894 INFO o.a.j.p.j.s.J.Full charging journey with SSE: [electrahub-jmeter][full][018] http POST /auth/api/auth/login status=200 elapsedMs=168
2026-07-02 01:05:02,895 INFO o.a.j.p.j.s.J.Full charging journey with SSE: [electrahub-jmeter][full][018] logged in uid=82d39a0c-d9f6-4665-8a45-3044d1e41270
2026-07-02 01:05:02,896 INFO o.a.j.p.j.s.J.Full charging journey with SSE: [electrahub-jmeter][full][018] step=payment state after terms
2026-07-02 01:05:02,964 INFO o.a.j.p.j.s.J.Full charging journey with SSE: [electrahub-jmeter][full][018] http GET /payment/api/v1/payment/state status=200 elapsedMs=67
2026-07-02 01:05:02,965 INFO o.a.j.p.j.s.J.Full charging journey with SSE: [electrahub-jmeter][full][018] step=add card
2026-07-02 01:05:03,038 INFO o.a.j.p.j.s.J.Full charging journey with SSE: [electrahub-jmeter][full][018] http POST /payment/api/v1/payment/cards status=201 elapsedMs=72
2026-07-02 01:05:03,039 INFO o.a.j.p.j.s.J.Full charging journey with SSE: [electrahub-jmeter][full][018] step=wallet topup
2026-07-02 01:05:03,106 INFO o.a.j.p.j.s.J.Full charging journey with SSE: [electrahub-jmeter][full][018] http POST /payment/api/v1/payment/wallet/topups status=201 elapsedMs=66
2026-07-02 01:05:03,107 INFO o.a.j.p.j.s.J.Full charging journey with SSE: [electrahub-jmeter][full][018] step=payment state after setup
2026-07-02 01:05:03,165 INFO o.a.j.p.j.s.J.Full charging journey with SSE: [electrahub-jmeter][full][018] http GET /payment/api/v1/payment/state status=200 elapsedMs=57
2026-07-02 01:05:03,166 INFO o.a.j.p.j.s.J.Full charging journey with SSE: [electrahub-jmeter][full][018] payment ready wallet=120.00
2026-07-02 01:05:03,167 INFO o.a.j.p.j.s.J.Full charging journey with SSE: [electrahub-jmeter][full][018] step=charger graphql list
2026-07-02 01:05:03,260 INFO o.a.j.p.j.s.J.Full charging journey with SSE: [electrahub-jmeter][full][018] http POST /charger/graphql status=200 elapsedMs=92
2026-07-02 01:05:03,262 INFO o.a.j.p.j.s.J.Full charging journey with SSE: [electrahub-jmeter][full][018] dynamic connector selection found no available connector; using CSV connector
2026-07-02 01:05:03,263 INFO o.a.j.p.j.s.J.Full charging journey with SSE: [electrahub-jmeter][full][018] step=charger graphql view
2026-07-02 01:05:03,335 INFO o.a.j.p.j.s.J.Full charging journey with SSE: [electrahub-jmeter][full][018] http POST /charger/graphql status=200 elapsedMs=71
2026-07-02 01:05:03,336 INFO o.a.j.p.j.s.J.Full charging journey with SSE: [electrahub-jmeter][full][018] step=payment state before start
2026-07-02 01:05:03,402 INFO o.a.j.p.j.s.J.Full charging journey with SSE: [electrahub-jmeter][full][018] http GET /payment/api/v1/payment/state status=200 elapsedMs=65
2026-07-02 01:05:03,405 INFO o.a.j.p.j.s.J.Full charging journey with SSE: [electrahub-jmeter][full][018] using connector csv fallback attempts=100 startIndex=18/100
2026-07-02 01:05:03,405 INFO o.a.j.p.j.s.J.Full charging journey with SSE: [electrahub-jmeter][full][018] step=start charging attempt 1
2026-07-02 01:05:03,472 INFO o.a.j.p.j.s.J.Full charging journey with SSE: [electrahub-jmeter][full][018] http POST /session/api/v1/sessions/start status=409 elapsedMs=66
2026-07-02 01:05:03,473 INFO o.a.j.p.j.s.J.Full charging journey with SSE: [electrahub-jmeter][full][018] start skipped EH-US-CHG-0018/CON-US-0018 HTTP 409; trying next connector
2026-07-02 01:05:03,495 INFO o.a.j.p.j.s.J.Full charging journey with SSE: [electrahub-jmeter][full][017] http POST /session/api/v1/sessions/start status=201 elapsedMs=755
2026-07-02 01:05:03,495 INFO o.a.j.p.j.s.J.Full charging journey with SSE: [electrahub-jmeter][full][017] started session=81315322-0867-4f38-9143-9f3b4869c84d charger=EH-US-CHG-0022/CON-US-0022 status=PREPARING remote=Accepted attempt=6/100
2026-07-02 01:05:03,496 INFO o.a.j.p.j.s.J.Full charging journey with SSE: [electrahub-jmeter][full][017] step=active sessions
2026-07-02 01:05:04,474 INFO o.a.j.p.j.s.J.Full charging journey with SSE: [electrahub-jmeter][full][018] step=start charging attempt 2
2026-07-02 01:05:04,497 INFO o.a.j.p.j.s.J.Full charging journey with SSE: [electrahub-jmeter][full][017] http GET /session/api/v1/sessions/active status=200 elapsedMs=1000
2026-07-02 01:05:04,561 INFO o.a.j.p.j.s.J.Full charging journey with SSE: [electrahub-jmeter][full][018] http POST /session/api/v1/sessions/start status=409 elapsedMs=85
2026-07-02 01:05:04,562 INFO o.a.j.p.j.s.J.Full charging journey with SSE: [electrahub-jmeter][full][018] start skipped EH-US-CHG-0019/CON-US-0019 HTTP 409; trying next connector
2026-07-02 01:05:05,563 INFO o.a.j.p.j.s.J.Full charging journey with SSE: [electrahub-jmeter][full][018] step=start charging attempt 3
2026-07-02 01:05:05,639 INFO o.a.j.p.j.s.J.Full charging journey with SSE: [electrahub-jmeter][full][018] http POST /session/api/v1/sessions/start status=409 elapsedMs=75
2026-07-02 01:05:05,640 INFO o.a.j.p.j.s.J.Full charging journey with SSE: [electrahub-jmeter][full][018] start skipped EH-US-CHG-0020/CON-US-0020 HTTP 409; trying next connector
2026-07-02 01:05:06,641 INFO o.a.j.p.j.s.J.Full charging journey with SSE: [electrahub-jmeter][full][018] step=start charging attempt 4
2026-07-02 01:05:06,708 INFO o.a.j.p.j.s.J.Full charging journey with SSE: [electrahub-jmeter][full][018] http POST /session/api/v1/sessions/start status=409 elapsedMs=65
2026-07-02 01:05:06,711 INFO o.a.j.p.j.s.J.Full charging journey with SSE: [electrahub-jmeter][full][018] start skipped EH-US-CHG-0021/CON-US-0021 HTTP 409; trying next connector
2026-07-02 01:05:07,712 INFO o.a.j.p.j.s.J.Full charging journey with SSE: [electrahub-jmeter][full][018] step=start charging attempt 5
2026-07-02 01:05:07,786 INFO o.a.j.p.j.s.J.Full charging journey with SSE: [electrahub-jmeter][full][018] http POST /session/api/v1/sessions/start status=409 elapsedMs=73
2026-07-02 01:05:07,787 INFO o.a.j.p.j.s.J.Full charging journey with SSE: [electrahub-jmeter][full][018] start skipped EH-US-CHG-0022/CON-US-0022 HTTP 409; trying next connector
2026-07-02 01:05:08,375 INFO o.a.j.t.JMeterThread: Thread started: 100 driver charging journeys 1-19
2026-07-02 01:05:08,380 INFO o.a.j.p.j.s.J.Full charging journey with SSE: [electrahub-jmeter][full][019] step=register
2026-07-02 01:05:08,524 INFO o.a.j.p.j.s.J.Full charging journey with SSE: [electrahub-jmeter][full][007] sse ok connected=1 snapshot=2 updates=25 receipts=0 heartbeats=0
2026-07-02 01:05:08,525 INFO o.a.j.p.j.s.J.Full charging journey with SSE: [electrahub-jmeter][full][007] holding session for 48s before stop
2026-07-02 01:05:08,588 INFO o.a.j.p.j.s.J.Full charging journey with SSE: [electrahub-jmeter][full][019] http POST /auth/api/auth/register status=200 elapsedMs=207
2026-07-02 01:05:08,589 INFO o.a.j.p.j.s.J.Full charging journey with SSE: [electrahub-jmeter][full][019] registered uid=20e4d021-8339-4707-8fd0-c33f4cd70719
2026-07-02 01:05:08,597 INFO o.a.j.p.j.s.J.Full charging journey with SSE: [electrahub-jmeter][full][019] step=payment state before setup
2026-07-02 01:05:08,660 INFO o.a.j.p.j.s.J.Full charging journey with SSE: [electrahub-jmeter][full][019] http GET /payment/api/v1/payment/state status=451 elapsedMs=59
2026-07-02 01:05:08,661 INFO o.a.j.p.j.s.J.Full charging journey with SSE: [electrahub-jmeter][full][019] step=accept terms
2026-07-02 01:05:08,740 INFO o.a.j.p.j.s.J.Full charging journey with SSE: [electrahub-jmeter][full][019] http POST /auth/api/terms/accept status=201 elapsedMs=79
2026-07-02 01:05:08,742 INFO o.a.j.p.j.s.J.Full charging journey with SSE: [electrahub-jmeter][full][019] accepted terms; refreshing token through login
2026-07-02 01:05:08,742 INFO o.a.j.p.j.s.J.Full charging journey with SSE: [electrahub-jmeter][full][019] step=login
2026-07-02 01:05:08,787 INFO o.a.j.p.j.s.J.Full charging journey with SSE: [electrahub-jmeter][full][018] step=start charging attempt 6
2026-07-02 01:05:08,898 INFO o.a.j.p.j.s.J.Full charging journey with SSE: [electrahub-jmeter][full][019] http POST /auth/api/auth/login status=200 elapsedMs=155
2026-07-02 01:05:08,899 INFO o.a.j.p.j.s.J.Full charging journey with SSE: [electrahub-jmeter][full][019] logged in uid=20e4d021-8339-4707-8fd0-c33f4cd70719
2026-07-02 01:05:08,900 INFO o.a.j.p.j.s.J.Full charging journey with SSE: [electrahub-jmeter][full][019] step=payment state after terms
2026-07-02 01:05:08,906 INFO o.a.j.p.j.s.J.Full charging journey with SSE: [electrahub-jmeter][full][018] http POST /session/api/v1/sessions/start status=409 elapsedMs=71
2026-07-02 01:05:08,907 INFO o.a.j.p.j.s.J.Full charging journey with SSE: [electrahub-jmeter][full][018] start skipped EH-US-CHG-0023/CON-US-0023 HTTP 409; trying next connector
2026-07-02 01:05:08,971 INFO o.a.j.p.j.s.J.Full charging journey with SSE: [electrahub-jmeter][full][019] http GET /payment/api/v1/payment/state status=200 elapsedMs=70
2026-07-02 01:05:08,971 INFO o.a.j.p.j.s.J.Full charging journey with SSE: [electrahub-jmeter][full][019] step=add card
2026-07-02 01:05:09,033 INFO o.a.j.p.j.s.J.Full charging journey with SSE: [electrahub-jmeter][full][019] http POST /payment/api/v1/payment/cards status=201 elapsedMs=61
2026-07-02 01:05:09,034 INFO o.a.j.p.j.s.J.Full charging journey with SSE: [electrahub-jmeter][full][019] step=wallet topup
2026-07-02 01:05:09,100 INFO o.a.j.p.j.s.J.Full charging journey with SSE: [electrahub-jmeter][full][019] http POST /payment/api/v1/payment/wallet/topups status=201 elapsedMs=65
2026-07-02 01:05:09,101 INFO o.a.j.p.j.s.J.Full charging journey with SSE: [electrahub-jmeter][full][019] step=payment state after setup
2026-07-02 01:05:09,156 INFO o.a.j.p.j.s.J.Full charging journey with SSE: [electrahub-jmeter][full][019] http GET /payment/api/v1/payment/state status=200 elapsedMs=54
2026-07-02 01:05:09,157 INFO o.a.j.p.j.s.J.Full charging journey with SSE: [electrahub-jmeter][full][019] payment ready wallet=120.00
2026-07-02 01:05:09,158 INFO o.a.j.p.j.s.J.Full charging journey with SSE: [electrahub-jmeter][full][019] step=charger graphql list
2026-07-02 01:05:09,248 INFO o.a.j.p.j.s.J.Full charging journey with SSE: [electrahub-jmeter][full][019] http POST /charger/graphql status=200 elapsedMs=89
2026-07-02 01:05:09,250 INFO o.a.j.p.j.s.J.Full charging journey with SSE: [electrahub-jmeter][full][019] dynamic connector selection found no available connector; using CSV connector
2026-07-02 01:05:09,250 INFO o.a.j.p.j.s.J.Full charging journey with SSE: [electrahub-jmeter][full][019] step=charger graphql view
2026-07-02 01:05:09,330 INFO o.a.j.p.j.s.J.Full charging journey with SSE: [electrahub-jmeter][full][019] http POST /charger/graphql status=200 elapsedMs=79
2026-07-02 01:05:09,330 INFO o.a.j.p.j.s.J.Full charging journey with SSE: [electrahub-jmeter][full][019] step=payment state before start
2026-07-02 01:05:09,392 INFO o.a.j.p.j.s.J.Full charging journey with SSE: [electrahub-jmeter][full][019] http GET /payment/api/v1/payment/state status=200 elapsedMs=61
2026-07-02 01:05:09,396 INFO o.a.j.p.j.s.J.Full charging journey with SSE: [electrahub-jmeter][full][019] using connector csv fallback attempts=100 startIndex=19/100
2026-07-02 01:05:09,396 INFO o.a.j.p.j.s.J.Full charging journey with SSE: [electrahub-jmeter][full][019] step=start charging attempt 1
2026-07-02 01:05:09,463 INFO o.a.j.p.j.s.J.Full charging journey with SSE: [electrahub-jmeter][full][019] http POST /session/api/v1/sessions/start status=409 elapsedMs=66
2026-07-02 01:05:09,463 INFO o.a.j.p.j.s.J.Full charging journey with SSE: [electrahub-jmeter][full][019] start skipped EH-US-CHG-0019/CON-US-0019 HTTP 409; trying next connector
2026-07-02 01:05:09,908 INFO o.a.j.p.j.s.J.Full charging journey with SSE: [electrahub-jmeter][full][018] step=start charging attempt 7
2026-07-02 01:05:09,982 INFO o.a.j.p.j.s.J.Full charging journey with SSE: [electrahub-jmeter][full][018] http POST /session/api/v1/sessions/start status=409 elapsedMs=73
2026-07-02 01:05:09,983 INFO o.a.j.p.j.s.J.Full charging journey with SSE: [electrahub-jmeter][full][018] start skipped EH-US-CHG-0024/CON-US-0024 HTTP 409; trying next connector
2026-07-02 01:05:10,464 INFO o.a.j.p.j.s.J.Full charging journey with SSE: [electrahub-jmeter][full][019] step=start charging attempt 2
2026-07-02 01:05:10,535 INFO o.a.j.p.j.s.J.Full charging journey with SSE: [electrahub-jmeter][full][019] http POST /session/api/v1/sessions/start status=409 elapsedMs=69
2026-07-02 01:05:10,536 INFO o.a.j.p.j.s.J.Full charging journey with SSE: [electrahub-jmeter][full][019] start skipped EH-US-CHG-0020/CON-US-0020 HTTP 409; trying next connector
2026-07-02 01:05:10,984 INFO o.a.j.p.j.s.J.Full charging journey with SSE: [electrahub-jmeter][full][018] step=start charging attempt 8
2026-07-02 01:05:11,537 INFO o.a.j.p.j.s.J.Full charging journey with SSE: [electrahub-jmeter][full][019] step=start charging attempt 3
2026-07-02 01:05:11,553 INFO o.a.j.p.j.s.J.Full charging journey with SSE: [electrahub-jmeter][full][018] http POST /session/api/v1/sessions/start status=201 elapsedMs=568
2026-07-02 01:05:11,554 INFO o.a.j.p.j.s.J.Full charging journey with SSE: [electrahub-jmeter][full][018] started session=38798132-131f-41ee-9df7-de3a32b21b1c charger=EH-US-CHG-0025/CON-US-0025 status=PREPARING remote=Accepted attempt=8/100
2026-07-02 01:05:11,554 INFO o.a.j.p.j.s.J.Full charging journey with SSE: [electrahub-jmeter][full][018] step=active sessions
2026-07-02 01:05:11,604 INFO o.a.j.p.j.s.J.Full charging journey with SSE: [electrahub-jmeter][full][019] http POST /session/api/v1/sessions/start status=409 elapsedMs=65
2026-07-02 01:05:11,605 INFO o.a.j.p.j.s.J.Full charging journey with SSE: [electrahub-jmeter][full][019] start skipped EH-US-CHG-0021/CON-US-0021 HTTP 409; trying next connector
2026-07-02 01:05:12,561 INFO o.a.j.p.j.s.J.Full charging journey with SSE: [electrahub-jmeter][full][018] http GET /session/api/v1/sessions/active status=200 elapsedMs=1006
2026-07-02 01:05:12,606 INFO o.a.j.p.j.s.J.Full charging journey with SSE: [electrahub-jmeter][full][019] step=start charging attempt 4
2026-07-02 01:05:12,679 INFO o.a.j.p.j.s.J.Full charging journey with SSE: [electrahub-jmeter][full][019] http POST /session/api/v1/sessions/start status=409 elapsedMs=72
2026-07-02 01:05:12,679 INFO o.a.j.p.j.s.J.Full charging journey with SSE: [electrahub-jmeter][full][019] start skipped EH-US-CHG-0022/CON-US-0022 HTTP 409; trying next connector
2026-07-02 01:05:13,680 INFO o.a.j.p.j.s.J.Full charging journey with SSE: [electrahub-jmeter][full][019] step=start charging attempt 5
2026-07-02 01:05:13,751 INFO o.a.j.p.j.s.J.Full charging journey with SSE: [electrahub-jmeter][full][019] http POST /session/api/v1/sessions/start status=409 elapsedMs=69
2026-07-02 01:05:13,752 INFO o.a.j.p.j.s.J.Full charging journey with SSE: [electrahub-jmeter][full][019] start skipped EH-US-CHG-0023/CON-US-0023 HTTP 409; trying next connector
2026-07-02 01:05:14,376 INFO o.a.j.t.JMeterThread: Thread started: 100 driver charging journeys 1-20
2026-07-02 01:05:14,381 INFO o.a.j.p.j.s.J.Full charging journey with SSE: [electrahub-jmeter][full][020] step=register
2026-07-02 01:05:14,573 INFO o.a.j.p.j.s.J.Full charging journey with SSE: [electrahub-jmeter][full][008] sse ok connected=1 snapshot=2 updates=23 receipts=0 heartbeats=0
2026-07-02 01:05:14,574 INFO o.a.j.p.j.s.J.Full charging journey with SSE: [electrahub-jmeter][full][008] holding session for 48s before stop
2026-07-02 01:05:14,593 INFO o.a.j.p.j.s.J.Full charging journey with SSE: [electrahub-jmeter][full][020] http POST /auth/api/auth/register status=200 elapsedMs=211
2026-07-02 01:05:14,594 INFO o.a.j.p.j.s.J.Full charging journey with SSE: [electrahub-jmeter][full][020] registered uid=c7a23b3d-d808-4aa0-9466-614b5a495340
2026-07-02 01:05:14,604 INFO o.a.j.p.j.s.J.Full charging journey with SSE: [electrahub-jmeter][full][020] step=payment state before setup
2026-07-02 01:05:14,654 INFO o.a.j.p.j.s.J.Full charging journey with SSE: [electrahub-jmeter][full][020] http GET /payment/api/v1/payment/state status=451 elapsedMs=50
2026-07-02 01:05:14,655 INFO o.a.j.p.j.s.J.Full charging journey with SSE: [electrahub-jmeter][full][020] step=accept terms
2026-07-02 01:05:14,713 INFO o.a.j.p.j.s.J.Full charging journey with SSE: [electrahub-jmeter][full][020] http POST /auth/api/terms/accept status=201 elapsedMs=57
2026-07-02 01:05:14,714 INFO o.a.j.p.j.s.J.Full charging journey with SSE: [electrahub-jmeter][full][020] accepted terms; refreshing token through login
2026-07-02 01:05:14,714 INFO o.a.j.p.j.s.J.Full charging journey with SSE: [electrahub-jmeter][full][020] step=login
2026-07-02 01:05:14,753 INFO o.a.j.p.j.s.J.Full charging journey with SSE: [electrahub-jmeter][full][019] step=start charging attempt 6
2026-07-02 01:05:14,865 INFO o.a.j.p.j.s.J.Full charging journey with SSE: [electrahub-jmeter][full][019] http POST /session/api/v1/sessions/start status=409 elapsedMs=75
2026-07-02 01:05:14,866 INFO o.a.j.p.j.s.J.Full charging journey with SSE: [electrahub-jmeter][full][019] start skipped EH-US-CHG-0024/CON-US-0024 HTTP 409; trying next connector
2026-07-02 01:05:14,873 INFO o.a.j.p.j.s.J.Full charging journey with SSE: [electrahub-jmeter][full][020] http POST /auth/api/auth/login status=200 elapsedMs=158
2026-07-02 01:05:14,874 INFO o.a.j.p.j.s.J.Full charging journey with SSE: [electrahub-jmeter][full][020] logged in uid=c7a23b3d-d808-4aa0-9466-614b5a495340
2026-07-02 01:05:14,874 INFO o.a.j.p.j.s.J.Full charging journey with SSE: [electrahub-jmeter][full][020] step=payment state after terms
2026-07-02 01:05:14,931 INFO o.a.j.p.j.s.J.Full charging journey with SSE: [electrahub-jmeter][full][020] http GET /payment/api/v1/payment/state status=200 elapsedMs=56
2026-07-02 01:05:14,932 INFO o.a.j.p.j.s.J.Full charging journey with SSE: [electrahub-jmeter][full][020] step=add card
2026-07-02 01:05:14,997 INFO o.a.j.p.j.s.J.Full charging journey with SSE: [electrahub-jmeter][full][020] http POST /payment/api/v1/payment/cards status=201 elapsedMs=64
2026-07-02 01:05:14,998 INFO o.a.j.p.j.s.J.Full charging journey with SSE: [electrahub-jmeter][full][020] step=wallet topup
2026-07-02 01:05:15,058 INFO o.a.j.p.j.s.J.Full charging journey with SSE: [electrahub-jmeter][full][020] http POST /payment/api/v1/payment/wallet/topups status=201 elapsedMs=59
2026-07-02 01:05:15,059 INFO o.a.j.p.j.s.J.Full charging journey with SSE: [electrahub-jmeter][full][020] step=payment state after setup
2026-07-02 01:05:15,121 INFO o.a.j.p.j.s.J.Full charging journey with SSE: [electrahub-jmeter][full][020] http GET /payment/api/v1/payment/state status=200 elapsedMs=62
2026-07-02 01:05:15,122 INFO o.a.j.p.j.s.J.Full charging journey with SSE: [electrahub-jmeter][full][020] payment ready wallet=120.00
2026-07-02 01:05:15,123 INFO o.a.j.p.j.s.J.Full charging journey with SSE: [electrahub-jmeter][full][020] step=charger graphql list
2026-07-02 01:05:15,234 INFO o.a.j.p.j.s.J.Full charging journey with SSE: [electrahub-jmeter][full][020] http POST /charger/graphql status=200 elapsedMs=110
2026-07-02 01:05:15,235 INFO o.a.j.p.j.s.J.Full charging journey with SSE: [electrahub-jmeter][full][020] dynamic connector selection found no available connector; using CSV connector
2026-07-02 01:05:15,236 INFO o.a.j.p.j.s.J.Full charging journey with SSE: [electrahub-jmeter][full][020] step=charger graphql view
2026-07-02 01:05:15,314 INFO o.a.j.p.j.s.J.Full charging journey with SSE: [electrahub-jmeter][full][020] http POST /charger/graphql status=200 elapsedMs=77
2026-07-02 01:05:15,315 INFO o.a.j.p.j.s.J.Full charging journey with SSE: [electrahub-jmeter][full][020] step=payment state before start
2026-07-02 01:05:15,369 INFO o.a.j.p.j.s.J.Full charging journey with SSE: [electrahub-jmeter][full][020] http GET /payment/api/v1/payment/state status=200 elapsedMs=54
2026-07-02 01:05:15,372 INFO o.a.j.p.j.s.J.Full charging journey with SSE: [electrahub-jmeter][full][020] using connector csv fallback attempts=100 startIndex=20/100
2026-07-02 01:05:15,373 INFO o.a.j.p.j.s.J.Full charging journey with SSE: [electrahub-jmeter][full][020] step=start charging attempt 1
2026-07-02 01:05:15,433 INFO o.a.j.p.j.s.J.Full charging journey with SSE: [electrahub-jmeter][full][020] http POST /session/api/v1/sessions/start status=409 elapsedMs=59
2026-07-02 01:05:15,433 INFO o.a.j.p.j.s.J.Full charging journey with SSE: [electrahub-jmeter][full][020] start skipped EH-US-CHG-0020/CON-US-0020 HTTP 409; trying next connector
2026-07-02 01:05:15,867 INFO o.a.j.p.j.s.J.Full charging journey with SSE: [electrahub-jmeter][full][019] step=start charging attempt 7
2026-07-02 01:05:15,929 INFO o.a.j.p.j.s.J.Full charging journey with SSE: [electrahub-jmeter][full][019] http POST /session/api/v1/sessions/start status=409 elapsedMs=61
2026-07-02 01:05:15,930 INFO o.a.j.p.j.s.J.Full charging journey with SSE: [electrahub-jmeter][full][019] start skipped EH-US-CHG-0025/CON-US-0025 HTTP 409; trying next connector
2026-07-02 01:05:16,435 INFO o.a.j.p.j.s.J.Full charging journey with SSE: [electrahub-jmeter][full][020] step=start charging attempt 2
2026-07-02 01:05:16,512 INFO o.a.j.p.j.s.J.Full charging journey with SSE: [electrahub-jmeter][full][020] http POST /session/api/v1/sessions/start status=409 elapsedMs=76
2026-07-02 01:05:16,513 INFO o.a.j.p.j.s.J.Full charging journey with SSE: [electrahub-jmeter][full][020] start skipped EH-US-CHG-0021/CON-US-0021 HTTP 409; trying next connector
2026-07-02 01:05:16,931 INFO o.a.j.p.j.s.J.Full charging journey with SSE: [electrahub-jmeter][full][019] step=start charging attempt 8
2026-07-02 01:05:17,553 INFO o.a.j.p.j.s.J.Full charging journey with SSE: [electrahub-jmeter][full][019] http POST /session/api/v1/sessions/start status=409 elapsedMs=621
2026-07-02 01:05:17,554 INFO o.a.j.p.j.s.J.Full charging journey with SSE: [electrahub-jmeter][full][019] start skipped EH-US-CHG-0026/CON-US-0026 HTTP 409; trying next connector
2026-07-02 01:05:18,830 INFO o.a.j.p.j.s.J.Full charging journey with SSE: [electrahub-jmeter][full][020] step=start charging attempt 3
2026-07-02 01:05:18,902 INFO o.a.j.p.j.s.J.Full charging journey with SSE: [electrahub-jmeter][full][020] http POST /session/api/v1/sessions/start status=409 elapsedMs=71
2026-07-02 01:05:18,903 INFO o.a.j.p.j.s.J.Full charging journey with SSE: [electrahub-jmeter][full][020] start skipped EH-US-CHG-0022/CON-US-0022 HTTP 409; trying next connector
2026-07-02 01:05:19,343 INFO o.a.j.p.j.s.J.Full charging journey with SSE: [electrahub-jmeter][full][019] step=start charging attempt 9
2026-07-02 01:05:19,408 INFO o.a.j.p.j.s.J.Full charging journey with SSE: [electrahub-jmeter][full][019] http POST /session/api/v1/sessions/start status=409 elapsedMs=64
2026-07-02 01:05:19,409 INFO o.a.j.p.j.s.J.Full charging journey with SSE: [electrahub-jmeter][full][019] start skipped EH-US-CHG-0027/CON-US-0027 HTTP 409; trying next connector
2026-07-02 01:05:19,903 INFO o.a.j.p.j.s.J.Full charging journey with SSE: [electrahub-jmeter][full][020] step=start charging attempt 4
2026-07-02 01:05:19,981 INFO o.a.j.p.j.s.J.Full charging journey with SSE: [electrahub-jmeter][full][020] http POST /session/api/v1/sessions/start status=409 elapsedMs=76
2026-07-02 01:05:19,982 INFO o.a.j.p.j.s.J.Full charging journey with SSE: [electrahub-jmeter][full][020] start skipped EH-US-CHG-0023/CON-US-0023 HTTP 409; trying next connector
2026-07-02 01:05:20,375 INFO o.a.j.t.JMeterThread: Thread started: 100 driver charging journeys 1-21
2026-07-02 01:05:20,381 INFO o.a.j.p.j.s.J.Full charging journey with SSE: [electrahub-jmeter][full][021] step=register
2026-07-02 01:05:20,410 INFO o.a.j.p.j.s.J.Full charging journey with SSE: [electrahub-jmeter][full][019] step=start charging attempt 10
2026-07-02 01:05:20,542 INFO o.a.j.p.j.s.J.Full charging journey with SSE: [electrahub-jmeter][full][021] http POST /auth/api/auth/register status=200 elapsedMs=161
2026-07-02 01:05:20,542 INFO o.a.j.p.j.s.J.Full charging journey with SSE: [electrahub-jmeter][full][019] http POST /session/api/v1/sessions/start status=409 elapsedMs=83
2026-07-02 01:05:20,542 INFO o.a.j.p.j.s.J.Full charging journey with SSE: [electrahub-jmeter][full][021] registered uid=f9bdc379-f342-48b3-8210-2dd0e609fe22
2026-07-02 01:05:20,543 INFO o.a.j.p.j.s.J.Full charging journey with SSE: [electrahub-jmeter][full][019] start skipped EH-US-CHG-0028/CON-US-0028 HTTP 409; trying next connector
2026-07-02 01:05:20,548 INFO o.a.j.p.j.s.J.Full charging journey with SSE: [electrahub-jmeter][full][021] step=payment state before setup
2026-07-02 01:05:20,601 INFO o.a.j.p.j.s.J.Full charging journey with SSE: [electrahub-jmeter][full][021] http GET /payment/api/v1/payment/state status=451 elapsedMs=53
2026-07-02 01:05:20,602 INFO o.a.j.p.j.s.J.Full charging journey with SSE: [electrahub-jmeter][full][021] step=accept terms
2026-07-02 01:05:20,664 INFO o.a.j.p.j.s.J.Full charging journey with SSE: [electrahub-jmeter][full][021] http POST /auth/api/terms/accept status=201 elapsedMs=61
2026-07-02 01:05:20,665 INFO o.a.j.p.j.s.J.Full charging journey with SSE: [electrahub-jmeter][full][021] accepted terms; refreshing token through login
2026-07-02 01:05:20,666 INFO o.a.j.p.j.s.J.Full charging journey with SSE: [electrahub-jmeter][full][021] step=login
2026-07-02 01:05:20,812 INFO o.a.j.p.j.s.J.Full charging journey with SSE: [electrahub-jmeter][full][021] http POST /auth/api/auth/login status=200 elapsedMs=146
2026-07-02 01:05:20,813 INFO o.a.j.p.j.s.J.Full charging journey with SSE: [electrahub-jmeter][full][021] logged in uid=f9bdc379-f342-48b3-8210-2dd0e609fe22
2026-07-02 01:05:20,813 INFO o.a.j.p.j.s.J.Full charging journey with SSE: [electrahub-jmeter][full][021] step=payment state after terms
2026-07-02 01:05:20,881 INFO o.a.j.p.j.s.J.Full charging journey with SSE: [electrahub-jmeter][full][021] http GET /payment/api/v1/payment/state status=200 elapsedMs=67
2026-07-02 01:05:20,882 INFO o.a.j.p.j.s.J.Full charging journey with SSE: [electrahub-jmeter][full][021] step=add card
2026-07-02 01:05:20,943 INFO o.a.j.p.j.s.J.Full charging journey with SSE: [electrahub-jmeter][full][021] http POST /payment/api/v1/payment/cards status=201 elapsedMs=60
2026-07-02 01:05:20,944 INFO o.a.j.p.j.s.J.Full charging journey with SSE: [electrahub-jmeter][full][021] step=wallet topup
2026-07-02 01:05:20,982 INFO o.a.j.p.j.s.J.Full charging journey with SSE: [electrahub-jmeter][full][020] step=start charging attempt 5
2026-07-02 01:05:20,999 INFO o.a.j.p.j.s.J.Full charging journey with SSE: [electrahub-jmeter][full][021] http POST /payment/api/v1/payment/wallet/topups status=201 elapsedMs=54
2026-07-02 01:05:21,000 INFO o.a.j.p.j.s.J.Full charging journey with SSE: [electrahub-jmeter][full][021] step=payment state after setup
2026-07-02 01:05:21,048 INFO o.a.j.p.j.s.J.Full charging journey with SSE: [electrahub-jmeter][full][020] http POST /session/api/v1/sessions/start status=409 elapsedMs=64
2026-07-02 01:05:21,049 INFO o.a.j.p.j.s.J.Full charging journey with SSE: [electrahub-jmeter][full][020] start skipped EH-US-CHG-0024/CON-US-0024 HTTP 409; trying next connector
2026-07-02 01:05:21,057 INFO o.a.j.p.j.s.J.Full charging journey with SSE: [electrahub-jmeter][full][021] http GET /payment/api/v1/payment/state status=200 elapsedMs=57
2026-07-02 01:05:21,058 INFO o.a.j.p.j.s.J.Full charging journey with SSE: [electrahub-jmeter][full][021] payment ready wallet=120.00
2026-07-02 01:05:21,059 INFO o.a.j.p.j.s.J.Full charging journey with SSE: [electrahub-jmeter][full][021] step=charger graphql list
2026-07-02 01:05:21,145 INFO o.a.j.p.j.s.J.Full charging journey with SSE: [electrahub-jmeter][full][021] http POST /charger/graphql status=200 elapsedMs=86
2026-07-02 01:05:21,148 INFO o.a.j.p.j.s.J.Full charging journey with SSE: [electrahub-jmeter][full][021] dynamic connector selection found no available connector; using CSV connector
2026-07-02 01:05:21,148 INFO o.a.j.p.j.s.J.Full charging journey with SSE: [electrahub-jmeter][full][021] step=charger graphql view
2026-07-02 01:05:21,222 INFO o.a.j.p.j.s.J.Full charging journey with SSE: [electrahub-jmeter][full][021] http POST /charger/graphql status=200 elapsedMs=72
2026-07-02 01:05:21,222 INFO o.a.j.p.j.s.J.Full charging journey with SSE: [electrahub-jmeter][full][021] step=payment state before start
2026-07-02 01:05:21,276 INFO o.a.j.p.j.s.J.Full charging journey with SSE: [electrahub-jmeter][full][021] http GET /payment/api/v1/payment/state status=200 elapsedMs=53
2026-07-02 01:05:21,280 INFO o.a.j.p.j.s.J.Full charging journey with SSE: [electrahub-jmeter][full][021] using connector csv fallback attempts=100 startIndex=21/100
2026-07-02 01:05:21,280 INFO o.a.j.p.j.s.J.Full charging journey with SSE: [electrahub-jmeter][full][021] step=start charging attempt 1
2026-07-02 01:05:21,342 INFO o.a.j.p.j.s.J.Full charging journey with SSE: [electrahub-jmeter][full][021] http POST /session/api/v1/sessions/start status=409 elapsedMs=61
2026-07-02 01:05:21,343 INFO o.a.j.p.j.s.J.Full charging journey with SSE: [electrahub-jmeter][full][021] start skipped EH-US-CHG-0021/CON-US-0021 HTTP 409; trying next connector
2026-07-02 01:05:21,544 INFO o.a.j.p.j.s.J.Full charging journey with SSE: [electrahub-jmeter][full][019] step=start charging attempt 11
2026-07-02 01:05:21,615 INFO o.a.j.p.j.s.J.Full charging journey with SSE: [electrahub-jmeter][full][019] http POST /session/api/v1/sessions/start status=409 elapsedMs=70
2026-07-02 01:05:21,616 INFO o.a.j.p.j.s.J.Full charging journey with SSE: [electrahub-jmeter][full][019] start skipped EH-US-CHG-0029/CON-US-0029 HTTP 409; trying next connector
2026-07-02 01:05:21,946 INFO o.a.j.p.j.s.J.Full charging journey with SSE: [electrahub-jmeter][full][009] sse ok connected=1 snapshot=2 updates=23 receipts=0 heartbeats=0
2026-07-02 01:05:21,947 INFO o.a.j.p.j.s.J.Full charging journey with SSE: [electrahub-jmeter][full][009] holding session for 47s before stop
2026-07-02 01:05:22,049 INFO o.a.j.p.j.s.J.Full charging journey with SSE: [electrahub-jmeter][full][020] step=start charging attempt 6
2026-07-02 01:05:22,125 INFO o.a.j.p.j.s.J.Full charging journey with SSE: [electrahub-jmeter][full][020] http POST /session/api/v1/sessions/start status=409 elapsedMs=75
2026-07-02 01:05:22,126 INFO o.a.j.p.j.s.J.Full charging journey with SSE: [electrahub-jmeter][full][020] start skipped EH-US-CHG-0025/CON-US-0025 HTTP 409; trying next connector
2026-07-02 01:05:22,343 INFO o.a.j.p.j.s.J.Full charging journey with SSE: [electrahub-jmeter][full][021] step=start charging attempt 2
2026-07-02 01:05:22,412 INFO o.a.j.p.j.s.J.Full charging journey with SSE: [electrahub-jmeter][full][021] http POST /session/api/v1/sessions/start status=409 elapsedMs=67
2026-07-02 01:05:22,413 INFO o.a.j.p.j.s.J.Full charging journey with SSE: [electrahub-jmeter][full][021] start skipped EH-US-CHG-0022/CON-US-0022 HTTP 409; trying next connector
2026-07-02 01:05:22,617 INFO o.a.j.p.j.s.J.Full charging journey with SSE: [electrahub-jmeter][full][019] step=start charging attempt 12
2026-07-02 01:05:22,689 INFO o.a.j.p.j.s.J.Full charging journey with SSE: [electrahub-jmeter][full][019] http POST /session/api/v1/sessions/start status=409 elapsedMs=71
2026-07-02 01:05:22,690 INFO o.a.j.p.j.s.J.Full charging journey with SSE: [electrahub-jmeter][full][019] start skipped EH-US-CHG-0030/CON-US-0030 HTTP 409; trying next connector
2026-07-02 01:05:23,127 INFO o.a.j.p.j.s.J.Full charging journey with SSE: [electrahub-jmeter][full][020] step=start charging attempt 7
2026-07-02 01:05:23,195 INFO o.a.j.p.j.s.J.Full charging journey with SSE: [electrahub-jmeter][full][020] http POST /session/api/v1/sessions/start status=409 elapsedMs=67
2026-07-02 01:05:23,196 INFO o.a.j.p.j.s.J.Full charging journey with SSE: [electrahub-jmeter][full][020] start skipped EH-US-CHG-0026/CON-US-0026 HTTP 409; trying next connector
2026-07-02 01:05:23,414 INFO o.a.j.p.j.s.J.Full charging journey with SSE: [electrahub-jmeter][full][021] step=start charging attempt 3
2026-07-02 01:05:23,482 INFO o.a.j.p.j.s.J.Full charging journey with SSE: [electrahub-jmeter][full][021] http POST /session/api/v1/sessions/start status=409 elapsedMs=67
2026-07-02 01:05:23,483 INFO o.a.j.p.j.s.J.Full charging journey with SSE: [electrahub-jmeter][full][021] start skipped EH-US-CHG-0023/CON-US-0023 HTTP 409; trying next connector
2026-07-02 01:05:23,691 INFO o.a.j.p.j.s.J.Full charging journey with SSE: [electrahub-jmeter][full][019] step=start charging attempt 13
2026-07-02 01:05:23,764 INFO o.a.j.p.j.s.J.Full charging journey with SSE: [electrahub-jmeter][full][019] http POST /session/api/v1/sessions/start status=409 elapsedMs=72
2026-07-02 01:05:23,765 INFO o.a.j.p.j.s.J.Full charging journey with SSE: [electrahub-jmeter][full][019] start skipped EH-US-CHG-0031/CON-US-0031 HTTP 409; trying next connector
2026-07-02 01:05:24,197 INFO o.a.j.p.j.s.J.Full charging journey with SSE: [electrahub-jmeter][full][020] step=start charging attempt 8
2026-07-02 01:05:24,258 INFO o.a.j.p.j.s.J.Full charging journey with SSE: [electrahub-jmeter][full][020] http POST /session/api/v1/sessions/start status=409 elapsedMs=60
2026-07-02 01:05:24,259 INFO o.a.j.p.j.s.J.Full charging journey with SSE: [electrahub-jmeter][full][020] start skipped EH-US-CHG-0027/CON-US-0027 HTTP 409; trying next connector
2026-07-02 01:05:24,484 INFO o.a.j.p.j.s.J.Full charging journey with SSE: [electrahub-jmeter][full][021] step=start charging attempt 4
2026-07-02 01:05:24,547 INFO o.a.j.p.j.s.J.Full charging journey with SSE: [electrahub-jmeter][full][021] http POST /session/api/v1/sessions/start status=409 elapsedMs=62
2026-07-02 01:05:24,548 INFO o.a.j.p.j.s.J.Full charging journey with SSE: [electrahub-jmeter][full][021] start skipped EH-US-CHG-0024/CON-US-0024 HTTP 409; trying next connector
2026-07-02 01:05:24,766 INFO o.a.j.p.j.s.J.Full charging journey with SSE: [electrahub-jmeter][full][019] step=start charging attempt 14
2026-07-02 01:05:24,966 INFO o.a.j.p.j.s.J.Full charging journey with SSE: [electrahub-jmeter][full][019] http POST /session/api/v1/sessions/start status=201 elapsedMs=199
2026-07-02 01:05:24,966 INFO o.a.j.p.j.s.J.Full charging journey with SSE: [electrahub-jmeter][full][019] started session=5946e555-6ce4-4510-b395-f07639a3982c charger=EH-US-CHG-0032/CON-US-0032 status=PREPARING remote=Accepted attempt=14/100
2026-07-02 01:05:24,967 INFO o.a.j.p.j.s.J.Full charging journey with SSE: [electrahub-jmeter][full][019] step=active sessions
2026-07-02 01:05:25,260 INFO o.a.j.p.j.s.J.Full charging journey with SSE: [electrahub-jmeter][full][020] step=start charging attempt 9
2026-07-02 01:05:25,327 INFO o.a.j.p.j.s.J.Full charging journey with SSE: [electrahub-jmeter][full][020] http POST /session/api/v1/sessions/start status=409 elapsedMs=65
2026-07-02 01:05:25,328 INFO o.a.j.p.j.s.J.Full charging journey with SSE: [electrahub-jmeter][full][020] start skipped EH-US-CHG-0028/CON-US-0028 HTTP 409; trying next connector
2026-07-02 01:05:25,551 INFO o.a.j.p.j.s.J.Full charging journey with SSE: [electrahub-jmeter][full][021] step=start charging attempt 5
2026-07-02 01:05:25,584 INFO o.a.j.p.j.s.J.Full charging journey with SSE: [electrahub-jmeter][full][001] step=stop charging session
2026-07-02 01:05:25,619 INFO o.a.j.p.j.s.J.Full charging journey with SSE: [electrahub-jmeter][full][021] http POST /session/api/v1/sessions/start status=409 elapsedMs=66
2026-07-02 01:05:25,619 INFO o.a.j.p.j.s.J.Full charging journey with SSE: [electrahub-jmeter][full][021] start skipped EH-US-CHG-0025/CON-US-0025 HTTP 409; trying next connector
2026-07-02 01:05:25,969 INFO o.a.j.p.j.s.J.Full charging journey with SSE: [electrahub-jmeter][full][019] http GET /session/api/v1/sessions/active status=200 elapsedMs=1001
2026-07-02 01:05:25,977 INFO o.a.j.p.j.s.J.Full charging journey with SSE: [electrahub-jmeter][full][010] sse ok connected=1 snapshot=2 updates=23 receipts=0 heartbeats=0
2026-07-02 01:05:25,978 INFO o.a.j.p.j.s.J.Full charging journey with SSE: [electrahub-jmeter][full][010] holding session for 50s before stop
2026-07-02 01:05:26,329 INFO o.a.j.p.j.s.J.Full charging journey with SSE: [electrahub-jmeter][full][020] step=start charging attempt 10
2026-07-02 01:05:26,374 INFO o.a.j.t.JMeterThread: Thread started: 100 driver charging journeys 1-22
2026-07-02 01:05:26,380 INFO o.a.j.p.j.s.J.Full charging journey with SSE: [electrahub-jmeter][full][022] step=register
2026-07-02 01:05:26,400 INFO o.a.j.p.j.s.J.Full charging journey with SSE: [electrahub-jmeter][full][020] http POST /session/api/v1/sessions/start status=409 elapsedMs=70
2026-07-02 01:05:26,401 INFO o.a.j.p.j.s.J.Full charging journey with SSE: [electrahub-jmeter][full][020] start skipped EH-US-CHG-0029/CON-US-0029 HTTP 409; trying next connector
2026-07-02 01:05:26,620 INFO o.a.j.p.j.s.J.Full charging journey with SSE: [electrahub-jmeter][full][021] step=start charging attempt 6
2026-07-02 01:05:26,689 INFO o.a.j.p.j.s.J.Full charging journey with SSE: [electrahub-jmeter][full][021] http POST /session/api/v1/sessions/start status=409 elapsedMs=68
2026-07-02 01:05:26,690 INFO o.a.j.p.j.s.J.Full charging journey with SSE: [electrahub-jmeter][full][021] start skipped EH-US-CHG-0026/CON-US-0026 HTTP 409; trying next connector
2026-07-02 01:05:26,701 INFO o.a.j.p.j.s.J.Full charging journey with SSE: [electrahub-jmeter][full][022] http POST /auth/api/auth/register status=200 elapsedMs=274
2026-07-02 01:05:26,702 INFO o.a.j.p.j.s.J.Full charging journey with SSE: [electrahub-jmeter][full][022] registered uid=f59f5a86-6e77-4aa8-a24f-0954c0cb45cd
2026-07-02 01:05:26,711 INFO o.a.j.p.j.s.J.Full charging journey with SSE: [electrahub-jmeter][full][022] step=payment state before setup
2026-07-02 01:05:26,772 INFO o.a.j.p.j.s.J.Full charging journey with SSE: [electrahub-jmeter][full][022] http GET /payment/api/v1/payment/state status=451 elapsedMs=60
2026-07-02 01:05:26,773 INFO o.a.j.p.j.s.J.Full charging journey with SSE: [electrahub-jmeter][full][022] step=accept terms
2026-07-02 01:05:26,833 INFO o.a.j.p.j.s.J.Full charging journey with SSE: [electrahub-jmeter][full][022] http POST /auth/api/terms/accept status=201 elapsedMs=59
2026-07-02 01:05:26,834 INFO o.a.j.p.j.s.J.Full charging journey with SSE: [electrahub-jmeter][full][022] accepted terms; refreshing token through login
2026-07-02 01:05:26,835 INFO o.a.j.p.j.s.J.Full charging journey with SSE: [electrahub-jmeter][full][022] step=login
2026-07-02 01:05:26,992 INFO o.a.j.p.j.s.J.Full charging journey with SSE: [electrahub-jmeter][full][022] http POST /auth/api/auth/login status=200 elapsedMs=156
2026-07-02 01:05:26,993 INFO o.a.j.p.j.s.J.Full charging journey with SSE: [electrahub-jmeter][full][022] logged in uid=f59f5a86-6e77-4aa8-a24f-0954c0cb45cd
2026-07-02 01:05:26,993 INFO o.a.j.p.j.s.J.Full charging journey with SSE: [electrahub-jmeter][full][022] step=payment state after terms
2026-07-02 01:05:27,059 INFO o.a.j.p.j.s.J.Full charging journey with SSE: [electrahub-jmeter][full][022] http GET /payment/api/v1/payment/state status=200 elapsedMs=64
2026-07-02 01:05:27,059 INFO o.a.j.p.j.s.J.Full charging journey with SSE: [electrahub-jmeter][full][022] step=add card
2026-07-02 01:05:27,124 INFO o.a.j.p.j.s.J.Full charging journey with SSE: [electrahub-jmeter][full][022] http POST /payment/api/v1/payment/cards status=201 elapsedMs=64
2026-07-02 01:05:27,125 INFO o.a.j.p.j.s.J.Full charging journey with SSE: [electrahub-jmeter][full][022] step=wallet topup
2026-07-02 01:05:27,183 INFO o.a.j.p.j.s.J.Full charging journey with SSE: [electrahub-jmeter][full][022] http POST /payment/api/v1/payment/wallet/topups status=201 elapsedMs=57
2026-07-02 01:05:27,184 INFO o.a.j.p.j.s.J.Full charging journey with SSE: [electrahub-jmeter][full][022] step=payment state after setup
2026-07-02 01:05:27,242 INFO o.a.j.p.j.s.J.Full charging journey with SSE: [electrahub-jmeter][full][022] http GET /payment/api/v1/payment/state status=200 elapsedMs=56
2026-07-02 01:05:27,243 INFO o.a.j.p.j.s.J.Full charging journey with SSE: [electrahub-jmeter][full][022] payment ready wallet=120.00
2026-07-02 01:05:27,243 INFO o.a.j.p.j.s.J.Full charging journey with SSE: [electrahub-jmeter][full][022] step=charger graphql list
2026-07-02 01:05:27,338 INFO o.a.j.p.j.s.J.Full charging journey with SSE: [electrahub-jmeter][full][022] http POST /charger/graphql status=200 elapsedMs=94
2026-07-02 01:05:27,340 INFO o.a.j.p.j.s.J.Full charging journey with SSE: [electrahub-jmeter][full][022] dynamic connector selection found no available connector; using CSV connector
2026-07-02 01:05:27,341 INFO o.a.j.p.j.s.J.Full charging journey with SSE: [electrahub-jmeter][full][022] step=charger graphql view
2026-07-02 01:05:27,401 INFO o.a.j.p.j.s.J.Full charging journey with SSE: [electrahub-jmeter][full][020] step=start charging attempt 11
2026-07-02 01:05:27,414 INFO o.a.j.p.j.s.J.Full charging journey with SSE: [electrahub-jmeter][full][022] http POST /charger/graphql status=200 elapsedMs=73
2026-07-02 01:05:27,415 INFO o.a.j.p.j.s.J.Full charging journey with SSE: [electrahub-jmeter][full][022] step=payment state before start
2026-07-02 01:05:27,466 INFO o.a.j.p.j.s.J.Full charging journey with SSE: [electrahub-jmeter][full][020] http POST /session/api/v1/sessions/start status=409 elapsedMs=63
2026-07-02 01:05:27,467 INFO o.a.j.p.j.s.J.Full charging journey with SSE: [electrahub-jmeter][full][020] start skipped EH-US-CHG-0030/CON-US-0030 HTTP 409; trying next connector
2026-07-02 01:05:27,471 INFO o.a.j.p.j.s.J.Full charging journey with SSE: [electrahub-jmeter][full][022] http GET /payment/api/v1/payment/state status=200 elapsedMs=56
2026-07-02 01:05:27,474 INFO o.a.j.p.j.s.J.Full charging journey with SSE: [electrahub-jmeter][full][022] using connector csv fallback attempts=100 startIndex=22/100
2026-07-02 01:05:27,475 INFO o.a.j.p.j.s.J.Full charging journey with SSE: [electrahub-jmeter][full][022] step=start charging attempt 1
2026-07-02 01:05:27,539 INFO o.a.j.p.j.s.J.Full charging journey with SSE: [electrahub-jmeter][full][022] http POST /session/api/v1/sessions/start status=409 elapsedMs=64
2026-07-02 01:05:27,540 INFO o.a.j.p.j.s.J.Full charging journey with SSE: [electrahub-jmeter][full][022] start skipped EH-US-CHG-0022/CON-US-0022 HTTP 409; trying next connector
2026-07-02 01:05:27,691 INFO o.a.j.p.j.s.J.Full charging journey with SSE: [electrahub-jmeter][full][021] step=start charging attempt 7
2026-07-02 01:05:27,763 INFO o.a.j.p.j.s.J.Full charging journey with SSE: [electrahub-jmeter][full][021] http POST /session/api/v1/sessions/start status=409 elapsedMs=71
2026-07-02 01:05:27,764 INFO o.a.j.p.j.s.J.Full charging journey with SSE: [electrahub-jmeter][full][021] start skipped EH-US-CHG-0027/CON-US-0027 HTTP 409; trying next connector
2026-07-02 01:05:28,468 INFO o.a.j.p.j.s.J.Full charging journey with SSE: [electrahub-jmeter][full][020] step=start charging attempt 12
2026-07-02 01:05:28,538 INFO o.a.j.p.j.s.J.Full charging journey with SSE: [electrahub-jmeter][full][020] http POST /session/api/v1/sessions/start status=409 elapsedMs=69
2026-07-02 01:05:28,538 INFO o.a.j.p.j.s.J.Full charging journey with SSE: [electrahub-jmeter][full][020] start skipped EH-US-CHG-0031/CON-US-0031 HTTP 409; trying next connector
2026-07-02 01:05:28,541 INFO o.a.j.p.j.s.J.Full charging journey with SSE: [electrahub-jmeter][full][022] step=start charging attempt 2
2026-07-02 01:05:28,611 INFO o.a.j.p.j.s.J.Full charging journey with SSE: [electrahub-jmeter][full][022] http POST /session/api/v1/sessions/start status=409 elapsedMs=69
2026-07-02 01:05:28,612 INFO o.a.j.p.j.s.J.Full charging journey with SSE: [electrahub-jmeter][full][022] start skipped EH-US-CHG-0023/CON-US-0023 HTTP 409; trying next connector
2026-07-02 01:05:28,764 INFO o.a.j.p.j.s.J.Full charging journey with SSE: [electrahub-jmeter][full][021] step=start charging attempt 8
2026-07-02 01:05:28,835 INFO o.a.j.p.j.s.J.Full charging journey with SSE: [electrahub-jmeter][full][021] http POST /session/api/v1/sessions/start status=409 elapsedMs=70
2026-07-02 01:05:28,835 INFO o.a.j.p.j.s.J.Full charging journey with SSE: [electrahub-jmeter][full][021] start skipped EH-US-CHG-0028/CON-US-0028 HTTP 409; trying next connector
2026-07-02 01:05:29,006 INFO o.a.j.p.j.s.J.Full charging journey with SSE: [electrahub-jmeter][full][001] http POST /session/api/v1/sessions/8b839128-baa7-4e5c-a6f1-0b8b3c188a0e/stop status=204 elapsedMs=3386
2026-07-02 01:05:29,007 INFO o.a.j.p.j.s.J.Full charging journey with SSE: [electrahub-jmeter][full][001] stop requested session=8b839128-baa7-4e5c-a6f1-0b8b3c188a0e
2026-07-02 01:05:29,008 INFO o.a.j.p.j.s.J.Full charging journey with SSE: [electrahub-jmeter][full][001] step=active sessions
2026-07-02 01:05:29,541 INFO o.a.j.p.j.s.J.Full charging journey with SSE: [electrahub-jmeter][full][020] step=start charging attempt 13
2026-07-02 01:05:29,609 INFO o.a.j.p.j.s.J.Full charging journey with SSE: [electrahub-jmeter][full][020] http POST /session/api/v1/sessions/start status=409 elapsedMs=67
2026-07-02 01:05:29,609 INFO o.a.j.p.j.s.J.Full charging journey with SSE: [electrahub-jmeter][full][020] start skipped EH-US-CHG-0032/CON-US-0032 HTTP 409; trying next connector
2026-07-02 01:05:29,613 INFO o.a.j.p.j.s.J.Full charging journey with SSE: [electrahub-jmeter][full][022] step=start charging attempt 3
2026-07-02 01:05:29,679 INFO o.a.j.p.j.s.J.Full charging journey with SSE: [electrahub-jmeter][full][022] http POST /session/api/v1/sessions/start status=409 elapsedMs=65
2026-07-02 01:05:29,680 INFO o.a.j.p.j.s.J.Full charging journey with SSE: [electrahub-jmeter][full][022] start skipped EH-US-CHG-0024/CON-US-0024 HTTP 409; trying next connector
2026-07-02 01:05:29,836 INFO o.a.j.p.j.s.J.Full charging journey with SSE: [electrahub-jmeter][full][021] step=start charging attempt 9
2026-07-02 01:05:29,899 INFO o.a.j.p.j.s.J.Full charging journey with SSE: [electrahub-jmeter][full][021] http POST /session/api/v1/sessions/start status=409 elapsedMs=62
2026-07-02 01:05:29,900 INFO o.a.j.p.j.s.J.Full charging journey with SSE: [electrahub-jmeter][full][021] start skipped EH-US-CHG-0029/CON-US-0029 HTTP 409; trying next connector
2026-07-02 01:05:30,004 INFO o.a.j.p.j.s.J.Full charging journey with SSE: [electrahub-jmeter][full][001] http GET /session/api/v1/sessions/active status=200 elapsedMs=996
2026-07-02 01:05:30,579 INFO o.a.j.p.j.s.J.Full charging journey with SSE: [electrahub-jmeter][full][002] step=stop charging session
2026-07-02 01:05:30,610 INFO o.a.j.p.j.s.J.Full charging journey with SSE: [electrahub-jmeter][full][020] step=start charging attempt 14
2026-07-02 01:05:30,681 INFO o.a.j.p.j.s.J.Full charging journey with SSE: [electrahub-jmeter][full][022] step=start charging attempt 4
2026-07-02 01:05:30,744 INFO o.a.j.p.j.s.J.Full charging journey with SSE: [electrahub-jmeter][full][022] http POST /session/api/v1/sessions/start status=409 elapsedMs=63
2026-07-02 01:05:30,745 INFO o.a.j.p.j.s.J.Full charging journey with SSE: [electrahub-jmeter][full][022] start skipped EH-US-CHG-0025/CON-US-0025 HTTP 409; trying next connector
2026-07-02 01:05:30,901 INFO o.a.j.p.j.s.J.Full charging journey with SSE: [electrahub-jmeter][full][021] step=start charging attempt 10
2026-07-02 01:05:30,965 INFO o.a.j.p.j.s.J.Full charging journey with SSE: [electrahub-jmeter][full][021] http POST /session/api/v1/sessions/start status=409 elapsedMs=62
2026-07-02 01:05:30,966 INFO o.a.j.p.j.s.J.Full charging journey with SSE: [electrahub-jmeter][full][021] start skipped EH-US-CHG-0030/CON-US-0030 HTTP 409; trying next connector
2026-07-02 01:05:31,011 INFO o.a.j.p.j.s.J.Full charging journey with SSE: [electrahub-jmeter][full][011] sse ok connected=1 snapshot=2 updates=25 receipts=0 heartbeats=0
2026-07-02 01:05:31,012 INFO o.a.j.p.j.s.J.Full charging journey with SSE: [electrahub-jmeter][full][011] holding session for 50s before stop
2026-07-02 01:05:31,020 INFO o.a.j.p.j.s.J.Full charging journey with SSE: [electrahub-jmeter][full][020] http POST /session/api/v1/sessions/start status=201 elapsedMs=409
2026-07-02 01:05:31,021 INFO o.a.j.p.j.s.J.Full charging journey with SSE: [electrahub-jmeter][full][020] started session=f8122ca8-4f24-446e-a35c-cf5a641d27fb charger=EH-US-CHG-0033/CON-US-0033 status=PREPARING remote=Accepted attempt=14/100
2026-07-02 01:05:31,021 INFO o.a.j.p.j.s.J.Full charging journey with SSE: [electrahub-jmeter][full][020] step=active sessions
2026-07-02 01:05:31,746 INFO o.a.j.p.j.s.J.Full charging journey with SSE: [electrahub-jmeter][full][022] step=start charging attempt 5
2026-07-02 01:05:31,813 INFO o.a.j.p.j.s.J.Full charging journey with SSE: [electrahub-jmeter][full][022] http POST /session/api/v1/sessions/start status=409 elapsedMs=66
2026-07-02 01:05:31,814 INFO o.a.j.p.j.s.J.Full charging journey with SSE: [electrahub-jmeter][full][022] start skipped EH-US-CHG-0026/CON-US-0026 HTTP 409; trying next connector
2026-07-02 01:05:31,967 INFO o.a.j.p.j.s.J.Full charging journey with SSE: [electrahub-jmeter][full][021] step=start charging attempt 11
2026-07-02 01:05:32,027 INFO o.a.j.p.j.s.J.Full charging journey with SSE: [electrahub-jmeter][full][020] http GET /session/api/v1/sessions/active status=200 elapsedMs=1005
2026-07-02 01:05:32,048 INFO o.a.j.p.j.s.J.Full charging journey with SSE: [electrahub-jmeter][full][021] http POST /session/api/v1/sessions/start status=409 elapsedMs=80
2026-07-02 01:05:32,049 INFO o.a.j.p.j.s.J.Full charging journey with SSE: [electrahub-jmeter][full][021] start skipped EH-US-CHG-0031/CON-US-0031 HTTP 409; trying next connector
2026-07-02 01:05:32,375 INFO o.a.j.t.JMeterThread: Thread started: 100 driver charging journeys 1-23
2026-07-02 01:05:32,383 INFO o.a.j.p.j.s.J.Full charging journey with SSE: [electrahub-jmeter][full][023] step=register
2026-07-02 01:05:32,602 INFO o.a.j.p.j.s.J.Full charging journey with SSE: [electrahub-jmeter][full][023] http POST /auth/api/auth/register status=200 elapsedMs=218
2026-07-02 01:05:32,603 INFO o.a.j.p.j.s.J.Full charging journey with SSE: [electrahub-jmeter][full][023] registered uid=a61ab5e4-a144-4ba0-98ef-f0a693915f78
2026-07-02 01:05:32,610 INFO o.a.j.p.j.s.J.Full charging journey with SSE: [electrahub-jmeter][full][023] step=payment state before setup
2026-07-02 01:05:32,681 INFO o.a.j.p.j.s.J.Full charging journey with SSE: [electrahub-jmeter][full][023] http GET /payment/api/v1/payment/state status=451 elapsedMs=71
2026-07-02 01:05:32,682 INFO o.a.j.p.j.s.J.Full charging journey with SSE: [electrahub-jmeter][full][023] step=accept terms
2026-07-02 01:05:32,746 INFO o.a.j.p.j.s.J.Full charging journey with SSE: [electrahub-jmeter][full][023] http POST /auth/api/terms/accept status=201 elapsedMs=64
2026-07-02 01:05:32,747 INFO o.a.j.p.j.s.J.Full charging journey with SSE: [electrahub-jmeter][full][023] accepted terms; refreshing token through login
2026-07-02 01:05:32,748 INFO o.a.j.p.j.s.J.Full charging journey with SSE: [electrahub-jmeter][full][023] step=login
2026-07-02 01:05:32,815 INFO o.a.j.p.j.s.J.Full charging journey with SSE: [electrahub-jmeter][full][022] step=start charging attempt 6
2026-07-02 01:05:32,903 INFO o.a.j.p.j.s.J.Full charging journey with SSE: [electrahub-jmeter][full][023] http POST /auth/api/auth/login status=200 elapsedMs=154
2026-07-02 01:05:32,904 INFO o.a.j.p.j.s.J.Full charging journey with SSE: [electrahub-jmeter][full][023] logged in uid=a61ab5e4-a144-4ba0-98ef-f0a693915f78
2026-07-02 01:05:32,904 INFO o.a.j.p.j.s.J.Full charging journey with SSE: [electrahub-jmeter][full][023] step=payment state after terms
2026-07-02 01:05:32,936 INFO o.a.j.p.j.s.J.Full charging journey with SSE: [electrahub-jmeter][full][022] http POST /session/api/v1/sessions/start status=409 elapsedMs=79
2026-07-02 01:05:32,937 INFO o.a.j.p.j.s.J.Full charging journey with SSE: [electrahub-jmeter][full][022] start skipped EH-US-CHG-0027/CON-US-0027 HTTP 409; trying next connector
2026-07-02 01:05:32,971 INFO o.a.j.p.j.s.J.Full charging journey with SSE: [electrahub-jmeter][full][023] http GET /payment/api/v1/payment/state status=200 elapsedMs=66
2026-07-02 01:05:32,972 INFO o.a.j.p.j.s.J.Full charging journey with SSE: [electrahub-jmeter][full][023] step=add card
2026-07-02 01:05:33,039 INFO o.a.j.p.j.s.J.Full charging journey with SSE: [electrahub-jmeter][full][023] http POST /payment/api/v1/payment/cards status=201 elapsedMs=66
2026-07-02 01:05:33,040 INFO o.a.j.p.j.s.J.Full charging journey with SSE: [electrahub-jmeter][full][023] step=wallet topup
2026-07-02 01:05:33,050 INFO o.a.j.p.j.s.J.Full charging journey with SSE: [electrahub-jmeter][full][021] step=start charging attempt 12
2026-07-02 01:05:33,102 INFO o.a.j.p.j.s.J.Full charging journey with SSE: [electrahub-jmeter][full][023] http POST /payment/api/v1/payment/wallet/topups status=201 elapsedMs=61
2026-07-02 01:05:33,103 INFO o.a.j.p.j.s.J.Full charging journey with SSE: [electrahub-jmeter][full][023] step=payment state after setup
2026-07-02 01:05:33,120 INFO o.a.j.p.j.s.J.Full charging journey with SSE: [electrahub-jmeter][full][021] http POST /session/api/v1/sessions/start status=409 elapsedMs=69
2026-07-02 01:05:33,121 INFO o.a.j.p.j.s.J.Full charging journey with SSE: [electrahub-jmeter][full][021] start skipped EH-US-CHG-0032/CON-US-0032 HTTP 409; trying next connector
2026-07-02 01:05:33,167 INFO o.a.j.p.j.s.J.Full charging journey with SSE: [electrahub-jmeter][full][023] http GET /payment/api/v1/payment/state status=200 elapsedMs=64
2026-07-02 01:05:33,168 INFO o.a.j.p.j.s.J.Full charging journey with SSE: [electrahub-jmeter][full][023] payment ready wallet=120.00
2026-07-02 01:05:33,168 INFO o.a.j.p.j.s.J.Full charging journey with SSE: [electrahub-jmeter][full][023] step=charger graphql list
2026-07-02 01:05:33,260 INFO o.a.j.p.j.s.J.Full charging journey with SSE: [electrahub-jmeter][full][023] http POST /charger/graphql status=200 elapsedMs=91
2026-07-02 01:05:33,262 INFO o.a.j.p.j.s.J.Full charging journey with SSE: [electrahub-jmeter][full][023] dynamic connector selection found no available connector; using CSV connector
2026-07-02 01:05:33,263 INFO o.a.j.p.j.s.J.Full charging journey with SSE: [electrahub-jmeter][full][023] step=charger graphql view
2026-07-02 01:05:33,333 INFO o.a.j.p.j.s.J.Full charging journey with SSE: [electrahub-jmeter][full][023] http POST /charger/graphql status=200 elapsedMs=69
2026-07-02 01:05:33,334 INFO o.a.j.p.j.s.J.Full charging journey with SSE: [electrahub-jmeter][full][023] step=payment state before start
2026-07-02 01:05:33,387 INFO o.a.j.p.j.s.J.Full charging journey with SSE: [electrahub-jmeter][full][023] http GET /payment/api/v1/payment/state status=200 elapsedMs=52
2026-07-02 01:05:33,390 INFO o.a.j.p.j.s.J.Full charging journey with SSE: [electrahub-jmeter][full][023] using connector csv fallback attempts=100 startIndex=23/100
2026-07-02 01:05:33,391 INFO o.a.j.p.j.s.J.Full charging journey with SSE: [electrahub-jmeter][full][023] step=start charging attempt 1
2026-07-02 01:05:33,452 INFO o.a.j.p.j.s.J.Full charging journey with SSE: [electrahub-jmeter][full][023] http POST /session/api/v1/sessions/start status=409 elapsedMs=61
2026-07-02 01:05:33,453 INFO o.a.j.p.j.s.J.Full charging journey with SSE: [electrahub-jmeter][full][023] start skipped EH-US-CHG-0023/CON-US-0023 HTTP 409; trying next connector
2026-07-02 01:05:33,938 INFO o.a.j.p.j.s.J.Full charging journey with SSE: [electrahub-jmeter][full][022] step=start charging attempt 7
2026-07-02 01:05:34,006 INFO o.a.j.p.j.s.J.Full charging journey with SSE: [electrahub-jmeter][full][022] http POST /session/api/v1/sessions/start status=409 elapsedMs=67
2026-07-02 01:05:34,006 INFO o.a.j.p.j.s.J.Full charging journey with SSE: [electrahub-jmeter][full][022] start skipped EH-US-CHG-0028/CON-US-0028 HTTP 409; trying next connector
2026-07-02 01:05:34,046 INFO o.a.j.p.j.s.J.Full charging journey with SSE: [electrahub-jmeter][full][002] http POST /session/api/v1/sessions/9350c9df-9b6a-442e-999e-b183b3780459/stop status=204 elapsedMs=3466
2026-07-02 01:05:34,047 INFO o.a.j.p.j.s.J.Full charging journey with SSE: [electrahub-jmeter][full][002] stop requested session=9350c9df-9b6a-442e-999e-b183b3780459
2026-07-02 01:05:34,048 INFO o.a.j.p.j.s.J.Full charging journey with SSE: [electrahub-jmeter][full][002] step=active sessions
2026-07-02 01:05:34,122 INFO o.a.j.p.j.s.J.Full charging journey with SSE: [electrahub-jmeter][full][021] step=start charging attempt 13
2026-07-02 01:05:34,191 INFO o.a.j.p.j.s.J.Full charging journey with SSE: [electrahub-jmeter][full][021] http POST /session/api/v1/sessions/start status=409 elapsedMs=68
2026-07-02 01:05:34,192 INFO o.a.j.p.j.s.J.Full charging journey with SSE: [electrahub-jmeter][full][021] start skipped EH-US-CHG-0033/CON-US-0033 HTTP 409; trying next connector
2026-07-02 01:05:34,453 INFO o.a.j.p.j.s.J.Full charging journey with SSE: [electrahub-jmeter][full][023] step=start charging attempt 2
2026-07-02 01:05:34,519 INFO o.a.j.p.j.s.J.Full charging journey with SSE: [electrahub-jmeter][full][023] http POST /session/api/v1/sessions/start status=409 elapsedMs=65
2026-07-02 01:05:34,519 INFO o.a.j.p.j.s.J.Full charging journey with SSE: [electrahub-jmeter][full][023] start skipped EH-US-CHG-0024/CON-US-0024 HTTP 409; trying next connector
2026-07-02 01:05:35,005 INFO o.a.j.p.j.s.J.Full charging journey with SSE: [electrahub-jmeter][full][001] step=active sessions
2026-07-02 01:05:35,007 INFO o.a.j.p.j.s.J.Full charging journey with SSE: [electrahub-jmeter][full][022] step=start charging attempt 8
2026-07-02 01:05:35,057 INFO o.a.j.p.j.s.J.Full charging journey with SSE: [electrahub-jmeter][full][002] http GET /session/api/v1/sessions/active status=200 elapsedMs=1009
2026-07-02 01:05:35,077 INFO o.a.j.p.j.s.J.Full charging journey with SSE: [electrahub-jmeter][full][001] http GET /session/api/v1/sessions/active status=200 elapsedMs=71
2026-07-02 01:05:35,078 INFO o.a.j.p.j.s.J.Full charging journey with SSE: [electrahub-jmeter][full][001] step=receipt
2026-07-02 01:05:35,087 INFO o.a.j.p.j.s.J.Full charging journey with SSE: [electrahub-jmeter][full][022] http POST /session/api/v1/sessions/start status=409 elapsedMs=79
2026-07-02 01:05:35,088 INFO o.a.j.p.j.s.J.Full charging journey with SSE: [electrahub-jmeter][full][022] start skipped EH-US-CHG-0029/CON-US-0029 HTTP 409; trying next connector
2026-07-02 01:05:35,143 INFO o.a.j.p.j.s.J.Full charging journey with SSE: [electrahub-jmeter][full][001] http GET /session/api/v1/sessions/8b839128-baa7-4e5c-a6f1-0b8b3c188a0e/receipt status=200 elapsedMs=64
2026-07-02 01:05:35,145 INFO o.a.j.p.j.s.J.Full charging journey with SSE: [electrahub-jmeter][full][001] step=session history
2026-07-02 01:05:35,193 INFO o.a.j.p.j.s.J.Full charging journey with SSE: [electrahub-jmeter][full][021] step=start charging attempt 14
2026-07-02 01:05:35,200 INFO o.a.j.p.j.s.J.Full charging journey with SSE: [electrahub-jmeter][full][001] http GET /session/api/v1/sessions/history?page=0&size=10 status=200 elapsedMs=55
2026-07-02 01:05:35,201 INFO o.a.j.p.j.s.J.Full charging journey with SSE: [electrahub-jmeter][full][001] step=dashboard stats
2026-07-02 01:05:35,261 INFO o.a.j.p.j.s.J.Full charging journey with SSE: [electrahub-jmeter][full][001] http GET /session/api/v1/sessions/dashboard-stats status=200 elapsedMs=59
2026-07-02 01:05:35,262 INFO o.a.j.p.j.s.J.Full charging journey with SSE: [electrahub-jmeter][full][001] receipt ok session=8b839128-baa7-4e5c-a6f1-0b8b3c188a0e status=Completed total=1.8737
2026-07-02 01:05:35,279 INFO o.a.j.r.Summariser: summary +      1 in 00:02:15 =    0.0/s Avg: 127055 Min: 127055 Max: 127055 Err:     0 (0.00%) Active: 23 Started: 23 Finished: 0
2026-07-02 01:05:35,280 INFO o.a.j.t.JMeterThread: Thread is done: 100 driver charging journeys 1-1
2026-07-02 01:05:35,280 INFO o.a.j.t.JMeterThread: Thread finished: 100 driver charging journeys 1-1
2026-07-02 01:05:35,520 INFO o.a.j.p.j.s.J.Full charging journey with SSE: [electrahub-jmeter][full][023] step=start charging attempt 3
2026-07-02 01:05:35,586 INFO o.a.j.p.j.s.J.Full charging journey with SSE: [electrahub-jmeter][full][023] http POST /session/api/v1/sessions/start status=409 elapsedMs=65
2026-07-02 01:05:35,587 INFO o.a.j.p.j.s.J.Full charging journey with SSE: [electrahub-jmeter][full][023] start skipped EH-US-CHG-0025/CON-US-0025 HTTP 409; trying next connector
2026-07-02 01:05:36,067 INFO o.a.j.p.j.s.J.Full charging journey with SSE: [electrahub-jmeter][full][021] http POST /session/api/v1/sessions/start status=201 elapsedMs=873
2026-07-02 01:05:36,068 INFO o.a.j.p.j.s.J.Full charging journey with SSE: [electrahub-jmeter][full][021] started session=7acebbb7-e8c0-41c8-8312-c22e2b699e10 charger=EH-US-CHG-0034/CON-US-0034 status=PREPARING remote=Accepted attempt=14/100
2026-07-02 01:05:36,069 INFO o.a.j.p.j.s.J.Full charging journey with SSE: [electrahub-jmeter][full][021] step=active sessions
2026-07-02 01:05:36,089 INFO o.a.j.p.j.s.J.Full charging journey with SSE: [electrahub-jmeter][full][022] step=start charging attempt 9
2026-07-02 01:05:36,162 INFO o.a.j.p.j.s.J.Full charging journey with SSE: [electrahub-jmeter][full][022] http POST /session/api/v1/sessions/start status=409 elapsedMs=72
2026-07-02 01:05:36,165 INFO o.a.j.p.j.s.J.Full charging journey with SSE: [electrahub-jmeter][full][022] start skipped EH-US-CHG-0030/CON-US-0030 HTTP 409; trying next connector
2026-07-02 01:05:36,588 INFO o.a.j.p.j.s.J.Full charging journey with SSE: [electrahub-jmeter][full][023] step=start charging attempt 4
2026-07-02 01:05:36,628 INFO o.a.j.p.j.s.J.Full charging journey with SSE: [electrahub-jmeter][full][003] step=stop charging session
2026-07-02 01:05:36,658 INFO o.a.j.p.j.s.J.Full charging journey with SSE: [electrahub-jmeter][full][023] http POST /session/api/v1/sessions/start status=409 elapsedMs=69
2026-07-02 01:05:36,659 INFO o.a.j.p.j.s.J.Full charging journey with SSE: [electrahub-jmeter][full][023] start skipped EH-US-CHG-0026/CON-US-0026 HTTP 409; trying next connector
2026-07-02 01:05:37,071 INFO o.a.j.p.j.s.J.Full charging journey with SSE: [electrahub-jmeter][full][012] sse ok connected=1 snapshot=2 updates=25 receipts=0 heartbeats=0
2026-07-02 01:05:37,072 INFO o.a.j.p.j.s.J.Full charging journey with SSE: [electrahub-jmeter][full][012] holding session for 50s before stop
2026-07-02 01:05:37,073 INFO o.a.j.p.j.s.J.Full charging journey with SSE: [electrahub-jmeter][full][021] http GET /session/api/v1/sessions/active status=200 elapsedMs=1003
2026-07-02 01:05:37,166 INFO o.a.j.p.j.s.J.Full charging journey with SSE: [electrahub-jmeter][full][022] step=start charging attempt 10
2026-07-02 01:05:37,236 INFO o.a.j.p.j.s.J.Full charging journey with SSE: [electrahub-jmeter][full][022] http POST /session/api/v1/sessions/start status=409 elapsedMs=69
2026-07-02 01:05:37,237 INFO o.a.j.p.j.s.J.Full charging journey with SSE: [electrahub-jmeter][full][022] start skipped EH-US-CHG-0031/CON-US-0031 HTTP 409; trying next connector
2026-07-02 01:05:37,660 INFO o.a.j.p.j.s.J.Full charging journey with SSE: [electrahub-jmeter][full][023] step=start charging attempt 5
2026-07-02 01:05:37,720 INFO o.a.j.p.j.s.J.Full charging journey with SSE: [electrahub-jmeter][full][023] http POST /session/api/v1/sessions/start status=409 elapsedMs=59
2026-07-02 01:05:37,721 INFO o.a.j.p.j.s.J.Full charging journey with SSE: [electrahub-jmeter][full][023] start skipped EH-US-CHG-0027/CON-US-0027 HTTP 409; trying next connector
2026-07-02 01:05:38,238 INFO o.a.j.p.j.s.J.Full charging journey with SSE: [electrahub-jmeter][full][022] step=start charging attempt 11
2026-07-02 01:05:38,302 INFO o.a.j.p.j.s.J.Full charging journey with SSE: [electrahub-jmeter][full][022] http POST /session/api/v1/sessions/start status=409 elapsedMs=63
2026-07-02 01:05:38,303 INFO o.a.j.p.j.s.J.Full charging journey with SSE: [electrahub-jmeter][full][022] start skipped EH-US-CHG-0032/CON-US-0032 HTTP 409; trying next connector
2026-07-02 01:05:38,375 INFO o.a.j.t.JMeterThread: Thread started: 100 driver charging journeys 1-24
2026-07-02 01:05:38,384 INFO o.a.j.p.j.s.J.Full charging journey with SSE: [electrahub-jmeter][full][024] step=register
2026-07-02 01:05:38,541 INFO o.a.j.p.j.s.J.Full charging journey with SSE: [electrahub-jmeter][full][024] http POST /auth/api/auth/register status=200 elapsedMs=156
2026-07-02 01:05:38,542 INFO o.a.j.p.j.s.J.Full charging journey with SSE: [electrahub-jmeter][full][024] registered uid=143cdbee-b497-439a-9910-2bda205f541c
2026-07-02 01:05:38,549 INFO o.a.j.p.j.s.J.Full charging journey with SSE: [electrahub-jmeter][full][024] step=payment state before setup
2026-07-02 01:05:38,601 INFO o.a.j.p.j.s.J.Full charging journey with SSE: [electrahub-jmeter][full][024] http GET /payment/api/v1/payment/state status=451 elapsedMs=51
2026-07-02 01:05:38,602 INFO o.a.j.p.j.s.J.Full charging journey with SSE: [electrahub-jmeter][full][024] step=accept terms
2026-07-02 01:05:38,659 INFO o.a.j.p.j.s.J.Full charging journey with SSE: [electrahub-jmeter][full][024] http POST /auth/api/terms/accept status=201 elapsedMs=56
2026-07-02 01:05:38,660 INFO o.a.j.p.j.s.J.Full charging journey with SSE: [electrahub-jmeter][full][024] accepted terms; refreshing token through login
2026-07-02 01:05:38,661 INFO o.a.j.p.j.s.J.Full charging journey with SSE: [electrahub-jmeter][full][024] step=login
2026-07-02 01:05:38,723 INFO o.a.j.p.j.s.J.Full charging journey with SSE: [electrahub-jmeter][full][023] step=start charging attempt 6
2026-07-02 01:05:38,800 INFO o.a.j.p.j.s.J.Full charging journey with SSE: [electrahub-jmeter][full][024] http POST /auth/api/auth/login status=200 elapsedMs=139
2026-07-02 01:05:38,801 INFO o.a.j.p.j.s.J.Full charging journey with SSE: [electrahub-jmeter][full][024] logged in uid=143cdbee-b497-439a-9910-2bda205f541c
2026-07-02 01:05:38,802 INFO o.a.j.p.j.s.J.Full charging journey with SSE: [electrahub-jmeter][full][024] step=payment state after terms
2026-07-02 01:05:38,859 INFO o.a.j.p.j.s.J.Full charging journey with SSE: [electrahub-jmeter][full][023] http POST /session/api/v1/sessions/start status=409 elapsedMs=96
2026-07-02 01:05:38,860 INFO o.a.j.p.j.s.J.Full charging journey with SSE: [electrahub-jmeter][full][023] start skipped EH-US-CHG-0028/CON-US-0028 HTTP 409; trying next connector
2026-07-02 01:05:38,865 INFO o.a.j.p.j.s.J.Full charging journey with SSE: [electrahub-jmeter][full][024] http GET /payment/api/v1/payment/state status=200 elapsedMs=62
2026-07-02 01:05:38,866 INFO o.a.j.p.j.s.J.Full charging journey with SSE: [electrahub-jmeter][full][024] step=add card
2026-07-02 01:05:38,923 INFO o.a.j.p.j.s.J.Full charging journey with SSE: [electrahub-jmeter][full][024] http POST /payment/api/v1/payment/cards status=201 elapsedMs=56
2026-07-02 01:05:38,924 INFO o.a.j.p.j.s.J.Full charging journey with SSE: [electrahub-jmeter][full][024] step=wallet topup
2026-07-02 01:05:38,978 INFO o.a.j.p.j.s.J.Full charging journey with SSE: [electrahub-jmeter][full][024] http POST /payment/api/v1/payment/wallet/topups status=201 elapsedMs=53
2026-07-02 01:05:38,979 INFO o.a.j.p.j.s.J.Full charging journey with SSE: [electrahub-jmeter][full][024] step=payment state after setup
2026-07-02 01:05:39,047 INFO o.a.j.p.j.s.J.Full charging journey with SSE: [electrahub-jmeter][full][024] http GET /payment/api/v1/payment/state status=200 elapsedMs=67
2026-07-02 01:05:39,047 INFO o.a.j.p.j.s.J.Full charging journey with SSE: [electrahub-jmeter][full][024] payment ready wallet=120.00
2026-07-02 01:05:39,048 INFO o.a.j.p.j.s.J.Full charging journey with SSE: [electrahub-jmeter][full][024] step=charger graphql list
2026-07-02 01:05:39,136 INFO o.a.j.p.j.s.J.Full charging journey with SSE: [electrahub-jmeter][full][024] http POST /charger/graphql status=200 elapsedMs=87
2026-07-02 01:05:39,138 INFO o.a.j.p.j.s.J.Full charging journey with SSE: [electrahub-jmeter][full][024] dynamic connector selection found no available connector; using CSV connector
2026-07-02 01:05:39,139 INFO o.a.j.p.j.s.J.Full charging journey with SSE: [electrahub-jmeter][full][024] step=charger graphql view
2026-07-02 01:05:39,213 INFO o.a.j.p.j.s.J.Full charging journey with SSE: [electrahub-jmeter][full][024] http POST /charger/graphql status=200 elapsedMs=73
2026-07-02 01:05:39,214 INFO o.a.j.p.j.s.J.Full charging journey with SSE: [electrahub-jmeter][full][024] step=payment state before start
2026-07-02 01:05:39,265 INFO o.a.j.p.j.s.J.Full charging journey with SSE: [electrahub-jmeter][full][024] http GET /payment/api/v1/payment/state status=200 elapsedMs=50
2026-07-02 01:05:39,268 INFO o.a.j.p.j.s.J.Full charging journey with SSE: [electrahub-jmeter][full][024] using connector csv fallback attempts=100 startIndex=24/100
2026-07-02 01:05:39,269 INFO o.a.j.p.j.s.J.Full charging journey with SSE: [electrahub-jmeter][full][024] step=start charging attempt 1
2026-07-02 01:05:39,304 INFO o.a.j.p.j.s.J.Full charging journey with SSE: [electrahub-jmeter][full][022] step=start charging attempt 12
2026-07-02 01:05:39,332 INFO o.a.j.p.j.s.J.Full charging journey with SSE: [electrahub-jmeter][full][024] http POST /session/api/v1/sessions/start status=409 elapsedMs=62
2026-07-02 01:05:39,333 INFO o.a.j.p.j.s.J.Full charging journey with SSE: [electrahub-jmeter][full][024] start skipped EH-US-CHG-0024/CON-US-0024 HTTP 409; trying next connector
2026-07-02 01:05:39,372 INFO o.a.j.p.j.s.J.Full charging journey with SSE: [electrahub-jmeter][full][022] http POST /session/api/v1/sessions/start status=409 elapsedMs=67
2026-07-02 01:05:39,372 INFO o.a.j.p.j.s.J.Full charging journey with SSE: [electrahub-jmeter][full][022] start skipped EH-US-CHG-0033/CON-US-0033 HTTP 409; trying next connector
2026-07-02 01:05:39,861 INFO o.a.j.p.j.s.J.Full charging journey with SSE: [electrahub-jmeter][full][023] step=start charging attempt 7
2026-07-02 01:05:39,929 INFO o.a.j.p.j.s.J.Full charging journey with SSE: [electrahub-jmeter][full][023] http POST /session/api/v1/sessions/start status=409 elapsedMs=67
2026-07-02 01:05:39,929 INFO o.a.j.p.j.s.J.Full charging journey with SSE: [electrahub-jmeter][full][023] start skipped EH-US-CHG-0029/CON-US-0029 HTTP 409; trying next connector
2026-07-02 01:05:40,058 INFO o.a.j.p.j.s.J.Full charging journey with SSE: [electrahub-jmeter][full][002] step=active sessions
2026-07-02 01:05:40,089 INFO o.a.j.p.j.s.J.Full charging journey with SSE: [electrahub-jmeter][full][003] http POST /session/api/v1/sessions/75b8d33a-ce0c-480d-97f2-a86a6c891574/stop status=204 elapsedMs=3460
2026-07-02 01:05:40,090 INFO o.a.j.p.j.s.J.Full charging journey with SSE: [electrahub-jmeter][full][003] stop requested session=75b8d33a-ce0c-480d-97f2-a86a6c891574
2026-07-02 01:05:40,091 INFO o.a.j.p.j.s.J.Full charging journey with SSE: [electrahub-jmeter][full][003] step=active sessions
2026-07-02 01:05:40,120 INFO o.a.j.p.j.s.J.Full charging journey with SSE: [electrahub-jmeter][full][002] http GET /session/api/v1/sessions/active status=200 elapsedMs=61
2026-07-02 01:05:40,121 INFO o.a.j.p.j.s.J.Full charging journey with SSE: [electrahub-jmeter][full][002] step=receipt
2026-07-02 01:05:40,182 INFO o.a.j.p.j.s.J.Full charging journey with SSE: [electrahub-jmeter][full][002] http GET /session/api/v1/sessions/9350c9df-9b6a-442e-999e-b183b3780459/receipt status=200 elapsedMs=61
2026-07-02 01:05:40,183 INFO o.a.j.p.j.s.J.Full charging journey with SSE: [electrahub-jmeter][full][002] step=session history
2026-07-02 01:05:40,263 INFO o.a.j.p.j.s.J.Full charging journey with SSE: [electrahub-jmeter][full][002] http GET /session/api/v1/sessions/history?page=0&size=10 status=200 elapsedMs=79
2026-07-02 01:05:40,264 INFO o.a.j.p.j.s.J.Full charging journey with SSE: [electrahub-jmeter][full][002] step=dashboard stats
2026-07-02 01:05:40,334 INFO o.a.j.p.j.s.J.Full charging journey with SSE: [electrahub-jmeter][full][024] step=start charging attempt 2
2026-07-02 01:05:40,365 INFO o.a.j.p.j.s.J.Full charging journey with SSE: [electrahub-jmeter][full][002] http GET /session/api/v1/sessions/dashboard-stats status=200 elapsedMs=100
2026-07-02 01:05:40,366 INFO o.a.j.p.j.s.J.Full charging journey with SSE: [electrahub-jmeter][full][002] receipt ok session=9350c9df-9b6a-442e-999e-b183b3780459 status=Completed total=1.8745
2026-07-02 01:05:40,367 INFO o.a.j.t.JMeterThread: Thread is done: 100 driver charging journeys 1-2
2026-07-02 01:05:40,368 INFO o.a.j.t.JMeterThread: Thread finished: 100 driver charging journeys 1-2
2026-07-02 01:05:40,373 INFO o.a.j.p.j.s.J.Full charging journey with SSE: [electrahub-jmeter][full][022] step=start charging attempt 13
2026-07-02 01:05:40,404 INFO o.a.j.p.j.s.J.Full charging journey with SSE: [electrahub-jmeter][full][024] http POST /session/api/v1/sessions/start status=409 elapsedMs=69
2026-07-02 01:05:40,405 INFO o.a.j.p.j.s.J.Full charging journey with SSE: [electrahub-jmeter][full][024] start skipped EH-US-CHG-0025/CON-US-0025 HTTP 409; trying next connector
2026-07-02 01:05:40,441 INFO o.a.j.p.j.s.J.Full charging journey with SSE: [electrahub-jmeter][full][022] http POST /session/api/v1/sessions/start status=409 elapsedMs=67
2026-07-02 01:05:40,442 INFO o.a.j.p.j.s.J.Full charging journey with SSE: [electrahub-jmeter][full][022] start skipped EH-US-CHG-0034/CON-US-0034 HTTP 409; trying next connector
2026-07-02 01:05:40,682 INFO o.a.j.p.j.s.J.Full charging journey with SSE: [electrahub-jmeter][full][004] step=stop charging session
2026-07-02 01:05:40,931 INFO o.a.j.p.j.s.J.Full charging journey with SSE: [electrahub-jmeter][full][023] step=start charging attempt 8
2026-07-02 01:05:40,998 INFO o.a.j.p.j.s.J.Full charging journey with SSE: [electrahub-jmeter][full][023] http POST /session/api/v1/sessions/start status=409 elapsedMs=66
2026-07-02 01:05:40,999 INFO o.a.j.p.j.s.J.Full charging journey with SSE: [electrahub-jmeter][full][023] start skipped EH-US-CHG-0030/CON-US-0030 HTTP 409; trying next connector
2026-07-02 01:05:41,101 INFO o.a.j.p.j.s.J.Full charging journey with SSE: [electrahub-jmeter][full][003] http GET /session/api/v1/sessions/active status=200 elapsedMs=1009
2026-07-02 01:05:41,406 INFO o.a.j.p.j.s.J.Full charging journey with SSE: [electrahub-jmeter][full][024] step=start charging attempt 3
2026-07-02 01:05:41,443 INFO o.a.j.p.j.s.J.Full charging journey with SSE: [electrahub-jmeter][full][022] step=start charging attempt 14
2026-07-02 01:05:41,478 INFO o.a.j.p.j.s.J.Full charging journey with SSE: [electrahub-jmeter][full][024] http POST /session/api/v1/sessions/start status=409 elapsedMs=70
2026-07-02 01:05:41,480 INFO o.a.j.p.j.s.J.Full charging journey with SSE: [electrahub-jmeter][full][024] start skipped EH-US-CHG-0026/CON-US-0026 HTTP 409; trying next connector
2026-07-02 01:05:41,516 INFO o.a.j.p.j.s.J.Full charging journey with SSE: [electrahub-jmeter][full][022] http POST /session/api/v1/sessions/start status=409 elapsedMs=72
2026-07-02 01:05:41,517 INFO o.a.j.p.j.s.J.Full charging journey with SSE: [electrahub-jmeter][full][022] start skipped EH-US-CHG-0035/CON-US-0035 HTTP 409; trying next connector
2026-07-02 01:05:42,000 INFO o.a.j.p.j.s.J.Full charging journey with SSE: [electrahub-jmeter][full][023] step=start charging attempt 9
2026-07-02 01:05:42,066 INFO o.a.j.p.j.s.J.Full charging journey with SSE: [electrahub-jmeter][full][023] http POST /session/api/v1/sessions/start status=409 elapsedMs=65
2026-07-02 01:05:42,067 INFO o.a.j.p.j.s.J.Full charging journey with SSE: [electrahub-jmeter][full][023] start skipped EH-US-CHG-0031/CON-US-0031 HTTP 409; trying next connector
2026-07-02 01:05:42,480 INFO o.a.j.p.j.s.J.Full charging journey with SSE: [electrahub-jmeter][full][024] step=start charging attempt 4
2026-07-02 01:05:42,518 INFO o.a.j.p.j.s.J.Full charging journey with SSE: [electrahub-jmeter][full][022] step=start charging attempt 15
2026-07-02 01:05:42,547 INFO o.a.j.p.j.s.J.Full charging journey with SSE: [electrahub-jmeter][full][024] http POST /session/api/v1/sessions/start status=409 elapsedMs=65
2026-07-02 01:05:42,548 INFO o.a.j.p.j.s.J.Full charging journey with SSE: [electrahub-jmeter][full][024] start skipped EH-US-CHG-0027/CON-US-0027 HTTP 409; trying next connector
2026-07-02 01:05:42,591 INFO o.a.j.p.j.s.J.Full charging journey with SSE: [electrahub-jmeter][full][022] http POST /session/api/v1/sessions/start status=409 elapsedMs=72
2026-07-02 01:05:42,592 INFO o.a.j.p.j.s.J.Full charging journey with SSE: [electrahub-jmeter][full][022] start skipped EH-US-CHG-0036/CON-US-0036 HTTP 409; trying next connector
2026-07-02 01:05:43,067 INFO o.a.j.p.j.s.J.Full charging journey with SSE: [electrahub-jmeter][full][023] step=start charging attempt 10
2026-07-02 01:05:43,135 INFO o.a.j.p.j.s.J.Full charging journey with SSE: [electrahub-jmeter][full][023] http POST /session/api/v1/sessions/start status=409 elapsedMs=66
2026-07-02 01:05:43,136 INFO o.a.j.p.j.s.J.Full charging journey with SSE: [electrahub-jmeter][full][023] start skipped EH-US-CHG-0032/CON-US-0032 HTTP 409; trying next connector
2026-07-02 01:05:43,549 INFO o.a.j.p.j.s.J.Full charging journey with SSE: [electrahub-jmeter][full][024] step=start charging attempt 5
2026-07-02 01:05:43,593 INFO o.a.j.p.j.s.J.Full charging journey with SSE: [electrahub-jmeter][full][022] step=start charging attempt 16
2026-07-02 01:05:43,621 INFO o.a.j.p.j.s.J.Full charging journey with SSE: [electrahub-jmeter][full][024] http POST /session/api/v1/sessions/start status=409 elapsedMs=71
2026-07-02 01:05:43,622 INFO o.a.j.p.j.s.J.Full charging journey with SSE: [electrahub-jmeter][full][024] start skipped EH-US-CHG-0028/CON-US-0028 HTTP 409; trying next connector
2026-07-02 01:05:44,122 INFO o.a.j.p.j.s.J.Full charging journey with SSE: [electrahub-jmeter][full][022] http POST /session/api/v1/sessions/start status=201 elapsedMs=528
2026-07-02 01:05:44,123 INFO o.a.j.p.j.s.J.Full charging journey with SSE: [electrahub-jmeter][full][022] started session=fca84762-49b1-4075-a7f8-2c705eb4f475 charger=EH-US-CHG-0037/CON-US-0037 status=PREPARING remote=Accepted attempt=16/100
2026-07-02 01:05:44,124 INFO o.a.j.p.j.s.J.Full charging journey with SSE: [electrahub-jmeter][full][022] step=active sessions
2026-07-02 01:05:44,124 INFO o.a.j.p.j.s.J.Full charging journey with SSE: [electrahub-jmeter][full][013] sse ok connected=1 snapshot=2 updates=23 receipts=0 heartbeats=0
2026-07-02 01:05:44,125 INFO o.a.j.p.j.s.J.Full charging journey with SSE: [electrahub-jmeter][full][004] http POST /session/api/v1/sessions/470fa635-6182-4c33-90d3-5c1914411886/stop status=204 elapsedMs=3442
2026-07-02 01:05:44,126 INFO o.a.j.p.j.s.J.Full charging journey with SSE: [electrahub-jmeter][full][013] holding session for 49s before stop
2026-07-02 01:05:44,127 INFO o.a.j.p.j.s.J.Full charging journey with SSE: [electrahub-jmeter][full][004] stop requested session=470fa635-6182-4c33-90d3-5c1914411886
2026-07-02 01:05:44,128 INFO o.a.j.p.j.s.J.Full charging journey with SSE: [electrahub-jmeter][full][004] step=active sessions
2026-07-02 01:05:44,137 INFO o.a.j.p.j.s.J.Full charging journey with SSE: [electrahub-jmeter][full][023] step=start charging attempt 11
2026-07-02 01:05:44,206 INFO o.a.j.p.j.s.J.Full charging journey with SSE: [electrahub-jmeter][full][023] http POST /session/api/v1/sessions/start status=409 elapsedMs=68
2026-07-02 01:05:44,207 INFO o.a.j.p.j.s.J.Full charging journey with SSE: [electrahub-jmeter][full][023] start skipped EH-US-CHG-0033/CON-US-0033 HTTP 409; trying next connector
2026-07-02 01:05:44,374 INFO o.a.j.t.JMeterThread: Thread started: 100 driver charging journeys 1-25
2026-07-02 01:05:44,380 INFO o.a.j.p.j.s.J.Full charging journey with SSE: [electrahub-jmeter][full][025] step=register
2026-07-02 01:05:44,601 INFO o.a.j.p.j.s.J.Full charging journey with SSE: [electrahub-jmeter][full][025] http POST /auth/api/auth/register status=200 elapsedMs=220
2026-07-02 01:05:44,602 INFO o.a.j.p.j.s.J.Full charging journey with SSE: [electrahub-jmeter][full][025] registered uid=6b67d04a-ff1d-4873-acb3-7a8e256d025f
2026-07-02 01:05:44,610 INFO o.a.j.p.j.s.J.Full charging journey with SSE: [electrahub-jmeter][full][025] step=payment state before setup
2026-07-02 01:05:44,623 INFO o.a.j.p.j.s.J.Full charging journey with SSE: [electrahub-jmeter][full][024] step=start charging attempt 6
2026-07-02 01:05:44,666 INFO o.a.j.p.j.s.J.Full charging journey with SSE: [electrahub-jmeter][full][025] http GET /payment/api/v1/payment/state status=451 elapsedMs=55
2026-07-02 01:05:44,668 INFO o.a.j.p.j.s.J.Full charging journey with SSE: [electrahub-jmeter][full][025] step=accept terms
2026-07-02 01:05:44,740 INFO o.a.j.p.j.s.J.Full charging journey with SSE: [electrahub-jmeter][full][024] http POST /session/api/v1/sessions/start status=409 elapsedMs=77
2026-07-02 01:05:44,740 INFO o.a.j.p.j.s.J.Full charging journey with SSE: [electrahub-jmeter][full][024] start skipped EH-US-CHG-0029/CON-US-0029 HTTP 409; trying next connector
2026-07-02 01:05:44,742 INFO o.a.j.p.j.s.J.Full charging journey with SSE: [electrahub-jmeter][full][025] http POST /auth/api/terms/accept status=201 elapsedMs=73
2026-07-02 01:05:44,742 INFO o.a.j.p.j.s.J.Full charging journey with SSE: [electrahub-jmeter][full][025] accepted terms; refreshing token through login
2026-07-02 01:05:44,743 INFO o.a.j.p.j.s.J.Full charging journey with SSE: [electrahub-jmeter][full][025] step=login
2026-07-02 01:05:44,893 INFO o.a.j.p.j.s.J.Full charging journey with SSE: [electrahub-jmeter][full][025] http POST /auth/api/auth/login status=200 elapsedMs=149
2026-07-02 01:05:44,894 INFO o.a.j.p.j.s.J.Full charging journey with SSE: [electrahub-jmeter][full][025] logged in uid=6b67d04a-ff1d-4873-acb3-7a8e256d025f
2026-07-02 01:05:44,895 INFO o.a.j.p.j.s.J.Full charging journey with SSE: [electrahub-jmeter][full][025] step=payment state after terms
2026-07-02 01:05:44,956 INFO o.a.j.p.j.s.J.Full charging journey with SSE: [electrahub-jmeter][full][025] http GET /payment/api/v1/payment/state status=200 elapsedMs=61
2026-07-02 01:05:44,957 INFO o.a.j.p.j.s.J.Full charging journey with SSE: [electrahub-jmeter][full][025] step=add card
2026-07-02 01:05:45,017 INFO o.a.j.p.j.s.J.Full charging journey with SSE: [electrahub-jmeter][full][025] http POST /payment/api/v1/payment/cards status=201 elapsedMs=59
2026-07-02 01:05:45,017 INFO o.a.j.p.j.s.J.Full charging journey with SSE: [electrahub-jmeter][full][025] step=wallet topup
2026-07-02 01:05:45,079 INFO o.a.j.p.j.s.J.Full charging journey with SSE: [electrahub-jmeter][full][025] http POST /payment/api/v1/payment/wallet/topups status=201 elapsedMs=60
2026-07-02 01:05:45,080 INFO o.a.j.p.j.s.J.Full charging journey with SSE: [electrahub-jmeter][full][025] step=payment state after setup
2026-07-02 01:05:45,127 INFO o.a.j.p.j.s.J.Full charging journey with SSE: [electrahub-jmeter][full][022] http GET /session/api/v1/sessions/active status=200 elapsedMs=1002
2026-07-02 01:05:45,130 INFO o.a.j.p.j.s.J.Full charging journey with SSE: [electrahub-jmeter][full][004] http GET /session/api/v1/sessions/active status=200 elapsedMs=1001
2026-07-02 01:05:45,137 INFO o.a.j.p.j.s.J.Full charging journey with SSE: [electrahub-jmeter][full][025] http GET /payment/api/v1/payment/state status=200 elapsedMs=56
2026-07-02 01:05:45,138 INFO o.a.j.p.j.s.J.Full charging journey with SSE: [electrahub-jmeter][full][025] payment ready wallet=120.00
2026-07-02 01:05:45,139 INFO o.a.j.p.j.s.J.Full charging journey with SSE: [electrahub-jmeter][full][025] step=charger graphql list
2026-07-02 01:05:45,208 INFO o.a.j.p.j.s.J.Full charging journey with SSE: [electrahub-jmeter][full][023] step=start charging attempt 12
2026-07-02 01:05:45,234 INFO o.a.j.p.j.s.J.Full charging journey with SSE: [electrahub-jmeter][full][025] http POST /charger/graphql status=200 elapsedMs=94
2026-07-02 01:05:45,236 INFO o.a.j.p.j.s.J.Full charging journey with SSE: [electrahub-jmeter][full][025] dynamic connector selection found no available connector; using CSV connector
2026-07-02 01:05:45,237 INFO o.a.j.p.j.s.J.Full charging journey with SSE: [electrahub-jmeter][full][025] step=charger graphql view
2026-07-02 01:05:45,279 INFO o.a.j.p.j.s.J.Full charging journey with SSE: [electrahub-jmeter][full][023] http POST /session/api/v1/sessions/start status=409 elapsedMs=70
2026-07-02 01:05:45,280 INFO o.a.j.p.j.s.J.Full charging journey with SSE: [electrahub-jmeter][full][023] start skipped EH-US-CHG-0034/CON-US-0034 HTTP 409; trying next connector
2026-07-02 01:05:45,305 INFO o.a.j.p.j.s.J.Full charging journey with SSE: [electrahub-jmeter][full][025] http POST /charger/graphql status=200 elapsedMs=67
2026-07-02 01:05:45,306 INFO o.a.j.p.j.s.J.Full charging journey with SSE: [electrahub-jmeter][full][025] step=payment state before start
2026-07-02 01:05:45,363 INFO o.a.j.p.j.s.J.Full charging journey with SSE: [electrahub-jmeter][full][025] http GET /payment/api/v1/payment/state status=200 elapsedMs=56
2026-07-02 01:05:45,366 INFO o.a.j.p.j.s.J.Full charging journey with SSE: [electrahub-jmeter][full][025] using connector csv fallback attempts=100 startIndex=25/100
2026-07-02 01:05:45,367 INFO o.a.j.p.j.s.J.Full charging journey with SSE: [electrahub-jmeter][full][025] step=start charging attempt 1
2026-07-02 01:05:45,442 INFO o.a.j.p.j.s.J.Full charging journey with SSE: [electrahub-jmeter][full][025] http POST /session/api/v1/sessions/start status=409 elapsedMs=73
2026-07-02 01:05:45,443 INFO o.a.j.p.j.s.J.Full charging journey with SSE: [electrahub-jmeter][full][025] start skipped EH-US-CHG-0025/CON-US-0025 HTTP 409; trying next connector
2026-07-02 01:05:45,741 INFO o.a.j.p.j.s.J.Full charging journey with SSE: [electrahub-jmeter][full][024] step=start charging attempt 7
2026-07-02 01:05:45,745 INFO o.a.j.p.j.s.J.Full charging journey with SSE: [electrahub-jmeter][full][005] step=stop charging session
2026-07-02 01:05:45,804 INFO o.a.j.p.j.s.J.Full charging journey with SSE: [electrahub-jmeter][full][024] http POST /session/api/v1/sessions/start status=409 elapsedMs=61
2026-07-02 01:05:45,805 INFO o.a.j.p.j.s.J.Full charging journey with SSE: [electrahub-jmeter][full][024] start skipped EH-US-CHG-0030/CON-US-0030 HTTP 409; trying next connector
2026-07-02 01:05:46,102 INFO o.a.j.p.j.s.J.Full charging journey with SSE: [electrahub-jmeter][full][003] step=active sessions
2026-07-02 01:05:46,179 INFO o.a.j.p.j.s.J.Full charging journey with SSE: [electrahub-jmeter][full][003] http GET /session/api/v1/sessions/active status=200 elapsedMs=76
2026-07-02 01:05:46,180 INFO o.a.j.p.j.s.J.Full charging journey with SSE: [electrahub-jmeter][full][003] step=receipt
2026-07-02 01:05:46,275 INFO o.a.j.p.j.s.J.Full charging journey with SSE: [electrahub-jmeter][full][003] http GET /session/api/v1/sessions/75b8d33a-ce0c-480d-97f2-a86a6c891574/receipt status=200 elapsedMs=94
2026-07-02 01:05:46,276 INFO o.a.j.p.j.s.J.Full charging journey with SSE: [electrahub-jmeter][full][003] step=session history
2026-07-02 01:05:46,280 INFO o.a.j.p.j.s.J.Full charging journey with SSE: [electrahub-jmeter][full][023] step=start charging attempt 13
2026-07-02 01:05:46,335 INFO o.a.j.p.j.s.J.Full charging journey with SSE: [electrahub-jmeter][full][003] http GET /session/api/v1/sessions/history?page=0&size=10 status=200 elapsedMs=59
2026-07-02 01:05:46,336 INFO o.a.j.p.j.s.J.Full charging journey with SSE: [electrahub-jmeter][full][003] step=dashboard stats
2026-07-02 01:05:46,357 INFO o.a.j.p.j.s.J.Full charging journey with SSE: [electrahub-jmeter][full][023] http POST /session/api/v1/sessions/start status=409 elapsedMs=76
2026-07-02 01:05:46,358 INFO o.a.j.p.j.s.J.Full charging journey with SSE: [electrahub-jmeter][full][023] start skipped EH-US-CHG-0035/CON-US-0035 HTTP 409; trying next connector
2026-07-02 01:05:46,390 INFO o.a.j.p.j.s.J.Full charging journey with SSE: [electrahub-jmeter][full][003] http GET /session/api/v1/sessions/dashboard-stats status=200 elapsedMs=53
2026-07-02 01:05:46,391 INFO o.a.j.p.j.s.J.Full charging journey with SSE: [electrahub-jmeter][full][003] receipt ok session=75b8d33a-ce0c-480d-97f2-a86a6c891574 status=Completed total=1.8745
2026-07-02 01:05:46,393 INFO o.a.j.t.JMeterThread: Thread is done: 100 driver charging journeys 1-3
2026-07-02 01:05:46,393 INFO o.a.j.t.JMeterThread: Thread finished: 100 driver charging journeys 1-3
2026-07-02 01:05:46,444 INFO o.a.j.p.j.s.J.Full charging journey with SSE: [electrahub-jmeter][full][025] step=start charging attempt 2
2026-07-02 01:05:46,507 INFO o.a.j.p.j.s.J.Full charging journey with SSE: [electrahub-jmeter][full][025] http POST /session/api/v1/sessions/start status=409 elapsedMs=62
2026-07-02 01:05:46,508 INFO o.a.j.p.j.s.J.Full charging journey with SSE: [electrahub-jmeter][full][025] start skipped EH-US-CHG-0026/CON-US-0026 HTTP 409; trying next connector
2026-07-02 01:05:46,806 INFO o.a.j.p.j.s.J.Full charging journey with SSE: [electrahub-jmeter][full][024] step=start charging attempt 8
2026-07-02 01:05:46,870 INFO o.a.j.p.j.s.J.Full charging journey with SSE: [electrahub-jmeter][full][024] http POST /session/api/v1/sessions/start status=409 elapsedMs=63
2026-07-02 01:05:46,871 INFO o.a.j.p.j.s.J.Full charging journey with SSE: [electrahub-jmeter][full][024] start skipped EH-US-CHG-0031/CON-US-0031 HTTP 409; trying next connector
2026-07-02 01:05:47,359 INFO o.a.j.p.j.s.J.Full charging journey with SSE: [electrahub-jmeter][full][023] step=start charging attempt 14
2026-07-02 01:05:47,428 INFO o.a.j.p.j.s.J.Full charging journey with SSE: [electrahub-jmeter][full][023] http POST /session/api/v1/sessions/start status=409 elapsedMs=68
2026-07-02 01:05:47,429 INFO o.a.j.p.j.s.J.Full charging journey with SSE: [electrahub-jmeter][full][023] start skipped EH-US-CHG-0036/CON-US-0036 HTTP 409; trying next connector
2026-07-02 01:05:47,509 INFO o.a.j.p.j.s.J.Full charging journey with SSE: [electrahub-jmeter][full][025] step=start charging attempt 3
2026-07-02 01:05:47,577 INFO o.a.j.p.j.s.J.Full charging journey with SSE: [electrahub-jmeter][full][025] http POST /session/api/v1/sessions/start status=409 elapsedMs=67
2026-07-02 01:05:47,578 INFO o.a.j.p.j.s.J.Full charging journey with SSE: [electrahub-jmeter][full][025] start skipped EH-US-CHG-0027/CON-US-0027 HTTP 409; trying next connector
2026-07-02 01:05:47,872 INFO o.a.j.p.j.s.J.Full charging journey with SSE: [electrahub-jmeter][full][024] step=start charging attempt 9
2026-07-02 01:05:47,950 INFO o.a.j.p.j.s.J.Full charging journey with SSE: [electrahub-jmeter][full][024] http POST /session/api/v1/sessions/start status=409 elapsedMs=77
2026-07-02 01:05:47,951 INFO o.a.j.p.j.s.J.Full charging journey with SSE: [electrahub-jmeter][full][024] start skipped EH-US-CHG-0032/CON-US-0032 HTTP 409; trying next connector
2026-07-02 01:05:51,108 INFO o.a.j.p.j.s.J.Full charging journey with SSE: [electrahub-jmeter][full][023] step=start charging attempt 15
2026-07-02 01:05:51,174 INFO o.a.j.p.j.s.J.Full charging journey with SSE: [electrahub-jmeter][full][023] http POST /session/api/v1/sessions/start status=409 elapsedMs=65
2026-07-02 01:05:51,175 INFO o.a.j.p.j.s.J.Full charging journey with SSE: [electrahub-jmeter][full][023] start skipped EH-US-CHG-0037/CON-US-0037 HTTP 409; trying next connector
2026-07-02 01:05:51,257 INFO o.a.j.p.j.s.J.Full charging journey with SSE: [electrahub-jmeter][full][025] step=start charging attempt 4
2026-07-02 01:05:51,327 INFO o.a.j.p.j.s.J.Full charging journey with SSE: [electrahub-jmeter][full][025] http POST /session/api/v1/sessions/start status=409 elapsedMs=69
2026-07-02 01:05:51,328 INFO o.a.j.p.j.s.J.Full charging journey with SSE: [electrahub-jmeter][full][025] start skipped EH-US-CHG-0028/CON-US-0028 HTTP 409; trying next connector
2026-07-02 01:05:51,629 INFO o.a.j.p.j.s.J.Full charging journey with SSE: [electrahub-jmeter][full][024] step=start charging attempt 10
2026-07-02 01:05:51,700 INFO o.a.j.p.j.s.J.Full charging journey with SSE: [electrahub-jmeter][full][024] http POST /session/api/v1/sessions/start status=409 elapsedMs=69
2026-07-02 01:05:51,701 INFO o.a.j.p.j.s.J.Full charging journey with SSE: [electrahub-jmeter][full][024] start skipped EH-US-CHG-0033/CON-US-0033 HTTP 409; trying next connector
2026-07-02 01:05:51,838 INFO o.a.j.p.j.s.J.Full charging journey with SSE: [electrahub-jmeter][full][005] http POST /session/api/v1/sessions/a02013af-ad62-4cd4-93d7-b0ac8e685670/stop status=204 elapsedMs=6093
2026-07-02 01:05:51,839 INFO o.a.j.p.j.s.J.Full charging journey with SSE: [electrahub-jmeter][full][005] stop requested session=a02013af-ad62-4cd4-93d7-b0ac8e685670
2026-07-02 01:05:51,840 INFO o.a.j.p.j.s.J.Full charging journey with SSE: [electrahub-jmeter][full][005] step=active sessions
2026-07-02 01:05:51,888 INFO o.a.j.t.JMeterThread: Thread started: 100 driver charging journeys 1-26
2026-07-02 01:05:51,897 INFO o.a.j.p.j.s.J.Full charging journey with SSE: [electrahub-jmeter][full][026] step=register
2026-07-02 01:05:52,072 INFO o.a.j.p.j.s.J.Full charging journey with SSE: [electrahub-jmeter][full][026] http POST /auth/api/auth/register status=200 elapsedMs=174
2026-07-02 01:05:52,073 INFO o.a.j.p.j.s.J.Full charging journey with SSE: [electrahub-jmeter][full][026] registered uid=5f3db14f-6e34-4ffa-9a4e-ebcc517e2c38
2026-07-02 01:05:52,081 INFO o.a.j.p.j.s.J.Full charging journey with SSE: [electrahub-jmeter][full][026] step=payment state before setup
2026-07-02 01:05:52,147 INFO o.a.j.p.j.s.J.Full charging journey with SSE: [electrahub-jmeter][full][026] http GET /payment/api/v1/payment/state status=451 elapsedMs=65
2026-07-02 01:05:52,148 INFO o.a.j.p.j.s.J.Full charging journey with SSE: [electrahub-jmeter][full][026] step=accept terms
2026-07-02 01:05:52,176 INFO o.a.j.p.j.s.J.Full charging journey with SSE: [electrahub-jmeter][full][023] step=start charging attempt 16
2026-07-02 01:05:52,204 INFO o.a.j.p.j.s.J.Full charging journey with SSE: [electrahub-jmeter][full][026] http POST /auth/api/terms/accept status=201 elapsedMs=55
2026-07-02 01:05:52,205 INFO o.a.j.p.j.s.J.Full charging journey with SSE: [electrahub-jmeter][full][026] accepted terms; refreshing token through login
2026-07-02 01:05:52,205 INFO o.a.j.p.j.s.J.Full charging journey with SSE: [electrahub-jmeter][full][026] step=login
2026-07-02 01:05:52,282 INFO o.a.j.p.j.s.J.Full charging journey with SSE: [electrahub-jmeter][full][023] http POST /session/api/v1/sessions/start status=409 elapsedMs=68
2026-07-02 01:05:52,282 INFO o.a.j.p.j.s.J.Full charging journey with SSE: [electrahub-jmeter][full][023] start skipped EH-US-CHG-0038/CON-US-0038 HTTP 409; trying next connector
2026-07-02 01:05:52,329 INFO o.a.j.p.j.s.J.Full charging journey with SSE: [electrahub-jmeter][full][025] step=start charging attempt 5
2026-07-02 01:05:52,365 INFO o.a.j.p.j.s.J.Full charging journey with SSE: [electrahub-jmeter][full][026] http POST /auth/api/auth/login status=200 elapsedMs=159
2026-07-02 01:05:52,366 INFO o.a.j.p.j.s.J.Full charging journey with SSE: [electrahub-jmeter][full][026] logged in uid=5f3db14f-6e34-4ffa-9a4e-ebcc517e2c38
2026-07-02 01:05:52,366 INFO o.a.j.p.j.s.J.Full charging journey with SSE: [electrahub-jmeter][full][026] step=payment state after terms
2026-07-02 01:05:52,402 INFO o.a.j.p.j.s.J.Full charging journey with SSE: [electrahub-jmeter][full][025] http POST /session/api/v1/sessions/start status=409 elapsedMs=72
2026-07-02 01:05:52,404 INFO o.a.j.p.j.s.J.Full charging journey with SSE: [electrahub-jmeter][full][025] start skipped EH-US-CHG-0029/CON-US-0029 HTTP 409; trying next connector
2026-07-02 01:05:52,440 INFO o.a.j.p.j.s.J.Full charging journey with SSE: [electrahub-jmeter][full][026] http GET /payment/api/v1/payment/state status=200 elapsedMs=73
2026-07-02 01:05:52,441 INFO o.a.j.p.j.s.J.Full charging journey with SSE: [electrahub-jmeter][full][026] step=add card
2026-07-02 01:05:52,505 INFO o.a.j.p.j.s.J.Full charging journey with SSE: [electrahub-jmeter][full][026] http POST /payment/api/v1/payment/cards status=201 elapsedMs=63
2026-07-02 01:05:52,506 INFO o.a.j.p.j.s.J.Full charging journey with SSE: [electrahub-jmeter][full][026] step=wallet topup
2026-07-02 01:05:52,563 INFO o.a.j.p.j.s.J.Full charging journey with SSE: [electrahub-jmeter][full][026] http POST /payment/api/v1/payment/wallet/topups status=201 elapsedMs=56
2026-07-02 01:05:52,564 INFO o.a.j.p.j.s.J.Full charging journey with SSE: [electrahub-jmeter][full][026] step=payment state after setup
2026-07-02 01:05:52,627 INFO o.a.j.p.j.s.J.Full charging journey with SSE: [electrahub-jmeter][full][026] http GET /payment/api/v1/payment/state status=200 elapsedMs=63
2026-07-02 01:05:52,629 INFO o.a.j.p.j.s.J.Full charging journey with SSE: [electrahub-jmeter][full][026] payment ready wallet=120.00
2026-07-02 01:05:52,629 INFO o.a.j.p.j.s.J.Full charging journey with SSE: [electrahub-jmeter][full][026] step=charger graphql list
2026-07-02 01:05:52,702 INFO o.a.j.p.j.s.J.Full charging journey with SSE: [electrahub-jmeter][full][024] step=start charging attempt 11
2026-07-02 01:05:52,723 INFO o.a.j.p.j.s.J.Full charging journey with SSE: [electrahub-jmeter][full][026] http POST /charger/graphql status=200 elapsedMs=93
2026-07-02 01:05:52,726 INFO o.a.j.p.j.s.J.Full charging journey with SSE: [electrahub-jmeter][full][026] dynamic connector selection found no available connector; using CSV connector
2026-07-02 01:05:52,729 INFO o.a.j.p.j.s.J.Full charging journey with SSE: [electrahub-jmeter][full][026] step=charger graphql view
2026-07-02 01:05:52,771 INFO o.a.j.p.j.s.J.Full charging journey with SSE: [electrahub-jmeter][full][024] http POST /session/api/v1/sessions/start status=409 elapsedMs=68
2026-07-02 01:05:52,772 INFO o.a.j.p.j.s.J.Full charging journey with SSE: [electrahub-jmeter][full][024] start skipped EH-US-CHG-0034/CON-US-0034 HTTP 409; trying next connector
2026-07-02 01:05:52,808 INFO o.a.j.p.j.s.J.Full charging journey with SSE: [electrahub-jmeter][full][004] step=active sessions
2026-07-02 01:05:52,814 INFO o.a.j.p.j.s.J.Full charging journey with SSE: [electrahub-jmeter][full][026] http POST /charger/graphql status=200 elapsedMs=83
2026-07-02 01:05:52,815 INFO o.a.j.p.j.s.J.Full charging journey with SSE: [electrahub-jmeter][full][026] step=payment state before start
2026-07-02 01:05:52,848 INFO o.a.j.p.j.s.J.Full charging journey with SSE: [electrahub-jmeter][full][005] http GET /session/api/v1/sessions/active status=200 elapsedMs=1007
2026-07-02 01:05:52,848 INFO o.a.j.p.j.s.J.Full charging journey with SSE: [electrahub-jmeter][full][014] sse ok connected=1 snapshot=2 updates=25 receipts=0 heartbeats=0
2026-07-02 01:05:52,849 INFO o.a.j.p.j.s.J.Full charging journey with SSE: [electrahub-jmeter][full][014] holding session for 46s before stop
2026-07-02 01:05:52,875 INFO o.a.j.p.j.s.J.Full charging journey with SSE: [electrahub-jmeter][full][026] http GET /payment/api/v1/payment/state status=200 elapsedMs=60
2026-07-02 01:05:52,878 INFO o.a.j.p.j.s.J.Full charging journey with SSE: [electrahub-jmeter][full][026] using connector csv fallback attempts=100 startIndex=26/100
2026-07-02 01:05:52,879 INFO o.a.j.p.j.s.J.Full charging journey with SSE: [electrahub-jmeter][full][026] step=start charging attempt 1
2026-07-02 01:05:52,902 INFO o.a.j.p.j.s.J.Full charging journey with SSE: [electrahub-jmeter][full][004] http GET /session/api/v1/sessions/active status=200 elapsedMs=93
2026-07-02 01:05:52,903 INFO o.a.j.p.j.s.J.Full charging journey with SSE: [electrahub-jmeter][full][004] step=receipt
2026-07-02 01:05:52,948 INFO o.a.j.p.j.s.J.Full charging journey with SSE: [electrahub-jmeter][full][026] http POST /session/api/v1/sessions/start status=409 elapsedMs=68
2026-07-02 01:05:52,949 INFO o.a.j.p.j.s.J.Full charging journey with SSE: [electrahub-jmeter][full][026] start skipped EH-US-CHG-0026/CON-US-0026 HTTP 409; trying next connector
2026-07-02 01:05:52,978 INFO o.a.j.p.j.s.J.Full charging journey with SSE: [electrahub-jmeter][full][004] http GET /session/api/v1/sessions/470fa635-6182-4c33-90d3-5c1914411886/receipt status=200 elapsedMs=75
2026-07-02 01:05:52,979 INFO o.a.j.p.j.s.J.Full charging journey with SSE: [electrahub-jmeter][full][004] step=session history
2026-07-02 01:05:53,043 INFO o.a.j.p.j.s.J.Full charging journey with SSE: [electrahub-jmeter][full][004] http GET /session/api/v1/sessions/history?page=0&size=10 status=200 elapsedMs=64
2026-07-02 01:05:53,044 INFO o.a.j.p.j.s.J.Full charging journey with SSE: [electrahub-jmeter][full][004] step=dashboard stats
2026-07-02 01:05:53,107 INFO o.a.j.p.j.s.J.Full charging journey with SSE: [electrahub-jmeter][full][004] http GET /session/api/v1/sessions/dashboard-stats status=200 elapsedMs=62
2026-07-02 01:05:53,108 INFO o.a.j.p.j.s.J.Full charging journey with SSE: [electrahub-jmeter][full][004] receipt ok session=470fa635-6182-4c33-90d3-5c1914411886 status=Completed total=1.873
2026-07-02 01:05:53,109 INFO o.a.j.t.JMeterThread: Thread is done: 100 driver charging journeys 1-4
2026-07-02 01:05:53,110 INFO o.a.j.t.JMeterThread: Thread finished: 100 driver charging journeys 1-4
2026-07-02 01:05:53,283 INFO o.a.j.p.j.s.J.Full charging journey with SSE: [electrahub-jmeter][full][023] step=start charging attempt 17
2026-07-02 01:05:53,360 INFO o.a.j.p.j.s.J.Full charging journey with SSE: [electrahub-jmeter][full][023] http POST /session/api/v1/sessions/start status=409 elapsedMs=76
2026-07-02 01:05:53,361 INFO o.a.j.p.j.s.J.Full charging journey with SSE: [electrahub-jmeter][full][023] start skipped EH-US-CHG-0039/CON-US-0039 HTTP 409; trying next connector
2026-07-02 01:05:53,404 INFO o.a.j.p.j.s.J.Full charging journey with SSE: [electrahub-jmeter][full][025] step=start charging attempt 6
2026-07-02 01:05:53,475 INFO o.a.j.p.j.s.J.Full charging journey with SSE: [electrahub-jmeter][full][025] http POST /session/api/v1/sessions/start status=409 elapsedMs=69
2026-07-02 01:05:53,476 INFO o.a.j.p.j.s.J.Full charging journey with SSE: [electrahub-jmeter][full][025] start skipped EH-US-CHG-0030/CON-US-0030 HTTP 409; trying next connector
2026-07-02 01:05:53,773 INFO o.a.j.p.j.s.J.Full charging journey with SSE: [electrahub-jmeter][full][024] step=start charging attempt 12
2026-07-02 01:05:53,859 INFO o.a.j.p.j.s.J.Full charging journey with SSE: [electrahub-jmeter][full][024] http POST /session/api/v1/sessions/start status=409 elapsedMs=85
2026-07-02 01:05:53,861 INFO o.a.j.p.j.s.J.Full charging journey with SSE: [electrahub-jmeter][full][024] start skipped EH-US-CHG-0035/CON-US-0035 HTTP 409; trying next connector
2026-07-02 01:05:53,950 INFO o.a.j.p.j.s.J.Full charging journey with SSE: [electrahub-jmeter][full][026] step=start charging attempt 2
2026-07-02 01:05:54,029 INFO o.a.j.p.j.s.J.Full charging journey with SSE: [electrahub-jmeter][full][026] http POST /session/api/v1/sessions/start status=409 elapsedMs=78
2026-07-02 01:05:54,030 INFO o.a.j.p.j.s.J.Full charging journey with SSE: [electrahub-jmeter][full][026] start skipped EH-US-CHG-0027/CON-US-0027 HTTP 409; trying next connector
2026-07-02 01:05:54,363 INFO o.a.j.p.j.s.J.Full charging journey with SSE: [electrahub-jmeter][full][023] step=start charging attempt 18
2026-07-02 01:05:54,461 INFO o.a.j.p.j.s.J.Full charging journey with SSE: [electrahub-jmeter][full][006] step=stop charging session
2026-07-02 01:05:54,477 INFO o.a.j.p.j.s.J.Full charging journey with SSE: [electrahub-jmeter][full][025] step=start charging attempt 7
2026-07-02 01:05:54,547 INFO o.a.j.p.j.s.J.Full charging journey with SSE: [electrahub-jmeter][full][025] http POST /session/api/v1/sessions/start status=409 elapsedMs=69
2026-07-02 01:05:54,548 INFO o.a.j.p.j.s.J.Full charging journey with SSE: [electrahub-jmeter][full][025] start skipped EH-US-CHG-0031/CON-US-0031 HTTP 409; trying next connector
2026-07-02 01:05:54,862 INFO o.a.j.p.j.s.J.Full charging journey with SSE: [electrahub-jmeter][full][024] step=start charging attempt 13
2026-07-02 01:05:54,868 INFO o.a.j.p.j.s.J.Full charging journey with SSE: [electrahub-jmeter][full][023] http POST /session/api/v1/sessions/start status=201 elapsedMs=504
2026-07-02 01:05:54,869 INFO o.a.j.p.j.s.J.Full charging journey with SSE: [electrahub-jmeter][full][023] started session=08190625-b8a4-4eff-8e37-bda27840b3e7 charger=EH-US-CHG-0040/CON-US-0040 status=PREPARING remote=Accepted attempt=18/100
2026-07-02 01:05:54,870 INFO o.a.j.p.j.s.J.Full charging journey with SSE: [electrahub-jmeter][full][023] step=active sessions
2026-07-02 01:05:54,932 INFO o.a.j.p.j.s.J.Full charging journey with SSE: [electrahub-jmeter][full][024] http POST /session/api/v1/sessions/start status=409 elapsedMs=69
2026-07-02 01:05:54,933 INFO o.a.j.p.j.s.J.Full charging journey with SSE: [electrahub-jmeter][full][024] start skipped EH-US-CHG-0036/CON-US-0036 HTTP 409; trying next connector
2026-07-02 01:05:55,031 INFO o.a.j.p.j.s.J.Full charging journey with SSE: [electrahub-jmeter][full][026] step=start charging attempt 3
2026-07-02 01:05:55,103 INFO o.a.j.p.j.s.J.Full charging journey with SSE: [electrahub-jmeter][full][026] http POST /session/api/v1/sessions/start status=409 elapsedMs=71
2026-07-02 01:05:55,104 INFO o.a.j.p.j.s.J.Full charging journey with SSE: [electrahub-jmeter][full][026] start skipped EH-US-CHG-0028/CON-US-0028 HTTP 409; trying next connector
2026-07-02 01:05:55,548 INFO o.a.j.p.j.s.J.Full charging journey with SSE: [electrahub-jmeter][full][025] step=start charging attempt 8
2026-07-02 01:05:55,627 INFO o.a.j.p.j.s.J.Full charging journey with SSE: [electrahub-jmeter][full][025] http POST /session/api/v1/sessions/start status=409 elapsedMs=77
2026-07-02 01:05:55,627 INFO o.a.j.p.j.s.J.Full charging journey with SSE: [electrahub-jmeter][full][025] start skipped EH-US-CHG-0032/CON-US-0032 HTTP 409; trying next connector
2026-07-02 01:05:55,873 INFO o.a.j.p.j.s.J.Full charging journey with SSE: [electrahub-jmeter][full][023] http GET /session/api/v1/sessions/active status=200 elapsedMs=1003
2026-07-02 01:05:55,934 INFO o.a.j.p.j.s.J.Full charging journey with SSE: [electrahub-jmeter][full][024] step=start charging attempt 14
2026-07-02 01:05:56,009 INFO o.a.j.p.j.s.J.Full charging journey with SSE: [electrahub-jmeter][full][024] http POST /session/api/v1/sessions/start status=409 elapsedMs=74
2026-07-02 01:05:56,010 INFO o.a.j.p.j.s.J.Full charging journey with SSE: [electrahub-jmeter][full][024] start skipped EH-US-CHG-0037/CON-US-0037 HTTP 409; trying next connector
2026-07-02 01:05:56,105 INFO o.a.j.p.j.s.J.Full charging journey with SSE: [electrahub-jmeter][full][026] step=start charging attempt 4
2026-07-02 01:05:56,184 INFO o.a.j.p.j.s.J.Full charging journey with SSE: [electrahub-jmeter][full][026] http POST /session/api/v1/sessions/start status=409 elapsedMs=78
2026-07-02 01:05:56,185 INFO o.a.j.p.j.s.J.Full charging journey with SSE: [electrahub-jmeter][full][026] start skipped EH-US-CHG-0029/CON-US-0029 HTTP 409; trying next connector
2026-07-02 01:05:56,374 INFO o.a.j.t.JMeterThread: Thread started: 100 driver charging journeys 1-27
2026-07-02 01:05:56,381 INFO o.a.j.p.j.s.J.Full charging journey with SSE: [electrahub-jmeter][full][027] step=register
2026-07-02 01:05:56,587 INFO o.a.j.p.j.s.J.Full charging journey with SSE: [electrahub-jmeter][full][027] http POST /auth/api/auth/register status=200 elapsedMs=205
2026-07-02 01:05:56,588 INFO o.a.j.p.j.s.J.Full charging journey with SSE: [electrahub-jmeter][full][027] registered uid=f13545e8-f0c9-4b25-9ae7-4a73bc71b2f2
2026-07-02 01:05:56,597 INFO o.a.j.p.j.s.J.Full charging journey with SSE: [electrahub-jmeter][full][027] step=payment state before setup
2026-07-02 01:05:56,628 INFO o.a.j.p.j.s.J.Full charging journey with SSE: [electrahub-jmeter][full][025] step=start charging attempt 9
2026-07-02 01:05:56,653 INFO o.a.j.p.j.s.J.Full charging journey with SSE: [electrahub-jmeter][full][027] http GET /payment/api/v1/payment/state status=451 elapsedMs=55
2026-07-02 01:05:56,654 INFO o.a.j.p.j.s.J.Full charging journey with SSE: [electrahub-jmeter][full][027] step=accept terms
2026-07-02 01:05:56,720 INFO o.a.j.p.j.s.J.Full charging journey with SSE: [electrahub-jmeter][full][027] http POST /auth/api/terms/accept status=201 elapsedMs=65
2026-07-02 01:05:56,721 INFO o.a.j.p.j.s.J.Full charging journey with SSE: [electrahub-jmeter][full][027] accepted terms; refreshing token through login
2026-07-02 01:05:56,722 INFO o.a.j.p.j.s.J.Full charging journey with SSE: [electrahub-jmeter][full][027] step=login
2026-07-02 01:05:56,759 INFO o.a.j.p.j.s.J.Full charging journey with SSE: [electrahub-jmeter][full][025] http POST /session/api/v1/sessions/start status=409 elapsedMs=93
2026-07-02 01:05:56,760 INFO o.a.j.p.j.s.J.Full charging journey with SSE: [electrahub-jmeter][full][025] start skipped EH-US-CHG-0033/CON-US-0033 HTTP 409; trying next connector
2026-07-02 01:05:56,906 INFO o.a.j.p.j.s.J.Full charging journey with SSE: [electrahub-jmeter][full][027] http POST /auth/api/auth/login status=200 elapsedMs=183
2026-07-02 01:05:56,907 INFO o.a.j.p.j.s.J.Full charging journey with SSE: [electrahub-jmeter][full][027] logged in uid=f13545e8-f0c9-4b25-9ae7-4a73bc71b2f2
2026-07-02 01:05:56,908 INFO o.a.j.p.j.s.J.Full charging journey with SSE: [electrahub-jmeter][full][027] step=payment state after terms
2026-07-02 01:05:56,972 INFO o.a.j.p.j.s.J.Full charging journey with SSE: [electrahub-jmeter][full][027] http GET /payment/api/v1/payment/state status=200 elapsedMs=64
2026-07-02 01:05:56,973 INFO o.a.j.p.j.s.J.Full charging journey with SSE: [electrahub-jmeter][full][027] step=add card
2026-07-02 01:05:57,011 INFO o.a.j.p.j.s.J.Full charging journey with SSE: [electrahub-jmeter][full][024] step=start charging attempt 15
2026-07-02 01:05:57,036 INFO o.a.j.p.j.s.J.Full charging journey with SSE: [electrahub-jmeter][full][027] http POST /payment/api/v1/payment/cards status=201 elapsedMs=62
2026-07-02 01:05:57,038 INFO o.a.j.p.j.s.J.Full charging journey with SSE: [electrahub-jmeter][full][027] step=wallet topup
2026-07-02 01:05:57,083 INFO o.a.j.p.j.s.J.Full charging journey with SSE: [electrahub-jmeter][full][024] http POST /session/api/v1/sessions/start status=409 elapsedMs=71
2026-07-02 01:05:57,084 INFO o.a.j.p.j.s.J.Full charging journey with SSE: [electrahub-jmeter][full][024] start skipped EH-US-CHG-0038/CON-US-0038 HTTP 409; trying next connector
2026-07-02 01:05:57,153 INFO o.a.j.p.j.s.J.Full charging journey with SSE: [electrahub-jmeter][full][027] http POST /payment/api/v1/payment/wallet/topups status=201 elapsedMs=114
2026-07-02 01:05:57,154 INFO o.a.j.p.j.s.J.Full charging journey with SSE: [electrahub-jmeter][full][027] step=payment state after setup
2026-07-02 01:05:57,186 INFO o.a.j.p.j.s.J.Full charging journey with SSE: [electrahub-jmeter][full][026] step=start charging attempt 5
2026-07-02 01:05:57,257 INFO o.a.j.p.j.s.J.Full charging journey with SSE: [electrahub-jmeter][full][027] http GET /payment/api/v1/payment/state status=200 elapsedMs=103
2026-07-02 01:05:57,258 INFO o.a.j.p.j.s.J.Full charging journey with SSE: [electrahub-jmeter][full][027] payment ready wallet=120.00
2026-07-02 01:05:57,257 INFO o.a.j.p.j.s.J.Full charging journey with SSE: [electrahub-jmeter][full][026] http POST /session/api/v1/sessions/start status=409 elapsedMs=70
2026-07-02 01:05:57,259 INFO o.a.j.p.j.s.J.Full charging journey with SSE: [electrahub-jmeter][full][027] step=charger graphql list
2026-07-02 01:05:57,259 INFO o.a.j.p.j.s.J.Full charging journey with SSE: [electrahub-jmeter][full][026] start skipped EH-US-CHG-0030/CON-US-0030 HTTP 409; trying next connector
2026-07-02 01:05:57,367 INFO o.a.j.p.j.s.J.Full charging journey with SSE: [electrahub-jmeter][full][027] http POST /charger/graphql status=200 elapsedMs=107
2026-07-02 01:05:57,369 INFO o.a.j.p.j.s.J.Full charging journey with SSE: [electrahub-jmeter][full][027] dynamic connector selection found no available connector; using CSV connector
2026-07-02 01:05:57,370 INFO o.a.j.p.j.s.J.Full charging journey with SSE: [electrahub-jmeter][full][027] step=charger graphql view
2026-07-02 01:05:57,441 INFO o.a.j.p.j.s.J.Full charging journey with SSE: [electrahub-jmeter][full][027] http POST /charger/graphql status=200 elapsedMs=70
2026-07-02 01:05:57,442 INFO o.a.j.p.j.s.J.Full charging journey with SSE: [electrahub-jmeter][full][027] step=payment state before start
2026-07-02 01:05:57,504 INFO o.a.j.p.j.s.J.Full charging journey with SSE: [electrahub-jmeter][full][027] http GET /payment/api/v1/payment/state status=200 elapsedMs=61
2026-07-02 01:05:57,508 INFO o.a.j.p.j.s.J.Full charging journey with SSE: [electrahub-jmeter][full][027] using connector csv fallback attempts=100 startIndex=27/100
2026-07-02 01:05:57,509 INFO o.a.j.p.j.s.J.Full charging journey with SSE: [electrahub-jmeter][full][027] step=start charging attempt 1
2026-07-02 01:05:57,575 INFO o.a.j.p.j.s.J.Full charging journey with SSE: [electrahub-jmeter][full][027] http POST /session/api/v1/sessions/start status=409 elapsedMs=65
2026-07-02 01:05:57,576 INFO o.a.j.p.j.s.J.Full charging journey with SSE: [electrahub-jmeter][full][027] start skipped EH-US-CHG-0027/CON-US-0027 HTTP 409; trying next connector
2026-07-02 01:05:57,761 INFO o.a.j.p.j.s.J.Full charging journey with SSE: [electrahub-jmeter][full][025] step=start charging attempt 10
2026-07-02 01:05:57,832 INFO o.a.j.p.j.s.J.Full charging journey with SSE: [electrahub-jmeter][full][025] http POST /session/api/v1/sessions/start status=409 elapsedMs=70
2026-07-02 01:05:57,833 INFO o.a.j.p.j.s.J.Full charging journey with SSE: [electrahub-jmeter][full][025] start skipped EH-US-CHG-0034/CON-US-0034 HTTP 409; trying next connector
2026-07-02 01:05:57,848 INFO o.a.j.p.j.s.J.Full charging journey with SSE: [electrahub-jmeter][full][005] step=active sessions
2026-07-02 01:05:57,904 INFO o.a.j.p.j.s.J.Full charging journey with SSE: [electrahub-jmeter][full][006] http POST /session/api/v1/sessions/009561b2-6156-4da8-b144-cd361990456d/stop status=204 elapsedMs=3442
2026-07-02 01:05:57,904 INFO o.a.j.p.j.s.J.Full charging journey with SSE: [electrahub-jmeter][full][006] stop requested session=009561b2-6156-4da8-b144-cd361990456d
2026-07-02 01:05:57,905 INFO o.a.j.p.j.s.J.Full charging journey with SSE: [electrahub-jmeter][full][006] step=active sessions
2026-07-02 01:05:57,919 INFO o.a.j.p.j.s.J.Full charging journey with SSE: [electrahub-jmeter][full][005] http GET /session/api/v1/sessions/active status=200 elapsedMs=70
2026-07-02 01:05:57,920 INFO o.a.j.p.j.s.J.Full charging journey with SSE: [electrahub-jmeter][full][005] step=receipt
2026-07-02 01:05:57,973 INFO o.a.j.p.j.s.J.Full charging journey with SSE: [electrahub-jmeter][full][005] http GET /session/api/v1/sessions/a02013af-ad62-4cd4-93d7-b0ac8e685670/receipt status=200 elapsedMs=53
2026-07-02 01:05:57,974 INFO o.a.j.p.j.s.J.Full charging journey with SSE: [electrahub-jmeter][full][005] step=session history
2026-07-02 01:05:58,029 INFO o.a.j.p.j.s.J.Full charging journey with SSE: [electrahub-jmeter][full][005] http GET /session/api/v1/sessions/history?page=0&size=10 status=200 elapsedMs=54
2026-07-02 01:05:58,030 INFO o.a.j.p.j.s.J.Full charging journey with SSE: [electrahub-jmeter][full][005] step=dashboard stats
2026-07-02 01:05:58,085 INFO o.a.j.p.j.s.J.Full charging journey with SSE: [electrahub-jmeter][full][024] step=start charging attempt 16
2026-07-02 01:05:58,095 INFO o.a.j.p.j.s.J.Full charging journey with SSE: [electrahub-jmeter][full][005] http GET /session/api/v1/sessions/dashboard-stats status=200 elapsedMs=64
2026-07-02 01:05:58,096 INFO o.a.j.p.j.s.J.Full charging journey with SSE: [electrahub-jmeter][full][005] receipt ok session=a02013af-ad62-4cd4-93d7-b0ac8e685670 status=Completed total=1.8723
2026-07-02 01:05:58,097 INFO o.a.j.t.JMeterThread: Thread is done: 100 driver charging journeys 1-5
2026-07-02 01:05:58,098 INFO o.a.j.t.JMeterThread: Thread finished: 100 driver charging journeys 1-5
2026-07-02 01:05:58,154 INFO o.a.j.p.j.s.J.Full charging journey with SSE: [electrahub-jmeter][full][024] http POST /session/api/v1/sessions/start status=409 elapsedMs=68
2026-07-02 01:05:58,154 INFO o.a.j.p.j.s.J.Full charging journey with SSE: [electrahub-jmeter][full][024] start skipped EH-US-CHG-0039/CON-US-0039 HTTP 409; trying next connector
2026-07-02 01:05:58,261 INFO o.a.j.p.j.s.J.Full charging journey with SSE: [electrahub-jmeter][full][026] step=start charging attempt 6
2026-07-02 01:05:58,332 INFO o.a.j.p.j.s.J.Full charging journey with SSE: [electrahub-jmeter][full][026] http POST /session/api/v1/sessions/start status=409 elapsedMs=70
2026-07-02 01:05:58,332 INFO o.a.j.p.j.s.J.Full charging journey with SSE: [electrahub-jmeter][full][026] start skipped EH-US-CHG-0031/CON-US-0031 HTTP 409; trying next connector
2026-07-02 01:05:58,577 INFO o.a.j.p.j.s.J.Full charging journey with SSE: [electrahub-jmeter][full][027] step=start charging attempt 2
2026-07-02 01:05:58,653 INFO o.a.j.p.j.s.J.Full charging journey with SSE: [electrahub-jmeter][full][027] http POST /session/api/v1/sessions/start status=409 elapsedMs=75
2026-07-02 01:05:58,655 INFO o.a.j.p.j.s.J.Full charging journey with SSE: [electrahub-jmeter][full][027] start skipped EH-US-CHG-0028/CON-US-0028 HTTP 409; trying next connector
2026-07-02 01:05:58,834 INFO o.a.j.p.j.s.J.Full charging journey with SSE: [electrahub-jmeter][full][025] step=start charging attempt 11
2026-07-02 01:05:58,903 INFO o.a.j.p.j.s.J.Full charging journey with SSE: [electrahub-jmeter][full][025] http POST /session/api/v1/sessions/start status=409 elapsedMs=68
2026-07-02 01:05:58,904 INFO o.a.j.p.j.s.J.Full charging journey with SSE: [electrahub-jmeter][full][025] start skipped EH-US-CHG-0035/CON-US-0035 HTTP 409; trying next connector
2026-07-02 01:05:58,913 INFO o.a.j.p.j.s.J.Full charging journey with SSE: [electrahub-jmeter][full][006] http GET /session/api/v1/sessions/active status=200 elapsedMs=1007
2026-07-02 01:05:58,914 INFO o.a.j.p.j.s.J.Full charging journey with SSE: [electrahub-jmeter][full][015] sse ok connected=1 snapshot=2 updates=23 receipts=0 heartbeats=0
2026-07-02 01:05:58,915 INFO o.a.j.p.j.s.J.Full charging journey with SSE: [electrahub-jmeter][full][015] holding session for 46s before stop
2026-07-02 01:05:59,155 INFO o.a.j.p.j.s.J.Full charging journey with SSE: [electrahub-jmeter][full][024] step=start charging attempt 17
2026-07-02 01:05:59,230 INFO o.a.j.p.j.s.J.Full charging journey with SSE: [electrahub-jmeter][full][024] http POST /session/api/v1/sessions/start status=409 elapsedMs=74
2026-07-02 01:05:59,231 INFO o.a.j.p.j.s.J.Full charging journey with SSE: [electrahub-jmeter][full][024] start skipped EH-US-CHG-0040/CON-US-0040 HTTP 409; trying next connector
2026-07-02 01:05:59,333 INFO o.a.j.p.j.s.J.Full charging journey with SSE: [electrahub-jmeter][full][026] step=start charging attempt 7
2026-07-02 01:05:59,405 INFO o.a.j.p.j.s.J.Full charging journey with SSE: [electrahub-jmeter][full][026] http POST /session/api/v1/sessions/start status=409 elapsedMs=70
2026-07-02 01:05:59,406 INFO o.a.j.p.j.s.J.Full charging journey with SSE: [electrahub-jmeter][full][026] start skipped EH-US-CHG-0032/CON-US-0032 HTTP 409; trying next connector
2026-07-02 01:05:59,656 INFO o.a.j.p.j.s.J.Full charging journey with SSE: [electrahub-jmeter][full][027] step=start charging attempt 3
2026-07-02 01:05:59,720 INFO o.a.j.p.j.s.J.Full charging journey with SSE: [electrahub-jmeter][full][027] http POST /session/api/v1/sessions/start status=409 elapsedMs=63
2026-07-02 01:05:59,720 INFO o.a.j.p.j.s.J.Full charging journey with SSE: [electrahub-jmeter][full][027] start skipped EH-US-CHG-0029/CON-US-0029 HTTP 409; trying next connector
2026-07-02 01:05:59,905 INFO o.a.j.p.j.s.J.Full charging journey with SSE: [electrahub-jmeter][full][025] step=start charging attempt 12
2026-07-02 01:06:00,005 INFO o.a.j.p.j.s.J.Full charging journey with SSE: [electrahub-jmeter][full][025] http POST /session/api/v1/sessions/start status=409 elapsedMs=98
2026-07-02 01:06:00,008 INFO o.a.j.p.j.s.J.Full charging journey with SSE: [electrahub-jmeter][full][025] start skipped EH-US-CHG-0036/CON-US-0036 HTTP 409; trying next connector
2026-07-02 01:06:00,232 INFO o.a.j.p.j.s.J.Full charging journey with SSE: [electrahub-jmeter][full][024] step=start charging attempt 18
2026-07-02 01:06:00,407 INFO o.a.j.p.j.s.J.Full charging journey with SSE: [electrahub-jmeter][full][026] step=start charging attempt 8
2026-07-02 01:06:00,493 INFO o.a.j.p.j.s.J.Full charging journey with SSE: [electrahub-jmeter][full][026] http POST /session/api/v1/sessions/start status=409 elapsedMs=85
2026-07-02 01:06:00,494 INFO o.a.j.p.j.s.J.Full charging journey with SSE: [electrahub-jmeter][full][026] start skipped EH-US-CHG-0033/CON-US-0033 HTTP 409; trying next connector
2026-07-02 01:06:00,521 INFO o.a.j.p.j.s.J.Full charging journey with SSE: [electrahub-jmeter][full][007] step=stop charging session
2026-07-02 01:06:00,721 INFO o.a.j.p.j.s.J.Full charging journey with SSE: [electrahub-jmeter][full][027] step=start charging attempt 4
2026-07-02 01:06:00,793 INFO o.a.j.p.j.s.J.Full charging journey with SSE: [electrahub-jmeter][full][027] http POST /session/api/v1/sessions/start status=409 elapsedMs=71
2026-07-02 01:06:00,794 INFO o.a.j.p.j.s.J.Full charging journey with SSE: [electrahub-jmeter][full][027] start skipped EH-US-CHG-0030/CON-US-0030 HTTP 409; trying next connector
2026-07-02 01:06:00,939 INFO o.a.j.p.j.s.J.Full charging journey with SSE: [electrahub-jmeter][full][024] http POST /session/api/v1/sessions/start status=201 elapsedMs=707
2026-07-02 01:06:00,939 INFO o.a.j.p.j.s.J.Full charging journey with SSE: [electrahub-jmeter][full][024] started session=dc758680-7824-4584-8069-da7819f127eb charger=EH-US-CHG-0041/CON-US-0041 status=PREPARING remote=Accepted attempt=18/100
2026-07-02 01:06:00,940 INFO o.a.j.p.j.s.J.Full charging journey with SSE: [electrahub-jmeter][full][024] step=active sessions
2026-07-02 01:06:01,009 INFO o.a.j.p.j.s.J.Full charging journey with SSE: [electrahub-jmeter][full][025] step=start charging attempt 13
2026-07-02 01:06:01,080 INFO o.a.j.p.j.s.J.Full charging journey with SSE: [electrahub-jmeter][full][025] http POST /session/api/v1/sessions/start status=409 elapsedMs=69
2026-07-02 01:06:01,081 INFO o.a.j.p.j.s.J.Full charging journey with SSE: [electrahub-jmeter][full][025] start skipped EH-US-CHG-0037/CON-US-0037 HTTP 409; trying next connector
2026-07-02 01:06:01,495 INFO o.a.j.p.j.s.J.Full charging journey with SSE: [electrahub-jmeter][full][026] step=start charging attempt 9
2026-07-02 01:06:01,570 INFO o.a.j.p.j.s.J.Full charging journey with SSE: [electrahub-jmeter][full][026] http POST /session/api/v1/sessions/start status=409 elapsedMs=73
2026-07-02 01:06:01,570 INFO o.a.j.p.j.s.J.Full charging journey with SSE: [electrahub-jmeter][full][026] start skipped EH-US-CHG-0034/CON-US-0034 HTTP 409; trying next connector
2026-07-02 01:06:01,795 INFO o.a.j.p.j.s.J.Full charging journey with SSE: [electrahub-jmeter][full][027] step=start charging attempt 5
2026-07-02 01:06:01,863 INFO o.a.j.p.j.s.J.Full charging journey with SSE: [electrahub-jmeter][full][027] http POST /session/api/v1/sessions/start status=409 elapsedMs=67
2026-07-02 01:06:01,864 INFO o.a.j.p.j.s.J.Full charging journey with SSE: [electrahub-jmeter][full][027] start skipped EH-US-CHG-0031/CON-US-0031 HTTP 409; trying next connector
2026-07-02 01:06:01,942 INFO o.a.j.p.j.s.J.Full charging journey with SSE: [electrahub-jmeter][full][016] sse ok connected=1 snapshot=2 updates=23 receipts=0 heartbeats=0
2026-07-02 01:06:01,943 INFO o.a.j.p.j.s.J.Full charging journey with SSE: [electrahub-jmeter][full][016] holding session for 49s before stop
2026-07-02 01:06:01,943 INFO o.a.j.p.j.s.J.Full charging journey with SSE: [electrahub-jmeter][full][024] http GET /session/api/v1/sessions/active status=200 elapsedMs=1002
2026-07-02 01:06:02,082 INFO o.a.j.p.j.s.J.Full charging journey with SSE: [electrahub-jmeter][full][025] step=start charging attempt 14
2026-07-02 01:06:02,151 INFO o.a.j.p.j.s.J.Full charging journey with SSE: [electrahub-jmeter][full][025] http POST /session/api/v1/sessions/start status=409 elapsedMs=68
2026-07-02 01:06:02,152 INFO o.a.j.p.j.s.J.Full charging journey with SSE: [electrahub-jmeter][full][025] start skipped EH-US-CHG-0038/CON-US-0038 HTTP 409; trying next connector
2026-07-02 01:06:02,374 INFO o.a.j.t.JMeterThread: Thread started: 100 driver charging journeys 1-28
2026-07-02 01:06:02,381 INFO o.a.j.p.j.s.J.Full charging journey with SSE: [electrahub-jmeter][full][028] step=register
2026-07-02 01:06:02,571 INFO o.a.j.p.j.s.J.Full charging journey with SSE: [electrahub-jmeter][full][026] step=start charging attempt 10
2026-07-02 01:06:02,586 INFO o.a.j.p.j.s.J.Full charging journey with SSE: [electrahub-jmeter][full][028] http POST /auth/api/auth/register status=200 elapsedMs=205
2026-07-02 01:06:02,587 INFO o.a.j.p.j.s.J.Full charging journey with SSE: [electrahub-jmeter][full][028] registered uid=27db02ed-4dd0-42a0-806e-0fff16a4bfde
2026-07-02 01:06:02,596 INFO o.a.j.p.j.s.J.Full charging journey with SSE: [electrahub-jmeter][full][028] step=payment state before setup
2026-07-02 01:06:02,651 INFO o.a.j.p.j.s.J.Full charging journey with SSE: [electrahub-jmeter][full][028] http GET /payment/api/v1/payment/state status=451 elapsedMs=55
2026-07-02 01:06:02,652 INFO o.a.j.p.j.s.J.Full charging journey with SSE: [electrahub-jmeter][full][028] step=accept terms
2026-07-02 01:06:02,713 INFO o.a.j.p.j.s.J.Full charging journey with SSE: [electrahub-jmeter][full][026] http POST /session/api/v1/sessions/start status=409 elapsedMs=79
2026-07-02 01:06:02,714 INFO o.a.j.p.j.s.J.Full charging journey with SSE: [electrahub-jmeter][full][026] start skipped EH-US-CHG-0035/CON-US-0035 HTTP 409; trying next connector
2026-07-02 01:06:02,715 INFO o.a.j.p.j.s.J.Full charging journey with SSE: [electrahub-jmeter][full][028] http POST /auth/api/terms/accept status=201 elapsedMs=62
2026-07-02 01:06:02,715 INFO o.a.j.p.j.s.J.Full charging journey with SSE: [electrahub-jmeter][full][028] accepted terms; refreshing token through login
2026-07-02 01:06:02,716 INFO o.a.j.p.j.s.J.Full charging journey with SSE: [electrahub-jmeter][full][028] step=login
2026-07-02 01:06:02,865 INFO o.a.j.p.j.s.J.Full charging journey with SSE: [electrahub-jmeter][full][028] http POST /auth/api/auth/login status=200 elapsedMs=147
2026-07-02 01:06:02,865 INFO o.a.j.p.j.s.J.Full charging journey with SSE: [electrahub-jmeter][full][027] step=start charging attempt 6
2026-07-02 01:06:02,865 INFO o.a.j.p.j.s.J.Full charging journey with SSE: [electrahub-jmeter][full][028] logged in uid=27db02ed-4dd0-42a0-806e-0fff16a4bfde
2026-07-02 01:06:02,866 INFO o.a.j.p.j.s.J.Full charging journey with SSE: [electrahub-jmeter][full][028] step=payment state after terms
2026-07-02 01:06:02,933 INFO o.a.j.p.j.s.J.Full charging journey with SSE: [electrahub-jmeter][full][028] http GET /payment/api/v1/payment/state status=200 elapsedMs=66
2026-07-02 01:06:02,935 INFO o.a.j.p.j.s.J.Full charging journey with SSE: [electrahub-jmeter][full][028] step=add card
2026-07-02 01:06:02,936 INFO o.a.j.p.j.s.J.Full charging journey with SSE: [electrahub-jmeter][full][027] http POST /session/api/v1/sessions/start status=409 elapsedMs=70
2026-07-02 01:06:02,937 INFO o.a.j.p.j.s.J.Full charging journey with SSE: [electrahub-jmeter][full][027] start skipped EH-US-CHG-0032/CON-US-0032 HTTP 409; trying next connector
2026-07-02 01:06:02,996 INFO o.a.j.p.j.s.J.Full charging journey with SSE: [electrahub-jmeter][full][028] http POST /payment/api/v1/payment/cards status=201 elapsedMs=60
2026-07-02 01:06:02,996 INFO o.a.j.p.j.s.J.Full charging journey with SSE: [electrahub-jmeter][full][028] step=wallet topup
2026-07-02 01:06:03,057 INFO o.a.j.p.j.s.J.Full charging journey with SSE: [electrahub-jmeter][full][028] http POST /payment/api/v1/payment/wallet/topups status=201 elapsedMs=60
2026-07-02 01:06:03,058 INFO o.a.j.p.j.s.J.Full charging journey with SSE: [electrahub-jmeter][full][028] step=payment state after setup
2026-07-02 01:06:03,117 INFO o.a.j.p.j.s.J.Full charging journey with SSE: [electrahub-jmeter][full][028] http GET /payment/api/v1/payment/state status=200 elapsedMs=58
2026-07-02 01:06:03,117 INFO o.a.j.p.j.s.J.Full charging journey with SSE: [electrahub-jmeter][full][028] payment ready wallet=120.00
2026-07-02 01:06:03,118 INFO o.a.j.p.j.s.J.Full charging journey with SSE: [electrahub-jmeter][full][028] step=charger graphql list
2026-07-02 01:06:03,153 INFO o.a.j.p.j.s.J.Full charging journey with SSE: [electrahub-jmeter][full][025] step=start charging attempt 15
2026-07-02 01:06:03,215 INFO o.a.j.p.j.s.J.Full charging journey with SSE: [electrahub-jmeter][full][028] http POST /charger/graphql status=200 elapsedMs=96
2026-07-02 01:06:03,217 INFO o.a.j.p.j.s.J.Full charging journey with SSE: [electrahub-jmeter][full][028] dynamic connector selection found no available connector; using CSV connector
2026-07-02 01:06:03,218 INFO o.a.j.p.j.s.J.Full charging journey with SSE: [electrahub-jmeter][full][028] step=charger graphql view
2026-07-02 01:06:03,223 INFO o.a.j.p.j.s.J.Full charging journey with SSE: [electrahub-jmeter][full][025] http POST /session/api/v1/sessions/start status=409 elapsedMs=69
2026-07-02 01:06:03,224 INFO o.a.j.p.j.s.J.Full charging journey with SSE: [electrahub-jmeter][full][025] start skipped EH-US-CHG-0039/CON-US-0039 HTTP 409; trying next connector
2026-07-02 01:06:03,300 INFO o.a.j.p.j.s.J.Full charging journey with SSE: [electrahub-jmeter][full][028] http POST /charger/graphql status=200 elapsedMs=82
2026-07-02 01:06:03,301 INFO o.a.j.p.j.s.J.Full charging journey with SSE: [electrahub-jmeter][full][028] step=payment state before start
2026-07-02 01:06:03,365 INFO o.a.j.p.j.s.J.Full charging journey with SSE: [electrahub-jmeter][full][028] http GET /payment/api/v1/payment/state status=200 elapsedMs=63
2026-07-02 01:06:03,369 INFO o.a.j.p.j.s.J.Full charging journey with SSE: [electrahub-jmeter][full][028] using connector csv fallback attempts=100 startIndex=28/100
2026-07-02 01:06:03,370 INFO o.a.j.p.j.s.J.Full charging journey with SSE: [electrahub-jmeter][full][028] step=start charging attempt 1
2026-07-02 01:06:03,443 INFO o.a.j.p.j.s.J.Full charging journey with SSE: [electrahub-jmeter][full][028] http POST /session/api/v1/sessions/start status=409 elapsedMs=72
2026-07-02 01:06:03,447 INFO o.a.j.p.j.s.J.Full charging journey with SSE: [electrahub-jmeter][full][028] start skipped EH-US-CHG-0028/CON-US-0028 HTTP 409; trying next connector
2026-07-02 01:06:03,715 INFO o.a.j.p.j.s.J.Full charging journey with SSE: [electrahub-jmeter][full][026] step=start charging attempt 11
2026-07-02 01:06:03,780 INFO o.a.j.p.j.s.J.Full charging journey with SSE: [electrahub-jmeter][full][026] http POST /session/api/v1/sessions/start status=409 elapsedMs=64
2026-07-02 01:06:03,780 INFO o.a.j.p.j.s.J.Full charging journey with SSE: [electrahub-jmeter][full][026] start skipped EH-US-CHG-0036/CON-US-0036 HTTP 409; trying next connector
2026-07-02 01:06:03,914 INFO o.a.j.p.j.s.J.Full charging journey with SSE: [electrahub-jmeter][full][006] step=active sessions
2026-07-02 01:06:03,938 INFO o.a.j.p.j.s.J.Full charging journey with SSE: [electrahub-jmeter][full][027] step=start charging attempt 7
2026-07-02 01:06:03,959 INFO o.a.j.p.j.s.J.Full charging journey with SSE: [electrahub-jmeter][full][007] http POST /session/api/v1/sessions/36c550ec-0d49-4bdc-a873-80055c20f5d0/stop status=204 elapsedMs=3437
2026-07-02 01:06:03,960 INFO o.a.j.p.j.s.J.Full charging journey with SSE: [electrahub-jmeter][full][007] stop requested session=36c550ec-0d49-4bdc-a873-80055c20f5d0
2026-07-02 01:06:03,960 INFO o.a.j.p.j.s.J.Full charging journey with SSE: [electrahub-jmeter][full][007] step=active sessions
2026-07-02 01:06:04,008 INFO o.a.j.p.j.s.J.Full charging journey with SSE: [electrahub-jmeter][full][027] http POST /session/api/v1/sessions/start status=409 elapsedMs=68
2026-07-02 01:06:04,009 INFO o.a.j.p.j.s.J.Full charging journey with SSE: [electrahub-jmeter][full][027] start skipped EH-US-CHG-0033/CON-US-0033 HTTP 409; trying next connector
2026-07-02 01:06:04,053 INFO o.a.j.p.j.s.J.Full charging journey with SSE: [electrahub-jmeter][full][006] http GET /session/api/v1/sessions/active status=200 elapsedMs=138
2026-07-02 01:06:04,053 INFO o.a.j.p.j.s.J.Full charging journey with SSE: [electrahub-jmeter][full][006] step=receipt
2026-07-02 01:06:04,109 INFO o.a.j.p.j.s.J.Full charging journey with SSE: [electrahub-jmeter][full][006] http GET /session/api/v1/sessions/009561b2-6156-4da8-b144-cd361990456d/receipt status=200 elapsedMs=55
2026-07-02 01:06:04,110 INFO o.a.j.p.j.s.J.Full charging journey with SSE: [electrahub-jmeter][full][006] step=session history
2026-07-02 01:06:04,171 INFO o.a.j.p.j.s.J.Full charging journey with SSE: [electrahub-jmeter][full][006] http GET /session/api/v1/sessions/history?page=0&size=10 status=200 elapsedMs=61
2026-07-02 01:06:04,172 INFO o.a.j.p.j.s.J.Full charging journey with SSE: [electrahub-jmeter][full][006] step=dashboard stats
2026-07-02 01:06:04,225 INFO o.a.j.p.j.s.J.Full charging journey with SSE: [electrahub-jmeter][full][025] step=start charging attempt 16
2026-07-02 01:06:04,232 INFO o.a.j.p.j.s.J.Full charging journey with SSE: [electrahub-jmeter][full][006] http GET /session/api/v1/sessions/dashboard-stats status=200 elapsedMs=59
2026-07-02 01:06:04,233 INFO o.a.j.p.j.s.J.Full charging journey with SSE: [electrahub-jmeter][full][006] receipt ok session=009561b2-6156-4da8-b144-cd361990456d status=Completed total=1.8723
2026-07-02 01:06:04,234 INFO o.a.j.r.Summariser: summary +      5 in 00:00:29 =    0.2/s Avg: 125348 Min: 124239 Max: 126199 Err:     0 (0.00%) Active: 23 Started: 28 Finished: 5
2026-07-02 01:06:04,235 INFO o.a.j.r.Summariser: summary =      6 in 00:02:44 =    0.0/s Avg: 125633 Min: 124239 Max: 127055 Err:     0 (0.00%)
2026-07-02 01:06:04,235 INFO o.a.j.t.JMeterThread: Thread is done: 100 driver charging journeys 1-6
2026-07-02 01:06:04,236 INFO o.a.j.t.JMeterThread: Thread finished: 100 driver charging journeys 1-6
2026-07-02 01:06:04,294 INFO o.a.j.p.j.s.J.Full charging journey with SSE: [electrahub-jmeter][full][025] http POST /session/api/v1/sessions/start status=409 elapsedMs=68
2026-07-02 01:06:04,295 INFO o.a.j.p.j.s.J.Full charging journey with SSE: [electrahub-jmeter][full][025] start skipped EH-US-CHG-0040/CON-US-0040 HTTP 409; trying next connector
2026-07-02 01:06:04,449 INFO o.a.j.p.j.s.J.Full charging journey with SSE: [electrahub-jmeter][full][028] step=start charging attempt 2
2026-07-02 01:06:04,560 INFO o.a.j.p.j.s.J.Full charging journey with SSE: [electrahub-jmeter][full][028] http POST /session/api/v1/sessions/start status=409 elapsedMs=110
2026-07-02 01:06:04,561 INFO o.a.j.p.j.s.J.Full charging journey with SSE: [electrahub-jmeter][full][028] start skipped EH-US-CHG-0029/CON-US-0029 HTTP 409; trying next connector
2026-07-02 01:06:04,781 INFO o.a.j.p.j.s.J.Full charging journey with SSE: [electrahub-jmeter][full][026] step=start charging attempt 12
2026-07-02 01:06:04,850 INFO o.a.j.p.j.s.J.Full charging journey with SSE: [electrahub-jmeter][full][026] http POST /session/api/v1/sessions/start status=409 elapsedMs=68
2026-07-02 01:06:04,851 INFO o.a.j.p.j.s.J.Full charging journey with SSE: [electrahub-jmeter][full][026] start skipped EH-US-CHG-0037/CON-US-0037 HTTP 409; trying next connector
2026-07-02 01:06:04,969 INFO o.a.j.p.j.s.J.Full charging journey with SSE: [electrahub-jmeter][full][007] http GET /session/api/v1/sessions/active status=200 elapsedMs=1008
2026-07-02 01:06:05,010 INFO o.a.j.p.j.s.J.Full charging journey with SSE: [electrahub-jmeter][full][027] step=start charging attempt 8
2026-07-02 01:06:05,076 INFO o.a.j.p.j.s.J.Full charging journey with SSE: [electrahub-jmeter][full][027] http POST /session/api/v1/sessions/start status=409 elapsedMs=65
2026-07-02 01:06:05,076 INFO o.a.j.p.j.s.J.Full charging journey with SSE: [electrahub-jmeter][full][027] start skipped EH-US-CHG-0034/CON-US-0034 HTTP 409; trying next connector
2026-07-02 01:06:05,296 INFO o.a.j.p.j.s.J.Full charging journey with SSE: [electrahub-jmeter][full][025] step=start charging attempt 17
2026-07-02 01:06:05,358 INFO o.a.j.p.j.s.J.Full charging journey with SSE: [electrahub-jmeter][full][025] http POST /session/api/v1/sessions/start status=409 elapsedMs=61
2026-07-02 01:06:05,358 INFO o.a.j.p.j.s.J.Full charging journey with SSE: [electrahub-jmeter][full][025] start skipped EH-US-CHG-0041/CON-US-0041 HTTP 409; trying next connector
2026-07-02 01:06:05,562 INFO o.a.j.p.j.s.J.Full charging journey with SSE: [electrahub-jmeter][full][028] step=start charging attempt 3
2026-07-02 01:06:05,637 INFO o.a.j.p.j.s.J.Full charging journey with SSE: [electrahub-jmeter][full][028] http POST /session/api/v1/sessions/start status=409 elapsedMs=73
2026-07-02 01:06:05,638 INFO o.a.j.p.j.s.J.Full charging journey with SSE: [electrahub-jmeter][full][028] start skipped EH-US-CHG-0030/CON-US-0030 HTTP 409; trying next connector
2026-07-02 01:06:05,852 INFO o.a.j.p.j.s.J.Full charging journey with SSE: [electrahub-jmeter][full][026] step=start charging attempt 13
2026-07-02 01:06:05,920 INFO o.a.j.p.j.s.J.Full charging journey with SSE: [electrahub-jmeter][full][026] http POST /session/api/v1/sessions/start status=409 elapsedMs=65
2026-07-02 01:06:05,921 INFO o.a.j.p.j.s.J.Full charging journey with SSE: [electrahub-jmeter][full][026] start skipped EH-US-CHG-0038/CON-US-0038 HTTP 409; trying next connector
2026-07-02 01:06:06,077 INFO o.a.j.p.j.s.J.Full charging journey with SSE: [electrahub-jmeter][full][027] step=start charging attempt 9
2026-07-02 01:06:06,145 INFO o.a.j.p.j.s.J.Full charging journey with SSE: [electrahub-jmeter][full][027] http POST /session/api/v1/sessions/start status=409 elapsedMs=67
2026-07-02 01:06:06,146 INFO o.a.j.p.j.s.J.Full charging journey with SSE: [electrahub-jmeter][full][027] start skipped EH-US-CHG-0035/CON-US-0035 HTTP 409; trying next connector
2026-07-02 01:06:06,359 INFO o.a.j.p.j.s.J.Full charging journey with SSE: [electrahub-jmeter][full][025] step=start charging attempt 18
2026-07-02 01:06:06,569 INFO o.a.j.p.j.s.J.Full charging journey with SSE: [electrahub-jmeter][full][008] step=stop charging session
2026-07-02 01:06:06,639 INFO o.a.j.p.j.s.J.Full charging journey with SSE: [electrahub-jmeter][full][028] step=start charging attempt 4
2026-07-02 01:06:06,697 INFO o.a.j.p.j.s.J.Full charging journey with SSE: [electrahub-jmeter][full][028] http POST /session/api/v1/sessions/start status=409 elapsedMs=57
2026-07-02 01:06:06,698 INFO o.a.j.p.j.s.J.Full charging journey with SSE: [electrahub-jmeter][full][028] start skipped EH-US-CHG-0031/CON-US-0031 HTTP 409; trying next connector
2026-07-02 01:06:06,921 INFO o.a.j.p.j.s.J.Full charging journey with SSE: [electrahub-jmeter][full][026] step=start charging attempt 14
2026-07-02 01:06:06,987 INFO o.a.j.p.j.s.J.Full charging journey with SSE: [electrahub-jmeter][full][025] http POST /session/api/v1/sessions/start status=201 elapsedMs=627
2026-07-02 01:06:06,988 INFO o.a.j.p.j.s.J.Full charging journey with SSE: [electrahub-jmeter][full][025] started session=044a110c-8b4c-491b-bc5c-68e25976ef0b charger=EH-US-CHG-0042/CON-US-0042 status=PREPARING remote=Accepted attempt=18/100
2026-07-02 01:06:06,989 INFO o.a.j.p.j.s.J.Full charging journey with SSE: [electrahub-jmeter][full][025] step=active sessions
2026-07-02 01:06:07,011 INFO o.a.j.p.j.s.J.Full charging journey with SSE: [electrahub-jmeter][full][026] http POST /session/api/v1/sessions/start status=409 elapsedMs=88
2026-07-02 01:06:07,012 INFO o.a.j.p.j.s.J.Full charging journey with SSE: [electrahub-jmeter][full][026] start skipped EH-US-CHG-0039/CON-US-0039 HTTP 409; trying next connector
2026-07-02 01:06:07,147 INFO o.a.j.p.j.s.J.Full charging journey with SSE: [electrahub-jmeter][full][027] step=start charging attempt 10
2026-07-02 01:06:07,211 INFO o.a.j.p.j.s.J.Full charging journey with SSE: [electrahub-jmeter][full][027] http POST /session/api/v1/sessions/start status=409 elapsedMs=63
2026-07-02 01:06:07,212 INFO o.a.j.p.j.s.J.Full charging journey with SSE: [electrahub-jmeter][full][027] start skipped EH-US-CHG-0036/CON-US-0036 HTTP 409; trying next connector
2026-07-02 01:06:07,699 INFO o.a.j.p.j.s.J.Full charging journey with SSE: [electrahub-jmeter][full][028] step=start charging attempt 5
2026-07-02 01:06:07,761 INFO o.a.j.p.j.s.J.Full charging journey with SSE: [electrahub-jmeter][full][028] http POST /session/api/v1/sessions/start status=409 elapsedMs=61
2026-07-02 01:06:07,763 INFO o.a.j.p.j.s.J.Full charging journey with SSE: [electrahub-jmeter][full][028] start skipped EH-US-CHG-0032/CON-US-0032 HTTP 409; trying next connector
2026-07-02 01:06:07,993 INFO o.a.j.p.j.s.J.Full charging journey with SSE: [electrahub-jmeter][full][017] sse ok connected=1 snapshot=2 updates=23 receipts=0 heartbeats=0
2026-07-02 01:06:07,994 INFO o.a.j.p.j.s.J.Full charging journey with SSE: [electrahub-jmeter][full][017] holding session for 49s before stop
2026-07-02 01:06:07,997 INFO o.a.j.p.j.s.J.Full charging journey with SSE: [electrahub-jmeter][full][025] http GET /session/api/v1/sessions/active status=200 elapsedMs=1007
2026-07-02 01:06:08,013 INFO o.a.j.p.j.s.J.Full charging journey with SSE: [electrahub-jmeter][full][026] step=start charging attempt 15
2026-07-02 01:06:08,085 INFO o.a.j.p.j.s.J.Full charging journey with SSE: [electrahub-jmeter][full][026] http POST /session/api/v1/sessions/start status=409 elapsedMs=71
2026-07-02 01:06:08,086 INFO o.a.j.p.j.s.J.Full charging journey with SSE: [electrahub-jmeter][full][026] start skipped EH-US-CHG-0040/CON-US-0040 HTTP 409; trying next connector
2026-07-02 01:06:08,213 INFO o.a.j.p.j.s.J.Full charging journey with SSE: [electrahub-jmeter][full][027] step=start charging attempt 11
2026-07-02 01:06:08,277 INFO o.a.j.p.j.s.J.Full charging journey with SSE: [electrahub-jmeter][full][027] http POST /session/api/v1/sessions/start status=409 elapsedMs=63
2026-07-02 01:06:08,278 INFO o.a.j.p.j.s.J.Full charging journey with SSE: [electrahub-jmeter][full][027] start skipped EH-US-CHG-0037/CON-US-0037 HTTP 409; trying next connector
2026-07-02 01:06:08,375 INFO o.a.j.t.JMeterThread: Thread started: 100 driver charging journeys 1-29
2026-07-02 01:06:08,381 INFO o.a.j.p.j.s.J.Full charging journey with SSE: [electrahub-jmeter][full][029] step=register
2026-07-02 01:06:08,592 INFO o.a.j.p.j.s.J.Full charging journey with SSE: [electrahub-jmeter][full][029] http POST /auth/api/auth/register status=200 elapsedMs=210
2026-07-02 01:06:08,593 INFO o.a.j.p.j.s.J.Full charging journey with SSE: [electrahub-jmeter][full][029] registered uid=57818d05-3d8c-4617-aefd-448a61719374
2026-07-02 01:06:08,608 INFO o.a.j.p.j.s.J.Full charging journey with SSE: [electrahub-jmeter][full][029] step=payment state before setup
2026-07-02 01:06:08,667 INFO o.a.j.p.j.s.J.Full charging journey with SSE: [electrahub-jmeter][full][029] http GET /payment/api/v1/payment/state status=451 elapsedMs=58
2026-07-02 01:06:08,668 INFO o.a.j.p.j.s.J.Full charging journey with SSE: [electrahub-jmeter][full][029] step=accept terms
2026-07-02 01:06:08,742 INFO o.a.j.p.j.s.J.Full charging journey with SSE: [electrahub-jmeter][full][029] http POST /auth/api/terms/accept status=201 elapsedMs=73
2026-07-02 01:06:08,743 INFO o.a.j.p.j.s.J.Full charging journey with SSE: [electrahub-jmeter][full][029] accepted terms; refreshing token through login
2026-07-02 01:06:08,744 INFO o.a.j.p.j.s.J.Full charging journey with SSE: [electrahub-jmeter][full][029] step=login
2026-07-02 01:06:08,763 INFO o.a.j.p.j.s.J.Full charging journey with SSE: [electrahub-jmeter][full][028] step=start charging attempt 6
2026-07-02 01:06:08,871 INFO o.a.j.p.j.s.J.Full charging journey with SSE: [electrahub-jmeter][full][028] http POST /session/api/v1/sessions/start status=409 elapsedMs=65
2026-07-02 01:06:08,871 INFO o.a.j.p.j.s.J.Full charging journey with SSE: [electrahub-jmeter][full][028] start skipped EH-US-CHG-0033/CON-US-0033 HTTP 409; trying next connector
2026-07-02 01:06:08,980 INFO o.a.j.p.j.s.J.Full charging journey with SSE: [electrahub-jmeter][full][029] http POST /auth/api/auth/login status=200 elapsedMs=236
2026-07-02 01:06:08,982 INFO o.a.j.p.j.s.J.Full charging journey with SSE: [electrahub-jmeter][full][029] logged in uid=57818d05-3d8c-4617-aefd-448a61719374
2026-07-02 01:06:08,982 INFO o.a.j.p.j.s.J.Full charging journey with SSE: [electrahub-jmeter][full][029] step=payment state after terms
2026-07-02 01:06:09,041 INFO o.a.j.p.j.s.J.Full charging journey with SSE: [electrahub-jmeter][full][029] http GET /payment/api/v1/payment/state status=200 elapsedMs=58
2026-07-02 01:06:09,042 INFO o.a.j.p.j.s.J.Full charging journey with SSE: [electrahub-jmeter][full][029] step=add card
2026-07-02 01:06:09,087 INFO o.a.j.p.j.s.J.Full charging journey with SSE: [electrahub-jmeter][full][026] step=start charging attempt 16
2026-07-02 01:06:09,102 INFO o.a.j.p.j.s.J.Full charging journey with SSE: [electrahub-jmeter][full][029] http POST /payment/api/v1/payment/cards status=201 elapsedMs=59
2026-07-02 01:06:09,103 INFO o.a.j.p.j.s.J.Full charging journey with SSE: [electrahub-jmeter][full][029] step=wallet topup
2026-07-02 01:06:09,155 INFO o.a.j.p.j.s.J.Full charging journey with SSE: [electrahub-jmeter][full][026] http POST /session/api/v1/sessions/start status=409 elapsedMs=67
2026-07-02 01:06:09,156 INFO o.a.j.p.j.s.J.Full charging journey with SSE: [electrahub-jmeter][full][026] start skipped EH-US-CHG-0041/CON-US-0041 HTTP 409; trying next connector
2026-07-02 01:06:09,159 INFO o.a.j.p.j.s.J.Full charging journey with SSE: [electrahub-jmeter][full][029] http POST /payment/api/v1/payment/wallet/topups status=201 elapsedMs=55
2026-07-02 01:06:09,159 INFO o.a.j.p.j.s.J.Full charging journey with SSE: [electrahub-jmeter][full][029] step=payment state after setup
2026-07-02 01:06:09,216 INFO o.a.j.p.j.s.J.Full charging journey with SSE: [electrahub-jmeter][full][029] http GET /payment/api/v1/payment/state status=200 elapsedMs=56
2026-07-02 01:06:09,217 INFO o.a.j.p.j.s.J.Full charging journey with SSE: [electrahub-jmeter][full][029] payment ready wallet=120.00
2026-07-02 01:06:09,218 INFO o.a.j.p.j.s.J.Full charging journey with SSE: [electrahub-jmeter][full][029] step=charger graphql list
2026-07-02 01:06:09,279 INFO o.a.j.p.j.s.J.Full charging journey with SSE: [electrahub-jmeter][full][027] step=start charging attempt 12
2026-07-02 01:06:09,312 INFO o.a.j.p.j.s.J.Full charging journey with SSE: [electrahub-jmeter][full][029] http POST /charger/graphql status=200 elapsedMs=93
2026-07-02 01:06:09,314 INFO o.a.j.p.j.s.J.Full charging journey with SSE: [electrahub-jmeter][full][029] dynamic connector selection found no available connector; using CSV connector
2026-07-02 01:06:09,314 INFO o.a.j.p.j.s.J.Full charging journey with SSE: [electrahub-jmeter][full][029] step=charger graphql view
2026-07-02 01:06:09,361 INFO o.a.j.p.j.s.J.Full charging journey with SSE: [electrahub-jmeter][full][027] http POST /session/api/v1/sessions/start status=409 elapsedMs=80
2026-07-02 01:06:09,361 INFO o.a.j.p.j.s.J.Full charging journey with SSE: [electrahub-jmeter][full][027] start skipped EH-US-CHG-0038/CON-US-0038 HTTP 409; trying next connector
2026-07-02 01:06:09,393 INFO o.a.j.p.j.s.J.Full charging journey with SSE: [electrahub-jmeter][full][029] http POST /charger/graphql status=200 elapsedMs=78
2026-07-02 01:06:09,394 INFO o.a.j.p.j.s.J.Full charging journey with SSE: [electrahub-jmeter][full][029] step=payment state before start
2026-07-02 01:06:09,448 INFO o.a.j.p.j.s.J.Full charging journey with SSE: [electrahub-jmeter][full][029] http GET /payment/api/v1/payment/state status=200 elapsedMs=53
2026-07-02 01:06:09,451 INFO o.a.j.p.j.s.J.Full charging journey with SSE: [electrahub-jmeter][full][029] using connector csv fallback attempts=100 startIndex=29/100
2026-07-02 01:06:09,452 INFO o.a.j.p.j.s.J.Full charging journey with SSE: [electrahub-jmeter][full][029] step=start charging attempt 1
2026-07-02 01:06:09,515 INFO o.a.j.p.j.s.J.Full charging journey with SSE: [electrahub-jmeter][full][029] http POST /session/api/v1/sessions/start status=409 elapsedMs=61
2026-07-02 01:06:09,516 INFO o.a.j.p.j.s.J.Full charging journey with SSE: [electrahub-jmeter][full][029] start skipped EH-US-CHG-0029/CON-US-0029 HTTP 409; trying next connector
2026-07-02 01:06:09,873 INFO o.a.j.p.j.s.J.Full charging journey with SSE: [electrahub-jmeter][full][028] step=start charging attempt 7
2026-07-02 01:06:09,937 INFO o.a.j.p.j.s.J.Full charging journey with SSE: [electrahub-jmeter][full][028] http POST /session/api/v1/sessions/start status=409 elapsedMs=63
2026-07-02 01:06:09,938 INFO o.a.j.p.j.s.J.Full charging journey with SSE: [electrahub-jmeter][full][028] start skipped EH-US-CHG-0034/CON-US-0034 HTTP 409; trying next connector
2026-07-02 01:06:09,970 INFO o.a.j.p.j.s.J.Full charging journey with SSE: [electrahub-jmeter][full][007] step=active sessions
2026-07-02 01:06:10,004 INFO o.a.j.p.j.s.J.Full charging journey with SSE: [electrahub-jmeter][full][008] http POST /session/api/v1/sessions/4fc48b7c-70bb-4b09-9521-4f861ffb90f6/stop status=204 elapsedMs=3434
2026-07-02 01:06:10,005 INFO o.a.j.p.j.s.J.Full charging journey with SSE: [electrahub-jmeter][full][008] stop requested session=4fc48b7c-70bb-4b09-9521-4f861ffb90f6
2026-07-02 01:06:10,006 INFO o.a.j.p.j.s.J.Full charging journey with SSE: [electrahub-jmeter][full][008] step=active sessions
2026-07-02 01:06:10,040 INFO o.a.j.p.j.s.J.Full charging journey with SSE: [electrahub-jmeter][full][007] http GET /session/api/v1/sessions/active status=200 elapsedMs=69
2026-07-02 01:06:10,041 INFO o.a.j.p.j.s.J.Full charging journey with SSE: [electrahub-jmeter][full][007] step=receipt
2026-07-02 01:06:10,096 INFO o.a.j.p.j.s.J.Full charging journey with SSE: [electrahub-jmeter][full][007] http GET /session/api/v1/sessions/36c550ec-0d49-4bdc-a873-80055c20f5d0/receipt status=200 elapsedMs=54
2026-07-02 01:06:10,097 INFO o.a.j.p.j.s.J.Full charging journey with SSE: [electrahub-jmeter][full][007] step=session history
2026-07-02 01:06:10,155 INFO o.a.j.p.j.s.J.Full charging journey with SSE: [electrahub-jmeter][full][007] http GET /session/api/v1/sessions/history?page=0&size=10 status=200 elapsedMs=58
2026-07-02 01:06:10,156 INFO o.a.j.p.j.s.J.Full charging journey with SSE: [electrahub-jmeter][full][007] step=dashboard stats
2026-07-02 01:06:10,156 INFO o.a.j.p.j.s.J.Full charging journey with SSE: [electrahub-jmeter][full][026] step=start charging attempt 17
2026-07-02 01:06:10,210 INFO o.a.j.p.j.s.J.Full charging journey with SSE: [electrahub-jmeter][full][007] http GET /session/api/v1/sessions/dashboard-stats status=200 elapsedMs=52
2026-07-02 01:06:10,210 INFO o.a.j.p.j.s.J.Full charging journey with SSE: [electrahub-jmeter][full][007] receipt ok session=36c550ec-0d49-4bdc-a873-80055c20f5d0 status=Completed total=1.8708
2026-07-02 01:06:10,212 INFO o.a.j.t.JMeterThread: Thread is done: 100 driver charging journeys 1-7
2026-07-02 01:06:10,212 INFO o.a.j.t.JMeterThread: Thread finished: 100 driver charging journeys 1-7
2026-07-02 01:06:10,218 INFO o.a.j.p.j.s.J.Full charging journey with SSE: [electrahub-jmeter][full][026] http POST /session/api/v1/sessions/start status=409 elapsedMs=61
2026-07-02 01:06:10,219 INFO o.a.j.p.j.s.J.Full charging journey with SSE: [electrahub-jmeter][full][026] start skipped EH-US-CHG-0042/CON-US-0042 HTTP 409; trying next connector
2026-07-02 01:06:10,362 INFO o.a.j.p.j.s.J.Full charging journey with SSE: [electrahub-jmeter][full][027] step=start charging attempt 13
2026-07-02 01:06:10,433 INFO o.a.j.p.j.s.J.Full charging journey with SSE: [electrahub-jmeter][full][027] http POST /session/api/v1/sessions/start status=409 elapsedMs=69
2026-07-02 01:06:10,434 INFO o.a.j.p.j.s.J.Full charging journey with SSE: [electrahub-jmeter][full][027] start skipped EH-US-CHG-0039/CON-US-0039 HTTP 409; trying next connector
2026-07-02 01:06:10,517 INFO o.a.j.p.j.s.J.Full charging journey with SSE: [electrahub-jmeter][full][029] step=start charging attempt 2
2026-07-02 01:06:10,588 INFO o.a.j.p.j.s.J.Full charging journey with SSE: [electrahub-jmeter][full][029] http POST /session/api/v1/sessions/start status=409 elapsedMs=70
2026-07-02 01:06:10,589 INFO o.a.j.p.j.s.J.Full charging journey with SSE: [electrahub-jmeter][full][029] start skipped EH-US-CHG-0030/CON-US-0030 HTTP 409; trying next connector
2026-07-02 01:06:10,939 INFO o.a.j.p.j.s.J.Full charging journey with SSE: [electrahub-jmeter][full][028] step=start charging attempt 8
2026-07-02 01:06:11,010 INFO o.a.j.p.j.s.J.Full charging journey with SSE: [electrahub-jmeter][full][028] http POST /session/api/v1/sessions/start status=409 elapsedMs=70
2026-07-02 01:06:11,011 INFO o.a.j.p.j.s.J.Full charging journey with SSE: [electrahub-jmeter][full][028] start skipped EH-US-CHG-0035/CON-US-0035 HTTP 409; trying next connector
2026-07-02 01:06:11,012 INFO o.a.j.p.j.s.J.Full charging journey with SSE: [electrahub-jmeter][full][008] http GET /session/api/v1/sessions/active status=200 elapsedMs=1005
2026-07-02 01:06:11,219 INFO o.a.j.p.j.s.J.Full charging journey with SSE: [electrahub-jmeter][full][026] step=start charging attempt 18
2026-07-02 01:06:11,435 INFO o.a.j.p.j.s.J.Full charging journey with SSE: [electrahub-jmeter][full][027] step=start charging attempt 14
2026-07-02 01:06:11,508 INFO o.a.j.p.j.s.J.Full charging journey with SSE: [electrahub-jmeter][full][027] http POST /session/api/v1/sessions/start status=409 elapsedMs=73
2026-07-02 01:06:11,509 INFO o.a.j.p.j.s.J.Full charging journey with SSE: [electrahub-jmeter][full][027] start skipped EH-US-CHG-0040/CON-US-0040 HTTP 409; trying next connector
2026-07-02 01:06:11,590 INFO o.a.j.p.j.s.J.Full charging journey with SSE: [electrahub-jmeter][full][029] step=start charging attempt 3
2026-07-02 01:06:11,626 INFO o.a.j.p.j.s.J.Full charging journey with SSE: [electrahub-jmeter][full][009] step=stop charging session
2026-07-02 01:06:11,658 INFO o.a.j.p.j.s.J.Full charging journey with SSE: [electrahub-jmeter][full][029] http POST /session/api/v1/sessions/start status=409 elapsedMs=66
2026-07-02 01:06:11,659 INFO o.a.j.p.j.s.J.Full charging journey with SSE: [electrahub-jmeter][full][029] start skipped EH-US-CHG-0031/CON-US-0031 HTTP 409; trying next connector
2026-07-02 01:06:12,012 INFO o.a.j.p.j.s.J.Full charging journey with SSE: [electrahub-jmeter][full][028] step=start charging attempt 9
2026-07-02 01:06:12,025 INFO o.a.j.p.j.s.J.Full charging journey with SSE: [electrahub-jmeter][full][026] http POST /session/api/v1/sessions/start status=201 elapsedMs=804
2026-07-02 01:06:12,026 INFO o.a.j.p.j.s.J.Full charging journey with SSE: [electrahub-jmeter][full][026] started session=fe5fed77-e91e-426e-bd85-555b8d83b27c charger=EH-US-CHG-0043/CON-US-0043 status=PREPARING remote=Accepted attempt=18/100
2026-07-02 01:06:12,027 INFO o.a.j.p.j.s.J.Full charging journey with SSE: [electrahub-jmeter][full][026] step=active sessions
2026-07-02 01:06:12,087 INFO o.a.j.p.j.s.J.Full charging journey with SSE: [electrahub-jmeter][full][028] http POST /session/api/v1/sessions/start status=409 elapsedMs=74
2026-07-02 01:06:12,088 INFO o.a.j.p.j.s.J.Full charging journey with SSE: [electrahub-jmeter][full][028] start skipped EH-US-CHG-0036/CON-US-0036 HTTP 409; trying next connector
2026-07-02 01:06:12,510 INFO o.a.j.p.j.s.J.Full charging journey with SSE: [electrahub-jmeter][full][027] step=start charging attempt 15
2026-07-02 01:06:12,579 INFO o.a.j.p.j.s.J.Full charging journey with SSE: [electrahub-jmeter][full][027] http POST /session/api/v1/sessions/start status=409 elapsedMs=68
2026-07-02 01:06:12,580 INFO o.a.j.p.j.s.J.Full charging journey with SSE: [electrahub-jmeter][full][027] start skipped EH-US-CHG-0041/CON-US-0041 HTTP 409; trying next connector
2026-07-02 01:06:12,660 INFO o.a.j.p.j.s.J.Full charging journey with SSE: [electrahub-jmeter][full][029] step=start charging attempt 4
2026-07-02 01:06:12,733 INFO o.a.j.p.j.s.J.Full charging journey with SSE: [electrahub-jmeter][full][029] http POST /session/api/v1/sessions/start status=409 elapsedMs=72
2026-07-02 01:06:12,734 INFO o.a.j.p.j.s.J.Full charging journey with SSE: [electrahub-jmeter][full][029] start skipped EH-US-CHG-0032/CON-US-0032 HTTP 409; trying next connector
2026-07-02 01:06:13,035 INFO o.a.j.p.j.s.J.Full charging journey with SSE: [electrahub-jmeter][full][026] http GET /session/api/v1/sessions/active status=200 elapsedMs=1007
2026-07-02 01:06:13,089 INFO o.a.j.p.j.s.J.Full charging journey with SSE: [electrahub-jmeter][full][028] step=start charging attempt 10
2026-07-02 01:06:13,156 INFO o.a.j.p.j.s.J.Full charging journey with SSE: [electrahub-jmeter][full][028] http POST /session/api/v1/sessions/start status=409 elapsedMs=65
2026-07-02 01:06:13,157 INFO o.a.j.p.j.s.J.Full charging journey with SSE: [electrahub-jmeter][full][028] start skipped EH-US-CHG-0037/CON-US-0037 HTTP 409; trying next connector
2026-07-02 01:06:13,581 INFO o.a.j.p.j.s.J.Full charging journey with SSE: [electrahub-jmeter][full][027] step=start charging attempt 16
2026-07-02 01:06:13,647 INFO o.a.j.p.j.s.J.Full charging journey with SSE: [electrahub-jmeter][full][027] http POST /session/api/v1/sessions/start status=409 elapsedMs=63
2026-07-02 01:06:13,649 INFO o.a.j.p.j.s.J.Full charging journey with SSE: [electrahub-jmeter][full][027] start skipped EH-US-CHG-0042/CON-US-0042 HTTP 409; trying next connector
2026-07-02 01:06:13,735 INFO o.a.j.p.j.s.J.Full charging journey with SSE: [electrahub-jmeter][full][029] step=start charging attempt 5
2026-07-02 01:06:13,804 INFO o.a.j.p.j.s.J.Full charging journey with SSE: [electrahub-jmeter][full][029] http POST /session/api/v1/sessions/start status=409 elapsedMs=68
2026-07-02 01:06:13,805 INFO o.a.j.p.j.s.J.Full charging journey with SSE: [electrahub-jmeter][full][029] start skipped EH-US-CHG-0033/CON-US-0033 HTTP 409; trying next connector
2026-07-02 01:06:14,159 INFO o.a.j.p.j.s.J.Full charging journey with SSE: [electrahub-jmeter][full][028] step=start charging attempt 11
2026-07-02 01:06:14,228 INFO o.a.j.p.j.s.J.Full charging journey with SSE: [electrahub-jmeter][full][028] http POST /session/api/v1/sessions/start status=409 elapsedMs=67
2026-07-02 01:06:14,229 INFO o.a.j.p.j.s.J.Full charging journey with SSE: [electrahub-jmeter][full][028] start skipped EH-US-CHG-0038/CON-US-0038 HTTP 409; trying next connector
2026-07-02 01:06:14,375 INFO o.a.j.t.JMeterThread: Thread started: 100 driver charging journeys 1-30
2026-07-02 01:06:14,383 INFO o.a.j.p.j.s.J.Full charging journey with SSE: [electrahub-jmeter][full][030] step=register
2026-07-02 01:06:14,581 INFO o.a.j.p.j.s.J.Full charging journey with SSE: [electrahub-jmeter][full][030] http POST /auth/api/auth/register status=200 elapsedMs=197
2026-07-02 01:06:14,582 INFO o.a.j.p.j.s.J.Full charging journey with SSE: [electrahub-jmeter][full][030] registered uid=5a2cad5d-2bbf-4b2e-a7f3-b4968f821d33
2026-07-02 01:06:14,589 INFO o.a.j.p.j.s.J.Full charging journey with SSE: [electrahub-jmeter][full][030] step=payment state before setup
2026-07-02 01:06:14,650 INFO o.a.j.p.j.s.J.Full charging journey with SSE: [electrahub-jmeter][full][027] step=start charging attempt 17
2026-07-02 01:06:14,652 INFO o.a.j.p.j.s.J.Full charging journey with SSE: [electrahub-jmeter][full][030] http GET /payment/api/v1/payment/state status=451 elapsedMs=61
2026-07-02 01:06:14,652 INFO o.a.j.p.j.s.J.Full charging journey with SSE: [electrahub-jmeter][full][030] step=accept terms
2026-07-02 01:06:14,711 INFO o.a.j.p.j.s.J.Full charging journey with SSE: [electrahub-jmeter][full][030] http POST /auth/api/terms/accept status=201 elapsedMs=58
2026-07-02 01:06:14,712 INFO o.a.j.p.j.s.J.Full charging journey with SSE: [electrahub-jmeter][full][030] accepted terms; refreshing token through login
2026-07-02 01:06:14,713 INFO o.a.j.p.j.s.J.Full charging journey with SSE: [electrahub-jmeter][full][030] step=login
2026-07-02 01:06:14,770 INFO o.a.j.p.j.s.J.Full charging journey with SSE: [electrahub-jmeter][full][027] http POST /session/api/v1/sessions/start status=409 elapsedMs=69
2026-07-02 01:06:14,770 INFO o.a.j.p.j.s.J.Full charging journey with SSE: [electrahub-jmeter][full][027] start skipped EH-US-CHG-0043/CON-US-0043 HTTP 409; trying next connector
2026-07-02 01:06:14,806 INFO o.a.j.p.j.s.J.Full charging journey with SSE: [electrahub-jmeter][full][029] step=start charging attempt 6
2026-07-02 01:06:14,869 INFO o.a.j.p.j.s.J.Full charging journey with SSE: [electrahub-jmeter][full][029] http POST /session/api/v1/sessions/start status=409 elapsedMs=62
2026-07-02 01:06:14,870 INFO o.a.j.p.j.s.J.Full charging journey with SSE: [electrahub-jmeter][full][030] http POST /auth/api/auth/login status=200 elapsedMs=156
2026-07-02 01:06:14,870 INFO o.a.j.p.j.s.J.Full charging journey with SSE: [electrahub-jmeter][full][029] start skipped EH-US-CHG-0034/CON-US-0034 HTTP 409; trying next connector
2026-07-02 01:06:14,871 INFO o.a.j.p.j.s.J.Full charging journey with SSE: [electrahub-jmeter][full][030] logged in uid=5a2cad5d-2bbf-4b2e-a7f3-b4968f821d33
2026-07-02 01:06:14,871 INFO o.a.j.p.j.s.J.Full charging journey with SSE: [electrahub-jmeter][full][030] step=payment state after terms
2026-07-02 01:06:14,935 INFO o.a.j.p.j.s.J.Full charging journey with SSE: [electrahub-jmeter][full][030] http GET /payment/api/v1/payment/state status=200 elapsedMs=63
2026-07-02 01:06:14,936 INFO o.a.j.p.j.s.J.Full charging journey with SSE: [electrahub-jmeter][full][030] step=add card
2026-07-02 01:06:14,998 INFO o.a.j.p.j.s.J.Full charging journey with SSE: [electrahub-jmeter][full][030] http POST /payment/api/v1/payment/cards status=201 elapsedMs=61
2026-07-02 01:06:14,999 INFO o.a.j.p.j.s.J.Full charging journey with SSE: [electrahub-jmeter][full][030] step=wallet topup
2026-07-02 01:06:15,046 INFO o.a.j.p.j.s.J.Full charging journey with SSE: [electrahub-jmeter][full][009] http POST /session/api/v1/sessions/b341bd4b-91a8-41b1-be58-c9e06b34597f/stop status=204 elapsedMs=3420
2026-07-02 01:06:15,047 INFO o.a.j.p.j.s.J.Full charging journey with SSE: [electrahub-jmeter][full][009] stop requested session=b341bd4b-91a8-41b1-be58-c9e06b34597f
2026-07-02 01:06:15,048 INFO o.a.j.p.j.s.J.Full charging journey with SSE: [electrahub-jmeter][full][009] step=active sessions
2026-07-02 01:06:15,062 INFO o.a.j.p.j.s.J.Full charging journey with SSE: [electrahub-jmeter][full][030] http POST /payment/api/v1/payment/wallet/topups status=201 elapsedMs=62
2026-07-02 01:06:15,063 INFO o.a.j.p.j.s.J.Full charging journey with SSE: [electrahub-jmeter][full][030] step=payment state after setup
2026-07-02 01:06:15,117 INFO o.a.j.p.j.s.J.Full charging journey with SSE: [electrahub-jmeter][full][030] http GET /payment/api/v1/payment/state status=200 elapsedMs=53
2026-07-02 01:06:15,119 INFO o.a.j.p.j.s.J.Full charging journey with SSE: [electrahub-jmeter][full][030] payment ready wallet=120.00
2026-07-02 01:06:15,120 INFO o.a.j.p.j.s.J.Full charging journey with SSE: [electrahub-jmeter][full][030] step=charger graphql list
2026-07-02 01:06:15,207 INFO o.a.j.p.j.s.J.Full charging journey with SSE: [electrahub-jmeter][full][030] http POST /charger/graphql status=200 elapsedMs=86
2026-07-02 01:06:15,208 INFO o.a.j.p.j.s.J.Full charging journey with SSE: [electrahub-jmeter][full][030] dynamic connector selection found no available connector; using CSV connector
2026-07-02 01:06:15,209 INFO o.a.j.p.j.s.J.Full charging journey with SSE: [electrahub-jmeter][full][030] step=charger graphql view
2026-07-02 01:06:15,230 INFO o.a.j.p.j.s.J.Full charging journey with SSE: [electrahub-jmeter][full][028] step=start charging attempt 12
2026-07-02 01:06:15,283 INFO o.a.j.p.j.s.J.Full charging journey with SSE: [electrahub-jmeter][full][030] http POST /charger/graphql status=200 elapsedMs=74
2026-07-02 01:06:15,284 INFO o.a.j.p.j.s.J.Full charging journey with SSE: [electrahub-jmeter][full][030] step=payment state before start
2026-07-02 01:06:15,296 INFO o.a.j.p.j.s.J.Full charging journey with SSE: [electrahub-jmeter][full][028] http POST /session/api/v1/sessions/start status=409 elapsedMs=65
2026-07-02 01:06:15,297 INFO o.a.j.p.j.s.J.Full charging journey with SSE: [electrahub-jmeter][full][028] start skipped EH-US-CHG-0039/CON-US-0039 HTTP 409; trying next connector
2026-07-02 01:06:15,345 INFO o.a.j.p.j.s.J.Full charging journey with SSE: [electrahub-jmeter][full][030] http GET /payment/api/v1/payment/state status=200 elapsedMs=60
2026-07-02 01:06:15,348 INFO o.a.j.p.j.s.J.Full charging journey with SSE: [electrahub-jmeter][full][030] using connector csv fallback attempts=100 startIndex=30/100
2026-07-02 01:06:15,349 INFO o.a.j.p.j.s.J.Full charging journey with SSE: [electrahub-jmeter][full][030] step=start charging attempt 1
2026-07-02 01:06:15,410 INFO o.a.j.p.j.s.J.Full charging journey with SSE: [electrahub-jmeter][full][030] http POST /session/api/v1/sessions/start status=409 elapsedMs=60
2026-07-02 01:06:15,411 INFO o.a.j.p.j.s.J.Full charging journey with SSE: [electrahub-jmeter][full][030] start skipped EH-US-CHG-0030/CON-US-0030 HTTP 409; trying next connector
2026-07-02 01:06:15,771 INFO o.a.j.p.j.s.J.Full charging journey with SSE: [electrahub-jmeter][full][027] step=start charging attempt 18
2026-07-02 01:06:15,871 INFO o.a.j.p.j.s.J.Full charging journey with SSE: [electrahub-jmeter][full][029] step=start charging attempt 7
2026-07-02 01:06:15,940 INFO o.a.j.p.j.s.J.Full charging journey with SSE: [electrahub-jmeter][full][029] http POST /session/api/v1/sessions/start status=409 elapsedMs=68
2026-07-02 01:06:15,940 INFO o.a.j.p.j.s.J.Full charging journey with SSE: [electrahub-jmeter][full][029] start skipped EH-US-CHG-0035/CON-US-0035 HTTP 409; trying next connector
2026-07-02 01:06:16,013 INFO o.a.j.p.j.s.J.Full charging journey with SSE: [electrahub-jmeter][full][008] step=active sessions
2026-07-02 01:06:16,062 INFO o.a.j.p.j.s.J.Full charging journey with SSE: [electrahub-jmeter][full][027] http POST /session/api/v1/sessions/start status=201 elapsedMs=290
2026-07-02 01:06:16,062 INFO o.a.j.p.j.s.J.Full charging journey with SSE: [electrahub-jmeter][full][009] http GET /session/api/v1/sessions/active status=200 elapsedMs=1014
2026-07-02 01:06:16,063 INFO o.a.j.p.j.s.J.Full charging journey with SSE: [electrahub-jmeter][full][027] started session=2fa0e5df-c43e-41ce-9ba7-489aad36cad5 charger=EH-US-CHG-0044/CON-US-0044 status=PREPARING remote=Accepted attempt=18/100
2026-07-02 01:06:16,063 INFO o.a.j.p.j.s.J.Full charging journey with SSE: [electrahub-jmeter][full][027] step=active sessions
2026-07-02 01:06:16,080 INFO o.a.j.p.j.s.J.Full charging journey with SSE: [electrahub-jmeter][full][008] http GET /session/api/v1/sessions/active status=200 elapsedMs=66
2026-07-02 01:06:16,081 INFO o.a.j.p.j.s.J.Full charging journey with SSE: [electrahub-jmeter][full][008] step=receipt
2026-07-02 01:06:16,136 INFO o.a.j.p.j.s.J.Full charging journey with SSE: [electrahub-jmeter][full][008] http GET /session/api/v1/sessions/4fc48b7c-70bb-4b09-9521-4f861ffb90f6/receipt status=200 elapsedMs=55
2026-07-02 01:06:16,137 INFO o.a.j.p.j.s.J.Full charging journey with SSE: [electrahub-jmeter][full][008] step=session history
2026-07-02 01:06:16,192 INFO o.a.j.p.j.s.J.Full charging journey with SSE: [electrahub-jmeter][full][008] http GET /session/api/v1/sessions/history?page=0&size=10 status=200 elapsedMs=54
2026-07-02 01:06:16,193 INFO o.a.j.p.j.s.J.Full charging journey with SSE: [electrahub-jmeter][full][008] step=dashboard stats
2026-07-02 01:06:16,260 INFO o.a.j.p.j.s.J.Full charging journey with SSE: [electrahub-jmeter][full][008] http GET /session/api/v1/sessions/dashboard-stats status=200 elapsedMs=65
2026-07-02 01:06:16,261 INFO o.a.j.p.j.s.J.Full charging journey with SSE: [electrahub-jmeter][full][008] receipt ok session=4fc48b7c-70bb-4b09-9521-4f861ffb90f6 status=Completed total=1.8715
2026-07-02 01:06:16,262 INFO o.a.j.t.JMeterThread: Thread is done: 100 driver charging journeys 1-8
2026-07-02 01:06:16,262 INFO o.a.j.t.JMeterThread: Thread finished: 100 driver charging journeys 1-8
2026-07-02 01:06:16,297 INFO o.a.j.p.j.s.J.Full charging journey with SSE: [electrahub-jmeter][full][028] step=start charging attempt 13
2026-07-02 01:06:16,366 INFO o.a.j.p.j.s.J.Full charging journey with SSE: [electrahub-jmeter][full][028] http POST /session/api/v1/sessions/start status=409 elapsedMs=67
2026-07-02 01:06:16,367 INFO o.a.j.p.j.s.J.Full charging journey with SSE: [electrahub-jmeter][full][028] start skipped EH-US-CHG-0040/CON-US-0040 HTTP 409; trying next connector
2026-07-02 01:06:16,412 INFO o.a.j.p.j.s.J.Full charging journey with SSE: [electrahub-jmeter][full][030] step=start charging attempt 2
2026-07-02 01:06:16,480 INFO o.a.j.p.j.s.J.Full charging journey with SSE: [electrahub-jmeter][full][030] http POST /session/api/v1/sessions/start status=409 elapsedMs=67
2026-07-02 01:06:16,481 INFO o.a.j.p.j.s.J.Full charging journey with SSE: [electrahub-jmeter][full][030] start skipped EH-US-CHG-0031/CON-US-0031 HTTP 409; trying next connector
2026-07-02 01:06:16,941 INFO o.a.j.p.j.s.J.Full charging journey with SSE: [electrahub-jmeter][full][029] step=start charging attempt 8
2026-07-02 01:06:17,008 INFO o.a.j.p.j.s.J.Full charging journey with SSE: [electrahub-jmeter][full][029] http POST /session/api/v1/sessions/start status=409 elapsedMs=65
2026-07-02 01:06:17,009 INFO o.a.j.p.j.s.J.Full charging journey with SSE: [electrahub-jmeter][full][029] start skipped EH-US-CHG-0036/CON-US-0036 HTTP 409; trying next connector
2026-07-02 01:06:17,067 INFO o.a.j.p.j.s.J.Full charging journey with SSE: [electrahub-jmeter][full][027] http GET /session/api/v1/sessions/active status=200 elapsedMs=1003
2026-07-02 01:06:17,073 INFO o.a.j.p.j.s.J.Full charging journey with SSE: [electrahub-jmeter][full][018] sse ok connected=1 snapshot=2 updates=23 receipts=0 heartbeats=0
2026-07-02 01:06:17,075 INFO o.a.j.p.j.s.J.Full charging journey with SSE: [electrahub-jmeter][full][018] holding session for 46s before stop
2026-07-02 01:06:17,367 INFO o.a.j.p.j.s.J.Full charging journey with SSE: [electrahub-jmeter][full][028] step=start charging attempt 14
2026-07-02 01:06:17,431 INFO o.a.j.p.j.s.J.Full charging journey with SSE: [electrahub-jmeter][full][028] http POST /session/api/v1/sessions/start status=409 elapsedMs=63
2026-07-02 01:06:17,432 INFO o.a.j.p.j.s.J.Full charging journey with SSE: [electrahub-jmeter][full][028] start skipped EH-US-CHG-0041/CON-US-0041 HTTP 409; trying next connector
2026-07-02 01:06:17,481 INFO o.a.j.p.j.s.J.Full charging journey with SSE: [electrahub-jmeter][full][030] step=start charging attempt 3
2026-07-02 01:06:17,550 INFO o.a.j.p.j.s.J.Full charging journey with SSE: [electrahub-jmeter][full][030] http POST /session/api/v1/sessions/start status=409 elapsedMs=67
2026-07-02 01:06:17,551 INFO o.a.j.p.j.s.J.Full charging journey with SSE: [electrahub-jmeter][full][030] start skipped EH-US-CHG-0032/CON-US-0032 HTTP 409; trying next connector
2026-07-02 01:06:18,010 INFO o.a.j.p.j.s.J.Full charging journey with SSE: [electrahub-jmeter][full][029] step=start charging attempt 9
2026-07-02 01:06:18,074 INFO o.a.j.p.j.s.J.Full charging journey with SSE: [electrahub-jmeter][full][029] http POST /session/api/v1/sessions/start status=409 elapsedMs=62
2026-07-02 01:06:18,075 INFO o.a.j.p.j.s.J.Full charging journey with SSE: [electrahub-jmeter][full][029] start skipped EH-US-CHG-0037/CON-US-0037 HTTP 409; trying next connector
2026-07-02 01:06:18,433 INFO o.a.j.p.j.s.J.Full charging journey with SSE: [electrahub-jmeter][full][028] step=start charging attempt 15
2026-07-02 01:06:18,503 INFO o.a.j.p.j.s.J.Full charging journey with SSE: [electrahub-jmeter][full][028] http POST /session/api/v1/sessions/start status=409 elapsedMs=69
2026-07-02 01:06:18,504 INFO o.a.j.p.j.s.J.Full charging journey with SSE: [electrahub-jmeter][full][028] start skipped EH-US-CHG-0042/CON-US-0042 HTTP 409; trying next connector
2026-07-02 01:06:18,552 INFO o.a.j.p.j.s.J.Full charging journey with SSE: [electrahub-jmeter][full][030] step=start charging attempt 4
2026-07-02 01:06:18,627 INFO o.a.j.p.j.s.J.Full charging journey with SSE: [electrahub-jmeter][full][030] http POST /session/api/v1/sessions/start status=409 elapsedMs=74
2026-07-02 01:06:18,628 INFO o.a.j.p.j.s.J.Full charging journey with SSE: [electrahub-jmeter][full][030] start skipped EH-US-CHG-0033/CON-US-0033 HTTP 409; trying next connector
2026-07-02 01:06:18,656 INFO o.a.j.p.j.s.J.Full charging journey with SSE: [electrahub-jmeter][full][010] step=stop charging session
2026-07-02 01:06:19,076 INFO o.a.j.p.j.s.J.Full charging journey with SSE: [electrahub-jmeter][full][029] step=start charging attempt 10
2026-07-02 01:06:19,140 INFO o.a.j.p.j.s.J.Full charging journey with SSE: [electrahub-jmeter][full][029] http POST /session/api/v1/sessions/start status=409 elapsedMs=62
2026-07-02 01:06:19,141 INFO o.a.j.p.j.s.J.Full charging journey with SSE: [electrahub-jmeter][full][029] start skipped EH-US-CHG-0038/CON-US-0038 HTTP 409; trying next connector
2026-07-02 01:06:19,508 INFO o.a.j.p.j.s.J.Full charging journey with SSE: [electrahub-jmeter][full][028] step=start charging attempt 16
2026-07-02 01:06:19,575 INFO o.a.j.p.j.s.J.Full charging journey with SSE: [electrahub-jmeter][full][028] http POST /session/api/v1/sessions/start status=409 elapsedMs=66
2026-07-02 01:06:19,576 INFO o.a.j.p.j.s.J.Full charging journey with SSE: [electrahub-jmeter][full][028] start skipped EH-US-CHG-0043/CON-US-0043 HTTP 409; trying next connector
2026-07-02 01:06:19,629 INFO o.a.j.p.j.s.J.Full charging journey with SSE: [electrahub-jmeter][full][030] step=start charging attempt 5
2026-07-02 01:06:19,694 INFO o.a.j.p.j.s.J.Full charging journey with SSE: [electrahub-jmeter][full][030] http POST /session/api/v1/sessions/start status=409 elapsedMs=64
2026-07-02 01:06:19,695 INFO o.a.j.p.j.s.J.Full charging journey with SSE: [electrahub-jmeter][full][030] start skipped EH-US-CHG-0034/CON-US-0034 HTTP 409; trying next connector
2026-07-02 01:06:20,143 INFO o.a.j.p.j.s.J.Full charging journey with SSE: [electrahub-jmeter][full][029] step=start charging attempt 11
2026-07-02 01:06:20,209 INFO o.a.j.p.j.s.J.Full charging journey with SSE: [electrahub-jmeter][full][029] http POST /session/api/v1/sessions/start status=409 elapsedMs=65
2026-07-02 01:06:20,210 INFO o.a.j.p.j.s.J.Full charging journey with SSE: [electrahub-jmeter][full][029] start skipped EH-US-CHG-0039/CON-US-0039 HTTP 409; trying next connector
2026-07-02 01:06:20,375 INFO o.a.j.t.JMeterThread: Thread started: 100 driver charging journeys 1-31
2026-07-02 01:06:20,383 INFO o.a.j.p.j.s.J.Full charging journey with SSE: [electrahub-jmeter][full][031] step=register
2026-07-02 01:06:20,577 INFO o.a.j.p.j.s.J.Full charging journey with SSE: [electrahub-jmeter][full][028] step=start charging attempt 17
2026-07-02 01:06:20,586 INFO o.a.j.p.j.s.J.Full charging journey with SSE: [electrahub-jmeter][full][031] http POST /auth/api/auth/register status=200 elapsedMs=202
2026-07-02 01:06:20,587 INFO o.a.j.p.j.s.J.Full charging journey with SSE: [electrahub-jmeter][full][031] registered uid=a5a83cfe-c808-4393-ab52-ec5d6d10881a
2026-07-02 01:06:20,596 INFO o.a.j.p.j.s.J.Full charging journey with SSE: [electrahub-jmeter][full][031] step=payment state before setup
2026-07-02 01:06:20,658 INFO o.a.j.p.j.s.J.Full charging journey with SSE: [electrahub-jmeter][full][031] http GET /payment/api/v1/payment/state status=451 elapsedMs=61
2026-07-02 01:06:20,659 INFO o.a.j.p.j.s.J.Full charging journey with SSE: [electrahub-jmeter][full][031] step=accept terms
2026-07-02 01:06:20,696 INFO o.a.j.p.j.s.J.Full charging journey with SSE: [electrahub-jmeter][full][030] step=start charging attempt 6
2026-07-02 01:06:20,700 INFO o.a.j.p.j.s.J.Full charging journey with SSE: [electrahub-jmeter][full][028] http POST /session/api/v1/sessions/start status=409 elapsedMs=76
2026-07-02 01:06:20,701 INFO o.a.j.p.j.s.J.Full charging journey with SSE: [electrahub-jmeter][full][028] start skipped EH-US-CHG-0044/CON-US-0044 HTTP 409; trying next connector
2026-07-02 01:06:20,723 INFO o.a.j.p.j.s.J.Full charging journey with SSE: [electrahub-jmeter][full][031] http POST /auth/api/terms/accept status=201 elapsedMs=63
2026-07-02 01:06:20,724 INFO o.a.j.p.j.s.J.Full charging journey with SSE: [electrahub-jmeter][full][031] accepted terms; refreshing token through login
2026-07-02 01:06:20,725 INFO o.a.j.p.j.s.J.Full charging journey with SSE: [electrahub-jmeter][full][031] step=login
2026-07-02 01:06:20,867 INFO o.a.j.p.j.s.J.Full charging journey with SSE: [electrahub-jmeter][full][030] http POST /session/api/v1/sessions/start status=409 elapsedMs=122
2026-07-02 01:06:20,869 INFO o.a.j.p.j.s.J.Full charging journey with SSE: [electrahub-jmeter][full][030] start skipped EH-US-CHG-0035/CON-US-0035 HTTP 409; trying next connector
2026-07-02 01:06:20,933 INFO o.a.j.p.j.s.J.Full charging journey with SSE: [electrahub-jmeter][full][031] http POST /auth/api/auth/login status=200 elapsedMs=207
2026-07-02 01:06:20,933 INFO o.a.j.p.j.s.J.Full charging journey with SSE: [electrahub-jmeter][full][031] logged in uid=a5a83cfe-c808-4393-ab52-ec5d6d10881a
2026-07-02 01:06:20,940 INFO o.a.j.p.j.s.J.Full charging journey with SSE: [electrahub-jmeter][full][031] step=payment state after terms
2026-07-02 01:06:21,331 INFO o.a.j.p.j.s.J.Full charging journey with SSE: [electrahub-jmeter][full][031] http GET /payment/api/v1/payment/state status=200 elapsedMs=388
2026-07-02 01:06:21,331 INFO o.a.j.p.j.s.J.Full charging journey with SSE: [electrahub-jmeter][full][031] step=add card
2026-07-02 01:06:21,388 INFO o.a.j.p.j.s.J.Full charging journey with SSE: [electrahub-jmeter][full][009] step=active sessions
2026-07-02 01:06:22,186 INFO o.a.j.p.j.s.J.Full charging journey with SSE: [electrahub-jmeter][full][031] http POST /payment/api/v1/payment/cards status=201 elapsedMs=854
2026-07-02 01:06:22,187 INFO o.a.j.p.j.s.J.Full charging journey with SSE: [electrahub-jmeter][full][031] step=wallet topup
2026-07-02 01:06:22,242 INFO o.a.j.p.j.s.J.Full charging journey with SSE: [electrahub-jmeter][full][009] http GET /session/api/v1/sessions/active status=200 elapsedMs=853
2026-07-02 01:06:22,243 INFO o.a.j.p.j.s.J.Full charging journey with SSE: [electrahub-jmeter][full][009] step=receipt
2026-07-02 01:06:22,248 INFO o.a.j.p.j.s.J.Full charging journey with SSE: [electrahub-jmeter][full][031] http POST /payment/api/v1/payment/wallet/topups status=201 elapsedMs=60
2026-07-02 01:06:22,249 INFO o.a.j.p.j.s.J.Full charging journey with SSE: [electrahub-jmeter][full][031] step=payment state after setup
2026-07-02 01:06:22,304 INFO o.a.j.p.j.s.J.Full charging journey with SSE: [electrahub-jmeter][full][009] http GET /session/api/v1/sessions/b341bd4b-91a8-41b1-be58-c9e06b34597f/receipt status=200 elapsedMs=61
2026-07-02 01:06:22,305 INFO o.a.j.p.j.s.J.Full charging journey with SSE: [electrahub-jmeter][full][009] step=session history
2026-07-02 01:06:22,308 INFO o.a.j.p.j.s.J.Full charging journey with SSE: [electrahub-jmeter][full][031] http GET /payment/api/v1/payment/state status=200 elapsedMs=59
2026-07-02 01:06:22,308 INFO o.a.j.p.j.s.J.Full charging journey with SSE: [electrahub-jmeter][full][031] payment ready wallet=120.00
2026-07-02 01:06:22,309 INFO o.a.j.p.j.s.J.Full charging journey with SSE: [electrahub-jmeter][full][031] step=charger graphql list
2026-07-02 01:06:22,326 INFO o.a.j.p.j.s.J.Full charging journey with SSE: [electrahub-jmeter][full][029] step=start charging attempt 12
2026-07-02 01:06:22,364 INFO o.a.j.p.j.s.J.Full charging journey with SSE: [electrahub-jmeter][full][009] http GET /session/api/v1/sessions/history?page=0&size=10 status=200 elapsedMs=57
2026-07-02 01:06:22,364 INFO o.a.j.p.j.s.J.Full charging journey with SSE: [electrahub-jmeter][full][009] step=dashboard stats
2026-07-02 01:06:22,404 INFO o.a.j.p.j.s.J.Full charging journey with SSE: [electrahub-jmeter][full][029] http POST /session/api/v1/sessions/start status=409 elapsedMs=77
2026-07-02 01:06:22,404 INFO o.a.j.p.j.s.J.Full charging journey with SSE: [electrahub-jmeter][full][031] http POST /charger/graphql status=200 elapsedMs=94
2026-07-02 01:06:22,404 INFO o.a.j.p.j.s.J.Full charging journey with SSE: [electrahub-jmeter][full][029] start skipped EH-US-CHG-0040/CON-US-0040 HTTP 409; trying next connector
2026-07-02 01:06:22,406 INFO o.a.j.p.j.s.J.Full charging journey with SSE: [electrahub-jmeter][full][031] dynamic connector selection found no available connector; using CSV connector
2026-07-02 01:06:22,408 INFO o.a.j.p.j.s.J.Full charging journey with SSE: [electrahub-jmeter][full][031] step=charger graphql view
2026-07-02 01:06:22,429 INFO o.a.j.p.j.s.J.Full charging journey with SSE: [electrahub-jmeter][full][009] http GET /session/api/v1/sessions/dashboard-stats status=200 elapsedMs=64
2026-07-02 01:06:22,430 INFO o.a.j.p.j.s.J.Full charging journey with SSE: [electrahub-jmeter][full][009] receipt ok session=b341bd4b-91a8-41b1-be58-c9e06b34597f status=Completed total=1.8685
2026-07-02 01:06:22,431 INFO o.a.j.t.JMeterThread: Thread is done: 100 driver charging journeys 1-9
2026-07-02 01:06:22,431 INFO o.a.j.t.JMeterThread: Thread finished: 100 driver charging journeys 1-9
2026-07-02 01:06:22,480 INFO o.a.j.p.j.s.J.Full charging journey with SSE: [electrahub-jmeter][full][031] http POST /charger/graphql status=200 elapsedMs=71
2026-07-02 01:06:22,481 INFO o.a.j.p.j.s.J.Full charging journey with SSE: [electrahub-jmeter][full][031] step=payment state before start
2026-07-02 01:06:22,543 INFO o.a.j.p.j.s.J.Full charging journey with SSE: [electrahub-jmeter][full][031] http GET /payment/api/v1/payment/state status=200 elapsedMs=61
2026-07-02 01:06:22,546 INFO o.a.j.p.j.s.J.Full charging journey with SSE: [electrahub-jmeter][full][031] using connector csv fallback attempts=100 startIndex=31/100
2026-07-02 01:06:22,547 INFO o.a.j.p.j.s.J.Full charging journey with SSE: [electrahub-jmeter][full][031] step=start charging attempt 1
2026-07-02 01:06:22,611 INFO o.a.j.p.j.s.J.Full charging journey with SSE: [electrahub-jmeter][full][031] http POST /session/api/v1/sessions/start status=409 elapsedMs=63
2026-07-02 01:06:22,612 INFO o.a.j.p.j.s.J.Full charging journey with SSE: [electrahub-jmeter][full][031] start skipped EH-US-CHG-0031/CON-US-0031 HTTP 409; trying next connector
2026-07-02 01:06:22,816 INFO o.a.j.p.j.s.J.Full charging journey with SSE: [electrahub-jmeter][full][028] step=start charging attempt 18
2026-07-02 01:06:22,985 INFO o.a.j.p.j.s.J.Full charging journey with SSE: [electrahub-jmeter][full][030] step=start charging attempt 7
2026-07-02 01:06:23,090 INFO o.a.j.p.j.s.J.Full charging journey with SSE: [electrahub-jmeter][full][030] http POST /session/api/v1/sessions/start status=409 elapsedMs=104
2026-07-02 01:06:23,091 INFO o.a.j.p.j.s.J.Full charging journey with SSE: [electrahub-jmeter][full][030] start skipped EH-US-CHG-0036/CON-US-0036 HTTP 409; trying next connector
2026-07-02 01:06:23,229 INFO o.a.j.p.j.s.J.Full charging journey with SSE: [electrahub-jmeter][full][010] http POST /session/api/v1/sessions/510d8300-6c03-4edc-b4fb-b77c15039bfe/stop status=204 elapsedMs=4570
2026-07-02 01:06:23,230 INFO o.a.j.p.j.s.J.Full charging journey with SSE: [electrahub-jmeter][full][010] stop requested session=510d8300-6c03-4edc-b4fb-b77c15039bfe
2026-07-02 01:06:23,231 INFO o.a.j.p.j.s.J.Full charging journey with SSE: [electrahub-jmeter][full][010] step=active sessions
2026-07-02 01:06:23,236 INFO o.a.j.p.j.s.J.Full charging journey with SSE: [electrahub-jmeter][full][028] http POST /session/api/v1/sessions/start status=201 elapsedMs=419
2026-07-02 01:06:23,237 INFO o.a.j.p.j.s.J.Full charging journey with SSE: [electrahub-jmeter][full][028] started session=cda258ff-a691-4d44-a51f-25d9d7260088 charger=EH-US-CHG-0045/CON-US-0045 status=PREPARING remote=Accepted attempt=18/100
2026-07-02 01:06:23,238 INFO o.a.j.p.j.s.J.Full charging journey with SSE: [electrahub-jmeter][full][028] step=active sessions
2026-07-02 01:06:23,406 INFO o.a.j.p.j.s.J.Full charging journey with SSE: [electrahub-jmeter][full][029] step=start charging attempt 13
2026-07-02 01:06:23,484 INFO o.a.j.p.j.s.J.Full charging journey with SSE: [electrahub-jmeter][full][029] http POST /session/api/v1/sessions/start status=409 elapsedMs=77
2026-07-02 01:06:23,485 INFO o.a.j.p.j.s.J.Full charging journey with SSE: [electrahub-jmeter][full][029] start skipped EH-US-CHG-0041/CON-US-0041 HTTP 409; trying next connector
2026-07-02 01:06:23,613 INFO o.a.j.p.j.s.J.Full charging journey with SSE: [electrahub-jmeter][full][031] step=start charging attempt 2
2026-07-02 01:06:23,682 INFO o.a.j.p.j.s.J.Full charging journey with SSE: [electrahub-jmeter][full][031] http POST /session/api/v1/sessions/start status=409 elapsedMs=68
2026-07-02 01:06:23,683 INFO o.a.j.p.j.s.J.Full charging journey with SSE: [electrahub-jmeter][full][031] start skipped EH-US-CHG-0032/CON-US-0032 HTTP 409; trying next connector
2026-07-02 01:06:24,092 INFO o.a.j.p.j.s.J.Full charging journey with SSE: [electrahub-jmeter][full][030] step=start charging attempt 8
2026-07-02 01:06:24,169 INFO o.a.j.p.j.s.J.Full charging journey with SSE: [electrahub-jmeter][full][030] http POST /session/api/v1/sessions/start status=409 elapsedMs=76
2026-07-02 01:06:24,169 INFO o.a.j.p.j.s.J.Full charging journey with SSE: [electrahub-jmeter][full][030] start skipped EH-US-CHG-0037/CON-US-0037 HTTP 409; trying next connector
2026-07-02 01:06:24,243 INFO o.a.j.p.j.s.J.Full charging journey with SSE: [electrahub-jmeter][full][010] http GET /session/api/v1/sessions/active status=200 elapsedMs=1011
2026-07-02 01:06:24,243 INFO o.a.j.p.j.s.J.Full charging journey with SSE: [electrahub-jmeter][full][028] http GET /session/api/v1/sessions/active status=200 elapsedMs=1005
2026-07-02 01:06:24,486 INFO o.a.j.p.j.s.J.Full charging journey with SSE: [electrahub-jmeter][full][029] step=start charging attempt 14
2026-07-02 01:06:24,556 INFO o.a.j.p.j.s.J.Full charging journey with SSE: [electrahub-jmeter][full][029] http POST /session/api/v1/sessions/start status=409 elapsedMs=67
2026-07-02 01:06:24,557 INFO o.a.j.p.j.s.J.Full charging journey with SSE: [electrahub-jmeter][full][029] start skipped EH-US-CHG-0042/CON-US-0042 HTTP 409; trying next connector
2026-07-02 01:06:24,684 INFO o.a.j.p.j.s.J.Full charging journey with SSE: [electrahub-jmeter][full][031] step=start charging attempt 3
2026-07-02 01:06:24,752 INFO o.a.j.p.j.s.J.Full charging journey with SSE: [electrahub-jmeter][full][031] http POST /session/api/v1/sessions/start status=409 elapsedMs=67
2026-07-02 01:06:24,753 INFO o.a.j.p.j.s.J.Full charging journey with SSE: [electrahub-jmeter][full][031] start skipped EH-US-CHG-0033/CON-US-0033 HTTP 409; trying next connector
2026-07-02 01:06:24,806 INFO o.a.j.p.j.s.J.Full charging journey with SSE: [electrahub-jmeter][full][011] step=stop charging session
2026-07-02 01:06:25,171 INFO o.a.j.p.j.s.J.Full charging journey with SSE: [electrahub-jmeter][full][030] step=start charging attempt 9
2026-07-02 01:06:25,236 INFO o.a.j.p.j.s.J.Full charging journey with SSE: [electrahub-jmeter][full][030] http POST /session/api/v1/sessions/start status=409 elapsedMs=65
2026-07-02 01:06:25,237 INFO o.a.j.p.j.s.J.Full charging journey with SSE: [electrahub-jmeter][full][030] start skipped EH-US-CHG-0038/CON-US-0038 HTTP 409; trying next connector
2026-07-02 01:06:25,558 INFO o.a.j.p.j.s.J.Full charging journey with SSE: [electrahub-jmeter][full][029] step=start charging attempt 15
2026-07-02 01:06:25,632 INFO o.a.j.p.j.s.J.Full charging journey with SSE: [electrahub-jmeter][full][029] http POST /session/api/v1/sessions/start status=409 elapsedMs=73
2026-07-02 01:06:25,633 INFO o.a.j.p.j.s.J.Full charging journey with SSE: [electrahub-jmeter][full][029] start skipped EH-US-CHG-0043/CON-US-0043 HTTP 409; trying next connector
2026-07-02 01:06:25,754 INFO o.a.j.p.j.s.J.Full charging journey with SSE: [electrahub-jmeter][full][031] step=start charging attempt 4
2026-07-02 01:06:25,829 INFO o.a.j.p.j.s.J.Full charging journey with SSE: [electrahub-jmeter][full][031] http POST /session/api/v1/sessions/start status=409 elapsedMs=74
2026-07-02 01:06:25,830 INFO o.a.j.p.j.s.J.Full charging journey with SSE: [electrahub-jmeter][full][031] start skipped EH-US-CHG-0034/CON-US-0034 HTTP 409; trying next connector
2026-07-02 01:06:26,238 INFO o.a.j.p.j.s.J.Full charging journey with SSE: [electrahub-jmeter][full][030] step=start charging attempt 10
2026-07-02 01:06:26,304 INFO o.a.j.p.j.s.J.Full charging journey with SSE: [electrahub-jmeter][full][030] http POST /session/api/v1/sessions/start status=409 elapsedMs=65
2026-07-02 01:06:26,305 INFO o.a.j.p.j.s.J.Full charging journey with SSE: [electrahub-jmeter][full][030] start skipped EH-US-CHG-0039/CON-US-0039 HTTP 409; trying next connector
2026-07-02 01:06:26,375 INFO o.a.j.t.JMeterThread: Thread started: 100 driver charging journeys 1-32
2026-07-02 01:06:26,381 INFO o.a.j.p.j.s.J.Full charging journey with SSE: [electrahub-jmeter][full][032] step=register
2026-07-02 01:06:26,602 INFO o.a.j.p.j.s.J.Full charging journey with SSE: [electrahub-jmeter][full][032] http POST /auth/api/auth/register status=200 elapsedMs=220
2026-07-02 01:06:26,603 INFO o.a.j.p.j.s.J.Full charging journey with SSE: [electrahub-jmeter][full][032] registered uid=4070175c-6aa6-4dc3-a61d-dd4688cb4a30
2026-07-02 01:06:26,609 INFO o.a.j.p.j.s.J.Full charging journey with SSE: [electrahub-jmeter][full][032] step=payment state before setup
2026-07-02 01:06:26,633 INFO o.a.j.p.j.s.J.Full charging journey with SSE: [electrahub-jmeter][full][029] step=start charging attempt 16
2026-07-02 01:06:26,667 INFO o.a.j.p.j.s.J.Full charging journey with SSE: [electrahub-jmeter][full][032] http GET /payment/api/v1/payment/state status=451 elapsedMs=57
2026-07-02 01:06:26,668 INFO o.a.j.p.j.s.J.Full charging journey with SSE: [electrahub-jmeter][full][032] step=accept terms
2026-07-02 01:06:26,704 INFO o.a.j.p.j.s.J.Full charging journey with SSE: [electrahub-jmeter][full][029] http POST /session/api/v1/sessions/start status=409 elapsedMs=70
2026-07-02 01:06:26,705 INFO o.a.j.p.j.s.J.Full charging journey with SSE: [electrahub-jmeter][full][029] start skipped EH-US-CHG-0044/CON-US-0044 HTTP 409; trying next connector
2026-07-02 01:06:26,736 INFO o.a.j.p.j.s.J.Full charging journey with SSE: [electrahub-jmeter][full][032] http POST /auth/api/terms/accept status=201 elapsedMs=67
2026-07-02 01:06:26,737 INFO o.a.j.p.j.s.J.Full charging journey with SSE: [electrahub-jmeter][full][032] accepted terms; refreshing token through login
2026-07-02 01:06:26,738 INFO o.a.j.p.j.s.J.Full charging journey with SSE: [electrahub-jmeter][full][032] step=login
2026-07-02 01:06:26,831 INFO o.a.j.p.j.s.J.Full charging journey with SSE: [electrahub-jmeter][full][031] step=start charging attempt 5
2026-07-02 01:06:26,903 INFO o.a.j.p.j.s.J.Full charging journey with SSE: [electrahub-jmeter][full][031] http POST /session/api/v1/sessions/start status=409 elapsedMs=71
2026-07-02 01:06:26,904 INFO o.a.j.p.j.s.J.Full charging journey with SSE: [electrahub-jmeter][full][031] start skipped EH-US-CHG-0035/CON-US-0035 HTTP 409; trying next connector
2026-07-02 01:06:26,906 INFO o.a.j.p.j.s.J.Full charging journey with SSE: [electrahub-jmeter][full][032] http POST /auth/api/auth/login status=200 elapsedMs=167
2026-07-02 01:06:26,907 INFO o.a.j.p.j.s.J.Full charging journey with SSE: [electrahub-jmeter][full][032] logged in uid=4070175c-6aa6-4dc3-a61d-dd4688cb4a30
2026-07-02 01:06:26,907 INFO o.a.j.p.j.s.J.Full charging journey with SSE: [electrahub-jmeter][full][032] step=payment state after terms
2026-07-02 01:06:27,008 INFO o.a.j.p.j.s.J.Full charging journey with SSE: [electrahub-jmeter][full][032] http GET /payment/api/v1/payment/state status=200 elapsedMs=100
2026-07-02 01:06:27,009 INFO o.a.j.p.j.s.J.Full charging journey with SSE: [electrahub-jmeter][full][032] step=add card
2026-07-02 01:06:27,072 INFO o.a.j.p.j.s.J.Full charging journey with SSE: [electrahub-jmeter][full][032] http POST /payment/api/v1/payment/cards status=201 elapsedMs=62
2026-07-02 01:06:27,073 INFO o.a.j.p.j.s.J.Full charging journey with SSE: [electrahub-jmeter][full][032] step=wallet topup
2026-07-02 01:06:27,136 INFO o.a.j.p.j.s.J.Full charging journey with SSE: [electrahub-jmeter][full][032] http POST /payment/api/v1/payment/wallet/topups status=201 elapsedMs=62
2026-07-02 01:06:27,137 INFO o.a.j.p.j.s.J.Full charging journey with SSE: [electrahub-jmeter][full][032] step=payment state after setup
2026-07-02 01:06:27,197 INFO o.a.j.p.j.s.J.Full charging journey with SSE: [electrahub-jmeter][full][032] http GET /payment/api/v1/payment/state status=200 elapsedMs=60
2026-07-02 01:06:27,199 INFO o.a.j.p.j.s.J.Full charging journey with SSE: [electrahub-jmeter][full][032] payment ready wallet=120.00
2026-07-02 01:06:27,199 INFO o.a.j.p.j.s.J.Full charging journey with SSE: [electrahub-jmeter][full][032] step=charger graphql list
2026-07-02 01:06:27,300 INFO o.a.j.p.j.s.J.Full charging journey with SSE: [electrahub-jmeter][full][032] http POST /charger/graphql status=200 elapsedMs=100
2026-07-02 01:06:27,302 INFO o.a.j.p.j.s.J.Full charging journey with SSE: [electrahub-jmeter][full][032] dynamic connector selection found no available connector; using CSV connector
2026-07-02 01:06:27,302 INFO o.a.j.p.j.s.J.Full charging journey with SSE: [electrahub-jmeter][full][032] step=charger graphql view
2026-07-02 01:06:27,306 INFO o.a.j.p.j.s.J.Full charging journey with SSE: [electrahub-jmeter][full][030] step=start charging attempt 11
2026-07-02 01:06:27,373 INFO o.a.j.p.j.s.J.Full charging journey with SSE: [electrahub-jmeter][full][030] http POST /session/api/v1/sessions/start status=409 elapsedMs=66
2026-07-02 01:06:27,374 INFO o.a.j.p.j.s.J.Full charging journey with SSE: [electrahub-jmeter][full][030] start skipped EH-US-CHG-0040/CON-US-0040 HTTP 409; trying next connector
2026-07-02 01:06:27,375 INFO o.a.j.p.j.s.J.Full charging journey with SSE: [electrahub-jmeter][full][032] http POST /charger/graphql status=200 elapsedMs=72
2026-07-02 01:06:27,376 INFO o.a.j.p.j.s.J.Full charging journey with SSE: [electrahub-jmeter][full][032] step=payment state before start
2026-07-02 01:06:27,434 INFO o.a.j.p.j.s.J.Full charging journey with SSE: [electrahub-jmeter][full][032] http GET /payment/api/v1/payment/state status=200 elapsedMs=57
2026-07-02 01:06:27,437 INFO o.a.j.p.j.s.J.Full charging journey with SSE: [electrahub-jmeter][full][032] using connector csv fallback attempts=100 startIndex=32/100
2026-07-02 01:06:27,438 INFO o.a.j.p.j.s.J.Full charging journey with SSE: [electrahub-jmeter][full][032] step=start charging attempt 1
2026-07-02 01:06:27,502 INFO o.a.j.p.j.s.J.Full charging journey with SSE: [electrahub-jmeter][full][032] http POST /session/api/v1/sessions/start status=409 elapsedMs=64
2026-07-02 01:06:27,503 INFO o.a.j.p.j.s.J.Full charging journey with SSE: [electrahub-jmeter][full][032] start skipped EH-US-CHG-0032/CON-US-0032 HTTP 409; trying next connector
2026-07-02 01:06:27,706 INFO o.a.j.p.j.s.J.Full charging journey with SSE: [electrahub-jmeter][full][029] step=start charging attempt 17
2026-07-02 01:06:27,772 INFO o.a.j.p.j.s.J.Full charging journey with SSE: [electrahub-jmeter][full][029] http POST /session/api/v1/sessions/start status=409 elapsedMs=65
2026-07-02 01:06:27,773 INFO o.a.j.p.j.s.J.Full charging journey with SSE: [electrahub-jmeter][full][029] start skipped EH-US-CHG-0045/CON-US-0045 HTTP 409; trying next connector
2026-07-02 01:06:27,904 INFO o.a.j.p.j.s.J.Full charging journey with SSE: [electrahub-jmeter][full][031] step=start charging attempt 6
2026-07-02 01:06:27,979 INFO o.a.j.p.j.s.J.Full charging journey with SSE: [electrahub-jmeter][full][031] http POST /session/api/v1/sessions/start status=409 elapsedMs=74
2026-07-02 01:06:27,980 INFO o.a.j.p.j.s.J.Full charging journey with SSE: [electrahub-jmeter][full][031] start skipped EH-US-CHG-0036/CON-US-0036 HTTP 409; trying next connector
2026-07-02 01:06:28,271 INFO o.a.j.p.j.s.J.Full charging journey with SSE: [electrahub-jmeter][full][011] http POST /session/api/v1/sessions/c5dbd3b6-41b5-487c-81d2-80f13edda436/stop status=204 elapsedMs=3464
2026-07-02 01:06:28,272 INFO o.a.j.p.j.s.J.Full charging journey with SSE: [electrahub-jmeter][full][011] stop requested session=c5dbd3b6-41b5-487c-81d2-80f13edda436
2026-07-02 01:06:28,273 INFO o.a.j.p.j.s.J.Full charging journey with SSE: [electrahub-jmeter][full][011] step=active sessions
2026-07-02 01:06:28,337 INFO o.a.j.p.j.s.J.Full charging journey with SSE: [electrahub-jmeter][full][011] http GET /session/api/v1/sessions/active status=200 elapsedMs=63
2026-07-02 01:06:28,338 INFO o.a.j.p.j.s.J.Full charging journey with SSE: [electrahub-jmeter][full][011] step=receipt
2026-07-02 01:06:28,375 INFO o.a.j.p.j.s.J.Full charging journey with SSE: [electrahub-jmeter][full][030] step=start charging attempt 12
2026-07-02 01:06:28,394 INFO o.a.j.p.j.s.J.Full charging journey with SSE: [electrahub-jmeter][full][011] http GET /session/api/v1/sessions/c5dbd3b6-41b5-487c-81d2-80f13edda436/receipt status=200 elapsedMs=56
2026-07-02 01:06:28,395 INFO o.a.j.p.j.s.J.Full charging journey with SSE: [electrahub-jmeter][full][011] step=session history
2026-07-02 01:06:28,445 INFO o.a.j.p.j.s.J.Full charging journey with SSE: [electrahub-jmeter][full][030] http POST /session/api/v1/sessions/start status=409 elapsedMs=69
2026-07-02 01:06:28,446 INFO o.a.j.p.j.s.J.Full charging journey with SSE: [electrahub-jmeter][full][030] start skipped EH-US-CHG-0041/CON-US-0041 HTTP 409; trying next connector
2026-07-02 01:06:28,450 INFO o.a.j.p.j.s.J.Full charging journey with SSE: [electrahub-jmeter][full][011] http GET /session/api/v1/sessions/history?page=0&size=10 status=200 elapsedMs=54
2026-07-02 01:06:28,451 INFO o.a.j.p.j.s.J.Full charging journey with SSE: [electrahub-jmeter][full][011] step=dashboard stats
2026-07-02 01:06:28,504 INFO o.a.j.p.j.s.J.Full charging journey with SSE: [electrahub-jmeter][full][032] step=start charging attempt 2
2026-07-02 01:06:28,505 INFO o.a.j.p.j.s.J.Full charging journey with SSE: [electrahub-jmeter][full][011] http GET /session/api/v1/sessions/dashboard-stats status=200 elapsedMs=53
2026-07-02 01:06:28,506 INFO o.a.j.p.j.s.J.Full charging journey with SSE: [electrahub-jmeter][full][011] receipt ok session=c5dbd3b6-41b5-487c-81d2-80f13edda436 status=In Progress total=1.8678
2026-07-02 01:06:28,507 INFO o.a.j.t.JMeterThread: Thread is done: 100 driver charging journeys 1-11
2026-07-02 01:06:28,508 INFO o.a.j.t.JMeterThread: Thread finished: 100 driver charging journeys 1-11
2026-07-02 01:06:28,572 INFO o.a.j.p.j.s.J.Full charging journey with SSE: [electrahub-jmeter][full][032] http POST /session/api/v1/sessions/start status=409 elapsedMs=68
2026-07-02 01:06:28,573 INFO o.a.j.p.j.s.J.Full charging journey with SSE: [electrahub-jmeter][full][032] start skipped EH-US-CHG-0033/CON-US-0033 HTTP 409; trying next connector
2026-07-02 01:06:28,774 INFO o.a.j.p.j.s.J.Full charging journey with SSE: [electrahub-jmeter][full][029] step=start charging attempt 18
2026-07-02 01:06:28,981 INFO o.a.j.p.j.s.J.Full charging journey with SSE: [electrahub-jmeter][full][031] step=start charging attempt 7
2026-07-02 01:06:29,047 INFO o.a.j.p.j.s.J.Full charging journey with SSE: [electrahub-jmeter][full][031] http POST /session/api/v1/sessions/start status=409 elapsedMs=65
2026-07-02 01:06:29,048 INFO o.a.j.p.j.s.J.Full charging journey with SSE: [electrahub-jmeter][full][031] start skipped EH-US-CHG-0037/CON-US-0037 HTTP 409; trying next connector
2026-07-02 01:06:29,244 INFO o.a.j.p.j.s.J.Full charging journey with SSE: [electrahub-jmeter][full][010] step=active sessions
2026-07-02 01:06:29,300 INFO o.a.j.p.j.s.J.Full charging journey with SSE: [electrahub-jmeter][full][029] http POST /session/api/v1/sessions/start status=201 elapsedMs=524
2026-07-02 01:06:29,300 INFO o.a.j.p.j.s.J.Full charging journey with SSE: [electrahub-jmeter][full][029] started session=68774f32-79c5-4214-ba33-3e4cfe114e8c charger=EH-US-CHG-0046/CON-US-0046 status=PREPARING remote=Accepted attempt=18/100
2026-07-02 01:06:29,301 INFO o.a.j.p.j.s.J.Full charging journey with SSE: [electrahub-jmeter][full][029] step=active sessions
2026-07-02 01:06:29,307 INFO o.a.j.p.j.s.J.Full charging journey with SSE: [electrahub-jmeter][full][010] http GET /session/api/v1/sessions/active status=200 elapsedMs=62
2026-07-02 01:06:29,308 INFO o.a.j.p.j.s.J.Full charging journey with SSE: [electrahub-jmeter][full][010] step=receipt
2026-07-02 01:06:29,371 INFO o.a.j.p.j.s.J.Full charging journey with SSE: [electrahub-jmeter][full][010] http GET /session/api/v1/sessions/510d8300-6c03-4edc-b4fb-b77c15039bfe/receipt status=200 elapsedMs=62
2026-07-02 01:06:29,372 INFO o.a.j.p.j.s.J.Full charging journey with SSE: [electrahub-jmeter][full][010] step=session history
2026-07-02 01:06:29,428 INFO o.a.j.p.j.s.J.Full charging journey with SSE: [electrahub-jmeter][full][010] http GET /session/api/v1/sessions/history?page=0&size=10 status=200 elapsedMs=56
2026-07-02 01:06:29,429 INFO o.a.j.p.j.s.J.Full charging journey with SSE: [electrahub-jmeter][full][010] step=dashboard stats
2026-07-02 01:06:29,447 INFO o.a.j.p.j.s.J.Full charging journey with SSE: [electrahub-jmeter][full][030] step=start charging attempt 13
2026-07-02 01:06:29,489 INFO o.a.j.p.j.s.J.Full charging journey with SSE: [electrahub-jmeter][full][010] http GET /session/api/v1/sessions/dashboard-stats status=200 elapsedMs=60
2026-07-02 01:06:29,490 INFO o.a.j.p.j.s.J.Full charging journey with SSE: [electrahub-jmeter][full][010] receipt ok session=510d8300-6c03-4edc-b4fb-b77c15039bfe status=Completed total=1.8715
2026-07-02 01:06:29,491 INFO o.a.j.t.JMeterThread: Thread is done: 100 driver charging journeys 1-10
2026-07-02 01:06:29,492 INFO o.a.j.t.JMeterThread: Thread finished: 100 driver charging journeys 1-10
2026-07-02 01:06:29,511 INFO o.a.j.p.j.s.J.Full charging journey with SSE: [electrahub-jmeter][full][030] http POST /session/api/v1/sessions/start status=409 elapsedMs=63
2026-07-02 01:06:29,513 INFO o.a.j.p.j.s.J.Full charging journey with SSE: [electrahub-jmeter][full][030] start skipped EH-US-CHG-0042/CON-US-0042 HTTP 409; trying next connector
2026-07-02 01:06:29,574 INFO o.a.j.p.j.s.J.Full charging journey with SSE: [electrahub-jmeter][full][032] step=start charging attempt 3
2026-07-02 01:06:29,637 INFO o.a.j.p.j.s.J.Full charging journey with SSE: [electrahub-jmeter][full][032] http POST /session/api/v1/sessions/start status=409 elapsedMs=62
2026-07-02 01:06:29,638 INFO o.a.j.p.j.s.J.Full charging journey with SSE: [electrahub-jmeter][full][032] start skipped EH-US-CHG-0034/CON-US-0034 HTTP 409; trying next connector
2026-07-02 01:06:30,049 INFO o.a.j.p.j.s.J.Full charging journey with SSE: [electrahub-jmeter][full][031] step=start charging attempt 8
2026-07-02 01:06:30,117 INFO o.a.j.p.j.s.J.Full charging journey with SSE: [electrahub-jmeter][full][031] http POST /session/api/v1/sessions/start status=409 elapsedMs=67
2026-07-02 01:06:30,118 INFO o.a.j.p.j.s.J.Full charging journey with SSE: [electrahub-jmeter][full][031] start skipped EH-US-CHG-0038/CON-US-0038 HTTP 409; trying next connector
2026-07-02 01:06:30,290 INFO o.a.j.p.j.s.J.Full charging journey with SSE: [electrahub-jmeter][full][029] http GET /session/api/v1/sessions/active status=200 elapsedMs=989
2026-07-02 01:06:30,291 INFO o.a.j.p.j.s.J.Full charging journey with SSE: [electrahub-jmeter][full][019] sse ok connected=1 snapshot=2 updates=25 receipts=0 heartbeats=0
2026-07-02 01:06:30,292 INFO o.a.j.p.j.s.J.Full charging journey with SSE: [electrahub-jmeter][full][019] holding session for 39s before stop
2026-07-02 01:06:30,514 INFO o.a.j.p.j.s.J.Full charging journey with SSE: [electrahub-jmeter][full][030] step=start charging attempt 14
2026-07-02 01:06:30,580 INFO o.a.j.p.j.s.J.Full charging journey with SSE: [electrahub-jmeter][full][030] http POST /session/api/v1/sessions/start status=409 elapsedMs=62
2026-07-02 01:06:30,581 INFO o.a.j.p.j.s.J.Full charging journey with SSE: [electrahub-jmeter][full][030] start skipped EH-US-CHG-0043/CON-US-0043 HTTP 409; trying next connector
2026-07-02 01:06:30,638 INFO o.a.j.p.j.s.J.Full charging journey with SSE: [electrahub-jmeter][full][032] step=start charging attempt 4
2026-07-02 01:06:30,711 INFO o.a.j.p.j.s.J.Full charging journey with SSE: [electrahub-jmeter][full][032] http POST /session/api/v1/sessions/start status=409 elapsedMs=72
2026-07-02 01:06:30,711 INFO o.a.j.p.j.s.J.Full charging journey with SSE: [electrahub-jmeter][full][032] start skipped EH-US-CHG-0035/CON-US-0035 HTTP 409; trying next connector
2026-07-02 01:06:30,865 INFO o.a.j.p.j.s.J.Full charging journey with SSE: [electrahub-jmeter][full][012] step=stop charging session
2026-07-02 01:06:31,119 INFO o.a.j.p.j.s.J.Full charging journey with SSE: [electrahub-jmeter][full][031] step=start charging attempt 9
2026-07-02 01:06:31,182 INFO o.a.j.p.j.s.J.Full charging journey with SSE: [electrahub-jmeter][full][031] http POST /session/api/v1/sessions/start status=409 elapsedMs=62
2026-07-02 01:06:31,183 INFO o.a.j.p.j.s.J.Full charging journey with SSE: [electrahub-jmeter][full][031] start skipped EH-US-CHG-0039/CON-US-0039 HTTP 409; trying next connector
2026-07-02 01:06:31,582 INFO o.a.j.p.j.s.J.Full charging journey with SSE: [electrahub-jmeter][full][030] step=start charging attempt 15
2026-07-02 01:06:31,654 INFO o.a.j.p.j.s.J.Full charging journey with SSE: [electrahub-jmeter][full][030] http POST /session/api/v1/sessions/start status=409 elapsedMs=71
2026-07-02 01:06:31,655 INFO o.a.j.p.j.s.J.Full charging journey with SSE: [electrahub-jmeter][full][030] start skipped EH-US-CHG-0044/CON-US-0044 HTTP 409; trying next connector
2026-07-02 01:06:31,712 INFO o.a.j.p.j.s.J.Full charging journey with SSE: [electrahub-jmeter][full][032] step=start charging attempt 5
2026-07-02 01:06:31,782 INFO o.a.j.p.j.s.J.Full charging journey with SSE: [electrahub-jmeter][full][032] http POST /session/api/v1/sessions/start status=409 elapsedMs=69
2026-07-02 01:06:31,783 INFO o.a.j.p.j.s.J.Full charging journey with SSE: [electrahub-jmeter][full][032] start skipped EH-US-CHG-0036/CON-US-0036 HTTP 409; trying next connector
2026-07-02 01:06:32,184 INFO o.a.j.p.j.s.J.Full charging journey with SSE: [electrahub-jmeter][full][031] step=start charging attempt 10
2026-07-02 01:06:32,252 INFO o.a.j.p.j.s.J.Full charging journey with SSE: [electrahub-jmeter][full][031] http POST /session/api/v1/sessions/start status=409 elapsedMs=67
2026-07-02 01:06:32,253 INFO o.a.j.p.j.s.J.Full charging journey with SSE: [electrahub-jmeter][full][031] start skipped EH-US-CHG-0040/CON-US-0040 HTTP 409; trying next connector
2026-07-02 01:06:32,374 INFO o.a.j.t.JMeterThread: Thread started: 100 driver charging journeys 1-33
2026-07-02 01:06:32,380 INFO o.a.j.p.j.s.J.Full charging journey with SSE: [electrahub-jmeter][full][033] step=register
2026-07-02 01:06:32,587 INFO o.a.j.p.j.s.J.Full charging journey with SSE: [electrahub-jmeter][full][033] http POST /auth/api/auth/register status=200 elapsedMs=206
2026-07-02 01:06:32,588 INFO o.a.j.p.j.s.J.Full charging journey with SSE: [electrahub-jmeter][full][033] registered uid=2f0fe901-0691-4b2e-994d-f90b4a11a82e
2026-07-02 01:06:32,596 INFO o.a.j.p.j.s.J.Full charging journey with SSE: [electrahub-jmeter][full][033] step=payment state before setup
2026-07-02 01:06:32,652 INFO o.a.j.p.j.s.J.Full charging journey with SSE: [electrahub-jmeter][full][033] http GET /payment/api/v1/payment/state status=451 elapsedMs=55
2026-07-02 01:06:32,653 INFO o.a.j.p.j.s.J.Full charging journey with SSE: [electrahub-jmeter][full][033] step=accept terms
2026-07-02 01:06:32,655 INFO o.a.j.p.j.s.J.Full charging journey with SSE: [electrahub-jmeter][full][030] step=start charging attempt 16
2026-07-02 01:06:32,715 INFO o.a.j.p.j.s.J.Full charging journey with SSE: [electrahub-jmeter][full][033] http POST /auth/api/terms/accept status=201 elapsedMs=62
2026-07-02 01:06:32,716 INFO o.a.j.p.j.s.J.Full charging journey with SSE: [electrahub-jmeter][full][033] accepted terms; refreshing token through login
2026-07-02 01:06:32,716 INFO o.a.j.p.j.s.J.Full charging journey with SSE: [electrahub-jmeter][full][033] step=login
2026-07-02 01:06:32,784 INFO o.a.j.p.j.s.J.Full charging journey with SSE: [electrahub-jmeter][full][030] http POST /session/api/v1/sessions/start status=409 elapsedMs=80
2026-07-02 01:06:32,784 INFO o.a.j.p.j.s.J.Full charging journey with SSE: [electrahub-jmeter][full][032] step=start charging attempt 6
2026-07-02 01:06:32,785 INFO o.a.j.p.j.s.J.Full charging journey with SSE: [electrahub-jmeter][full][030] start skipped EH-US-CHG-0045/CON-US-0045 HTTP 409; trying next connector
2026-07-02 01:06:32,855 INFO o.a.j.p.j.s.J.Full charging journey with SSE: [electrahub-jmeter][full][032] http POST /session/api/v1/sessions/start status=409 elapsedMs=69
2026-07-02 01:06:32,856 INFO o.a.j.p.j.s.J.Full charging journey with SSE: [electrahub-jmeter][full][032] start skipped EH-US-CHG-0037/CON-US-0037 HTTP 409; trying next connector
2026-07-02 01:06:32,883 INFO o.a.j.p.j.s.J.Full charging journey with SSE: [electrahub-jmeter][full][033] http POST /auth/api/auth/login status=200 elapsedMs=166
2026-07-02 01:06:32,884 INFO o.a.j.p.j.s.J.Full charging journey with SSE: [electrahub-jmeter][full][033] logged in uid=2f0fe901-0691-4b2e-994d-f90b4a11a82e
2026-07-02 01:06:32,885 INFO o.a.j.p.j.s.J.Full charging journey with SSE: [electrahub-jmeter][full][033] step=payment state after terms
2026-07-02 01:06:32,947 INFO o.a.j.p.j.s.J.Full charging journey with SSE: [electrahub-jmeter][full][033] http GET /payment/api/v1/payment/state status=200 elapsedMs=62
2026-07-02 01:06:32,948 INFO o.a.j.p.j.s.J.Full charging journey with SSE: [electrahub-jmeter][full][033] step=add card
2026-07-02 01:06:33,002 INFO o.a.j.p.j.s.J.Full charging journey with SSE: [electrahub-jmeter][full][033] http POST /payment/api/v1/payment/cards status=201 elapsedMs=54
2026-07-02 01:06:33,003 INFO o.a.j.p.j.s.J.Full charging journey with SSE: [electrahub-jmeter][full][033] step=wallet topup
2026-07-02 01:06:33,065 INFO o.a.j.p.j.s.J.Full charging journey with SSE: [electrahub-jmeter][full][033] http POST /payment/api/v1/payment/wallet/topups status=201 elapsedMs=62
2026-07-02 01:06:33,067 INFO o.a.j.p.j.s.J.Full charging journey with SSE: [electrahub-jmeter][full][033] step=payment state after setup
2026-07-02 01:06:33,129 INFO o.a.j.p.j.s.J.Full charging journey with SSE: [electrahub-jmeter][full][033] http GET /payment/api/v1/payment/state status=200 elapsedMs=61
2026-07-02 01:06:33,129 INFO o.a.j.p.j.s.J.Full charging journey with SSE: [electrahub-jmeter][full][033] payment ready wallet=120.00
2026-07-02 01:06:33,130 INFO o.a.j.p.j.s.J.Full charging journey with SSE: [electrahub-jmeter][full][033] step=charger graphql list
2026-07-02 01:06:33,225 INFO o.a.j.p.j.s.J.Full charging journey with SSE: [electrahub-jmeter][full][033] http POST /charger/graphql status=200 elapsedMs=94
2026-07-02 01:06:33,226 INFO o.a.j.p.j.s.J.Full charging journey with SSE: [electrahub-jmeter][full][033] dynamic connector selection found no available connector; using CSV connector
2026-07-02 01:06:33,227 INFO o.a.j.p.j.s.J.Full charging journey with SSE: [electrahub-jmeter][full][033] step=charger graphql view
2026-07-02 01:06:33,254 INFO o.a.j.p.j.s.J.Full charging journey with SSE: [electrahub-jmeter][full][031] step=start charging attempt 11
2026-07-02 01:06:33,303 INFO o.a.j.p.j.s.J.Full charging journey with SSE: [electrahub-jmeter][full][033] http POST /charger/graphql status=200 elapsedMs=75
2026-07-02 01:06:33,303 INFO o.a.j.p.j.s.J.Full charging journey with SSE: [electrahub-jmeter][full][033] step=payment state before start
2026-07-02 01:06:33,329 INFO o.a.j.p.j.s.J.Full charging journey with SSE: [electrahub-jmeter][full][031] http POST /session/api/v1/sessions/start status=409 elapsedMs=74
2026-07-02 01:06:33,330 INFO o.a.j.p.j.s.J.Full charging journey with SSE: [electrahub-jmeter][full][031] start skipped EH-US-CHG-0041/CON-US-0041 HTTP 409; trying next connector
2026-07-02 01:06:33,362 INFO o.a.j.p.j.s.J.Full charging journey with SSE: [electrahub-jmeter][full][033] http GET /payment/api/v1/payment/state status=200 elapsedMs=58
2026-07-02 01:06:33,365 INFO o.a.j.p.j.s.J.Full charging journey with SSE: [electrahub-jmeter][full][033] using connector csv fallback attempts=100 startIndex=33/100
2026-07-02 01:06:33,366 INFO o.a.j.p.j.s.J.Full charging journey with SSE: [electrahub-jmeter][full][033] step=start charging attempt 1
2026-07-02 01:06:33,430 INFO o.a.j.p.j.s.J.Full charging journey with SSE: [electrahub-jmeter][full][033] http POST /session/api/v1/sessions/start status=409 elapsedMs=64
2026-07-02 01:06:33,431 INFO o.a.j.p.j.s.J.Full charging journey with SSE: [electrahub-jmeter][full][033] start skipped EH-US-CHG-0033/CON-US-0033 HTTP 409; trying next connector
2026-07-02 01:06:33,786 INFO o.a.j.p.j.s.J.Full charging journey with SSE: [electrahub-jmeter][full][030] step=start charging attempt 17
2026-07-02 01:06:33,857 INFO o.a.j.p.j.s.J.Full charging journey with SSE: [electrahub-jmeter][full][032] step=start charging attempt 7
2026-07-02 01:06:33,866 INFO o.a.j.p.j.s.J.Full charging journey with SSE: [electrahub-jmeter][full][030] http POST /session/api/v1/sessions/start status=409 elapsedMs=79
2026-07-02 01:06:33,867 INFO o.a.j.p.j.s.J.Full charging journey with SSE: [electrahub-jmeter][full][030] start skipped EH-US-CHG-0046/CON-US-0046 HTTP 409; trying next connector
2026-07-02 01:06:33,937 INFO o.a.j.p.j.s.J.Full charging journey with SSE: [electrahub-jmeter][full][032] http POST /session/api/v1/sessions/start status=409 elapsedMs=79
2026-07-02 01:06:33,938 INFO o.a.j.p.j.s.J.Full charging journey with SSE: [electrahub-jmeter][full][032] start skipped EH-US-CHG-0038/CON-US-0038 HTTP 409; trying next connector
2026-07-02 01:06:34,331 INFO o.a.j.p.j.s.J.Full charging journey with SSE: [electrahub-jmeter][full][031] step=start charging attempt 12
2026-07-02 01:06:34,338 INFO o.a.j.p.j.s.J.Full charging journey with SSE: [electrahub-jmeter][full][012] http POST /session/api/v1/sessions/253731ee-51e0-4c77-9efb-72d275d70213/stop status=204 elapsedMs=3471
2026-07-02 01:06:34,338 INFO o.a.j.p.j.s.J.Full charging journey with SSE: [electrahub-jmeter][full][012] stop requested session=253731ee-51e0-4c77-9efb-72d275d70213
2026-07-02 01:06:34,339 INFO o.a.j.p.j.s.J.Full charging journey with SSE: [electrahub-jmeter][full][012] step=active sessions
2026-07-02 01:06:34,396 INFO o.a.j.p.j.s.J.Full charging journey with SSE: [electrahub-jmeter][full][031] http POST /session/api/v1/sessions/start status=409 elapsedMs=64
2026-07-02 01:06:34,397 INFO o.a.j.p.j.s.J.Full charging journey with SSE: [electrahub-jmeter][full][031] start skipped EH-US-CHG-0042/CON-US-0042 HTTP 409; trying next connector
2026-07-02 01:06:34,414 INFO o.a.j.p.j.s.J.Full charging journey with SSE: [electrahub-jmeter][full][012] http GET /session/api/v1/sessions/active status=200 elapsedMs=74
2026-07-02 01:06:34,415 INFO o.a.j.p.j.s.J.Full charging journey with SSE: [electrahub-jmeter][full][012] step=receipt
2026-07-02 01:06:34,432 INFO o.a.j.p.j.s.J.Full charging journey with SSE: [electrahub-jmeter][full][033] step=start charging attempt 2
2026-07-02 01:06:34,483 INFO o.a.j.p.j.s.J.Full charging journey with SSE: [electrahub-jmeter][full][012] http GET /session/api/v1/sessions/253731ee-51e0-4c77-9efb-72d275d70213/receipt status=200 elapsedMs=67
2026-07-02 01:06:34,484 INFO o.a.j.p.j.s.J.Full charging journey with SSE: [electrahub-jmeter][full][012] step=session history
2026-07-02 01:06:34,494 INFO o.a.j.p.j.s.J.Full charging journey with SSE: [electrahub-jmeter][full][033] http POST /session/api/v1/sessions/start status=409 elapsedMs=61
2026-07-02 01:06:34,495 INFO o.a.j.p.j.s.J.Full charging journey with SSE: [electrahub-jmeter][full][033] start skipped EH-US-CHG-0034/CON-US-0034 HTTP 409; trying next connector
2026-07-02 01:06:34,541 INFO o.a.j.p.j.s.J.Full charging journey with SSE: [electrahub-jmeter][full][012] http GET /session/api/v1/sessions/history?page=0&size=10 status=200 elapsedMs=56
2026-07-02 01:06:34,541 INFO o.a.j.p.j.s.J.Full charging journey with SSE: [electrahub-jmeter][full][012] step=dashboard stats
2026-07-02 01:06:34,599 INFO o.a.j.p.j.s.J.Full charging journey with SSE: [electrahub-jmeter][full][012] http GET /session/api/v1/sessions/dashboard-stats status=200 elapsedMs=57
2026-07-02 01:06:34,600 INFO o.a.j.p.j.s.J.Full charging journey with SSE: [electrahub-jmeter][full][012] receipt ok session=253731ee-51e0-4c77-9efb-72d275d70213 status=In Progress total=1.8678
2026-07-02 01:06:34,603 INFO o.a.j.r.Summariser: summary +      6 in 00:00:30 =    0.2/s Avg: 123816 Min: 120904 Max: 126498 Err:     0 (0.00%) Active: 22 Started: 33 Finished: 11
2026-07-02 01:06:34,604 INFO o.a.j.r.Summariser: summary =     12 in 00:03:14 =    0.1/s Avg: 124724 Min: 120904 Max: 127055 Err:     0 (0.00%)
2026-07-02 01:06:34,605 INFO o.a.j.t.JMeterThread: Thread is done: 100 driver charging journeys 1-12
2026-07-02 01:06:34,605 INFO o.a.j.t.JMeterThread: Thread finished: 100 driver charging journeys 1-12
2026-07-02 01:06:34,868 INFO o.a.j.p.j.s.J.Full charging journey with SSE: [electrahub-jmeter][full][030] step=start charging attempt 18
2026-07-02 01:06:34,939 INFO o.a.j.p.j.s.J.Full charging journey with SSE: [electrahub-jmeter][full][032] step=start charging attempt 8
2026-07-02 01:06:35,013 INFO o.a.j.p.j.s.J.Full charging journey with SSE: [electrahub-jmeter][full][032] http POST /session/api/v1/sessions/start status=409 elapsedMs=72
2026-07-02 01:06:35,013 INFO o.a.j.p.j.s.J.Full charging journey with SSE: [electrahub-jmeter][full][032] start skipped EH-US-CHG-0039/CON-US-0039 HTTP 409; trying next connector
2026-07-02 01:06:35,346 INFO o.a.j.p.j.s.J.Full charging journey with SSE: [electrahub-jmeter][full][030] http POST /session/api/v1/sessions/start status=201 elapsedMs=477
2026-07-02 01:06:35,347 INFO o.a.j.p.j.s.J.Full charging journey with SSE: [electrahub-jmeter][full][030] started session=7ab3415f-3ff0-4ee3-a34e-1581fd689b10 charger=EH-US-CHG-0047/CON-US-0047 status=PREPARING remote=Accepted attempt=18/100
2026-07-02 01:06:35,348 INFO o.a.j.p.j.s.J.Full charging journey with SSE: [electrahub-jmeter][full][030] step=active sessions
2026-07-02 01:06:35,398 INFO o.a.j.p.j.s.J.Full charging journey with SSE: [electrahub-jmeter][full][031] step=start charging attempt 13
2026-07-02 01:06:35,468 INFO o.a.j.p.j.s.J.Full charging journey with SSE: [electrahub-jmeter][full][031] http POST /session/api/v1/sessions/start status=409 elapsedMs=69
2026-07-02 01:06:35,469 INFO o.a.j.p.j.s.J.Full charging journey with SSE: [electrahub-jmeter][full][031] start skipped EH-US-CHG-0043/CON-US-0043 HTTP 409; trying next connector
2026-07-02 01:06:35,496 INFO o.a.j.p.j.s.J.Full charging journey with SSE: [electrahub-jmeter][full][033] step=start charging attempt 3
2026-07-02 01:06:35,563 INFO o.a.j.p.j.s.J.Full charging journey with SSE: [electrahub-jmeter][full][033] http POST /session/api/v1/sessions/start status=409 elapsedMs=67
2026-07-02 01:06:35,564 INFO o.a.j.p.j.s.J.Full charging journey with SSE: [electrahub-jmeter][full][033] start skipped EH-US-CHG-0035/CON-US-0035 HTTP 409; trying next connector
2026-07-02 01:06:36,014 INFO o.a.j.p.j.s.J.Full charging journey with SSE: [electrahub-jmeter][full][032] step=start charging attempt 9
2026-07-02 01:06:36,085 INFO o.a.j.p.j.s.J.Full charging journey with SSE: [electrahub-jmeter][full][032] http POST /session/api/v1/sessions/start status=409 elapsedMs=70
2026-07-02 01:06:36,086 INFO o.a.j.p.j.s.J.Full charging journey with SSE: [electrahub-jmeter][full][032] start skipped EH-US-CHG-0040/CON-US-0040 HTTP 409; trying next connector
2026-07-02 01:06:36,350 INFO o.a.j.p.j.s.J.Full charging journey with SSE: [electrahub-jmeter][full][030] http GET /session/api/v1/sessions/active status=200 elapsedMs=1002
2026-07-02 01:06:36,350 INFO o.a.j.p.j.s.J.Full charging journey with SSE: [electrahub-jmeter][full][020] sse ok connected=1 snapshot=2 updates=25 receipts=0 heartbeats=0
2026-07-02 01:06:36,351 INFO o.a.j.p.j.s.J.Full charging journey with SSE: [electrahub-jmeter][full][020] holding session for 39s before stop
2026-07-02 01:06:36,469 INFO o.a.j.p.j.s.J.Full charging journey with SSE: [electrahub-jmeter][full][031] step=start charging attempt 14
2026-07-02 01:06:36,534 INFO o.a.j.p.j.s.J.Full charging journey with SSE: [electrahub-jmeter][full][031] http POST /session/api/v1/sessions/start status=409 elapsedMs=64
2026-07-02 01:06:36,535 INFO o.a.j.p.j.s.J.Full charging journey with SSE: [electrahub-jmeter][full][031] start skipped EH-US-CHG-0044/CON-US-0044 HTTP 409; trying next connector
2026-07-02 01:06:36,565 INFO o.a.j.p.j.s.J.Full charging journey with SSE: [electrahub-jmeter][full][033] step=start charging attempt 4
2026-07-02 01:06:36,643 INFO o.a.j.p.j.s.J.Full charging journey with SSE: [electrahub-jmeter][full][033] http POST /session/api/v1/sessions/start status=409 elapsedMs=77
2026-07-02 01:06:36,643 INFO o.a.j.p.j.s.J.Full charging journey with SSE: [electrahub-jmeter][full][033] start skipped EH-US-CHG-0036/CON-US-0036 HTTP 409; trying next connector
2026-07-02 01:06:36,920 INFO o.a.j.p.j.s.J.Full charging journey with SSE: [electrahub-jmeter][full][013] step=stop charging session
2026-07-02 01:06:37,088 INFO o.a.j.p.j.s.J.Full charging journey with SSE: [electrahub-jmeter][full][032] step=start charging attempt 10
2026-07-02 01:06:37,158 INFO o.a.j.p.j.s.J.Full charging journey with SSE: [electrahub-jmeter][full][032] http POST /session/api/v1/sessions/start status=409 elapsedMs=69
2026-07-02 01:06:37,159 INFO o.a.j.p.j.s.J.Full charging journey with SSE: [electrahub-jmeter][full][032] start skipped EH-US-CHG-0041/CON-US-0041 HTTP 409; trying next connector
2026-07-02 01:06:37,535 INFO o.a.j.p.j.s.J.Full charging journey with SSE: [electrahub-jmeter][full][031] step=start charging attempt 15
2026-07-02 01:06:37,603 INFO o.a.j.p.j.s.J.Full charging journey with SSE: [electrahub-jmeter][full][031] http POST /session/api/v1/sessions/start status=409 elapsedMs=67
2026-07-02 01:06:37,604 INFO o.a.j.p.j.s.J.Full charging journey with SSE: [electrahub-jmeter][full][031] start skipped EH-US-CHG-0045/CON-US-0045 HTTP 409; trying next connector
2026-07-02 01:06:37,644 INFO o.a.j.p.j.s.J.Full charging journey with SSE: [electrahub-jmeter][full][033] step=start charging attempt 5
2026-07-02 01:06:37,706 INFO o.a.j.p.j.s.J.Full charging journey with SSE: [electrahub-jmeter][full][033] http POST /session/api/v1/sessions/start status=409 elapsedMs=61
2026-07-02 01:06:37,707 INFO o.a.j.p.j.s.J.Full charging journey with SSE: [electrahub-jmeter][full][033] start skipped EH-US-CHG-0037/CON-US-0037 HTTP 409; trying next connector
2026-07-02 01:06:38,160 INFO o.a.j.p.j.s.J.Full charging journey with SSE: [electrahub-jmeter][full][032] step=start charging attempt 11
2026-07-02 01:06:38,222 INFO o.a.j.p.j.s.J.Full charging journey with SSE: [electrahub-jmeter][full][032] http POST /session/api/v1/sessions/start status=409 elapsedMs=61
2026-07-02 01:06:38,223 INFO o.a.j.p.j.s.J.Full charging journey with SSE: [electrahub-jmeter][full][032] start skipped EH-US-CHG-0042/CON-US-0042 HTTP 409; trying next connector
2026-07-02 01:06:38,375 INFO o.a.j.t.JMeterThread: Thread started: 100 driver charging journeys 1-34
2026-07-02 01:06:38,380 INFO o.a.j.p.j.s.J.Full charging journey with SSE: [electrahub-jmeter][full][034] step=register
2026-07-02 01:06:38,600 INFO o.a.j.p.j.s.J.Full charging journey with SSE: [electrahub-jmeter][full][034] http POST /auth/api/auth/register status=200 elapsedMs=219
2026-07-02 01:06:38,601 INFO o.a.j.p.j.s.J.Full charging journey with SSE: [electrahub-jmeter][full][034] registered uid=cfbf590a-b0e0-482a-85b0-0db26f15a2b5
2026-07-02 01:06:38,605 INFO o.a.j.p.j.s.J.Full charging journey with SSE: [electrahub-jmeter][full][031] step=start charging attempt 16
2026-07-02 01:06:38,611 INFO o.a.j.p.j.s.J.Full charging journey with SSE: [electrahub-jmeter][full][034] step=payment state before setup
2026-07-02 01:06:38,679 INFO o.a.j.p.j.s.J.Full charging journey with SSE: [electrahub-jmeter][full][031] http POST /session/api/v1/sessions/start status=409 elapsedMs=73
2026-07-02 01:06:38,680 INFO o.a.j.p.j.s.J.Full charging journey with SSE: [electrahub-jmeter][full][031] start skipped EH-US-CHG-0046/CON-US-0046 HTTP 409; trying next connector
2026-07-02 01:06:38,707 INFO o.a.j.p.j.s.J.Full charging journey with SSE: [electrahub-jmeter][full][033] step=start charging attempt 6
2026-07-02 01:06:38,727 INFO o.a.j.p.j.s.J.Full charging journey with SSE: [electrahub-jmeter][full][034] http GET /payment/api/v1/payment/state status=451 elapsedMs=116
2026-07-02 01:06:38,728 INFO o.a.j.p.j.s.J.Full charging journey with SSE: [electrahub-jmeter][full][034] step=accept terms
2026-07-02 01:06:38,774 INFO o.a.j.p.j.s.J.Full charging journey with SSE: [electrahub-jmeter][full][033] http POST /session/api/v1/sessions/start status=409 elapsedMs=66
2026-07-02 01:06:38,774 INFO o.a.j.p.j.s.J.Full charging journey with SSE: [electrahub-jmeter][full][033] start skipped EH-US-CHG-0038/CON-US-0038 HTTP 409; trying next connector
2026-07-02 01:06:38,783 INFO o.a.j.p.j.s.J.Full charging journey with SSE: [electrahub-jmeter][full][034] http POST /auth/api/terms/accept status=201 elapsedMs=55
2026-07-02 01:06:38,784 INFO o.a.j.p.j.s.J.Full charging journey with SSE: [electrahub-jmeter][full][034] accepted terms; refreshing token through login
2026-07-02 01:06:38,785 INFO o.a.j.p.j.s.J.Full charging journey with SSE: [electrahub-jmeter][full][034] step=login
2026-07-02 01:06:38,978 INFO o.a.j.p.j.s.J.Full charging journey with SSE: [electrahub-jmeter][full][034] http POST /auth/api/auth/login status=200 elapsedMs=193
2026-07-02 01:06:38,979 INFO o.a.j.p.j.s.J.Full charging journey with SSE: [electrahub-jmeter][full][034] logged in uid=cfbf590a-b0e0-482a-85b0-0db26f15a2b5
2026-07-02 01:06:38,980 INFO o.a.j.p.j.s.J.Full charging journey with SSE: [electrahub-jmeter][full][034] step=payment state after terms
2026-07-02 01:06:39,042 INFO o.a.j.p.j.s.J.Full charging journey with SSE: [electrahub-jmeter][full][034] http GET /payment/api/v1/payment/state status=200 elapsedMs=62
2026-07-02 01:06:39,043 INFO o.a.j.p.j.s.J.Full charging journey with SSE: [electrahub-jmeter][full][034] step=add card
2026-07-02 01:06:39,102 INFO o.a.j.p.j.s.J.Full charging journey with SSE: [electrahub-jmeter][full][034] http POST /payment/api/v1/payment/cards status=201 elapsedMs=58
2026-07-02 01:06:39,103 INFO o.a.j.p.j.s.J.Full charging journey with SSE: [electrahub-jmeter][full][034] step=wallet topup
2026-07-02 01:06:39,164 INFO o.a.j.p.j.s.J.Full charging journey with SSE: [electrahub-jmeter][full][034] http POST /payment/api/v1/payment/wallet/topups status=201 elapsedMs=61
2026-07-02 01:06:39,165 INFO o.a.j.p.j.s.J.Full charging journey with SSE: [electrahub-jmeter][full][034] step=payment state after setup
2026-07-02 01:06:39,221 INFO o.a.j.p.j.s.J.Full charging journey with SSE: [electrahub-jmeter][full][034] http GET /payment/api/v1/payment/state status=200 elapsedMs=56
2026-07-02 01:06:39,222 INFO o.a.j.p.j.s.J.Full charging journey with SSE: [electrahub-jmeter][full][034] payment ready wallet=120.00
2026-07-02 01:06:39,222 INFO o.a.j.p.j.s.J.Full charging journey with SSE: [electrahub-jmeter][full][034] step=charger graphql list
2026-07-02 01:06:39,224 INFO o.a.j.p.j.s.J.Full charging journey with SSE: [electrahub-jmeter][full][032] step=start charging attempt 12
2026-07-02 01:06:39,294 INFO o.a.j.p.j.s.J.Full charging journey with SSE: [electrahub-jmeter][full][032] http POST /session/api/v1/sessions/start status=409 elapsedMs=69
2026-07-02 01:06:39,295 INFO o.a.j.p.j.s.J.Full charging journey with SSE: [electrahub-jmeter][full][032] start skipped EH-US-CHG-0043/CON-US-0043 HTTP 409; trying next connector
2026-07-02 01:06:39,312 INFO o.a.j.p.j.s.J.Full charging journey with SSE: [electrahub-jmeter][full][034] http POST /charger/graphql status=200 elapsedMs=89
2026-07-02 01:06:39,313 INFO o.a.j.p.j.s.J.Full charging journey with SSE: [electrahub-jmeter][full][034] dynamic connector selection found no available connector; using CSV connector
2026-07-02 01:06:39,314 INFO o.a.j.p.j.s.J.Full charging journey with SSE: [electrahub-jmeter][full][034] step=charger graphql view
2026-07-02 01:06:39,393 INFO o.a.j.p.j.s.J.Full charging journey with SSE: [electrahub-jmeter][full][034] http POST /charger/graphql status=200 elapsedMs=79
2026-07-02 01:06:39,394 INFO o.a.j.p.j.s.J.Full charging journey with SSE: [electrahub-jmeter][full][034] step=payment state before start
2026-07-02 01:06:39,453 INFO o.a.j.p.j.s.J.Full charging journey with SSE: [electrahub-jmeter][full][034] http GET /payment/api/v1/payment/state status=200 elapsedMs=58
2026-07-02 01:06:39,456 INFO o.a.j.p.j.s.J.Full charging journey with SSE: [electrahub-jmeter][full][034] using connector csv fallback attempts=100 startIndex=34/100
2026-07-02 01:06:39,457 INFO o.a.j.p.j.s.J.Full charging journey with SSE: [electrahub-jmeter][full][034] step=start charging attempt 1
2026-07-02 01:06:39,586 INFO o.a.j.p.j.s.J.Full charging journey with SSE: [electrahub-jmeter][full][034] http POST /session/api/v1/sessions/start status=409 elapsedMs=128
2026-07-02 01:06:39,587 INFO o.a.j.p.j.s.J.Full charging journey with SSE: [electrahub-jmeter][full][034] start skipped EH-US-CHG-0034/CON-US-0034 HTTP 409; trying next connector
2026-07-02 01:06:39,681 INFO o.a.j.p.j.s.J.Full charging journey with SSE: [electrahub-jmeter][full][031] step=start charging attempt 17
2026-07-02 01:06:39,753 INFO o.a.j.p.j.s.J.Full charging journey with SSE: [electrahub-jmeter][full][031] http POST /session/api/v1/sessions/start status=409 elapsedMs=71
2026-07-02 01:06:39,754 INFO o.a.j.p.j.s.J.Full charging journey with SSE: [electrahub-jmeter][full][031] start skipped EH-US-CHG-0047/CON-US-0047 HTTP 409; trying next connector
2026-07-02 01:06:39,775 INFO o.a.j.p.j.s.J.Full charging journey with SSE: [electrahub-jmeter][full][033] step=start charging attempt 7
2026-07-02 01:06:39,838 INFO o.a.j.p.j.s.J.Full charging journey with SSE: [electrahub-jmeter][full][033] http POST /session/api/v1/sessions/start status=409 elapsedMs=62
2026-07-02 01:06:39,839 INFO o.a.j.p.j.s.J.Full charging journey with SSE: [electrahub-jmeter][full][033] start skipped EH-US-CHG-0039/CON-US-0039 HTTP 409; trying next connector
2026-07-02 01:06:39,965 INFO o.a.j.p.j.s.J.Full charging journey with SSE: [electrahub-jmeter][full][014] step=stop charging session
2026-07-02 01:06:40,296 INFO o.a.j.p.j.s.J.Full charging journey with SSE: [electrahub-jmeter][full][032] step=start charging attempt 13
2026-07-02 01:06:40,370 INFO o.a.j.p.j.s.J.Full charging journey with SSE: [electrahub-jmeter][full][032] http POST /session/api/v1/sessions/start status=409 elapsedMs=73
2026-07-02 01:06:40,371 INFO o.a.j.p.j.s.J.Full charging journey with SSE: [electrahub-jmeter][full][032] start skipped EH-US-CHG-0044/CON-US-0044 HTTP 409; trying next connector
2026-07-02 01:06:40,394 INFO o.a.j.p.j.s.J.Full charging journey with SSE: [electrahub-jmeter][full][013] http POST /session/api/v1/sessions/ddb64624-5d74-4325-9dcc-9758c78c919a/stop status=204 elapsedMs=3473
2026-07-02 01:06:40,395 INFO o.a.j.p.j.s.J.Full charging journey with SSE: [electrahub-jmeter][full][013] stop requested session=ddb64624-5d74-4325-9dcc-9758c78c919a
2026-07-02 01:06:40,395 INFO o.a.j.p.j.s.J.Full charging journey with SSE: [electrahub-jmeter][full][021] sse ok connected=1 snapshot=2 updates=23 receipts=0 heartbeats=0
2026-07-02 01:06:40,396 INFO o.a.j.p.j.s.J.Full charging journey with SSE: [electrahub-jmeter][full][021] holding session for 40s before stop
2026-07-02 01:06:40,396 INFO o.a.j.p.j.s.J.Full charging journey with SSE: [electrahub-jmeter][full][013] step=active sessions
2026-07-02 01:06:40,588 INFO o.a.j.p.j.s.J.Full charging journey with SSE: [electrahub-jmeter][full][034] step=start charging attempt 2
2026-07-02 01:06:40,667 INFO o.a.j.p.j.s.J.Full charging journey with SSE: [electrahub-jmeter][full][034] http POST /session/api/v1/sessions/start status=409 elapsedMs=78
2026-07-02 01:06:40,667 INFO o.a.j.p.j.s.J.Full charging journey with SSE: [electrahub-jmeter][full][034] start skipped EH-US-CHG-0035/CON-US-0035 HTTP 409; trying next connector
2026-07-02 01:06:40,755 INFO o.a.j.p.j.s.J.Full charging journey with SSE: [electrahub-jmeter][full][031] step=start charging attempt 18
2026-07-02 01:06:40,840 INFO o.a.j.p.j.s.J.Full charging journey with SSE: [electrahub-jmeter][full][033] step=start charging attempt 8
2026-07-02 01:06:40,950 INFO o.a.j.p.j.s.J.Full charging journey with SSE: [electrahub-jmeter][full][033] http POST /session/api/v1/sessions/start status=409 elapsedMs=74
2026-07-02 01:06:40,951 INFO o.a.j.p.j.s.J.Full charging journey with SSE: [electrahub-jmeter][full][033] start skipped EH-US-CHG-0040/CON-US-0040 HTTP 409; trying next connector
2026-07-02 01:06:41,372 INFO o.a.j.p.j.s.J.Full charging journey with SSE: [electrahub-jmeter][full][032] step=start charging attempt 14
2026-07-02 01:06:41,387 INFO o.a.j.p.j.s.J.Full charging journey with SSE: [electrahub-jmeter][full][013] http GET /session/api/v1/sessions/active status=200 elapsedMs=990
2026-07-02 01:06:41,393 INFO o.a.j.p.j.s.J.Full charging journey with SSE: [electrahub-jmeter][full][031] http POST /session/api/v1/sessions/start status=201 elapsedMs=637
2026-07-02 01:06:41,394 INFO o.a.j.p.j.s.J.Full charging journey with SSE: [electrahub-jmeter][full][031] started session=0bba68f0-932e-4cc8-8ef2-5b51f090bccf charger=EH-US-CHG-0048/CON-US-0048 status=PREPARING remote=Accepted attempt=18/100
2026-07-02 01:06:41,395 INFO o.a.j.p.j.s.J.Full charging journey with SSE: [electrahub-jmeter][full][031] step=active sessions
2026-07-02 01:06:41,484 INFO o.a.j.p.j.s.J.Full charging journey with SSE: [electrahub-jmeter][full][032] http POST /session/api/v1/sessions/start status=409 elapsedMs=111
2026-07-02 01:06:41,485 INFO o.a.j.p.j.s.J.Full charging journey with SSE: [electrahub-jmeter][full][032] start skipped EH-US-CHG-0045/CON-US-0045 HTTP 409; trying next connector
2026-07-02 01:06:41,668 INFO o.a.j.p.j.s.J.Full charging journey with SSE: [electrahub-jmeter][full][034] step=start charging attempt 3
2026-07-02 01:06:41,741 INFO o.a.j.p.j.s.J.Full charging journey with SSE: [electrahub-jmeter][full][034] http POST /session/api/v1/sessions/start status=409 elapsedMs=71
2026-07-02 01:06:41,742 INFO o.a.j.p.j.s.J.Full charging journey with SSE: [electrahub-jmeter][full][034] start skipped EH-US-CHG-0036/CON-US-0036 HTTP 409; trying next connector
2026-07-02 01:06:41,952 INFO o.a.j.p.j.s.J.Full charging journey with SSE: [electrahub-jmeter][full][033] step=start charging attempt 9
2026-07-02 01:06:42,029 INFO o.a.j.p.j.s.J.Full charging journey with SSE: [electrahub-jmeter][full][033] http POST /session/api/v1/sessions/start status=409 elapsedMs=76
2026-07-02 01:06:42,030 INFO o.a.j.p.j.s.J.Full charging journey with SSE: [electrahub-jmeter][full][033] start skipped EH-US-CHG-0041/CON-US-0041 HTTP 409; trying next connector
2026-07-02 01:06:42,402 INFO o.a.j.p.j.s.J.Full charging journey with SSE: [electrahub-jmeter][full][031] http GET /session/api/v1/sessions/active status=200 elapsedMs=1006
2026-07-02 01:06:42,486 INFO o.a.j.p.j.s.J.Full charging journey with SSE: [electrahub-jmeter][full][032] step=start charging attempt 15
2026-07-02 01:06:42,551 INFO o.a.j.p.j.s.J.Full charging journey with SSE: [electrahub-jmeter][full][032] http POST /session/api/v1/sessions/start status=409 elapsedMs=64
2026-07-02 01:06:42,552 INFO o.a.j.p.j.s.J.Full charging journey with SSE: [electrahub-jmeter][full][032] start skipped EH-US-CHG-0046/CON-US-0046 HTTP 409; trying next connector
2026-07-02 01:06:42,742 INFO o.a.j.p.j.s.J.Full charging journey with SSE: [electrahub-jmeter][full][034] step=start charging attempt 4
2026-07-02 01:06:42,813 INFO o.a.j.p.j.s.J.Full charging journey with SSE: [electrahub-jmeter][full][034] http POST /session/api/v1/sessions/start status=409 elapsedMs=69
2026-07-02 01:06:42,814 INFO o.a.j.p.j.s.J.Full charging journey with SSE: [electrahub-jmeter][full][034] start skipped EH-US-CHG-0037/CON-US-0037 HTTP 409; trying next connector
2026-07-02 01:06:43,031 INFO o.a.j.p.j.s.J.Full charging journey with SSE: [electrahub-jmeter][full][033] step=start charging attempt 10
2026-07-02 01:06:43,114 INFO o.a.j.p.j.s.J.Full charging journey with SSE: [electrahub-jmeter][full][033] http POST /session/api/v1/sessions/start status=409 elapsedMs=82
2026-07-02 01:06:43,115 INFO o.a.j.p.j.s.J.Full charging journey with SSE: [electrahub-jmeter][full][033] start skipped EH-US-CHG-0042/CON-US-0042 HTTP 409; trying next connector
2026-07-02 01:06:43,408 INFO o.a.j.p.j.s.J.Full charging journey with SSE: [electrahub-jmeter][full][014] http POST /session/api/v1/sessions/3fec91fe-152a-4332-952c-5b2ab0e0168d/stop status=204 elapsedMs=3442
2026-07-02 01:06:43,409 INFO o.a.j.p.j.s.J.Full charging journey with SSE: [electrahub-jmeter][full][014] stop requested session=3fec91fe-152a-4332-952c-5b2ab0e0168d
2026-07-02 01:06:43,410 INFO o.a.j.p.j.s.J.Full charging journey with SSE: [electrahub-jmeter][full][014] step=active sessions
2026-07-02 01:06:43,553 INFO o.a.j.p.j.s.J.Full charging journey with SSE: [electrahub-jmeter][full][032] step=start charging attempt 16
2026-07-02 01:06:43,624 INFO o.a.j.p.j.s.J.Full charging journey with SSE: [electrahub-jmeter][full][032] http POST /session/api/v1/sessions/start status=409 elapsedMs=70
2026-07-02 01:06:43,625 INFO o.a.j.p.j.s.J.Full charging journey with SSE: [electrahub-jmeter][full][032] start skipped EH-US-CHG-0047/CON-US-0047 HTTP 409; trying next connector
2026-07-02 01:06:43,815 INFO o.a.j.p.j.s.J.Full charging journey with SSE: [electrahub-jmeter][full][034] step=start charging attempt 5
2026-07-02 01:06:43,885 INFO o.a.j.p.j.s.J.Full charging journey with SSE: [electrahub-jmeter][full][034] http POST /session/api/v1/sessions/start status=409 elapsedMs=69
2026-07-02 01:06:43,886 INFO o.a.j.p.j.s.J.Full charging journey with SSE: [electrahub-jmeter][full][034] start skipped EH-US-CHG-0038/CON-US-0038 HTTP 409; trying next connector
2026-07-02 01:06:44,116 INFO o.a.j.p.j.s.J.Full charging journey with SSE: [electrahub-jmeter][full][033] step=start charging attempt 11
2026-07-02 01:06:44,196 INFO o.a.j.p.j.s.J.Full charging journey with SSE: [electrahub-jmeter][full][033] http POST /session/api/v1/sessions/start status=409 elapsedMs=78
2026-07-02 01:06:44,196 INFO o.a.j.p.j.s.J.Full charging journey with SSE: [electrahub-jmeter][full][033] start skipped EH-US-CHG-0043/CON-US-0043 HTTP 409; trying next connector
2026-07-02 01:06:44,375 INFO o.a.j.t.JMeterThread: Thread started: 100 driver charging journeys 1-35
2026-07-02 01:06:44,381 INFO o.a.j.p.j.s.J.Full charging journey with SSE: [electrahub-jmeter][full][035] step=register
2026-07-02 01:06:44,420 INFO o.a.j.p.j.s.J.Full charging journey with SSE: [electrahub-jmeter][full][014] http GET /session/api/v1/sessions/active status=200 elapsedMs=1009
2026-07-02 01:06:44,596 INFO o.a.j.p.j.s.J.Full charging journey with SSE: [electrahub-jmeter][full][035] http POST /auth/api/auth/register status=200 elapsedMs=214
2026-07-02 01:06:44,597 INFO o.a.j.p.j.s.J.Full charging journey with SSE: [electrahub-jmeter][full][035] registered uid=0e2d2906-bc32-447a-813f-adc8ec82d22e
2026-07-02 01:06:44,604 INFO o.a.j.p.j.s.J.Full charging journey with SSE: [electrahub-jmeter][full][035] step=payment state before setup
2026-07-02 01:06:44,625 INFO o.a.j.p.j.s.J.Full charging journey with SSE: [electrahub-jmeter][full][032] step=start charging attempt 17
2026-07-02 01:06:44,660 INFO o.a.j.p.j.s.J.Full charging journey with SSE: [electrahub-jmeter][full][035] http GET /payment/api/v1/payment/state status=451 elapsedMs=55
2026-07-02 01:06:44,661 INFO o.a.j.p.j.s.J.Full charging journey with SSE: [electrahub-jmeter][full][035] step=accept terms
2026-07-02 01:06:44,692 INFO o.a.j.p.j.s.J.Full charging journey with SSE: [electrahub-jmeter][full][032] http POST /session/api/v1/sessions/start status=409 elapsedMs=66
2026-07-02 01:06:44,693 INFO o.a.j.p.j.s.J.Full charging journey with SSE: [electrahub-jmeter][full][032] start skipped EH-US-CHG-0048/CON-US-0048 HTTP 409; trying next connector
2026-07-02 01:06:44,728 INFO o.a.j.p.j.s.J.Full charging journey with SSE: [electrahub-jmeter][full][035] http POST /auth/api/terms/accept status=201 elapsedMs=66
2026-07-02 01:06:44,728 INFO o.a.j.p.j.s.J.Full charging journey with SSE: [electrahub-jmeter][full][035] accepted terms; refreshing token through login
2026-07-02 01:06:44,729 INFO o.a.j.p.j.s.J.Full charging journey with SSE: [electrahub-jmeter][full][035] step=login
2026-07-02 01:06:44,887 INFO o.a.j.p.j.s.J.Full charging journey with SSE: [electrahub-jmeter][full][034] step=start charging attempt 6
2026-07-02 01:06:44,891 INFO o.a.j.p.j.s.J.Full charging journey with SSE: [electrahub-jmeter][full][035] http POST /auth/api/auth/login status=200 elapsedMs=161
2026-07-02 01:06:44,892 INFO o.a.j.p.j.s.J.Full charging journey with SSE: [electrahub-jmeter][full][035] logged in uid=0e2d2906-bc32-447a-813f-adc8ec82d22e
2026-07-02 01:06:44,893 INFO o.a.j.p.j.s.J.Full charging journey with SSE: [electrahub-jmeter][full][035] step=payment state after terms
2026-07-02 01:06:44,954 INFO o.a.j.p.j.s.J.Full charging journey with SSE: [electrahub-jmeter][full][034] http POST /session/api/v1/sessions/start status=409 elapsedMs=65
2026-07-02 01:06:44,954 INFO o.a.j.p.j.s.J.Full charging journey with SSE: [electrahub-jmeter][full][034] start skipped EH-US-CHG-0039/CON-US-0039 HTTP 409; trying next connector
2026-07-02 01:06:44,958 INFO o.a.j.p.j.s.J.Full charging journey with SSE: [electrahub-jmeter][full][035] http GET /payment/api/v1/payment/state status=200 elapsedMs=64
2026-07-02 01:06:44,959 INFO o.a.j.p.j.s.J.Full charging journey with SSE: [electrahub-jmeter][full][035] step=add card
2026-07-02 01:06:45,021 INFO o.a.j.p.j.s.J.Full charging journey with SSE: [electrahub-jmeter][full][035] http POST /payment/api/v1/payment/cards status=201 elapsedMs=61
2026-07-02 01:06:45,022 INFO o.a.j.p.j.s.J.Full charging journey with SSE: [electrahub-jmeter][full][035] step=wallet topup
2026-07-02 01:06:45,078 INFO o.a.j.p.j.s.J.Full charging journey with SSE: [electrahub-jmeter][full][035] http POST /payment/api/v1/payment/wallet/topups status=201 elapsedMs=55
2026-07-02 01:06:45,079 INFO o.a.j.p.j.s.J.Full charging journey with SSE: [electrahub-jmeter][full][035] step=payment state after setup
2026-07-02 01:06:45,138 INFO o.a.j.p.j.s.J.Full charging journey with SSE: [electrahub-jmeter][full][035] http GET /payment/api/v1/payment/state status=200 elapsedMs=58
2026-07-02 01:06:45,139 INFO o.a.j.p.j.s.J.Full charging journey with SSE: [electrahub-jmeter][full][035] payment ready wallet=120.00
2026-07-02 01:06:45,139 INFO o.a.j.p.j.s.J.Full charging journey with SSE: [electrahub-jmeter][full][035] step=charger graphql list
2026-07-02 01:06:45,197 INFO o.a.j.p.j.s.J.Full charging journey with SSE: [electrahub-jmeter][full][033] step=start charging attempt 12
2026-07-02 01:06:45,238 INFO o.a.j.p.j.s.J.Full charging journey with SSE: [electrahub-jmeter][full][035] http POST /charger/graphql status=200 elapsedMs=98
2026-07-02 01:06:45,239 INFO o.a.j.p.j.s.J.Full charging journey with SSE: [electrahub-jmeter][full][035] dynamic connector selection found no available connector; using CSV connector
2026-07-02 01:06:45,240 INFO o.a.j.p.j.s.J.Full charging journey with SSE: [electrahub-jmeter][full][035] step=charger graphql view
2026-07-02 01:06:45,262 INFO o.a.j.p.j.s.J.Full charging journey with SSE: [electrahub-jmeter][full][033] http POST /session/api/v1/sessions/start status=409 elapsedMs=64
2026-07-02 01:06:45,262 INFO o.a.j.p.j.s.J.Full charging journey with SSE: [electrahub-jmeter][full][033] start skipped EH-US-CHG-0044/CON-US-0044 HTTP 409; trying next connector
2026-07-02 01:06:45,312 INFO o.a.j.p.j.s.J.Full charging journey with SSE: [electrahub-jmeter][full][035] http POST /charger/graphql status=200 elapsedMs=71
2026-07-02 01:06:45,313 INFO o.a.j.p.j.s.J.Full charging journey with SSE: [electrahub-jmeter][full][035] step=payment state before start
2026-07-02 01:06:45,375 INFO o.a.j.p.j.s.J.Full charging journey with SSE: [electrahub-jmeter][full][035] http GET /payment/api/v1/payment/state status=200 elapsedMs=61
2026-07-02 01:06:45,378 INFO o.a.j.p.j.s.J.Full charging journey with SSE: [electrahub-jmeter][full][035] using connector csv fallback attempts=100 startIndex=35/100
2026-07-02 01:06:45,379 INFO o.a.j.p.j.s.J.Full charging journey with SSE: [electrahub-jmeter][full][035] step=start charging attempt 1
2026-07-02 01:06:45,469 INFO o.a.j.p.j.s.J.Full charging journey with SSE: [electrahub-jmeter][full][035] http POST /session/api/v1/sessions/start status=409 elapsedMs=89
2026-07-02 01:06:45,470 INFO o.a.j.p.j.s.J.Full charging journey with SSE: [electrahub-jmeter][full][035] start skipped EH-US-CHG-0035/CON-US-0035 HTTP 409; trying next connector
2026-07-02 01:06:45,693 INFO o.a.j.p.j.s.J.Full charging journey with SSE: [electrahub-jmeter][full][032] step=start charging attempt 18
2026-07-02 01:06:45,955 INFO o.a.j.p.j.s.J.Full charging journey with SSE: [electrahub-jmeter][full][034] step=start charging attempt 7
2026-07-02 01:06:46,028 INFO o.a.j.p.j.s.J.Full charging journey with SSE: [electrahub-jmeter][full][034] http POST /session/api/v1/sessions/start status=409 elapsedMs=71
2026-07-02 01:06:46,029 INFO o.a.j.p.j.s.J.Full charging journey with SSE: [electrahub-jmeter][full][034] start skipped EH-US-CHG-0040/CON-US-0040 HTTP 409; trying next connector
2026-07-02 01:06:46,031 INFO o.a.j.p.j.s.J.Full charging journey with SSE: [electrahub-jmeter][full][015] step=stop charging session
2026-07-02 01:06:46,263 INFO o.a.j.p.j.s.J.Full charging journey with SSE: [electrahub-jmeter][full][033] step=start charging attempt 13
2026-07-02 01:06:46,331 INFO o.a.j.p.j.s.J.Full charging journey with SSE: [electrahub-jmeter][full][033] http POST /session/api/v1/sessions/start status=409 elapsedMs=67
2026-07-02 01:06:46,333 INFO o.a.j.p.j.s.J.Full charging journey with SSE: [electrahub-jmeter][full][033] start skipped EH-US-CHG-0045/CON-US-0045 HTTP 409; trying next connector
2026-07-02 01:06:46,388 INFO o.a.j.p.j.s.J.Full charging journey with SSE: [electrahub-jmeter][full][013] step=active sessions
2026-07-02 01:06:46,436 INFO o.a.j.p.j.s.J.Full charging journey with SSE: [electrahub-jmeter][full][032] http POST /session/api/v1/sessions/start status=201 elapsedMs=741
2026-07-02 01:06:46,437 INFO o.a.j.p.j.s.J.Full charging journey with SSE: [electrahub-jmeter][full][032] started session=14db6fe9-3805-4c59-910c-970eea9513bd charger=EH-US-CHG-0049/CON-US-0049 status=PREPARING remote=Accepted attempt=18/100
2026-07-02 01:06:46,437 INFO o.a.j.p.j.s.J.Full charging journey with SSE: [electrahub-jmeter][full][032] step=active sessions
2026-07-02 01:06:46,449 INFO o.a.j.p.j.s.J.Full charging journey with SSE: [electrahub-jmeter][full][013] http GET /session/api/v1/sessions/active status=200 elapsedMs=60
2026-07-02 01:06:46,450 INFO o.a.j.p.j.s.J.Full charging journey with SSE: [electrahub-jmeter][full][013] step=receipt
2026-07-02 01:06:46,471 INFO o.a.j.p.j.s.J.Full charging journey with SSE: [electrahub-jmeter][full][035] step=start charging attempt 2
2026-07-02 01:06:46,508 INFO o.a.j.p.j.s.J.Full charging journey with SSE: [electrahub-jmeter][full][013] http GET /session/api/v1/sessions/ddb64624-5d74-4325-9dcc-9758c78c919a/receipt status=200 elapsedMs=58
2026-07-02 01:06:46,509 INFO o.a.j.p.j.s.J.Full charging journey with SSE: [electrahub-jmeter][full][013] step=session history
2026-07-02 01:06:46,573 INFO o.a.j.p.j.s.J.Full charging journey with SSE: [electrahub-jmeter][full][013] http GET /session/api/v1/sessions/history?page=0&size=10 status=200 elapsedMs=63
2026-07-02 01:06:46,574 INFO o.a.j.p.j.s.J.Full charging journey with SSE: [electrahub-jmeter][full][013] step=dashboard stats
2026-07-02 01:06:46,580 INFO o.a.j.p.j.s.J.Full charging journey with SSE: [electrahub-jmeter][full][035] http POST /session/api/v1/sessions/start status=409 elapsedMs=73
2026-07-02 01:06:46,581 INFO o.a.j.p.j.s.J.Full charging journey with SSE: [electrahub-jmeter][full][035] start skipped EH-US-CHG-0036/CON-US-0036 HTTP 409; trying next connector
2026-07-02 01:06:46,638 INFO o.a.j.p.j.s.J.Full charging journey with SSE: [electrahub-jmeter][full][013] http GET /session/api/v1/sessions/dashboard-stats status=200 elapsedMs=64
2026-07-02 01:06:46,639 INFO o.a.j.p.j.s.J.Full charging journey with SSE: [electrahub-jmeter][full][013] receipt ok session=ddb64624-5d74-4325-9dcc-9758c78c919a status=Completed total=1.8708
2026-07-02 01:06:46,640 INFO o.a.j.t.JMeterThread: Thread is done: 100 driver charging journeys 1-13
2026-07-02 01:06:46,640 INFO o.a.j.t.JMeterThread: Thread finished: 100 driver charging journeys 1-13
2026-07-02 01:06:47,030 INFO o.a.j.p.j.s.J.Full charging journey with SSE: [electrahub-jmeter][full][034] step=start charging attempt 8
2026-07-02 01:06:47,095 INFO o.a.j.p.j.s.J.Full charging journey with SSE: [electrahub-jmeter][full][034] http POST /session/api/v1/sessions/start status=409 elapsedMs=64
2026-07-02 01:06:47,096 INFO o.a.j.p.j.s.J.Full charging journey with SSE: [electrahub-jmeter][full][034] start skipped EH-US-CHG-0041/CON-US-0041 HTTP 409; trying next connector
2026-07-02 01:06:47,334 INFO o.a.j.p.j.s.J.Full charging journey with SSE: [electrahub-jmeter][full][033] step=start charging attempt 14
2026-07-02 01:06:47,409 INFO o.a.j.p.j.s.J.Full charging journey with SSE: [electrahub-jmeter][full][033] http POST /session/api/v1/sessions/start status=409 elapsedMs=74
2026-07-02 01:06:47,411 INFO o.a.j.p.j.s.J.Full charging journey with SSE: [electrahub-jmeter][full][033] start skipped EH-US-CHG-0046/CON-US-0046 HTTP 409; trying next connector
2026-07-02 01:06:47,455 INFO o.a.j.p.j.s.J.Full charging journey with SSE: [electrahub-jmeter][full][032] http GET /session/api/v1/sessions/active status=200 elapsedMs=1017
2026-07-02 01:06:47,582 INFO o.a.j.p.j.s.J.Full charging journey with SSE: [electrahub-jmeter][full][035] step=start charging attempt 3
2026-07-02 01:06:47,646 INFO o.a.j.p.j.s.J.Full charging journey with SSE: [electrahub-jmeter][full][035] http POST /session/api/v1/sessions/start status=409 elapsedMs=63
2026-07-02 01:06:47,647 INFO o.a.j.p.j.s.J.Full charging journey with SSE: [electrahub-jmeter][full][035] start skipped EH-US-CHG-0037/CON-US-0037 HTTP 409; trying next connector
2026-07-02 01:06:48,097 INFO o.a.j.p.j.s.J.Full charging journey with SSE: [electrahub-jmeter][full][034] step=start charging attempt 9
2026-07-02 01:06:48,157 INFO o.a.j.p.j.s.J.Full charging journey with SSE: [electrahub-jmeter][full][034] http POST /session/api/v1/sessions/start status=409 elapsedMs=59
2026-07-02 01:06:48,158 INFO o.a.j.p.j.s.J.Full charging journey with SSE: [electrahub-jmeter][full][034] start skipped EH-US-CHG-0042/CON-US-0042 HTTP 409; trying next connector
2026-07-02 01:06:48,412 INFO o.a.j.p.j.s.J.Full charging journey with SSE: [electrahub-jmeter][full][033] step=start charging attempt 15
2026-07-02 01:06:48,490 INFO o.a.j.p.j.s.J.Full charging journey with SSE: [electrahub-jmeter][full][033] http POST /session/api/v1/sessions/start status=409 elapsedMs=77
2026-07-02 01:06:48,491 INFO o.a.j.p.j.s.J.Full charging journey with SSE: [electrahub-jmeter][full][033] start skipped EH-US-CHG-0047/CON-US-0047 HTTP 409; trying next connector
2026-07-02 01:06:48,647 INFO o.a.j.p.j.s.J.Full charging journey with SSE: [electrahub-jmeter][full][035] step=start charging attempt 4
2026-07-02 01:06:48,713 INFO o.a.j.p.j.s.J.Full charging journey with SSE: [electrahub-jmeter][full][035] http POST /session/api/v1/sessions/start status=409 elapsedMs=65
2026-07-02 01:06:48,714 INFO o.a.j.p.j.s.J.Full charging journey with SSE: [electrahub-jmeter][full][035] start skipped EH-US-CHG-0038/CON-US-0038 HTTP 409; trying next connector
2026-07-02 01:06:49,159 INFO o.a.j.p.j.s.J.Full charging journey with SSE: [electrahub-jmeter][full][034] step=start charging attempt 10
2026-07-02 01:06:49,223 INFO o.a.j.p.j.s.J.Full charging journey with SSE: [electrahub-jmeter][full][034] http POST /session/api/v1/sessions/start status=409 elapsedMs=64
2026-07-02 01:06:49,224 INFO o.a.j.p.j.s.J.Full charging journey with SSE: [electrahub-jmeter][full][034] start skipped EH-US-CHG-0043/CON-US-0043 HTTP 409; trying next connector
2026-07-02 01:06:49,421 INFO o.a.j.p.j.s.J.Full charging journey with SSE: [electrahub-jmeter][full][014] step=active sessions
2026-07-02 01:06:49,469 INFO o.a.j.p.j.s.J.Full charging journey with SSE: [electrahub-jmeter][full][022] sse ok connected=1 snapshot=2 updates=23 receipts=0 heartbeats=0
2026-07-02 01:06:49,470 INFO o.a.j.p.j.s.J.Full charging journey with SSE: [electrahub-jmeter][full][022] holding session for 37s before stop
2026-07-02 01:06:49,476 INFO o.a.j.p.j.s.J.Full charging journey with SSE: [electrahub-jmeter][full][015] http POST /session/api/v1/sessions/e9c11e04-9f4c-46c5-8e15-da5470424b5e/stop status=204 elapsedMs=3444
2026-07-02 01:06:49,477 INFO o.a.j.p.j.s.J.Full charging journey with SSE: [electrahub-jmeter][full][015] stop requested session=e9c11e04-9f4c-46c5-8e15-da5470424b5e
2026-07-02 01:06:49,478 INFO o.a.j.p.j.s.J.Full charging journey with SSE: [electrahub-jmeter][full][015] step=active sessions
2026-07-02 01:06:49,491 INFO o.a.j.p.j.s.J.Full charging journey with SSE: [electrahub-jmeter][full][014] http GET /session/api/v1/sessions/active status=200 elapsedMs=69
2026-07-02 01:06:49,492 INFO o.a.j.p.j.s.J.Full charging journey with SSE: [electrahub-jmeter][full][033] step=start charging attempt 16
2026-07-02 01:06:49,492 INFO o.a.j.p.j.s.J.Full charging journey with SSE: [electrahub-jmeter][full][014] step=receipt
2026-07-02 01:06:49,578 INFO o.a.j.p.j.s.J.Full charging journey with SSE: [electrahub-jmeter][full][033] http POST /session/api/v1/sessions/start status=409 elapsedMs=85
2026-07-02 01:06:49,579 INFO o.a.j.p.j.s.J.Full charging journey with SSE: [electrahub-jmeter][full][033] start skipped EH-US-CHG-0048/CON-US-0048 HTTP 409; trying next connector
2026-07-02 01:06:49,581 INFO o.a.j.p.j.s.J.Full charging journey with SSE: [electrahub-jmeter][full][014] http GET /session/api/v1/sessions/3fec91fe-152a-4332-952c-5b2ab0e0168d/receipt status=200 elapsedMs=88
2026-07-02 01:06:49,582 INFO o.a.j.p.j.s.J.Full charging journey with SSE: [electrahub-jmeter][full][014] step=session history
2026-07-02 01:06:49,638 INFO o.a.j.p.j.s.J.Full charging journey with SSE: [electrahub-jmeter][full][014] http GET /session/api/v1/sessions/history?page=0&size=10 status=200 elapsedMs=55
2026-07-02 01:06:49,639 INFO o.a.j.p.j.s.J.Full charging journey with SSE: [electrahub-jmeter][full][014] step=dashboard stats
2026-07-02 01:06:49,697 INFO o.a.j.p.j.s.J.Full charging journey with SSE: [electrahub-jmeter][full][014] http GET /session/api/v1/sessions/dashboard-stats status=200 elapsedMs=57
2026-07-02 01:06:49,698 INFO o.a.j.p.j.s.J.Full charging journey with SSE: [electrahub-jmeter][full][014] receipt ok session=3fec91fe-152a-4332-952c-5b2ab0e0168d status=Completed total=1.867
2026-07-02 01:06:49,699 INFO o.a.j.t.JMeterThread: Thread is done: 100 driver charging journeys 1-14
2026-07-02 01:06:49,700 INFO o.a.j.t.JMeterThread: Thread finished: 100 driver charging journeys 1-14
2026-07-02 01:06:49,715 INFO o.a.j.p.j.s.J.Full charging journey with SSE: [electrahub-jmeter][full][035] step=start charging attempt 5
2026-07-02 01:06:49,809 INFO o.a.j.p.j.s.J.Full charging journey with SSE: [electrahub-jmeter][full][035] http POST /session/api/v1/sessions/start status=409 elapsedMs=93
2026-07-02 01:06:49,810 INFO o.a.j.p.j.s.J.Full charging journey with SSE: [electrahub-jmeter][full][035] start skipped EH-US-CHG-0039/CON-US-0039 HTTP 409; trying next connector
2026-07-02 01:06:50,225 INFO o.a.j.p.j.s.J.Full charging journey with SSE: [electrahub-jmeter][full][034] step=start charging attempt 11
2026-07-02 01:06:50,287 INFO o.a.j.p.j.s.J.Full charging journey with SSE: [electrahub-jmeter][full][034] http POST /session/api/v1/sessions/start status=409 elapsedMs=61
2026-07-02 01:06:50,288 INFO o.a.j.p.j.s.J.Full charging journey with SSE: [electrahub-jmeter][full][034] start skipped EH-US-CHG-0044/CON-US-0044 HTTP 409; trying next connector
2026-07-02 01:06:50,374 INFO o.a.j.t.JMeterThread: Thread started: 100 driver charging journeys 1-36
2026-07-02 01:06:50,380 INFO o.a.j.p.j.s.J.Full charging journey with SSE: [electrahub-jmeter][full][036] step=register
2026-07-02 01:06:50,480 INFO o.a.j.p.j.s.J.Full charging journey with SSE: [electrahub-jmeter][full][015] http GET /session/api/v1/sessions/active status=200 elapsedMs=1001
2026-07-02 01:06:50,580 INFO o.a.j.p.j.s.J.Full charging journey with SSE: [electrahub-jmeter][full][033] step=start charging attempt 17
2026-07-02 01:06:50,607 INFO o.a.j.p.j.s.J.Full charging journey with SSE: [electrahub-jmeter][full][036] http POST /auth/api/auth/register status=200 elapsedMs=226
2026-07-02 01:06:50,608 INFO o.a.j.p.j.s.J.Full charging journey with SSE: [electrahub-jmeter][full][036] registered uid=cc1f3b92-f408-4907-a0b8-79ecd8482fe9
2026-07-02 01:06:50,617 INFO o.a.j.p.j.s.J.Full charging journey with SSE: [electrahub-jmeter][full][036] step=payment state before setup
2026-07-02 01:06:50,651 INFO o.a.j.p.j.s.J.Full charging journey with SSE: [electrahub-jmeter][full][033] http POST /session/api/v1/sessions/start status=409 elapsedMs=70
2026-07-02 01:06:50,652 INFO o.a.j.p.j.s.J.Full charging journey with SSE: [electrahub-jmeter][full][033] start skipped EH-US-CHG-0049/CON-US-0049 HTTP 409; trying next connector
2026-07-02 01:06:50,669 INFO o.a.j.p.j.s.J.Full charging journey with SSE: [electrahub-jmeter][full][036] http GET /payment/api/v1/payment/state status=451 elapsedMs=51
2026-07-02 01:06:50,670 INFO o.a.j.p.j.s.J.Full charging journey with SSE: [electrahub-jmeter][full][036] step=accept terms
2026-07-02 01:06:50,724 INFO o.a.j.p.j.s.J.Full charging journey with SSE: [electrahub-jmeter][full][036] http POST /auth/api/terms/accept status=201 elapsedMs=53
2026-07-02 01:06:50,725 INFO o.a.j.p.j.s.J.Full charging journey with SSE: [electrahub-jmeter][full][036] accepted terms; refreshing token through login
2026-07-02 01:06:50,725 INFO o.a.j.p.j.s.J.Full charging journey with SSE: [electrahub-jmeter][full][036] step=login
2026-07-02 01:06:50,811 INFO o.a.j.p.j.s.J.Full charging journey with SSE: [electrahub-jmeter][full][035] step=start charging attempt 6
2026-07-02 01:06:50,872 INFO o.a.j.p.j.s.J.Full charging journey with SSE: [electrahub-jmeter][full][036] http POST /auth/api/auth/login status=200 elapsedMs=146
2026-07-02 01:06:50,873 INFO o.a.j.p.j.s.J.Full charging journey with SSE: [electrahub-jmeter][full][036] logged in uid=cc1f3b92-f408-4907-a0b8-79ecd8482fe9
2026-07-02 01:06:50,874 INFO o.a.j.p.j.s.J.Full charging journey with SSE: [electrahub-jmeter][full][036] step=payment state after terms
2026-07-02 01:06:50,878 INFO o.a.j.p.j.s.J.Full charging journey with SSE: [electrahub-jmeter][full][035] http POST /session/api/v1/sessions/start status=409 elapsedMs=66
2026-07-02 01:06:50,879 INFO o.a.j.p.j.s.J.Full charging journey with SSE: [electrahub-jmeter][full][035] start skipped EH-US-CHG-0040/CON-US-0040 HTTP 409; trying next connector
2026-07-02 01:06:50,933 INFO o.a.j.p.j.s.J.Full charging journey with SSE: [electrahub-jmeter][full][036] http GET /payment/api/v1/payment/state status=200 elapsedMs=59
2026-07-02 01:06:50,934 INFO o.a.j.p.j.s.J.Full charging journey with SSE: [electrahub-jmeter][full][036] step=add card
2026-07-02 01:06:50,994 INFO o.a.j.p.j.s.J.Full charging journey with SSE: [electrahub-jmeter][full][036] http POST /payment/api/v1/payment/cards status=201 elapsedMs=59
2026-07-02 01:06:50,995 INFO o.a.j.p.j.s.J.Full charging journey with SSE: [electrahub-jmeter][full][036] step=wallet topup
2026-07-02 01:06:51,051 INFO o.a.j.p.j.s.J.Full charging journey with SSE: [electrahub-jmeter][full][036] http POST /payment/api/v1/payment/wallet/topups status=201 elapsedMs=55
2026-07-02 01:06:51,052 INFO o.a.j.p.j.s.J.Full charging journey with SSE: [electrahub-jmeter][full][036] step=payment state after setup
2026-07-02 01:06:51,108 INFO o.a.j.p.j.s.J.Full charging journey with SSE: [electrahub-jmeter][full][036] http GET /payment/api/v1/payment/state status=200 elapsedMs=55
2026-07-02 01:06:51,109 INFO o.a.j.p.j.s.J.Full charging journey with SSE: [electrahub-jmeter][full][036] payment ready wallet=120.00
2026-07-02 01:06:51,111 INFO o.a.j.p.j.s.J.Full charging journey with SSE: [electrahub-jmeter][full][036] step=charger graphql list
2026-07-02 01:06:51,229 INFO o.a.j.p.j.s.J.Full charging journey with SSE: [electrahub-jmeter][full][036] http POST /charger/graphql status=200 elapsedMs=115
2026-07-02 01:06:51,230 INFO o.a.j.p.j.s.J.Full charging journey with SSE: [electrahub-jmeter][full][036] dynamic connector selection found no available connector; using CSV connector
2026-07-02 01:06:51,231 INFO o.a.j.p.j.s.J.Full charging journey with SSE: [electrahub-jmeter][full][036] step=charger graphql view
2026-07-02 01:06:51,288 INFO o.a.j.p.j.s.J.Full charging journey with SSE: [electrahub-jmeter][full][034] step=start charging attempt 12
2026-07-02 01:06:51,298 INFO o.a.j.p.j.s.J.Full charging journey with SSE: [electrahub-jmeter][full][036] http POST /charger/graphql status=200 elapsedMs=67
2026-07-02 01:06:51,299 INFO o.a.j.p.j.s.J.Full charging journey with SSE: [electrahub-jmeter][full][036] step=payment state before start
2026-07-02 01:06:51,356 INFO o.a.j.p.j.s.J.Full charging journey with SSE: [electrahub-jmeter][full][036] http GET /payment/api/v1/payment/state status=200 elapsedMs=56
2026-07-02 01:06:51,356 INFO o.a.j.p.j.s.J.Full charging journey with SSE: [electrahub-jmeter][full][034] http POST /session/api/v1/sessions/start status=409 elapsedMs=67
2026-07-02 01:06:51,358 INFO o.a.j.p.j.s.J.Full charging journey with SSE: [electrahub-jmeter][full][034] start skipped EH-US-CHG-0045/CON-US-0045 HTTP 409; trying next connector
2026-07-02 01:06:51,359 INFO o.a.j.p.j.s.J.Full charging journey with SSE: [electrahub-jmeter][full][036] using connector csv fallback attempts=100 startIndex=36/100
2026-07-02 01:06:51,360 INFO o.a.j.p.j.s.J.Full charging journey with SSE: [electrahub-jmeter][full][036] step=start charging attempt 1
2026-07-02 01:06:51,432 INFO o.a.j.p.j.s.J.Full charging journey with SSE: [electrahub-jmeter][full][036] http POST /session/api/v1/sessions/start status=409 elapsedMs=71
2026-07-02 01:06:51,433 INFO o.a.j.p.j.s.J.Full charging journey with SSE: [electrahub-jmeter][full][036] start skipped EH-US-CHG-0036/CON-US-0036 HTTP 409; trying next connector
2026-07-02 01:06:51,653 INFO o.a.j.p.j.s.J.Full charging journey with SSE: [electrahub-jmeter][full][033] step=start charging attempt 18
2026-07-02 01:06:51,713 INFO o.a.j.p.j.s.J.Full charging journey with SSE: [electrahub-jmeter][full][033] http POST /session/api/v1/sessions/start status=409 elapsedMs=59
2026-07-02 01:06:51,714 INFO o.a.j.p.j.s.J.Full charging journey with SSE: [electrahub-jmeter][full][033] start skipped EH-US-CHG-0050/CON-US-0050 HTTP 409; trying next connector
2026-07-02 01:06:51,880 INFO o.a.j.p.j.s.J.Full charging journey with SSE: [electrahub-jmeter][full][035] step=start charging attempt 7
2026-07-02 01:06:51,942 INFO o.a.j.p.j.s.J.Full charging journey with SSE: [electrahub-jmeter][full][035] http POST /session/api/v1/sessions/start status=409 elapsedMs=61
2026-07-02 01:06:51,944 INFO o.a.j.p.j.s.J.Full charging journey with SSE: [electrahub-jmeter][full][035] start skipped EH-US-CHG-0041/CON-US-0041 HTTP 409; trying next connector
2026-07-02 01:06:52,059 INFO o.a.j.p.j.s.J.Full charging journey with SSE: [electrahub-jmeter][full][016] step=stop charging session
2026-07-02 01:06:54,271 INFO o.a.j.p.j.s.J.Full charging journey with SSE: [electrahub-jmeter][full][034] step=start charging attempt 13
2026-07-02 01:06:54,340 INFO o.a.j.p.j.s.J.Full charging journey with SSE: [electrahub-jmeter][full][034] http POST /session/api/v1/sessions/start status=409 elapsedMs=68
2026-07-02 01:06:54,341 INFO o.a.j.p.j.s.J.Full charging journey with SSE: [electrahub-jmeter][full][034] start skipped EH-US-CHG-0046/CON-US-0046 HTTP 409; trying next connector
2026-07-02 01:06:54,346 INFO o.a.j.p.j.s.J.Full charging journey with SSE: [electrahub-jmeter][full][036] step=start charging attempt 2
2026-07-02 01:06:54,420 INFO o.a.j.p.j.s.J.Full charging journey with SSE: [electrahub-jmeter][full][036] http POST /session/api/v1/sessions/start status=409 elapsedMs=73
2026-07-02 01:06:54,421 INFO o.a.j.p.j.s.J.Full charging journey with SSE: [electrahub-jmeter][full][036] start skipped EH-US-CHG-0037/CON-US-0037 HTTP 409; trying next connector
2026-07-02 01:06:54,627 INFO o.a.j.p.j.s.J.Full charging journey with SSE: [electrahub-jmeter][full][033] step=start charging attempt 19
2026-07-02 01:06:54,857 INFO o.a.j.p.j.s.J.Full charging journey with SSE: [electrahub-jmeter][full][035] step=start charging attempt 8
2026-07-02 01:06:54,984 INFO o.a.j.p.j.s.J.Full charging journey with SSE: [electrahub-jmeter][full][035] http POST /session/api/v1/sessions/start status=409 elapsedMs=81
2026-07-02 01:06:54,985 INFO o.a.j.p.j.s.J.Full charging journey with SSE: [electrahub-jmeter][full][035] start skipped EH-US-CHG-0042/CON-US-0042 HTTP 409; trying next connector
2026-07-02 01:06:55,342 INFO o.a.j.p.j.s.J.Full charging journey with SSE: [electrahub-jmeter][full][034] step=start charging attempt 14
2026-07-02 01:06:55,412 INFO o.a.j.p.j.s.J.Full charging journey with SSE: [electrahub-jmeter][full][034] http POST /session/api/v1/sessions/start status=409 elapsedMs=69
2026-07-02 01:06:55,413 INFO o.a.j.p.j.s.J.Full charging journey with SSE: [electrahub-jmeter][full][034] start skipped EH-US-CHG-0047/CON-US-0047 HTTP 409; trying next connector
2026-07-02 01:06:55,420 INFO o.a.j.p.j.s.J.Full charging journey with SSE: [electrahub-jmeter][full][033] http POST /session/api/v1/sessions/start status=201 elapsedMs=792
2026-07-02 01:06:55,421 INFO o.a.j.p.j.s.J.Full charging journey with SSE: [electrahub-jmeter][full][033] started session=ca104d94-b781-4c70-aca8-f69b062c1700 charger=EH-US-CHG-0051/CON-US-0051 status=PREPARING remote=Accepted attempt=19/100
2026-07-02 01:06:55,422 INFO o.a.j.p.j.s.J.Full charging journey with SSE: [electrahub-jmeter][full][033] step=active sessions
2026-07-02 01:06:55,422 INFO o.a.j.p.j.s.J.Full charging journey with SSE: [electrahub-jmeter][full][036] step=start charging attempt 3
2026-07-02 01:06:55,494 INFO o.a.j.p.j.s.J.Full charging journey with SSE: [electrahub-jmeter][full][036] http POST /session/api/v1/sessions/start status=409 elapsedMs=71
2026-07-02 01:06:55,495 INFO o.a.j.p.j.s.J.Full charging journey with SSE: [electrahub-jmeter][full][036] start skipped EH-US-CHG-0038/CON-US-0038 HTTP 409; trying next connector
2026-07-02 01:06:55,986 INFO o.a.j.p.j.s.J.Full charging journey with SSE: [electrahub-jmeter][full][035] step=start charging attempt 9
2026-07-02 01:06:56,052 INFO o.a.j.p.j.s.J.Full charging journey with SSE: [electrahub-jmeter][full][035] http POST /session/api/v1/sessions/start status=409 elapsedMs=65
2026-07-02 01:06:56,053 INFO o.a.j.p.j.s.J.Full charging journey with SSE: [electrahub-jmeter][full][035] start skipped EH-US-CHG-0043/CON-US-0043 HTTP 409; trying next connector
2026-07-02 01:06:56,376 INFO o.a.j.t.JMeterThread: Thread started: 100 driver charging journeys 1-37
2026-07-02 01:06:56,380 INFO o.a.j.p.j.s.J.Full charging journey with SSE: [electrahub-jmeter][full][037] step=register
2026-07-02 01:06:56,414 INFO o.a.j.p.j.s.J.Full charging journey with SSE: [electrahub-jmeter][full][034] step=start charging attempt 15
2026-07-02 01:06:56,428 INFO o.a.j.p.j.s.J.Full charging journey with SSE: [electrahub-jmeter][full][033] http GET /session/api/v1/sessions/active status=200 elapsedMs=1006
2026-07-02 01:06:56,496 INFO o.a.j.p.j.s.J.Full charging journey with SSE: [electrahub-jmeter][full][036] step=start charging attempt 4
2026-07-02 01:06:56,524 INFO o.a.j.p.j.s.J.Full charging journey with SSE: [electrahub-jmeter][full][034] http POST /session/api/v1/sessions/start status=409 elapsedMs=73
2026-07-02 01:06:56,525 INFO o.a.j.p.j.s.J.Full charging journey with SSE: [electrahub-jmeter][full][034] start skipped EH-US-CHG-0048/CON-US-0048 HTTP 409; trying next connector
2026-07-02 01:06:56,548 INFO o.a.j.p.j.s.J.Full charging journey with SSE: [electrahub-jmeter][full][037] http POST /auth/api/auth/register status=200 elapsedMs=167
2026-07-02 01:06:56,549 INFO o.a.j.p.j.s.J.Full charging journey with SSE: [electrahub-jmeter][full][037] registered uid=299df5c8-7ec8-4849-9c11-8b04235e322d
2026-07-02 01:06:56,557 INFO o.a.j.p.j.s.J.Full charging journey with SSE: [electrahub-jmeter][full][037] step=payment state before setup
2026-07-02 01:06:56,616 INFO o.a.j.p.j.s.J.Full charging journey with SSE: [electrahub-jmeter][full][037] http GET /payment/api/v1/payment/state status=451 elapsedMs=59
2026-07-02 01:06:56,617 INFO o.a.j.p.j.s.J.Full charging journey with SSE: [electrahub-jmeter][full][037] step=accept terms
2026-07-02 01:06:56,631 INFO o.a.j.p.j.s.J.Full charging journey with SSE: [electrahub-jmeter][full][036] http POST /session/api/v1/sessions/start status=409 elapsedMs=91
2026-07-02 01:06:56,631 INFO o.a.j.p.j.s.J.Full charging journey with SSE: [electrahub-jmeter][full][036] start skipped EH-US-CHG-0039/CON-US-0039 HTTP 409; trying next connector
2026-07-02 01:06:56,679 INFO o.a.j.p.j.s.J.Full charging journey with SSE: [electrahub-jmeter][full][037] http POST /auth/api/terms/accept status=201 elapsedMs=62
2026-07-02 01:06:56,680 INFO o.a.j.p.j.s.J.Full charging journey with SSE: [electrahub-jmeter][full][037] accepted terms; refreshing token through login
2026-07-02 01:06:56,680 INFO o.a.j.p.j.s.J.Full charging journey with SSE: [electrahub-jmeter][full][037] step=login
2026-07-02 01:06:56,818 INFO o.a.j.p.j.s.J.Full charging journey with SSE: [electrahub-jmeter][full][037] http POST /auth/api/auth/login status=200 elapsedMs=137
2026-07-02 01:06:56,818 INFO o.a.j.p.j.s.J.Full charging journey with SSE: [electrahub-jmeter][full][037] logged in uid=299df5c8-7ec8-4849-9c11-8b04235e322d
2026-07-02 01:06:56,819 INFO o.a.j.p.j.s.J.Full charging journey with SSE: [electrahub-jmeter][full][037] step=payment state after terms
2026-07-02 01:06:56,896 INFO o.a.j.p.j.s.J.Full charging journey with SSE: [electrahub-jmeter][full][037] http GET /payment/api/v1/payment/state status=200 elapsedMs=76
2026-07-02 01:06:56,897 INFO o.a.j.p.j.s.J.Full charging journey with SSE: [electrahub-jmeter][full][037] step=add card
2026-07-02 01:06:56,957 INFO o.a.j.p.j.s.J.Full charging journey with SSE: [electrahub-jmeter][full][037] http POST /payment/api/v1/payment/cards status=201 elapsedMs=59
2026-07-02 01:06:56,958 INFO o.a.j.p.j.s.J.Full charging journey with SSE: [electrahub-jmeter][full][037] step=wallet topup
2026-07-02 01:06:57,023 INFO o.a.j.p.j.s.J.Full charging journey with SSE: [electrahub-jmeter][full][037] http POST /payment/api/v1/payment/wallet/topups status=201 elapsedMs=64
2026-07-02 01:06:57,023 INFO o.a.j.p.j.s.J.Full charging journey with SSE: [electrahub-jmeter][full][037] step=payment state after setup
2026-07-02 01:06:57,054 INFO o.a.j.p.j.s.J.Full charging journey with SSE: [electrahub-jmeter][full][035] step=start charging attempt 10
2026-07-02 01:06:57,077 INFO o.a.j.p.j.s.J.Full charging journey with SSE: [electrahub-jmeter][full][037] http GET /payment/api/v1/payment/state status=200 elapsedMs=53
2026-07-02 01:06:57,078 INFO o.a.j.p.j.s.J.Full charging journey with SSE: [electrahub-jmeter][full][037] payment ready wallet=120.00
2026-07-02 01:06:57,079 INFO o.a.j.p.j.s.J.Full charging journey with SSE: [electrahub-jmeter][full][037] step=charger graphql list
2026-07-02 01:06:57,123 INFO o.a.j.p.j.s.J.Full charging journey with SSE: [electrahub-jmeter][full][035] http POST /session/api/v1/sessions/start status=409 elapsedMs=69
2026-07-02 01:06:57,123 INFO o.a.j.p.j.s.J.Full charging journey with SSE: [electrahub-jmeter][full][035] start skipped EH-US-CHG-0044/CON-US-0044 HTTP 409; trying next connector
2026-07-02 01:06:57,170 INFO o.a.j.p.j.s.J.Full charging journey with SSE: [electrahub-jmeter][full][037] http POST /charger/graphql status=200 elapsedMs=90
2026-07-02 01:06:57,171 INFO o.a.j.p.j.s.J.Full charging journey with SSE: [electrahub-jmeter][full][037] dynamic connector selection found no available connector; using CSV connector
2026-07-02 01:06:57,172 INFO o.a.j.p.j.s.J.Full charging journey with SSE: [electrahub-jmeter][full][037] step=charger graphql view
2026-07-02 01:06:57,242 INFO o.a.j.p.j.s.J.Full charging journey with SSE: [electrahub-jmeter][full][037] http POST /charger/graphql status=200 elapsedMs=70
2026-07-02 01:06:57,243 INFO o.a.j.p.j.s.J.Full charging journey with SSE: [electrahub-jmeter][full][037] step=payment state before start
2026-07-02 01:06:57,299 INFO o.a.j.p.j.s.J.Full charging journey with SSE: [electrahub-jmeter][full][037] http GET /payment/api/v1/payment/state status=200 elapsedMs=56
2026-07-02 01:06:57,302 INFO o.a.j.p.j.s.J.Full charging journey with SSE: [electrahub-jmeter][full][037] using connector csv fallback attempts=100 startIndex=37/100
2026-07-02 01:06:57,303 INFO o.a.j.p.j.s.J.Full charging journey with SSE: [electrahub-jmeter][full][037] step=start charging attempt 1
2026-07-02 01:06:57,362 INFO o.a.j.p.j.s.J.Full charging journey with SSE: [electrahub-jmeter][full][037] http POST /session/api/v1/sessions/start status=409 elapsedMs=58
2026-07-02 01:06:57,363 INFO o.a.j.p.j.s.J.Full charging journey with SSE: [electrahub-jmeter][full][037] start skipped EH-US-CHG-0037/CON-US-0037 HTTP 409; trying next connector
2026-07-02 01:06:57,393 INFO o.a.j.p.j.s.J.Full charging journey with SSE: [electrahub-jmeter][full][015] step=active sessions
2026-07-02 01:06:57,444 INFO o.a.j.p.j.s.J.Full charging journey with SSE: [electrahub-jmeter][full][016] http POST /session/api/v1/sessions/9d18d4c9-ac8d-4bf4-9354-b349de3a8f3c/stop status=204 elapsedMs=5384
2026-07-02 01:06:57,445 INFO o.a.j.p.j.s.J.Full charging journey with SSE: [electrahub-jmeter][full][016] stop requested session=9d18d4c9-ac8d-4bf4-9354-b349de3a8f3c
2026-07-02 01:06:57,446 INFO o.a.j.p.j.s.J.Full charging journey with SSE: [electrahub-jmeter][full][016] step=active sessions
2026-07-02 01:06:57,459 INFO o.a.j.p.j.s.J.Full charging journey with SSE: [electrahub-jmeter][full][015] http GET /session/api/v1/sessions/active status=200 elapsedMs=65
2026-07-02 01:06:57,460 INFO o.a.j.p.j.s.J.Full charging journey with SSE: [electrahub-jmeter][full][015] step=receipt
2026-07-02 01:06:57,521 INFO o.a.j.p.j.s.J.Full charging journey with SSE: [electrahub-jmeter][full][015] http GET /session/api/v1/sessions/e9c11e04-9f4c-46c5-8e15-da5470424b5e/receipt status=200 elapsedMs=60
2026-07-02 01:06:57,522 INFO o.a.j.p.j.s.J.Full charging journey with SSE: [electrahub-jmeter][full][015] step=session history
2026-07-02 01:06:57,526 INFO o.a.j.p.j.s.J.Full charging journey with SSE: [electrahub-jmeter][full][034] step=start charging attempt 16
2026-07-02 01:06:57,584 INFO o.a.j.p.j.s.J.Full charging journey with SSE: [electrahub-jmeter][full][015] http GET /session/api/v1/sessions/history?page=0&size=10 status=200 elapsedMs=61
2026-07-02 01:06:57,585 INFO o.a.j.p.j.s.J.Full charging journey with SSE: [electrahub-jmeter][full][015] step=dashboard stats
2026-07-02 01:06:57,592 INFO o.a.j.p.j.s.J.Full charging journey with SSE: [electrahub-jmeter][full][034] http POST /session/api/v1/sessions/start status=409 elapsedMs=66
2026-07-02 01:06:57,593 INFO o.a.j.p.j.s.J.Full charging journey with SSE: [electrahub-jmeter][full][034] start skipped EH-US-CHG-0049/CON-US-0049 HTTP 409; trying next connector
2026-07-02 01:06:57,632 INFO o.a.j.p.j.s.J.Full charging journey with SSE: [electrahub-jmeter][full][036] step=start charging attempt 5
2026-07-02 01:06:57,640 INFO o.a.j.p.j.s.J.Full charging journey with SSE: [electrahub-jmeter][full][015] http GET /session/api/v1/sessions/dashboard-stats status=200 elapsedMs=54
2026-07-02 01:06:57,641 INFO o.a.j.p.j.s.J.Full charging journey with SSE: [electrahub-jmeter][full][015] receipt ok session=e9c11e04-9f4c-46c5-8e15-da5470424b5e status=Completed total=1.867
2026-07-02 01:06:57,642 INFO o.a.j.t.JMeterThread: Thread is done: 100 driver charging journeys 1-15
2026-07-02 01:06:57,643 INFO o.a.j.t.JMeterThread: Thread finished: 100 driver charging journeys 1-15
2026-07-02 01:06:57,699 INFO o.a.j.p.j.s.J.Full charging journey with SSE: [electrahub-jmeter][full][036] http POST /session/api/v1/sessions/start status=409 elapsedMs=66
2026-07-02 01:06:57,700 INFO o.a.j.p.j.s.J.Full charging journey with SSE: [electrahub-jmeter][full][036] start skipped EH-US-CHG-0040/CON-US-0040 HTTP 409; trying next connector
2026-07-02 01:06:58,125 INFO o.a.j.p.j.s.J.Full charging journey with SSE: [electrahub-jmeter][full][035] step=start charging attempt 11
2026-07-02 01:06:58,190 INFO o.a.j.p.j.s.J.Full charging journey with SSE: [electrahub-jmeter][full][035] http POST /session/api/v1/sessions/start status=409 elapsedMs=64
2026-07-02 01:06:58,191 INFO o.a.j.p.j.s.J.Full charging journey with SSE: [electrahub-jmeter][full][035] start skipped EH-US-CHG-0045/CON-US-0045 HTTP 409; trying next connector
2026-07-02 01:06:58,364 INFO o.a.j.p.j.s.J.Full charging journey with SSE: [electrahub-jmeter][full][037] step=start charging attempt 2
2026-07-02 01:06:58,431 INFO o.a.j.p.j.s.J.Full charging journey with SSE: [electrahub-jmeter][full][037] http POST /session/api/v1/sessions/start status=409 elapsedMs=65
2026-07-02 01:06:58,431 INFO o.a.j.p.j.s.J.Full charging journey with SSE: [electrahub-jmeter][full][037] start skipped EH-US-CHG-0038/CON-US-0038 HTTP 409; trying next connector
2026-07-02 01:06:58,440 INFO o.a.j.p.j.s.J.Full charging journey with SSE: [electrahub-jmeter][full][016] http GET /session/api/v1/sessions/active status=200 elapsedMs=994
2026-07-02 01:06:58,594 INFO o.a.j.p.j.s.J.Full charging journey with SSE: [electrahub-jmeter][full][034] step=start charging attempt 17
2026-07-02 01:06:58,667 INFO o.a.j.p.j.s.J.Full charging journey with SSE: [electrahub-jmeter][full][034] http POST /session/api/v1/sessions/start status=409 elapsedMs=72
2026-07-02 01:06:58,668 INFO o.a.j.p.j.s.J.Full charging journey with SSE: [electrahub-jmeter][full][034] start skipped EH-US-CHG-0050/CON-US-0050 HTTP 409; trying next connector
2026-07-02 01:06:58,701 INFO o.a.j.p.j.s.J.Full charging journey with SSE: [electrahub-jmeter][full][036] step=start charging attempt 6
2026-07-02 01:06:58,783 INFO o.a.j.p.j.s.J.Full charging journey with SSE: [electrahub-jmeter][full][036] http POST /session/api/v1/sessions/start status=409 elapsedMs=81
2026-07-02 01:06:58,783 INFO o.a.j.p.j.s.J.Full charging journey with SSE: [electrahub-jmeter][full][036] start skipped EH-US-CHG-0041/CON-US-0041 HTTP 409; trying next connector
2026-07-02 01:06:59,191 INFO o.a.j.p.j.s.J.Full charging journey with SSE: [electrahub-jmeter][full][035] step=start charging attempt 12
2026-07-02 01:06:59,259 INFO o.a.j.p.j.s.J.Full charging journey with SSE: [electrahub-jmeter][full][035] http POST /session/api/v1/sessions/start status=409 elapsedMs=67
2026-07-02 01:06:59,260 INFO o.a.j.p.j.s.J.Full charging journey with SSE: [electrahub-jmeter][full][035] start skipped EH-US-CHG-0046/CON-US-0046 HTTP 409; trying next connector
2026-07-02 01:06:59,432 INFO o.a.j.p.j.s.J.Full charging journey with SSE: [electrahub-jmeter][full][037] step=start charging attempt 3
2026-07-02 01:06:59,451 INFO o.a.j.p.j.s.J.Full charging journey with SSE: [electrahub-jmeter][full][023] sse ok connected=1 snapshot=2 updates=23 receipts=0 heartbeats=0
2026-07-02 01:06:59,452 INFO o.a.j.p.j.s.J.Full charging journey with SSE: [electrahub-jmeter][full][023] holding session for 33s before stop
2026-07-02 01:06:59,534 INFO o.a.j.p.j.s.J.Full charging journey with SSE: [electrahub-jmeter][full][037] http POST /session/api/v1/sessions/start status=409 elapsedMs=100
2026-07-02 01:06:59,535 INFO o.a.j.p.j.s.J.Full charging journey with SSE: [electrahub-jmeter][full][037] start skipped EH-US-CHG-0039/CON-US-0039 HTTP 409; trying next connector
2026-07-02 01:06:59,668 INFO o.a.j.p.j.s.J.Full charging journey with SSE: [electrahub-jmeter][full][034] step=start charging attempt 18
2026-07-02 01:06:59,735 INFO o.a.j.p.j.s.J.Full charging journey with SSE: [electrahub-jmeter][full][034] http POST /session/api/v1/sessions/start status=409 elapsedMs=66
2026-07-02 01:06:59,736 INFO o.a.j.p.j.s.J.Full charging journey with SSE: [electrahub-jmeter][full][034] start skipped EH-US-CHG-0051/CON-US-0051 HTTP 409; trying next connector
2026-07-02 01:06:59,784 INFO o.a.j.p.j.s.J.Full charging journey with SSE: [electrahub-jmeter][full][036] step=start charging attempt 7
2026-07-02 01:06:59,850 INFO o.a.j.p.j.s.J.Full charging journey with SSE: [electrahub-jmeter][full][036] http POST /session/api/v1/sessions/start status=409 elapsedMs=65
2026-07-02 01:06:59,851 INFO o.a.j.p.j.s.J.Full charging journey with SSE: [electrahub-jmeter][full][036] start skipped EH-US-CHG-0042/CON-US-0042 HTTP 409; trying next connector
2026-07-02 01:07:00,022 INFO o.a.j.p.j.s.J.Full charging journey with SSE: [electrahub-jmeter][full][017] step=stop charging session
2026-07-02 01:07:00,261 INFO o.a.j.p.j.s.J.Full charging journey with SSE: [electrahub-jmeter][full][035] step=start charging attempt 13
2026-07-02 01:07:00,324 INFO o.a.j.p.j.s.J.Full charging journey with SSE: [electrahub-jmeter][full][035] http POST /session/api/v1/sessions/start status=409 elapsedMs=62
2026-07-02 01:07:00,325 INFO o.a.j.p.j.s.J.Full charging journey with SSE: [electrahub-jmeter][full][035] start skipped EH-US-CHG-0047/CON-US-0047 HTTP 409; trying next connector
2026-07-02 01:07:00,536 INFO o.a.j.p.j.s.J.Full charging journey with SSE: [electrahub-jmeter][full][037] step=start charging attempt 4
2026-07-02 01:07:00,610 INFO o.a.j.p.j.s.J.Full charging journey with SSE: [electrahub-jmeter][full][037] http POST /session/api/v1/sessions/start status=409 elapsedMs=73
2026-07-02 01:07:00,611 INFO o.a.j.p.j.s.J.Full charging journey with SSE: [electrahub-jmeter][full][037] start skipped EH-US-CHG-0040/CON-US-0040 HTTP 409; trying next connector
2026-07-02 01:07:00,737 INFO o.a.j.p.j.s.J.Full charging journey with SSE: [electrahub-jmeter][full][034] step=start charging attempt 19
2026-07-02 01:07:00,851 INFO o.a.j.p.j.s.J.Full charging journey with SSE: [electrahub-jmeter][full][036] step=start charging attempt 8
2026-07-02 01:07:00,927 INFO o.a.j.p.j.s.J.Full charging journey with SSE: [electrahub-jmeter][full][036] http POST /session/api/v1/sessions/start status=409 elapsedMs=73
2026-07-02 01:07:00,928 INFO o.a.j.p.j.s.J.Full charging journey with SSE: [electrahub-jmeter][full][036] start skipped EH-US-CHG-0043/CON-US-0043 HTTP 409; trying next connector
2026-07-02 01:07:01,326 INFO o.a.j.p.j.s.J.Full charging journey with SSE: [electrahub-jmeter][full][035] step=start charging attempt 14
2026-07-02 01:07:01,397 INFO o.a.j.p.j.s.J.Full charging journey with SSE: [electrahub-jmeter][full][035] http POST /session/api/v1/sessions/start status=409 elapsedMs=70
2026-07-02 01:07:01,398 INFO o.a.j.p.j.s.J.Full charging journey with SSE: [electrahub-jmeter][full][035] start skipped EH-US-CHG-0048/CON-US-0048 HTTP 409; trying next connector
2026-07-02 01:07:01,480 INFO o.a.j.p.j.s.J.Full charging journey with SSE: [electrahub-jmeter][full][034] http POST /session/api/v1/sessions/start status=201 elapsedMs=742
2026-07-02 01:07:01,480 INFO o.a.j.p.j.s.J.Full charging journey with SSE: [electrahub-jmeter][full][034] started session=20c80cf4-a3db-40cd-8c37-4a5d517f498f charger=EH-US-CHG-0052/CON-US-0052 status=PREPARING remote=Accepted attempt=19/100
2026-07-02 01:07:01,481 INFO o.a.j.p.j.s.J.Full charging journey with SSE: [electrahub-jmeter][full][034] step=active sessions
2026-07-02 01:07:01,612 INFO o.a.j.p.j.s.J.Full charging journey with SSE: [electrahub-jmeter][full][037] step=start charging attempt 5
2026-07-02 01:07:01,675 INFO o.a.j.p.j.s.J.Full charging journey with SSE: [electrahub-jmeter][full][037] http POST /session/api/v1/sessions/start status=409 elapsedMs=63
2026-07-02 01:07:01,676 INFO o.a.j.p.j.s.J.Full charging journey with SSE: [electrahub-jmeter][full][037] start skipped EH-US-CHG-0041/CON-US-0041 HTTP 409; trying next connector
2026-07-02 01:07:01,929 INFO o.a.j.p.j.s.J.Full charging journey with SSE: [electrahub-jmeter][full][036] step=start charging attempt 9
2026-07-02 01:07:01,997 INFO o.a.j.p.j.s.J.Full charging journey with SSE: [electrahub-jmeter][full][036] http POST /session/api/v1/sessions/start status=409 elapsedMs=66
2026-07-02 01:07:01,998 INFO o.a.j.p.j.s.J.Full charging journey with SSE: [electrahub-jmeter][full][036] start skipped EH-US-CHG-0044/CON-US-0044 HTTP 409; trying next connector
2026-07-02 01:07:02,374 INFO o.a.j.t.JMeterThread: Thread started: 100 driver charging journeys 1-38
2026-07-02 01:07:02,380 INFO o.a.j.p.j.s.J.Full charging journey with SSE: [electrahub-jmeter][full][038] step=register
2026-07-02 01:07:02,398 INFO o.a.j.p.j.s.J.Full charging journey with SSE: [electrahub-jmeter][full][035] step=start charging attempt 15
2026-07-02 01:07:02,482 INFO o.a.j.p.j.s.J.Full charging journey with SSE: [electrahub-jmeter][full][034] http GET /session/api/v1/sessions/active status=200 elapsedMs=1000
2026-07-02 01:07:02,508 INFO o.a.j.p.j.s.J.Full charging journey with SSE: [electrahub-jmeter][full][035] http POST /session/api/v1/sessions/start status=409 elapsedMs=72
2026-07-02 01:07:02,509 INFO o.a.j.p.j.s.J.Full charging journey with SSE: [electrahub-jmeter][full][035] start skipped EH-US-CHG-0049/CON-US-0049 HTTP 409; trying next connector
2026-07-02 01:07:02,599 INFO o.a.j.p.j.s.J.Full charging journey with SSE: [electrahub-jmeter][full][038] http POST /auth/api/auth/register status=200 elapsedMs=218
2026-07-02 01:07:02,600 INFO o.a.j.p.j.s.J.Full charging journey with SSE: [electrahub-jmeter][full][038] registered uid=613a41b7-6ce1-4414-9a4e-1ab6fcd34bcf
2026-07-02 01:07:02,608 INFO o.a.j.p.j.s.J.Full charging journey with SSE: [electrahub-jmeter][full][038] step=payment state before setup
2026-07-02 01:07:02,659 INFO o.a.j.p.j.s.J.Full charging journey with SSE: [electrahub-jmeter][full][038] http GET /payment/api/v1/payment/state status=451 elapsedMs=50
2026-07-02 01:07:02,660 INFO o.a.j.p.j.s.J.Full charging journey with SSE: [electrahub-jmeter][full][038] step=accept terms
2026-07-02 01:07:02,677 INFO o.a.j.p.j.s.J.Full charging journey with SSE: [electrahub-jmeter][full][037] step=start charging attempt 6
2026-07-02 01:07:02,715 INFO o.a.j.p.j.s.J.Full charging journey with SSE: [electrahub-jmeter][full][038] http POST /auth/api/terms/accept status=201 elapsedMs=54
2026-07-02 01:07:02,715 INFO o.a.j.p.j.s.J.Full charging journey with SSE: [electrahub-jmeter][full][038] accepted terms; refreshing token through login
2026-07-02 01:07:02,716 INFO o.a.j.p.j.s.J.Full charging journey with SSE: [electrahub-jmeter][full][038] step=login
2026-07-02 01:07:02,743 INFO o.a.j.p.j.s.J.Full charging journey with SSE: [electrahub-jmeter][full][037] http POST /session/api/v1/sessions/start status=409 elapsedMs=65
2026-07-02 01:07:02,744 INFO o.a.j.p.j.s.J.Full charging journey with SSE: [electrahub-jmeter][full][037] start skipped EH-US-CHG-0042/CON-US-0042 HTTP 409; trying next connector
2026-07-02 01:07:02,913 INFO o.a.j.p.j.s.J.Full charging journey with SSE: [electrahub-jmeter][full][038] http POST /auth/api/auth/login status=200 elapsedMs=196
2026-07-02 01:07:02,914 INFO o.a.j.p.j.s.J.Full charging journey with SSE: [electrahub-jmeter][full][038] logged in uid=613a41b7-6ce1-4414-9a4e-1ab6fcd34bcf
2026-07-02 01:07:02,915 INFO o.a.j.p.j.s.J.Full charging journey with SSE: [electrahub-jmeter][full][038] step=payment state after terms
2026-07-02 01:07:02,979 INFO o.a.j.p.j.s.J.Full charging journey with SSE: [electrahub-jmeter][full][038] http GET /payment/api/v1/payment/state status=200 elapsedMs=63
2026-07-02 01:07:02,980 INFO o.a.j.p.j.s.J.Full charging journey with SSE: [electrahub-jmeter][full][038] step=add card
2026-07-02 01:07:02,998 INFO o.a.j.p.j.s.J.Full charging journey with SSE: [electrahub-jmeter][full][036] step=start charging attempt 10
2026-07-02 01:07:03,037 INFO o.a.j.p.j.s.J.Full charging journey with SSE: [electrahub-jmeter][full][038] http POST /payment/api/v1/payment/cards status=201 elapsedMs=56
2026-07-02 01:07:03,038 INFO o.a.j.p.j.s.J.Full charging journey with SSE: [electrahub-jmeter][full][038] step=wallet topup
2026-07-02 01:07:03,072 INFO o.a.j.p.j.s.J.Full charging journey with SSE: [electrahub-jmeter][full][036] http POST /session/api/v1/sessions/start status=409 elapsedMs=73
2026-07-02 01:07:03,073 INFO o.a.j.p.j.s.J.Full charging journey with SSE: [electrahub-jmeter][full][036] start skipped EH-US-CHG-0045/CON-US-0045 HTTP 409; trying next connector
2026-07-02 01:07:03,094 INFO o.a.j.p.j.s.J.Full charging journey with SSE: [electrahub-jmeter][full][038] http POST /payment/api/v1/payment/wallet/topups status=201 elapsedMs=55
2026-07-02 01:07:03,095 INFO o.a.j.p.j.s.J.Full charging journey with SSE: [electrahub-jmeter][full][038] step=payment state after setup
2026-07-02 01:07:03,149 INFO o.a.j.p.j.s.J.Full charging journey with SSE: [electrahub-jmeter][full][038] http GET /payment/api/v1/payment/state status=200 elapsedMs=53
2026-07-02 01:07:03,150 INFO o.a.j.p.j.s.J.Full charging journey with SSE: [electrahub-jmeter][full][038] payment ready wallet=120.00
2026-07-02 01:07:03,150 INFO o.a.j.p.j.s.J.Full charging journey with SSE: [electrahub-jmeter][full][038] step=charger graphql list
2026-07-02 01:07:03,239 INFO o.a.j.p.j.s.J.Full charging journey with SSE: [electrahub-jmeter][full][038] http POST /charger/graphql status=200 elapsedMs=88
2026-07-02 01:07:03,240 INFO o.a.j.p.j.s.J.Full charging journey with SSE: [electrahub-jmeter][full][038] dynamic connector selection found no available connector; using CSV connector
2026-07-02 01:07:03,241 INFO o.a.j.p.j.s.J.Full charging journey with SSE: [electrahub-jmeter][full][038] step=charger graphql view
2026-07-02 01:07:03,306 INFO o.a.j.p.j.s.J.Full charging journey with SSE: [electrahub-jmeter][full][038] http POST /charger/graphql status=200 elapsedMs=64
2026-07-02 01:07:03,307 INFO o.a.j.p.j.s.J.Full charging journey with SSE: [electrahub-jmeter][full][038] step=payment state before start
2026-07-02 01:07:03,376 INFO o.a.j.p.j.s.J.Full charging journey with SSE: [electrahub-jmeter][full][038] http GET /payment/api/v1/payment/state status=200 elapsedMs=68
2026-07-02 01:07:03,379 INFO o.a.j.p.j.s.J.Full charging journey with SSE: [electrahub-jmeter][full][038] using connector csv fallback attempts=100 startIndex=38/100
2026-07-02 01:07:03,380 INFO o.a.j.p.j.s.J.Full charging journey with SSE: [electrahub-jmeter][full][038] step=start charging attempt 1
2026-07-02 01:07:03,441 INFO o.a.j.p.j.s.J.Full charging journey with SSE: [electrahub-jmeter][full][016] step=active sessions
2026-07-02 01:07:03,442 INFO o.a.j.p.j.s.J.Full charging journey with SSE: [electrahub-jmeter][full][038] http POST /session/api/v1/sessions/start status=409 elapsedMs=62
2026-07-02 01:07:03,443 INFO o.a.j.p.j.s.J.Full charging journey with SSE: [electrahub-jmeter][full][038] start skipped EH-US-CHG-0038/CON-US-0038 HTTP 409; trying next connector
2026-07-02 01:07:03,501 INFO o.a.j.p.j.s.J.Full charging journey with SSE: [electrahub-jmeter][full][017] http POST /session/api/v1/sessions/81315322-0867-4f38-9143-9f3b4869c84d/stop status=204 elapsedMs=3477
2026-07-02 01:07:03,501 INFO o.a.j.p.j.s.J.Full charging journey with SSE: [electrahub-jmeter][full][017] stop requested session=81315322-0867-4f38-9143-9f3b4869c84d
2026-07-02 01:07:03,502 INFO o.a.j.p.j.s.J.Full charging journey with SSE: [electrahub-jmeter][full][017] step=active sessions
2026-07-02 01:07:03,507 INFO o.a.j.p.j.s.J.Full charging journey with SSE: [electrahub-jmeter][full][016] http GET /session/api/v1/sessions/active status=200 elapsedMs=65
2026-07-02 01:07:03,508 INFO o.a.j.p.j.s.J.Full charging journey with SSE: [electrahub-jmeter][full][016] step=receipt
2026-07-02 01:07:03,510 INFO o.a.j.p.j.s.J.Full charging journey with SSE: [electrahub-jmeter][full][035] step=start charging attempt 16
2026-07-02 01:07:03,563 INFO o.a.j.p.j.s.J.Full charging journey with SSE: [electrahub-jmeter][full][016] http GET /session/api/v1/sessions/9d18d4c9-ac8d-4bf4-9354-b349de3a8f3c/receipt status=200 elapsedMs=54
2026-07-02 01:07:03,564 INFO o.a.j.p.j.s.J.Full charging journey with SSE: [electrahub-jmeter][full][016] step=session history
2026-07-02 01:07:03,584 INFO o.a.j.p.j.s.J.Full charging journey with SSE: [electrahub-jmeter][full][035] http POST /session/api/v1/sessions/start status=409 elapsedMs=74
2026-07-02 01:07:03,585 INFO o.a.j.p.j.s.J.Full charging journey with SSE: [electrahub-jmeter][full][035] start skipped EH-US-CHG-0050/CON-US-0050 HTTP 409; trying next connector
2026-07-02 01:07:03,618 INFO o.a.j.p.j.s.J.Full charging journey with SSE: [electrahub-jmeter][full][016] http GET /session/api/v1/sessions/history?page=0&size=10 status=200 elapsedMs=53
2026-07-02 01:07:03,619 INFO o.a.j.p.j.s.J.Full charging journey with SSE: [electrahub-jmeter][full][016] step=dashboard stats
2026-07-02 01:07:03,679 INFO o.a.j.p.j.s.J.Full charging journey with SSE: [electrahub-jmeter][full][016] http GET /session/api/v1/sessions/dashboard-stats status=200 elapsedMs=59
2026-07-02 01:07:03,680 INFO o.a.j.p.j.s.J.Full charging journey with SSE: [electrahub-jmeter][full][016] receipt ok session=9d18d4c9-ac8d-4bf4-9354-b349de3a8f3c status=Completed total=1.87
2026-07-02 01:07:03,682 INFO o.a.j.r.Summariser: summary +      4 in 00:00:29 =    0.1/s Avg: 125387 Min: 124098 Max: 127038 Err:     0 (0.00%) Active: 23 Started: 38 Finished: 15
2026-07-02 01:07:03,682 INFO o.a.j.r.Summariser: summary =     16 in 00:03:43 =    0.1/s Avg: 124890 Min: 120904 Max: 127055 Err:     0 (0.00%)
2026-07-02 01:07:03,683 INFO o.a.j.t.JMeterThread: Thread is done: 100 driver charging journeys 1-16
2026-07-02 01:07:03,683 INFO o.a.j.t.JMeterThread: Thread finished: 100 driver charging journeys 1-16
2026-07-02 01:07:03,745 INFO o.a.j.p.j.s.J.Full charging journey with SSE: [electrahub-jmeter][full][037] step=start charging attempt 7
2026-07-02 01:07:03,819 INFO o.a.j.p.j.s.J.Full charging journey with SSE: [electrahub-jmeter][full][037] http POST /session/api/v1/sessions/start status=409 elapsedMs=72
2026-07-02 01:07:03,819 INFO o.a.j.p.j.s.J.Full charging journey with SSE: [electrahub-jmeter][full][037] start skipped EH-US-CHG-0043/CON-US-0043 HTTP 409; trying next connector
2026-07-02 01:07:04,074 INFO o.a.j.p.j.s.J.Full charging journey with SSE: [electrahub-jmeter][full][036] step=start charging attempt 11
2026-07-02 01:07:04,144 INFO o.a.j.p.j.s.J.Full charging journey with SSE: [electrahub-jmeter][full][036] http POST /session/api/v1/sessions/start status=409 elapsedMs=69
2026-07-02 01:07:04,145 INFO o.a.j.p.j.s.J.Full charging journey with SSE: [electrahub-jmeter][full][036] start skipped EH-US-CHG-0046/CON-US-0046 HTTP 409; trying next connector
2026-07-02 01:07:04,443 INFO o.a.j.p.j.s.J.Full charging journey with SSE: [electrahub-jmeter][full][038] step=start charging attempt 2
2026-07-02 01:07:04,502 INFO o.a.j.p.j.s.J.Full charging journey with SSE: [electrahub-jmeter][full][017] http GET /session/api/v1/sessions/active status=200 elapsedMs=1000
2026-07-02 01:07:04,505 INFO o.a.j.p.j.s.J.Full charging journey with SSE: [electrahub-jmeter][full][024] sse ok connected=1 snapshot=2 updates=23 receipts=0 heartbeats=0
2026-07-02 01:07:04,506 INFO o.a.j.p.j.s.J.Full charging journey with SSE: [electrahub-jmeter][full][024] holding session for 34s before stop
2026-07-02 01:07:04,513 INFO o.a.j.p.j.s.J.Full charging journey with SSE: [electrahub-jmeter][full][038] http POST /session/api/v1/sessions/start status=409 elapsedMs=69
2026-07-02 01:07:04,514 INFO o.a.j.p.j.s.J.Full charging journey with SSE: [electrahub-jmeter][full][038] start skipped EH-US-CHG-0039/CON-US-0039 HTTP 409; trying next connector
2026-07-02 01:07:04,586 INFO o.a.j.p.j.s.J.Full charging journey with SSE: [electrahub-jmeter][full][035] step=start charging attempt 17
2026-07-02 01:07:04,648 INFO o.a.j.p.j.s.J.Full charging journey with SSE: [electrahub-jmeter][full][035] http POST /session/api/v1/sessions/start status=409 elapsedMs=61
2026-07-02 01:07:04,649 INFO o.a.j.p.j.s.J.Full charging journey with SSE: [electrahub-jmeter][full][035] start skipped EH-US-CHG-0051/CON-US-0051 HTTP 409; trying next connector
2026-07-02 01:07:04,820 INFO o.a.j.p.j.s.J.Full charging journey with SSE: [electrahub-jmeter][full][037] step=start charging attempt 8
2026-07-02 01:07:04,885 INFO o.a.j.p.j.s.J.Full charging journey with SSE: [electrahub-jmeter][full][037] http POST /session/api/v1/sessions/start status=409 elapsedMs=64
2026-07-02 01:07:04,886 INFO o.a.j.p.j.s.J.Full charging journey with SSE: [electrahub-jmeter][full][037] start skipped EH-US-CHG-0044/CON-US-0044 HTTP 409; trying next connector
2026-07-02 01:07:05,145 INFO o.a.j.p.j.s.J.Full charging journey with SSE: [electrahub-jmeter][full][036] step=start charging attempt 12
2026-07-02 01:07:05,209 INFO o.a.j.p.j.s.J.Full charging journey with SSE: [electrahub-jmeter][full][036] http POST /session/api/v1/sessions/start status=409 elapsedMs=62
2026-07-02 01:07:05,210 INFO o.a.j.p.j.s.J.Full charging journey with SSE: [electrahub-jmeter][full][036] start skipped EH-US-CHG-0047/CON-US-0047 HTTP 409; trying next connector
2026-07-02 01:07:05,515 INFO o.a.j.p.j.s.J.Full charging journey with SSE: [electrahub-jmeter][full][038] step=start charging attempt 3
2026-07-02 01:07:05,585 INFO o.a.j.p.j.s.J.Full charging journey with SSE: [electrahub-jmeter][full][038] http POST /session/api/v1/sessions/start status=409 elapsedMs=69
2026-07-02 01:07:05,586 INFO o.a.j.p.j.s.J.Full charging journey with SSE: [electrahub-jmeter][full][038] start skipped EH-US-CHG-0040/CON-US-0040 HTTP 409; trying next connector
2026-07-02 01:07:05,650 INFO o.a.j.p.j.s.J.Full charging journey with SSE: [electrahub-jmeter][full][035] step=start charging attempt 18
2026-07-02 01:07:05,720 INFO o.a.j.p.j.s.J.Full charging journey with SSE: [electrahub-jmeter][full][035] http POST /session/api/v1/sessions/start status=409 elapsedMs=69
2026-07-02 01:07:05,721 INFO o.a.j.p.j.s.J.Full charging journey with SSE: [electrahub-jmeter][full][035] start skipped EH-US-CHG-0052/CON-US-0052 HTTP 409; trying next connector
2026-07-02 01:07:05,887 INFO o.a.j.p.j.s.J.Full charging journey with SSE: [electrahub-jmeter][full][037] step=start charging attempt 9
2026-07-02 01:07:05,947 INFO o.a.j.p.j.s.J.Full charging journey with SSE: [electrahub-jmeter][full][037] http POST /session/api/v1/sessions/start status=409 elapsedMs=59
2026-07-02 01:07:05,948 INFO o.a.j.p.j.s.J.Full charging journey with SSE: [electrahub-jmeter][full][037] start skipped EH-US-CHG-0045/CON-US-0045 HTTP 409; trying next connector
2026-07-02 01:07:06,103 INFO o.a.j.p.j.s.J.Full charging journey with SSE: [electrahub-jmeter][full][018] step=stop charging session
2026-07-02 01:07:06,212 INFO o.a.j.p.j.s.J.Full charging journey with SSE: [electrahub-jmeter][full][036] step=start charging attempt 13
2026-07-02 01:07:06,273 INFO o.a.j.p.j.s.J.Full charging journey with SSE: [electrahub-jmeter][full][036] http POST /session/api/v1/sessions/start status=409 elapsedMs=60
2026-07-02 01:07:06,274 INFO o.a.j.p.j.s.J.Full charging journey with SSE: [electrahub-jmeter][full][036] start skipped EH-US-CHG-0048/CON-US-0048 HTTP 409; trying next connector
2026-07-02 01:07:06,586 INFO o.a.j.p.j.s.J.Full charging journey with SSE: [electrahub-jmeter][full][038] step=start charging attempt 4
2026-07-02 01:07:06,647 INFO o.a.j.p.j.s.J.Full charging journey with SSE: [electrahub-jmeter][full][038] http POST /session/api/v1/sessions/start status=409 elapsedMs=60
2026-07-02 01:07:06,648 INFO o.a.j.p.j.s.J.Full charging journey with SSE: [electrahub-jmeter][full][038] start skipped EH-US-CHG-0041/CON-US-0041 HTTP 409; trying next connector
2026-07-02 01:07:06,722 INFO o.a.j.p.j.s.J.Full charging journey with SSE: [electrahub-jmeter][full][035] step=start charging attempt 19
2026-07-02 01:07:06,949 INFO o.a.j.p.j.s.J.Full charging journey with SSE: [electrahub-jmeter][full][037] step=start charging attempt 10
2026-07-02 01:07:07,022 INFO o.a.j.p.j.s.J.Full charging journey with SSE: [electrahub-jmeter][full][037] http POST /session/api/v1/sessions/start status=409 elapsedMs=71
2026-07-02 01:07:07,022 INFO o.a.j.p.j.s.J.Full charging journey with SSE: [electrahub-jmeter][full][037] start skipped EH-US-CHG-0046/CON-US-0046 HTTP 409; trying next connector
2026-07-02 01:07:07,275 INFO o.a.j.p.j.s.J.Full charging journey with SSE: [electrahub-jmeter][full][036] step=start charging attempt 14
2026-07-02 01:07:07,340 INFO o.a.j.p.j.s.J.Full charging journey with SSE: [electrahub-jmeter][full][036] http POST /session/api/v1/sessions/start status=409 elapsedMs=64
2026-07-02 01:07:07,341 INFO o.a.j.p.j.s.J.Full charging journey with SSE: [electrahub-jmeter][full][036] start skipped EH-US-CHG-0049/CON-US-0049 HTTP 409; trying next connector
2026-07-02 01:07:07,540 INFO o.a.j.p.j.s.J.Full charging journey with SSE: [electrahub-jmeter][full][035] http POST /session/api/v1/sessions/start status=201 elapsedMs=817
2026-07-02 01:07:07,540 INFO o.a.j.p.j.s.J.Full charging journey with SSE: [electrahub-jmeter][full][035] started session=982296d5-004e-491c-b459-f4a114d69677 charger=EH-US-CHG-0053/CON-US-0053 status=PREPARING remote=Accepted attempt=19/100
2026-07-02 01:07:07,541 INFO o.a.j.p.j.s.J.Full charging journey with SSE: [electrahub-jmeter][full][035] step=active sessions
2026-07-02 01:07:07,649 INFO o.a.j.p.j.s.J.Full charging journey with SSE: [electrahub-jmeter][full][038] step=start charging attempt 5
2026-07-02 01:07:07,717 INFO o.a.j.p.j.s.J.Full charging journey with SSE: [electrahub-jmeter][full][038] http POST /session/api/v1/sessions/start status=409 elapsedMs=67
2026-07-02 01:07:07,718 INFO o.a.j.p.j.s.J.Full charging journey with SSE: [electrahub-jmeter][full][038] start skipped EH-US-CHG-0042/CON-US-0042 HTTP 409; trying next connector
2026-07-02 01:07:08,023 INFO o.a.j.p.j.s.J.Full charging journey with SSE: [electrahub-jmeter][full][037] step=start charging attempt 11
2026-07-02 01:07:08,097 INFO o.a.j.p.j.s.J.Full charging journey with SSE: [electrahub-jmeter][full][037] http POST /session/api/v1/sessions/start status=409 elapsedMs=73
2026-07-02 01:07:08,097 INFO o.a.j.p.j.s.J.Full charging journey with SSE: [electrahub-jmeter][full][037] start skipped EH-US-CHG-0047/CON-US-0047 HTTP 409; trying next connector
2026-07-02 01:07:08,342 INFO o.a.j.p.j.s.J.Full charging journey with SSE: [electrahub-jmeter][full][036] step=start charging attempt 15
2026-07-02 01:07:08,374 INFO o.a.j.t.JMeterThread: Thread started: 100 driver charging journeys 1-39
2026-07-02 01:07:08,380 INFO o.a.j.p.j.s.J.Full charging journey with SSE: [electrahub-jmeter][full][039] step=register
2026-07-02 01:07:08,411 INFO o.a.j.p.j.s.J.Full charging journey with SSE: [electrahub-jmeter][full][036] http POST /session/api/v1/sessions/start status=409 elapsedMs=68
2026-07-02 01:07:08,412 INFO o.a.j.p.j.s.J.Full charging journey with SSE: [electrahub-jmeter][full][036] start skipped EH-US-CHG-0050/CON-US-0050 HTTP 409; trying next connector
2026-07-02 01:07:08,544 INFO o.a.j.p.j.s.J.Full charging journey with SSE: [electrahub-jmeter][full][035] http GET /session/api/v1/sessions/active status=200 elapsedMs=1001
2026-07-02 01:07:08,610 INFO o.a.j.p.j.s.J.Full charging journey with SSE: [electrahub-jmeter][full][039] http POST /auth/api/auth/register status=200 elapsedMs=181
2026-07-02 01:07:08,611 INFO o.a.j.p.j.s.J.Full charging journey with SSE: [electrahub-jmeter][full][039] registered uid=d503a722-1252-4219-a699-5b9851b0c41b
2026-07-02 01:07:08,618 INFO o.a.j.p.j.s.J.Full charging journey with SSE: [electrahub-jmeter][full][039] step=payment state before setup
2026-07-02 01:07:08,670 INFO o.a.j.p.j.s.J.Full charging journey with SSE: [electrahub-jmeter][full][039] http GET /payment/api/v1/payment/state status=451 elapsedMs=51
2026-07-02 01:07:08,671 INFO o.a.j.p.j.s.J.Full charging journey with SSE: [electrahub-jmeter][full][039] step=accept terms
2026-07-02 01:07:08,719 INFO o.a.j.p.j.s.J.Full charging journey with SSE: [electrahub-jmeter][full][038] step=start charging attempt 6
2026-07-02 01:07:08,739 INFO o.a.j.p.j.s.J.Full charging journey with SSE: [electrahub-jmeter][full][039] http POST /auth/api/terms/accept status=201 elapsedMs=67
2026-07-02 01:07:08,741 INFO o.a.j.p.j.s.J.Full charging journey with SSE: [electrahub-jmeter][full][039] accepted terms; refreshing token through login
2026-07-02 01:07:08,741 INFO o.a.j.p.j.s.J.Full charging journey with SSE: [electrahub-jmeter][full][039] step=login
2026-07-02 01:07:08,792 INFO o.a.j.p.j.s.J.Full charging journey with SSE: [electrahub-jmeter][full][038] http POST /session/api/v1/sessions/start status=409 elapsedMs=72
2026-07-02 01:07:08,792 INFO o.a.j.p.j.s.J.Full charging journey with SSE: [electrahub-jmeter][full][038] start skipped EH-US-CHG-0043/CON-US-0043 HTTP 409; trying next connector
2026-07-02 01:07:08,895 INFO o.a.j.p.j.s.J.Full charging journey with SSE: [electrahub-jmeter][full][039] http POST /auth/api/auth/login status=200 elapsedMs=153
2026-07-02 01:07:08,896 INFO o.a.j.p.j.s.J.Full charging journey with SSE: [electrahub-jmeter][full][039] logged in uid=d503a722-1252-4219-a699-5b9851b0c41b
2026-07-02 01:07:08,897 INFO o.a.j.p.j.s.J.Full charging journey with SSE: [electrahub-jmeter][full][039] step=payment state after terms
2026-07-02 01:07:08,959 INFO o.a.j.p.j.s.J.Full charging journey with SSE: [electrahub-jmeter][full][039] http GET /payment/api/v1/payment/state status=200 elapsedMs=62
2026-07-02 01:07:08,959 INFO o.a.j.p.j.s.J.Full charging journey with SSE: [electrahub-jmeter][full][039] step=add card
2026-07-02 01:07:09,023 INFO o.a.j.p.j.s.J.Full charging journey with SSE: [electrahub-jmeter][full][039] http POST /payment/api/v1/payment/cards status=201 elapsedMs=63
2026-07-02 01:07:09,024 INFO o.a.j.p.j.s.J.Full charging journey with SSE: [electrahub-jmeter][full][039] step=wallet topup
2026-07-02 01:07:09,079 INFO o.a.j.p.j.s.J.Full charging journey with SSE: [electrahub-jmeter][full][039] http POST /payment/api/v1/payment/wallet/topups status=201 elapsedMs=54
2026-07-02 01:07:09,080 INFO o.a.j.p.j.s.J.Full charging journey with SSE: [electrahub-jmeter][full][039] step=payment state after setup
2026-07-02 01:07:09,098 INFO o.a.j.p.j.s.J.Full charging journey with SSE: [electrahub-jmeter][full][037] step=start charging attempt 12
2026-07-02 01:07:09,132 INFO o.a.j.p.j.s.J.Full charging journey with SSE: [electrahub-jmeter][full][039] http GET /payment/api/v1/payment/state status=200 elapsedMs=51
2026-07-02 01:07:09,133 INFO o.a.j.p.j.s.J.Full charging journey with SSE: [electrahub-jmeter][full][039] payment ready wallet=120.00
2026-07-02 01:07:09,133 INFO o.a.j.p.j.s.J.Full charging journey with SSE: [electrahub-jmeter][full][039] step=charger graphql list
2026-07-02 01:07:09,163 INFO o.a.j.p.j.s.J.Full charging journey with SSE: [electrahub-jmeter][full][037] http POST /session/api/v1/sessions/start status=409 elapsedMs=64
2026-07-02 01:07:09,164 INFO o.a.j.p.j.s.J.Full charging journey with SSE: [electrahub-jmeter][full][037] start skipped EH-US-CHG-0048/CON-US-0048 HTTP 409; trying next connector
2026-07-02 01:07:09,228 INFO o.a.j.p.j.s.J.Full charging journey with SSE: [electrahub-jmeter][full][039] http POST /charger/graphql status=200 elapsedMs=94
2026-07-02 01:07:09,229 INFO o.a.j.p.j.s.J.Full charging journey with SSE: [electrahub-jmeter][full][039] dynamic connector selection found no available connector; using CSV connector
2026-07-02 01:07:09,230 INFO o.a.j.p.j.s.J.Full charging journey with SSE: [electrahub-jmeter][full][039] step=charger graphql view
2026-07-02 01:07:09,300 INFO o.a.j.p.j.s.J.Full charging journey with SSE: [electrahub-jmeter][full][039] http POST /charger/graphql status=200 elapsedMs=69
2026-07-02 01:07:09,301 INFO o.a.j.p.j.s.J.Full charging journey with SSE: [electrahub-jmeter][full][039] step=payment state before start
2026-07-02 01:07:09,375 INFO o.a.j.p.j.s.J.Full charging journey with SSE: [electrahub-jmeter][full][039] http GET /payment/api/v1/payment/state status=200 elapsedMs=73
2026-07-02 01:07:09,378 INFO o.a.j.p.j.s.J.Full charging journey with SSE: [electrahub-jmeter][full][039] using connector csv fallback attempts=100 startIndex=39/100
2026-07-02 01:07:09,379 INFO o.a.j.p.j.s.J.Full charging journey with SSE: [electrahub-jmeter][full][039] step=start charging attempt 1
2026-07-02 01:07:09,413 INFO o.a.j.p.j.s.J.Full charging journey with SSE: [electrahub-jmeter][full][036] step=start charging attempt 16
2026-07-02 01:07:09,445 INFO o.a.j.p.j.s.J.Full charging journey with SSE: [electrahub-jmeter][full][039] http POST /session/api/v1/sessions/start status=409 elapsedMs=66
2026-07-02 01:07:09,446 INFO o.a.j.p.j.s.J.Full charging journey with SSE: [electrahub-jmeter][full][039] start skipped EH-US-CHG-0039/CON-US-0039 HTTP 409; trying next connector
2026-07-02 01:07:09,476 INFO o.a.j.p.j.s.J.Full charging journey with SSE: [electrahub-jmeter][full][036] http POST /session/api/v1/sessions/start status=409 elapsedMs=62
2026-07-02 01:07:09,477 INFO o.a.j.p.j.s.J.Full charging journey with SSE: [electrahub-jmeter][full][036] start skipped EH-US-CHG-0051/CON-US-0051 HTTP 409; trying next connector
2026-07-02 01:07:09,503 INFO o.a.j.p.j.s.J.Full charging journey with SSE: [electrahub-jmeter][full][017] step=active sessions
2026-07-02 01:07:09,568 INFO o.a.j.p.j.s.J.Full charging journey with SSE: [electrahub-jmeter][full][018] http POST /session/api/v1/sessions/38798132-131f-41ee-9df7-de3a32b21b1c/stop status=204 elapsedMs=3464
2026-07-02 01:07:09,569 INFO o.a.j.p.j.s.J.Full charging journey with SSE: [electrahub-jmeter][full][018] stop requested session=38798132-131f-41ee-9df7-de3a32b21b1c
2026-07-02 01:07:09,570 INFO o.a.j.p.j.s.J.Full charging journey with SSE: [electrahub-jmeter][full][018] step=active sessions
2026-07-02 01:07:09,570 INFO o.a.j.p.j.s.J.Full charging journey with SSE: [electrahub-jmeter][full][017] http GET /session/api/v1/sessions/active status=200 elapsedMs=67
2026-07-02 01:07:09,571 INFO o.a.j.p.j.s.J.Full charging journey with SSE: [electrahub-jmeter][full][017] step=receipt
2026-07-02 01:07:09,624 INFO o.a.j.p.j.s.J.Full charging journey with SSE: [electrahub-jmeter][full][017] http GET /session/api/v1/sessions/81315322-0867-4f38-9143-9f3b4869c84d/receipt status=200 elapsedMs=51
2026-07-02 01:07:09,624 INFO o.a.j.p.j.s.J.Full charging journey with SSE: [electrahub-jmeter][full][017] step=session history
2026-07-02 01:07:09,679 INFO o.a.j.p.j.s.J.Full charging journey with SSE: [electrahub-jmeter][full][017] http GET /session/api/v1/sessions/history?page=0&size=10 status=200 elapsedMs=54
2026-07-02 01:07:09,680 INFO o.a.j.p.j.s.J.Full charging journey with SSE: [electrahub-jmeter][full][017] step=dashboard stats
2026-07-02 01:07:09,736 INFO o.a.j.p.j.s.J.Full charging journey with SSE: [electrahub-jmeter][full][017] http GET /session/api/v1/sessions/dashboard-stats status=200 elapsedMs=56
2026-07-02 01:07:09,737 INFO o.a.j.p.j.s.J.Full charging journey with SSE: [electrahub-jmeter][full][017] receipt ok session=81315322-0867-4f38-9143-9f3b4869c84d status=Completed total=1.87
2026-07-02 01:07:09,738 INFO o.a.j.t.JMeterThread: Thread is done: 100 driver charging journeys 1-17
2026-07-02 01:07:09,739 INFO o.a.j.t.JMeterThread: Thread finished: 100 driver charging journeys 1-17
2026-07-02 01:07:09,793 INFO o.a.j.p.j.s.J.Full charging journey with SSE: [electrahub-jmeter][full][038] step=start charging attempt 7
2026-07-02 01:07:09,858 INFO o.a.j.p.j.s.J.Full charging journey with SSE: [electrahub-jmeter][full][038] http POST /session/api/v1/sessions/start status=409 elapsedMs=64
2026-07-02 01:07:09,859 INFO o.a.j.p.j.s.J.Full charging journey with SSE: [electrahub-jmeter][full][038] start skipped EH-US-CHG-0044/CON-US-0044 HTTP 409; trying next connector
2026-07-02 01:07:10,165 INFO o.a.j.p.j.s.J.Full charging journey with SSE: [electrahub-jmeter][full][037] step=start charging attempt 13
2026-07-02 01:07:10,231 INFO o.a.j.p.j.s.J.Full charging journey with SSE: [electrahub-jmeter][full][037] http POST /session/api/v1/sessions/start status=409 elapsedMs=65
2026-07-02 01:07:10,232 INFO o.a.j.p.j.s.J.Full charging journey with SSE: [electrahub-jmeter][full][037] start skipped EH-US-CHG-0049/CON-US-0049 HTTP 409; trying next connector
2026-07-02 01:07:10,446 INFO o.a.j.p.j.s.J.Full charging journey with SSE: [electrahub-jmeter][full][039] step=start charging attempt 2
2026-07-02 01:07:10,478 INFO o.a.j.p.j.s.J.Full charging journey with SSE: [electrahub-jmeter][full][036] step=start charging attempt 17
2026-07-02 01:07:10,509 INFO o.a.j.p.j.s.J.Full charging journey with SSE: [electrahub-jmeter][full][039] http POST /session/api/v1/sessions/start status=409 elapsedMs=61
2026-07-02 01:07:10,509 INFO o.a.j.p.j.s.J.Full charging journey with SSE: [electrahub-jmeter][full][039] start skipped EH-US-CHG-0040/CON-US-0040 HTTP 409; trying next connector
2026-07-02 01:07:10,544 INFO o.a.j.p.j.s.J.Full charging journey with SSE: [electrahub-jmeter][full][036] http POST /session/api/v1/sessions/start status=409 elapsedMs=65
2026-07-02 01:07:10,545 INFO o.a.j.p.j.s.J.Full charging journey with SSE: [electrahub-jmeter][full][036] start skipped EH-US-CHG-0052/CON-US-0052 HTTP 409; trying next connector
2026-07-02 01:07:10,560 INFO o.a.j.p.j.s.J.Full charging journey with SSE: [electrahub-jmeter][full][018] http GET /session/api/v1/sessions/active status=200 elapsedMs=990
2026-07-02 01:07:10,562 INFO o.a.j.p.j.s.J.Full charging journey with SSE: [electrahub-jmeter][full][025] sse ok connected=1 snapshot=2 updates=23 receipts=0 heartbeats=0
2026-07-02 01:07:10,563 INFO o.a.j.p.j.s.J.Full charging journey with SSE: [electrahub-jmeter][full][025] holding session for 34s before stop
2026-07-02 01:07:10,860 INFO o.a.j.p.j.s.J.Full charging journey with SSE: [electrahub-jmeter][full][038] step=start charging attempt 8
2026-07-02 01:07:10,933 INFO o.a.j.p.j.s.J.Full charging journey with SSE: [electrahub-jmeter][full][038] http POST /session/api/v1/sessions/start status=409 elapsedMs=72
2026-07-02 01:07:10,934 INFO o.a.j.p.j.s.J.Full charging journey with SSE: [electrahub-jmeter][full][038] start skipped EH-US-CHG-0045/CON-US-0045 HTTP 409; trying next connector
2026-07-02 01:07:11,205 INFO o.a.j.p.j.s.J.Full charging journey with SSE: [electrahub-jmeter][full][019] step=stop charging session
2026-07-02 01:07:11,233 INFO o.a.j.p.j.s.J.Full charging journey with SSE: [electrahub-jmeter][full][037] step=start charging attempt 14
2026-07-02 01:07:11,297 INFO o.a.j.p.j.s.J.Full charging journey with SSE: [electrahub-jmeter][full][037] http POST /session/api/v1/sessions/start status=409 elapsedMs=63
2026-07-02 01:07:11,298 INFO o.a.j.p.j.s.J.Full charging journey with SSE: [electrahub-jmeter][full][037] start skipped EH-US-CHG-0050/CON-US-0050 HTTP 409; trying next connector
2026-07-02 01:07:11,510 INFO o.a.j.p.j.s.J.Full charging journey with SSE: [electrahub-jmeter][full][039] step=start charging attempt 3
2026-07-02 01:07:11,546 INFO o.a.j.p.j.s.J.Full charging journey with SSE: [electrahub-jmeter][full][036] step=start charging attempt 18
2026-07-02 01:07:11,587 INFO o.a.j.p.j.s.J.Full charging journey with SSE: [electrahub-jmeter][full][039] http POST /session/api/v1/sessions/start status=409 elapsedMs=76
2026-07-02 01:07:11,588 INFO o.a.j.p.j.s.J.Full charging journey with SSE: [electrahub-jmeter][full][039] start skipped EH-US-CHG-0041/CON-US-0041 HTTP 409; trying next connector
2026-07-02 01:07:11,615 INFO o.a.j.p.j.s.J.Full charging journey with SSE: [electrahub-jmeter][full][036] http POST /session/api/v1/sessions/start status=409 elapsedMs=67
2026-07-02 01:07:11,618 INFO o.a.j.p.j.s.J.Full charging journey with SSE: [electrahub-jmeter][full][036] start skipped EH-US-CHG-0053/CON-US-0053 HTTP 409; trying next connector
2026-07-02 01:07:11,934 INFO o.a.j.p.j.s.J.Full charging journey with SSE: [electrahub-jmeter][full][038] step=start charging attempt 9
2026-07-02 01:07:12,007 INFO o.a.j.p.j.s.J.Full charging journey with SSE: [electrahub-jmeter][full][038] http POST /session/api/v1/sessions/start status=409 elapsedMs=72
2026-07-02 01:07:12,008 INFO o.a.j.p.j.s.J.Full charging journey with SSE: [electrahub-jmeter][full][038] start skipped EH-US-CHG-0046/CON-US-0046 HTTP 409; trying next connector
2026-07-02 01:07:12,299 INFO o.a.j.p.j.s.J.Full charging journey with SSE: [electrahub-jmeter][full][037] step=start charging attempt 15
2026-07-02 01:07:12,359 INFO o.a.j.p.j.s.J.Full charging journey with SSE: [electrahub-jmeter][full][037] http POST /session/api/v1/sessions/start status=409 elapsedMs=59
2026-07-02 01:07:12,360 INFO o.a.j.p.j.s.J.Full charging journey with SSE: [electrahub-jmeter][full][037] start skipped EH-US-CHG-0051/CON-US-0051 HTTP 409; trying next connector
2026-07-02 01:07:12,589 INFO o.a.j.p.j.s.J.Full charging journey with SSE: [electrahub-jmeter][full][039] step=start charging attempt 4
2026-07-02 01:07:12,619 INFO o.a.j.p.j.s.J.Full charging journey with SSE: [electrahub-jmeter][full][036] step=start charging attempt 19
2026-07-02 01:07:12,653 INFO o.a.j.p.j.s.J.Full charging journey with SSE: [electrahub-jmeter][full][039] http POST /session/api/v1/sessions/start status=409 elapsedMs=63
2026-07-02 01:07:12,654 INFO o.a.j.p.j.s.J.Full charging journey with SSE: [electrahub-jmeter][full][039] start skipped EH-US-CHG-0042/CON-US-0042 HTTP 409; trying next connector
2026-07-02 01:07:13,008 INFO o.a.j.p.j.s.J.Full charging journey with SSE: [electrahub-jmeter][full][038] step=start charging attempt 10
2026-07-02 01:07:13,078 INFO o.a.j.p.j.s.J.Full charging journey with SSE: [electrahub-jmeter][full][038] http POST /session/api/v1/sessions/start status=409 elapsedMs=68
2026-07-02 01:07:13,079 INFO o.a.j.p.j.s.J.Full charging journey with SSE: [electrahub-jmeter][full][038] start skipped EH-US-CHG-0047/CON-US-0047 HTTP 409; trying next connector
2026-07-02 01:07:13,361 INFO o.a.j.p.j.s.J.Full charging journey with SSE: [electrahub-jmeter][full][037] step=start charging attempt 16
2026-07-02 01:07:13,425 INFO o.a.j.p.j.s.J.Full charging journey with SSE: [electrahub-jmeter][full][037] http POST /session/api/v1/sessions/start status=409 elapsedMs=63
2026-07-02 01:07:13,426 INFO o.a.j.p.j.s.J.Full charging journey with SSE: [electrahub-jmeter][full][037] start skipped EH-US-CHG-0052/CON-US-0052 HTTP 409; trying next connector
2026-07-02 01:07:13,593 INFO o.a.j.p.j.s.J.Full charging journey with SSE: [electrahub-jmeter][full][036] http POST /session/api/v1/sessions/start status=201 elapsedMs=973
2026-07-02 01:07:13,594 INFO o.a.j.p.j.s.J.Full charging journey with SSE: [electrahub-jmeter][full][036] started session=6096520a-64b7-4e93-9e25-7103b531d444 charger=EH-US-CHG-0054/CON-US-0054 status=PREPARING remote=Accepted attempt=19/100
2026-07-02 01:07:13,595 INFO o.a.j.p.j.s.J.Full charging journey with SSE: [electrahub-jmeter][full][036] step=active sessions
2026-07-02 01:07:13,655 INFO o.a.j.p.j.s.J.Full charging journey with SSE: [electrahub-jmeter][full][039] step=start charging attempt 5
2026-07-02 01:07:13,724 INFO o.a.j.p.j.s.J.Full charging journey with SSE: [electrahub-jmeter][full][039] http POST /session/api/v1/sessions/start status=409 elapsedMs=68
2026-07-02 01:07:13,725 INFO o.a.j.p.j.s.J.Full charging journey with SSE: [electrahub-jmeter][full][039] start skipped EH-US-CHG-0043/CON-US-0043 HTTP 409; trying next connector
2026-07-02 01:07:14,080 INFO o.a.j.p.j.s.J.Full charging journey with SSE: [electrahub-jmeter][full][038] step=start charging attempt 11
2026-07-02 01:07:14,145 INFO o.a.j.p.j.s.J.Full charging journey with SSE: [electrahub-jmeter][full][038] http POST /session/api/v1/sessions/start status=409 elapsedMs=64
2026-07-02 01:07:14,146 INFO o.a.j.p.j.s.J.Full charging journey with SSE: [electrahub-jmeter][full][038] start skipped EH-US-CHG-0048/CON-US-0048 HTTP 409; trying next connector
2026-07-02 01:07:14,374 INFO o.a.j.t.JMeterThread: Thread started: 100 driver charging journeys 1-40
2026-07-02 01:07:14,382 INFO o.a.j.p.j.s.J.Full charging journey with SSE: [electrahub-jmeter][full][040] step=register
2026-07-02 01:07:14,427 INFO o.a.j.p.j.s.J.Full charging journey with SSE: [electrahub-jmeter][full][037] step=start charging attempt 17
2026-07-02 01:07:14,548 INFO o.a.j.p.j.s.J.Full charging journey with SSE: [electrahub-jmeter][full][040] http POST /auth/api/auth/register status=200 elapsedMs=164
2026-07-02 01:07:14,549 INFO o.a.j.p.j.s.J.Full charging journey with SSE: [electrahub-jmeter][full][040] registered uid=3d6b51b8-14b3-43a4-90f6-178c407a135c
2026-07-02 01:07:14,549 INFO o.a.j.p.j.s.J.Full charging journey with SSE: [electrahub-jmeter][full][037] http POST /session/api/v1/sessions/start status=409 elapsedMs=83
2026-07-02 01:07:14,550 INFO o.a.j.p.j.s.J.Full charging journey with SSE: [electrahub-jmeter][full][037] start skipped EH-US-CHG-0053/CON-US-0053 HTTP 409; trying next connector
2026-07-02 01:07:14,557 INFO o.a.j.p.j.s.J.Full charging journey with SSE: [electrahub-jmeter][full][040] step=payment state before setup
2026-07-02 01:07:14,601 INFO o.a.j.p.j.s.J.Full charging journey with SSE: [electrahub-jmeter][full][036] http GET /session/api/v1/sessions/active status=200 elapsedMs=1006
2026-07-02 01:07:14,606 INFO o.a.j.p.j.s.J.Full charging journey with SSE: [electrahub-jmeter][full][019] http POST /session/api/v1/sessions/5946e555-6ce4-4510-b395-f07639a3982c/stop status=204 elapsedMs=3400
2026-07-02 01:07:14,607 INFO o.a.j.p.j.s.J.Full charging journey with SSE: [electrahub-jmeter][full][019] stop requested session=5946e555-6ce4-4510-b395-f07639a3982c
2026-07-02 01:07:14,607 INFO o.a.j.p.j.s.J.Full charging journey with SSE: [electrahub-jmeter][full][019] step=active sessions
2026-07-02 01:07:14,611 INFO o.a.j.p.j.s.J.Full charging journey with SSE: [electrahub-jmeter][full][040] http GET /payment/api/v1/payment/state status=451 elapsedMs=53
2026-07-02 01:07:14,612 INFO o.a.j.p.j.s.J.Full charging journey with SSE: [electrahub-jmeter][full][040] step=accept terms
2026-07-02 01:07:14,672 INFO o.a.j.p.j.s.J.Full charging journey with SSE: [electrahub-jmeter][full][040] http POST /auth/api/terms/accept status=201 elapsedMs=59
2026-07-02 01:07:14,672 INFO o.a.j.p.j.s.J.Full charging journey with SSE: [electrahub-jmeter][full][040] accepted terms; refreshing token through login
2026-07-02 01:07:14,673 INFO o.a.j.p.j.s.J.Full charging journey with SSE: [electrahub-jmeter][full][040] step=login
2026-07-02 01:07:14,726 INFO o.a.j.p.j.s.J.Full charging journey with SSE: [electrahub-jmeter][full][039] step=start charging attempt 6
2026-07-02 01:07:14,788 INFO o.a.j.p.j.s.J.Full charging journey with SSE: [electrahub-jmeter][full][039] http POST /session/api/v1/sessions/start status=409 elapsedMs=61
2026-07-02 01:07:14,789 INFO o.a.j.p.j.s.J.Full charging journey with SSE: [electrahub-jmeter][full][039] start skipped EH-US-CHG-0044/CON-US-0044 HTTP 409; trying next connector
2026-07-02 01:07:14,827 INFO o.a.j.p.j.s.J.Full charging journey with SSE: [electrahub-jmeter][full][040] http POST /auth/api/auth/login status=200 elapsedMs=153
2026-07-02 01:07:14,828 INFO o.a.j.p.j.s.J.Full charging journey with SSE: [electrahub-jmeter][full][040] logged in uid=3d6b51b8-14b3-43a4-90f6-178c407a135c
2026-07-02 01:07:14,829 INFO o.a.j.p.j.s.J.Full charging journey with SSE: [electrahub-jmeter][full][040] step=payment state after terms
2026-07-02 01:07:14,893 INFO o.a.j.p.j.s.J.Full charging journey with SSE: [electrahub-jmeter][full][040] http GET /payment/api/v1/payment/state status=200 elapsedMs=63
2026-07-02 01:07:14,894 INFO o.a.j.p.j.s.J.Full charging journey with SSE: [electrahub-jmeter][full][040] step=add card
2026-07-02 01:07:14,957 INFO o.a.j.p.j.s.J.Full charging journey with SSE: [electrahub-jmeter][full][040] http POST /payment/api/v1/payment/cards status=201 elapsedMs=63
2026-07-02 01:07:14,957 INFO o.a.j.p.j.s.J.Full charging journey with SSE: [electrahub-jmeter][full][040] step=wallet topup
2026-07-02 01:07:15,021 INFO o.a.j.p.j.s.J.Full charging journey with SSE: [electrahub-jmeter][full][040] http POST /payment/api/v1/payment/wallet/topups status=201 elapsedMs=63
2026-07-02 01:07:15,022 INFO o.a.j.p.j.s.J.Full charging journey with SSE: [electrahub-jmeter][full][040] step=payment state after setup
2026-07-02 01:07:15,077 INFO o.a.j.p.j.s.J.Full charging journey with SSE: [electrahub-jmeter][full][040] http GET /payment/api/v1/payment/state status=200 elapsedMs=54
2026-07-02 01:07:15,079 INFO o.a.j.p.j.s.J.Full charging journey with SSE: [electrahub-jmeter][full][040] payment ready wallet=120.00
2026-07-02 01:07:15,079 INFO o.a.j.p.j.s.J.Full charging journey with SSE: [electrahub-jmeter][full][040] step=charger graphql list
2026-07-02 01:07:15,146 INFO o.a.j.p.j.s.J.Full charging journey with SSE: [electrahub-jmeter][full][038] step=start charging attempt 12
2026-07-02 01:07:15,163 INFO o.a.j.p.j.s.J.Full charging journey with SSE: [electrahub-jmeter][full][040] http POST /charger/graphql status=200 elapsedMs=83
2026-07-02 01:07:15,164 INFO o.a.j.p.j.s.J.Full charging journey with SSE: [electrahub-jmeter][full][040] dynamic connector selection found no available connector; using CSV connector
2026-07-02 01:07:15,164 INFO o.a.j.p.j.s.J.Full charging journey with SSE: [electrahub-jmeter][full][040] step=charger graphql view
2026-07-02 01:07:15,213 INFO o.a.j.p.j.s.J.Full charging journey with SSE: [electrahub-jmeter][full][038] http POST /session/api/v1/sessions/start status=409 elapsedMs=65
2026-07-02 01:07:15,214 INFO o.a.j.p.j.s.J.Full charging journey with SSE: [electrahub-jmeter][full][038] start skipped EH-US-CHG-0049/CON-US-0049 HTTP 409; trying next connector
2026-07-02 01:07:15,234 INFO o.a.j.p.j.s.J.Full charging journey with SSE: [electrahub-jmeter][full][040] http POST /charger/graphql status=200 elapsedMs=69
2026-07-02 01:07:15,234 INFO o.a.j.p.j.s.J.Full charging journey with SSE: [electrahub-jmeter][full][040] step=payment state before start
2026-07-02 01:07:15,285 INFO o.a.j.p.j.s.J.Full charging journey with SSE: [electrahub-jmeter][full][040] http GET /payment/api/v1/payment/state status=200 elapsedMs=50
2026-07-02 01:07:15,288 INFO o.a.j.p.j.s.J.Full charging journey with SSE: [electrahub-jmeter][full][040] using connector csv fallback attempts=100 startIndex=40/100
2026-07-02 01:07:15,289 INFO o.a.j.p.j.s.J.Full charging journey with SSE: [electrahub-jmeter][full][040] step=start charging attempt 1
2026-07-02 01:07:15,354 INFO o.a.j.p.j.s.J.Full charging journey with SSE: [electrahub-jmeter][full][040] http POST /session/api/v1/sessions/start status=409 elapsedMs=63
2026-07-02 01:07:15,355 INFO o.a.j.p.j.s.J.Full charging journey with SSE: [electrahub-jmeter][full][040] start skipped EH-US-CHG-0040/CON-US-0040 HTTP 409; trying next connector
2026-07-02 01:07:15,551 INFO o.a.j.p.j.s.J.Full charging journey with SSE: [electrahub-jmeter][full][037] step=start charging attempt 18
2026-07-02 01:07:15,561 INFO o.a.j.p.j.s.J.Full charging journey with SSE: [electrahub-jmeter][full][018] step=active sessions
2026-07-02 01:07:15,620 INFO o.a.j.p.j.s.J.Full charging journey with SSE: [electrahub-jmeter][full][019] http GET /session/api/v1/sessions/active status=200 elapsedMs=1012
2026-07-02 01:07:15,620 INFO o.a.j.p.j.s.J.Full charging journey with SSE: [electrahub-jmeter][full][037] http POST /session/api/v1/sessions/start status=409 elapsedMs=68
2026-07-02 01:07:15,621 INFO o.a.j.p.j.s.J.Full charging journey with SSE: [electrahub-jmeter][full][026] sse ok connected=1 snapshot=2 updates=23 receipts=0 heartbeats=0
2026-07-02 01:07:15,621 INFO o.a.j.p.j.s.J.Full charging journey with SSE: [electrahub-jmeter][full][037] start skipped EH-US-CHG-0054/CON-US-0054 HTTP 409; trying next connector
2026-07-02 01:07:15,622 INFO o.a.j.p.j.s.J.Full charging journey with SSE: [electrahub-jmeter][full][026] holding session for 37s before stop
2026-07-02 01:07:15,624 INFO o.a.j.p.j.s.J.Full charging journey with SSE: [electrahub-jmeter][full][018] http GET /session/api/v1/sessions/active status=200 elapsedMs=62
2026-07-02 01:07:15,625 INFO o.a.j.p.j.s.J.Full charging journey with SSE: [electrahub-jmeter][full][018] step=receipt
2026-07-02 01:07:15,693 INFO o.a.j.p.j.s.J.Full charging journey with SSE: [electrahub-jmeter][full][018] http GET /session/api/v1/sessions/38798132-131f-41ee-9df7-de3a32b21b1c/receipt status=200 elapsedMs=67
2026-07-02 01:07:15,693 INFO o.a.j.p.j.s.J.Full charging journey with SSE: [electrahub-jmeter][full][018] step=session history
2026-07-02 01:07:15,781 INFO o.a.j.p.j.s.J.Full charging journey with SSE: [electrahub-jmeter][full][018] http GET /session/api/v1/sessions/history?page=0&size=10 status=200 elapsedMs=87
2026-07-02 01:07:15,782 INFO o.a.j.p.j.s.J.Full charging journey with SSE: [electrahub-jmeter][full][018] step=dashboard stats
2026-07-02 01:07:15,790 INFO o.a.j.p.j.s.J.Full charging journey with SSE: [electrahub-jmeter][full][039] step=start charging attempt 7
2026-07-02 01:07:15,854 INFO o.a.j.p.j.s.J.Full charging journey with SSE: [electrahub-jmeter][full][039] http POST /session/api/v1/sessions/start status=409 elapsedMs=63
2026-07-02 01:07:15,855 INFO o.a.j.p.j.s.J.Full charging journey with SSE: [electrahub-jmeter][full][039] start skipped EH-US-CHG-0045/CON-US-0045 HTTP 409; trying next connector
2026-07-02 01:07:15,878 INFO o.a.j.p.j.s.J.Full charging journey with SSE: [electrahub-jmeter][full][018] http GET /session/api/v1/sessions/dashboard-stats status=200 elapsedMs=94
2026-07-02 01:07:15,879 INFO o.a.j.p.j.s.J.Full charging journey with SSE: [electrahub-jmeter][full][018] receipt ok session=38798132-131f-41ee-9df7-de3a32b21b1c status=Completed total=1.8685
2026-07-02 01:07:15,879 INFO o.a.j.t.JMeterThread: Thread is done: 100 driver charging journeys 1-18
2026-07-02 01:07:15,880 INFO o.a.j.t.JMeterThread: Thread finished: 100 driver charging journeys 1-18
2026-07-02 01:07:16,215 INFO o.a.j.p.j.s.J.Full charging journey with SSE: [electrahub-jmeter][full][038] step=start charging attempt 13
2026-07-02 01:07:16,276 INFO o.a.j.p.j.s.J.Full charging journey with SSE: [electrahub-jmeter][full][038] http POST /session/api/v1/sessions/start status=409 elapsedMs=60
2026-07-02 01:07:16,277 INFO o.a.j.p.j.s.J.Full charging journey with SSE: [electrahub-jmeter][full][038] start skipped EH-US-CHG-0050/CON-US-0050 HTTP 409; trying next connector
2026-07-02 01:07:16,355 INFO o.a.j.p.j.s.J.Full charging journey with SSE: [electrahub-jmeter][full][040] step=start charging attempt 2
2026-07-02 01:07:16,460 INFO o.a.j.p.j.s.J.Full charging journey with SSE: [electrahub-jmeter][full][040] http POST /session/api/v1/sessions/start status=409 elapsedMs=104
2026-07-02 01:07:16,460 INFO o.a.j.p.j.s.J.Full charging journey with SSE: [electrahub-jmeter][full][040] start skipped EH-US-CHG-0041/CON-US-0041 HTTP 409; trying next connector
2026-07-02 01:07:16,623 INFO o.a.j.p.j.s.J.Full charging journey with SSE: [electrahub-jmeter][full][037] step=start charging attempt 19
2026-07-02 01:07:16,856 INFO o.a.j.p.j.s.J.Full charging journey with SSE: [electrahub-jmeter][full][039] step=start charging attempt 8
2026-07-02 01:07:16,932 INFO o.a.j.p.j.s.J.Full charging journey with SSE: [electrahub-jmeter][full][039] http POST /session/api/v1/sessions/start status=409 elapsedMs=73
2026-07-02 01:07:16,933 INFO o.a.j.p.j.s.J.Full charging journey with SSE: [electrahub-jmeter][full][039] start skipped EH-US-CHG-0046/CON-US-0046 HTTP 409; trying next connector
2026-07-02 01:07:17,264 INFO o.a.j.p.j.s.J.Full charging journey with SSE: [electrahub-jmeter][full][020] step=stop charging session
2026-07-02 01:07:17,278 INFO o.a.j.p.j.s.J.Full charging journey with SSE: [electrahub-jmeter][full][038] step=start charging attempt 14
2026-07-02 01:07:17,344 INFO o.a.j.p.j.s.J.Full charging journey with SSE: [electrahub-jmeter][full][038] http POST /session/api/v1/sessions/start status=409 elapsedMs=65
2026-07-02 01:07:17,345 INFO o.a.j.p.j.s.J.Full charging journey with SSE: [electrahub-jmeter][full][038] start skipped EH-US-CHG-0051/CON-US-0051 HTTP 409; trying next connector
2026-07-02 01:07:17,461 INFO o.a.j.p.j.s.J.Full charging journey with SSE: [electrahub-jmeter][full][040] step=start charging attempt 3
2026-07-02 01:07:17,544 INFO o.a.j.p.j.s.J.Full charging journey with SSE: [electrahub-jmeter][full][040] http POST /session/api/v1/sessions/start status=409 elapsedMs=82
2026-07-02 01:07:17,545 INFO o.a.j.p.j.s.J.Full charging journey with SSE: [electrahub-jmeter][full][040] start skipped EH-US-CHG-0042/CON-US-0042 HTTP 409; trying next connector
2026-07-02 01:07:17,633 INFO o.a.j.p.j.s.J.Full charging journey with SSE: [electrahub-jmeter][full][037] http POST /session/api/v1/sessions/start status=201 elapsedMs=1009
2026-07-02 01:07:17,634 INFO o.a.j.p.j.s.J.Full charging journey with SSE: [electrahub-jmeter][full][037] started session=163b6486-fa8e-4d42-9f2e-26c1108cd06b charger=EH-US-CHG-0055/CON-US-0055 status=PREPARING remote=Accepted attempt=19/100
2026-07-02 01:07:17,634 INFO o.a.j.p.j.s.J.Full charging journey with SSE: [electrahub-jmeter][full][037] step=active sessions
2026-07-02 01:07:17,933 INFO o.a.j.p.j.s.J.Full charging journey with SSE: [electrahub-jmeter][full][039] step=start charging attempt 9
2026-07-02 01:07:18,005 INFO o.a.j.p.j.s.J.Full charging journey with SSE: [electrahub-jmeter][full][039] http POST /session/api/v1/sessions/start status=409 elapsedMs=70
2026-07-02 01:07:18,005 INFO o.a.j.p.j.s.J.Full charging journey with SSE: [electrahub-jmeter][full][039] start skipped EH-US-CHG-0047/CON-US-0047 HTTP 409; trying next connector
2026-07-02 01:07:18,346 INFO o.a.j.p.j.s.J.Full charging journey with SSE: [electrahub-jmeter][full][038] step=start charging attempt 15
2026-07-02 01:07:18,414 INFO o.a.j.p.j.s.J.Full charging journey with SSE: [electrahub-jmeter][full][038] http POST /session/api/v1/sessions/start status=409 elapsedMs=67
2026-07-02 01:07:18,415 INFO o.a.j.p.j.s.J.Full charging journey with SSE: [electrahub-jmeter][full][038] start skipped EH-US-CHG-0052/CON-US-0052 HTTP 409; trying next connector
2026-07-02 01:07:18,546 INFO o.a.j.p.j.s.J.Full charging journey with SSE: [electrahub-jmeter][full][040] step=start charging attempt 4
2026-07-02 01:07:18,614 INFO o.a.j.p.j.s.J.Full charging journey with SSE: [electrahub-jmeter][full][040] http POST /session/api/v1/sessions/start status=409 elapsedMs=67
2026-07-02 01:07:18,615 INFO o.a.j.p.j.s.J.Full charging journey with SSE: [electrahub-jmeter][full][040] start skipped EH-US-CHG-0043/CON-US-0043 HTTP 409; trying next connector
2026-07-02 01:07:18,636 INFO o.a.j.p.j.s.J.Full charging journey with SSE: [electrahub-jmeter][full][037] http GET /session/api/v1/sessions/active status=200 elapsedMs=1001
2026-07-02 01:07:19,007 INFO o.a.j.p.j.s.J.Full charging journey with SSE: [electrahub-jmeter][full][039] step=start charging attempt 10
2026-07-02 01:07:19,077 INFO o.a.j.p.j.s.J.Full charging journey with SSE: [electrahub-jmeter][full][039] http POST /session/api/v1/sessions/start status=409 elapsedMs=69
2026-07-02 01:07:19,078 INFO o.a.j.p.j.s.J.Full charging journey with SSE: [electrahub-jmeter][full][039] start skipped EH-US-CHG-0048/CON-US-0048 HTTP 409; trying next connector
2026-07-02 01:07:19,416 INFO o.a.j.p.j.s.J.Full charging journey with SSE: [electrahub-jmeter][full][038] step=start charging attempt 16
2026-07-02 01:07:19,490 INFO o.a.j.p.j.s.J.Full charging journey with SSE: [electrahub-jmeter][full][038] http POST /session/api/v1/sessions/start status=409 elapsedMs=72
2026-07-02 01:07:19,491 INFO o.a.j.p.j.s.J.Full charging journey with SSE: [electrahub-jmeter][full][038] start skipped EH-US-CHG-0053/CON-US-0053 HTTP 409; trying next connector
2026-07-02 01:07:19,617 INFO o.a.j.p.j.s.J.Full charging journey with SSE: [electrahub-jmeter][full][040] step=start charging attempt 5
2026-07-02 01:07:19,705 INFO o.a.j.p.j.s.J.Full charging journey with SSE: [electrahub-jmeter][full][040] http POST /session/api/v1/sessions/start status=409 elapsedMs=87
2026-07-02 01:07:19,706 INFO o.a.j.p.j.s.J.Full charging journey with SSE: [electrahub-jmeter][full][040] start skipped EH-US-CHG-0044/CON-US-0044 HTTP 409; trying next connector
2026-07-02 01:07:20,079 INFO o.a.j.p.j.s.J.Full charging journey with SSE: [electrahub-jmeter][full][039] step=start charging attempt 11
2026-07-02 01:07:20,144 INFO o.a.j.p.j.s.J.Full charging journey with SSE: [electrahub-jmeter][full][039] http POST /session/api/v1/sessions/start status=409 elapsedMs=64
2026-07-02 01:07:20,145 INFO o.a.j.p.j.s.J.Full charging journey with SSE: [electrahub-jmeter][full][039] start skipped EH-US-CHG-0049/CON-US-0049 HTTP 409; trying next connector
2026-07-02 01:07:20,375 INFO o.a.j.t.JMeterThread: Thread started: 100 driver charging journeys 1-41
2026-07-02 01:07:20,380 INFO o.a.j.p.j.s.J.Full charging journey with SSE: [electrahub-jmeter][full][041] step=register
2026-07-02 01:07:20,492 INFO o.a.j.p.j.s.J.Full charging journey with SSE: [electrahub-jmeter][full][038] step=start charging attempt 17
2026-07-02 01:07:20,612 INFO o.a.j.p.j.s.J.Full charging journey with SSE: [electrahub-jmeter][full][041] http POST /auth/api/auth/register status=200 elapsedMs=231
2026-07-02 01:07:20,613 INFO o.a.j.p.j.s.J.Full charging journey with SSE: [electrahub-jmeter][full][041] registered uid=a4744d09-1b00-4c48-8fac-aa6581d75fcf
2026-07-02 01:07:20,614 INFO o.a.j.p.j.s.J.Full charging journey with SSE: [electrahub-jmeter][full][038] http POST /session/api/v1/sessions/start status=409 elapsedMs=77
2026-07-02 01:07:20,614 INFO o.a.j.p.j.s.J.Full charging journey with SSE: [electrahub-jmeter][full][038] start skipped EH-US-CHG-0054/CON-US-0054 HTTP 409; trying next connector
2026-07-02 01:07:20,621 INFO o.a.j.p.j.s.J.Full charging journey with SSE: [electrahub-jmeter][full][019] step=active sessions
2026-07-02 01:07:20,621 INFO o.a.j.p.j.s.J.Full charging journey with SSE: [electrahub-jmeter][full][041] step=payment state before setup
2026-07-02 01:07:20,653 INFO o.a.j.p.j.s.J.Full charging journey with SSE: [electrahub-jmeter][full][020] http POST /session/api/v1/sessions/f8122ca8-4f24-446e-a35c-cf5a641d27fb/stop status=204 elapsedMs=3388
2026-07-02 01:07:20,654 INFO o.a.j.p.j.s.J.Full charging journey with SSE: [electrahub-jmeter][full][027] sse ok connected=1 snapshot=2 updates=25 receipts=0 heartbeats=0
2026-07-02 01:07:20,654 INFO o.a.j.p.j.s.J.Full charging journey with SSE: [electrahub-jmeter][full][020] stop requested session=f8122ca8-4f24-446e-a35c-cf5a641d27fb
2026-07-02 01:07:20,655 INFO o.a.j.p.j.s.J.Full charging journey with SSE: [electrahub-jmeter][full][027] holding session for 36s before stop
2026-07-02 01:07:20,655 INFO o.a.j.p.j.s.J.Full charging journey with SSE: [electrahub-jmeter][full][020] step=active sessions
2026-07-02 01:07:20,681 INFO o.a.j.p.j.s.J.Full charging journey with SSE: [electrahub-jmeter][full][041] http GET /payment/api/v1/payment/state status=451 elapsedMs=59
2026-07-02 01:07:20,682 INFO o.a.j.p.j.s.J.Full charging journey with SSE: [electrahub-jmeter][full][041] step=accept terms
2026-07-02 01:07:20,686 INFO o.a.j.p.j.s.J.Full charging journey with SSE: [electrahub-jmeter][full][019] http GET /session/api/v1/sessions/active status=200 elapsedMs=65
2026-07-02 01:07:20,687 INFO o.a.j.p.j.s.J.Full charging journey with SSE: [electrahub-jmeter][full][019] step=receipt
2026-07-02 01:07:20,707 INFO o.a.j.p.j.s.J.Full charging journey with SSE: [electrahub-jmeter][full][040] step=start charging attempt 6
2026-07-02 01:07:20,743 INFO o.a.j.p.j.s.J.Full charging journey with SSE: [electrahub-jmeter][full][041] http POST /auth/api/terms/accept status=201 elapsedMs=61
2026-07-02 01:07:20,743 INFO o.a.j.p.j.s.J.Full charging journey with SSE: [electrahub-jmeter][full][019] http GET /session/api/v1/sessions/5946e555-6ce4-4510-b395-f07639a3982c/receipt status=200 elapsedMs=56
2026-07-02 01:07:20,744 INFO o.a.j.p.j.s.J.Full charging journey with SSE: [electrahub-jmeter][full][041] accepted terms; refreshing token through login
2026-07-02 01:07:20,744 INFO o.a.j.p.j.s.J.Full charging journey with SSE: [electrahub-jmeter][full][019] step=session history
2026-07-02 01:07:20,745 INFO o.a.j.p.j.s.J.Full charging journey with SSE: [electrahub-jmeter][full][041] step=login
2026-07-02 01:07:20,807 INFO o.a.j.p.j.s.J.Full charging journey with SSE: [electrahub-jmeter][full][019] http GET /session/api/v1/sessions/history?page=0&size=10 status=200 elapsedMs=61
2026-07-02 01:07:20,808 INFO o.a.j.p.j.s.J.Full charging journey with SSE: [electrahub-jmeter][full][019] step=dashboard stats
2026-07-02 01:07:20,819 INFO o.a.j.p.j.s.J.Full charging journey with SSE: [electrahub-jmeter][full][040] http POST /session/api/v1/sessions/start status=409 elapsedMs=72
2026-07-02 01:07:20,820 INFO o.a.j.p.j.s.J.Full charging journey with SSE: [electrahub-jmeter][full][040] start skipped EH-US-CHG-0045/CON-US-0045 HTTP 409; trying next connector
2026-07-02 01:07:20,870 INFO o.a.j.p.j.s.J.Full charging journey with SSE: [electrahub-jmeter][full][019] http GET /session/api/v1/sessions/dashboard-stats status=200 elapsedMs=61
2026-07-02 01:07:20,871 INFO o.a.j.p.j.s.J.Full charging journey with SSE: [electrahub-jmeter][full][019] receipt ok session=5946e555-6ce4-4510-b395-f07639a3982c status=Completed total=1.8618
2026-07-02 01:07:20,872 INFO o.a.j.t.JMeterThread: Thread is done: 100 driver charging journeys 1-19
2026-07-02 01:07:20,873 INFO o.a.j.t.JMeterThread: Thread finished: 100 driver charging journeys 1-19
2026-07-02 01:07:20,911 INFO o.a.j.p.j.s.J.Full charging journey with SSE: [electrahub-jmeter][full][041] http POST /auth/api/auth/login status=200 elapsedMs=165
2026-07-02 01:07:20,912 INFO o.a.j.p.j.s.J.Full charging journey with SSE: [electrahub-jmeter][full][041] logged in uid=a4744d09-1b00-4c48-8fac-aa6581d75fcf
2026-07-02 01:07:20,912 INFO o.a.j.p.j.s.J.Full charging journey with SSE: [electrahub-jmeter][full][041] step=payment state after terms
2026-07-02 01:07:20,978 INFO o.a.j.p.j.s.J.Full charging journey with SSE: [electrahub-jmeter][full][041] http GET /payment/api/v1/payment/state status=200 elapsedMs=65
2026-07-02 01:07:20,979 INFO o.a.j.p.j.s.J.Full charging journey with SSE: [electrahub-jmeter][full][041] step=add card
2026-07-02 01:07:21,040 INFO o.a.j.p.j.s.J.Full charging journey with SSE: [electrahub-jmeter][full][041] http POST /payment/api/v1/payment/cards status=201 elapsedMs=61
2026-07-02 01:07:21,040 INFO o.a.j.p.j.s.J.Full charging journey with SSE: [electrahub-jmeter][full][041] step=wallet topup
2026-07-02 01:07:21,099 INFO o.a.j.p.j.s.J.Full charging journey with SSE: [electrahub-jmeter][full][041] http POST /payment/api/v1/payment/wallet/topups status=201 elapsedMs=58
2026-07-02 01:07:21,099 INFO o.a.j.p.j.s.J.Full charging journey with SSE: [electrahub-jmeter][full][041] step=payment state after setup
2026-07-02 01:07:21,146 INFO o.a.j.p.j.s.J.Full charging journey with SSE: [electrahub-jmeter][full][039] step=start charging attempt 12
2026-07-02 01:07:21,158 INFO o.a.j.p.j.s.J.Full charging journey with SSE: [electrahub-jmeter][full][041] http GET /payment/api/v1/payment/state status=200 elapsedMs=58
2026-07-02 01:07:21,159 INFO o.a.j.p.j.s.J.Full charging journey with SSE: [electrahub-jmeter][full][041] payment ready wallet=120.00
2026-07-02 01:07:21,159 INFO o.a.j.p.j.s.J.Full charging journey with SSE: [electrahub-jmeter][full][041] step=charger graphql list
2026-07-02 01:07:21,213 INFO o.a.j.p.j.s.J.Full charging journey with SSE: [electrahub-jmeter][full][039] http POST /session/api/v1/sessions/start status=409 elapsedMs=66
2026-07-02 01:07:21,214 INFO o.a.j.p.j.s.J.Full charging journey with SSE: [electrahub-jmeter][full][039] start skipped EH-US-CHG-0050/CON-US-0050 HTTP 409; trying next connector
2026-07-02 01:07:21,250 INFO o.a.j.p.j.s.J.Full charging journey with SSE: [electrahub-jmeter][full][041] http POST /charger/graphql status=200 elapsedMs=90
2026-07-02 01:07:21,251 INFO o.a.j.p.j.s.J.Full charging journey with SSE: [electrahub-jmeter][full][041] dynamic connector selection found no available connector; using CSV connector
2026-07-02 01:07:21,252 INFO o.a.j.p.j.s.J.Full charging journey with SSE: [electrahub-jmeter][full][041] step=charger graphql view
2026-07-02 01:07:21,321 INFO o.a.j.p.j.s.J.Full charging journey with SSE: [electrahub-jmeter][full][041] http POST /charger/graphql status=200 elapsedMs=69
2026-07-02 01:07:21,322 INFO o.a.j.p.j.s.J.Full charging journey with SSE: [electrahub-jmeter][full][041] step=payment state before start
2026-07-02 01:07:21,382 INFO o.a.j.p.j.s.J.Full charging journey with SSE: [electrahub-jmeter][full][041] http GET /payment/api/v1/payment/state status=200 elapsedMs=60
2026-07-02 01:07:21,386 INFO o.a.j.p.j.s.J.Full charging journey with SSE: [electrahub-jmeter][full][041] using connector csv fallback attempts=100 startIndex=41/100
2026-07-02 01:07:21,387 INFO o.a.j.p.j.s.J.Full charging journey with SSE: [electrahub-jmeter][full][041] step=start charging attempt 1
2026-07-02 01:07:21,448 INFO o.a.j.p.j.s.J.Full charging journey with SSE: [electrahub-jmeter][full][041] http POST /session/api/v1/sessions/start status=409 elapsedMs=59
2026-07-02 01:07:21,448 INFO o.a.j.p.j.s.J.Full charging journey with SSE: [electrahub-jmeter][full][041] start skipped EH-US-CHG-0041/CON-US-0041 HTTP 409; trying next connector
2026-07-02 01:07:21,615 INFO o.a.j.p.j.s.J.Full charging journey with SSE: [electrahub-jmeter][full][038] step=start charging attempt 18
2026-07-02 01:07:21,671 INFO o.a.j.p.j.s.J.Full charging journey with SSE: [electrahub-jmeter][full][020] http GET /session/api/v1/sessions/active status=200 elapsedMs=1015
2026-07-02 01:07:21,694 INFO o.a.j.p.j.s.J.Full charging journey with SSE: [electrahub-jmeter][full][038] http POST /session/api/v1/sessions/start status=409 elapsedMs=78
2026-07-02 01:07:21,695 INFO o.a.j.p.j.s.J.Full charging journey with SSE: [electrahub-jmeter][full][038] start skipped EH-US-CHG-0055/CON-US-0055 HTTP 409; trying next connector
2026-07-02 01:07:21,820 INFO o.a.j.p.j.s.J.Full charging journey with SSE: [electrahub-jmeter][full][040] step=start charging attempt 7
2026-07-02 01:07:21,893 INFO o.a.j.p.j.s.J.Full charging journey with SSE: [electrahub-jmeter][full][040] http POST /session/api/v1/sessions/start status=409 elapsedMs=72
2026-07-02 01:07:21,894 INFO o.a.j.p.j.s.J.Full charging journey with SSE: [electrahub-jmeter][full][040] start skipped EH-US-CHG-0046/CON-US-0046 HTTP 409; trying next connector
2026-07-02 01:07:22,215 INFO o.a.j.p.j.s.J.Full charging journey with SSE: [electrahub-jmeter][full][039] step=start charging attempt 13
2026-07-02 01:07:22,286 INFO o.a.j.p.j.s.J.Full charging journey with SSE: [electrahub-jmeter][full][039] http POST /session/api/v1/sessions/start status=409 elapsedMs=70
2026-07-02 01:07:22,287 INFO o.a.j.p.j.s.J.Full charging journey with SSE: [electrahub-jmeter][full][039] start skipped EH-US-CHG-0051/CON-US-0051 HTTP 409; trying next connector
2026-07-02 01:07:22,309 INFO o.a.j.p.j.s.J.Full charging journey with SSE: [electrahub-jmeter][full][021] step=stop charging session
2026-07-02 01:07:22,449 INFO o.a.j.p.j.s.J.Full charging journey with SSE: [electrahub-jmeter][full][041] step=start charging attempt 2
2026-07-02 01:07:22,513 INFO o.a.j.p.j.s.J.Full charging journey with SSE: [electrahub-jmeter][full][041] http POST /session/api/v1/sessions/start status=409 elapsedMs=63
2026-07-02 01:07:22,514 INFO o.a.j.p.j.s.J.Full charging journey with SSE: [electrahub-jmeter][full][041] start skipped EH-US-CHG-0042/CON-US-0042 HTTP 409; trying next connector
2026-07-02 01:07:22,697 INFO o.a.j.p.j.s.J.Full charging journey with SSE: [electrahub-jmeter][full][038] step=start charging attempt 19
2026-07-02 01:07:22,894 INFO o.a.j.p.j.s.J.Full charging journey with SSE: [electrahub-jmeter][full][040] step=start charging attempt 8
2026-07-02 01:07:22,966 INFO o.a.j.p.j.s.J.Full charging journey with SSE: [electrahub-jmeter][full][040] http POST /session/api/v1/sessions/start status=409 elapsedMs=71
2026-07-02 01:07:22,967 INFO o.a.j.p.j.s.J.Full charging journey with SSE: [electrahub-jmeter][full][040] start skipped EH-US-CHG-0047/CON-US-0047 HTTP 409; trying next connector
2026-07-02 01:07:23,288 INFO o.a.j.p.j.s.J.Full charging journey with SSE: [electrahub-jmeter][full][039] step=start charging attempt 14
2026-07-02 01:07:23,353 INFO o.a.j.p.j.s.J.Full charging journey with SSE: [electrahub-jmeter][full][039] http POST /session/api/v1/sessions/start status=409 elapsedMs=64
2026-07-02 01:07:23,354 INFO o.a.j.p.j.s.J.Full charging journey with SSE: [electrahub-jmeter][full][039] start skipped EH-US-CHG-0052/CON-US-0052 HTTP 409; trying next connector
2026-07-02 01:07:23,514 INFO o.a.j.p.j.s.J.Full charging journey with SSE: [electrahub-jmeter][full][041] step=start charging attempt 3
2026-07-02 01:07:23,581 INFO o.a.j.p.j.s.J.Full charging journey with SSE: [electrahub-jmeter][full][041] http POST /session/api/v1/sessions/start status=409 elapsedMs=66
2026-07-02 01:07:23,582 INFO o.a.j.p.j.s.J.Full charging journey with SSE: [electrahub-jmeter][full][041] start skipped EH-US-CHG-0043/CON-US-0043 HTTP 409; trying next connector
2026-07-02 01:07:23,681 INFO o.a.j.p.j.s.J.Full charging journey with SSE: [electrahub-jmeter][full][038] http POST /session/api/v1/sessions/start status=201 elapsedMs=983
2026-07-02 01:07:23,681 INFO o.a.j.p.j.s.J.Full charging journey with SSE: [electrahub-jmeter][full][038] started session=9e952ae0-57dc-4732-a72e-670afe8a3e4b charger=EH-US-CHG-0056/CON-US-0056 status=PREPARING remote=Accepted attempt=19/100
2026-07-02 01:07:23,682 INFO o.a.j.p.j.s.J.Full charging journey with SSE: [electrahub-jmeter][full][038] step=active sessions
2026-07-02 01:07:23,967 INFO o.a.j.p.j.s.J.Full charging journey with SSE: [electrahub-jmeter][full][040] step=start charging attempt 9
2026-07-02 01:07:25,152 INFO o.a.j.p.j.s.J.Full charging journey with SSE: [electrahub-jmeter][full][040] http POST /session/api/v1/sessions/start status=409 elapsedMs=1183
2026-07-02 01:07:25,152 INFO o.a.j.p.j.s.J.Full charging journey with SSE: [electrahub-jmeter][full][040] start skipped EH-US-CHG-0048/CON-US-0048 HTTP 409; trying next connector
2026-07-02 01:07:27,036 INFO o.a.j.p.j.s.J.Full charging journey with SSE: [electrahub-jmeter][full][039] step=start charging attempt 15
2026-07-02 01:07:27,106 INFO o.a.j.p.j.s.J.Full charging journey with SSE: [electrahub-jmeter][full][039] http POST /session/api/v1/sessions/start status=409 elapsedMs=69
2026-07-02 01:07:27,107 INFO o.a.j.p.j.s.J.Full charging journey with SSE: [electrahub-jmeter][full][039] start skipped EH-US-CHG-0053/CON-US-0053 HTTP 409; trying next connector
2026-07-02 01:07:27,265 INFO o.a.j.p.j.s.J.Full charging journey with SSE: [electrahub-jmeter][full][041] step=start charging attempt 4
2026-07-02 01:07:27,330 INFO o.a.j.p.j.s.J.Full charging journey with SSE: [electrahub-jmeter][full][041] http POST /session/api/v1/sessions/start status=409 elapsedMs=64
2026-07-02 01:07:27,330 INFO o.a.j.p.j.s.J.Full charging journey with SSE: [electrahub-jmeter][full][041] start skipped EH-US-CHG-0044/CON-US-0044 HTTP 409; trying next connector
2026-07-02 01:07:27,370 INFO o.a.j.p.j.s.J.Full charging journey with SSE: [electrahub-jmeter][full][038] http GET /session/api/v1/sessions/active status=200 elapsedMs=3687
2026-07-02 01:07:27,609 INFO o.a.j.t.JMeterThread: Thread started: 100 driver charging journeys 1-42
2026-07-02 01:07:27,614 INFO o.a.j.p.j.s.J.Full charging journey with SSE: [electrahub-jmeter][full][042] step=register
2026-07-02 01:07:27,727 INFO o.a.j.p.j.s.J.Full charging journey with SSE: [electrahub-jmeter][full][040] step=start charging attempt 10
2026-07-02 01:07:27,799 INFO o.a.j.p.j.s.J.Full charging journey with SSE: [electrahub-jmeter][full][042] http POST /auth/api/auth/register status=200 elapsedMs=184
2026-07-02 01:07:27,800 INFO o.a.j.p.j.s.J.Full charging journey with SSE: [electrahub-jmeter][full][042] registered uid=0d08bb22-f8a4-4049-8ac0-37851446ac37
2026-07-02 01:07:27,808 INFO o.a.j.p.j.s.J.Full charging journey with SSE: [electrahub-jmeter][full][042] step=payment state before setup
2026-07-02 01:07:27,859 INFO o.a.j.p.j.s.J.Full charging journey with SSE: [electrahub-jmeter][full][040] http POST /session/api/v1/sessions/start status=409 elapsedMs=81
2026-07-02 01:07:27,860 INFO o.a.j.p.j.s.J.Full charging journey with SSE: [electrahub-jmeter][full][040] start skipped EH-US-CHG-0049/CON-US-0049 HTTP 409; trying next connector
2026-07-02 01:07:27,863 INFO o.a.j.p.j.s.J.Full charging journey with SSE: [electrahub-jmeter][full][042] http GET /payment/api/v1/payment/state status=451 elapsedMs=54
2026-07-02 01:07:27,863 INFO o.a.j.p.j.s.J.Full charging journey with SSE: [electrahub-jmeter][full][042] step=accept terms
2026-07-02 01:07:27,934 INFO o.a.j.p.j.s.J.Full charging journey with SSE: [electrahub-jmeter][full][042] http POST /auth/api/terms/accept status=201 elapsedMs=70
2026-07-02 01:07:27,935 INFO o.a.j.p.j.s.J.Full charging journey with SSE: [electrahub-jmeter][full][042] accepted terms; refreshing token through login
2026-07-02 01:07:27,936 INFO o.a.j.p.j.s.J.Full charging journey with SSE: [electrahub-jmeter][full][042] step=login
2026-07-02 01:07:28,089 INFO o.a.j.p.j.s.J.Full charging journey with SSE: [electrahub-jmeter][full][042] http POST /auth/api/auth/login status=200 elapsedMs=153
2026-07-02 01:07:28,090 INFO o.a.j.p.j.s.J.Full charging journey with SSE: [electrahub-jmeter][full][042] logged in uid=0d08bb22-f8a4-4049-8ac0-37851446ac37
2026-07-02 01:07:28,090 INFO o.a.j.p.j.s.J.Full charging journey with SSE: [electrahub-jmeter][full][042] step=payment state after terms
2026-07-02 01:07:28,108 INFO o.a.j.p.j.s.J.Full charging journey with SSE: [electrahub-jmeter][full][039] step=start charging attempt 16
2026-07-02 01:07:28,157 INFO o.a.j.p.j.s.J.Full charging journey with SSE: [electrahub-jmeter][full][042] http GET /payment/api/v1/payment/state status=200 elapsedMs=66
2026-07-02 01:07:28,158 INFO o.a.j.p.j.s.J.Full charging journey with SSE: [electrahub-jmeter][full][042] step=add card
2026-07-02 01:07:28,176 INFO o.a.j.p.j.s.J.Full charging journey with SSE: [electrahub-jmeter][full][039] http POST /session/api/v1/sessions/start status=409 elapsedMs=67
2026-07-02 01:07:28,177 INFO o.a.j.p.j.s.J.Full charging journey with SSE: [electrahub-jmeter][full][039] start skipped EH-US-CHG-0054/CON-US-0054 HTTP 409; trying next connector
2026-07-02 01:07:28,217 INFO o.a.j.p.j.s.J.Full charging journey with SSE: [electrahub-jmeter][full][042] http POST /payment/api/v1/payment/cards status=201 elapsedMs=58
2026-07-02 01:07:28,218 INFO o.a.j.p.j.s.J.Full charging journey with SSE: [electrahub-jmeter][full][042] step=wallet topup
2026-07-02 01:07:28,287 INFO o.a.j.p.j.s.J.Full charging journey with SSE: [electrahub-jmeter][full][042] http POST /payment/api/v1/payment/wallet/topups status=201 elapsedMs=68
2026-07-02 01:07:28,288 INFO o.a.j.p.j.s.J.Full charging journey with SSE: [electrahub-jmeter][full][042] step=payment state after setup
2026-07-02 01:07:28,331 INFO o.a.j.p.j.s.J.Full charging journey with SSE: [electrahub-jmeter][full][041] step=start charging attempt 5
2026-07-02 01:07:28,343 INFO o.a.j.p.j.s.J.Full charging journey with SSE: [electrahub-jmeter][full][042] http GET /payment/api/v1/payment/state status=200 elapsedMs=55
2026-07-02 01:07:28,343 INFO o.a.j.p.j.s.J.Full charging journey with SSE: [electrahub-jmeter][full][042] payment ready wallet=120.00
2026-07-02 01:07:28,344 INFO o.a.j.p.j.s.J.Full charging journey with SSE: [electrahub-jmeter][full][042] step=charger graphql list
2026-07-02 01:07:28,382 INFO o.a.j.p.j.s.J.Full charging journey with SSE: [electrahub-jmeter][full][021] http POST /session/api/v1/sessions/7acebbb7-e8c0-41c8-8312-c22e2b699e10/stop status=204 elapsedMs=6072
2026-07-02 01:07:28,383 INFO o.a.j.p.j.s.J.Full charging journey with SSE: [electrahub-jmeter][full][021] stop requested session=7acebbb7-e8c0-41c8-8312-c22e2b699e10
2026-07-02 01:07:28,383 INFO o.a.j.p.j.s.J.Full charging journey with SSE: [electrahub-jmeter][full][021] step=active sessions
2026-07-02 01:07:28,421 INFO o.a.j.p.j.s.J.Full charging journey with SSE: [electrahub-jmeter][full][041] http POST /session/api/v1/sessions/start status=409 elapsedMs=89
2026-07-02 01:07:28,422 INFO o.a.j.p.j.s.J.Full charging journey with SSE: [electrahub-jmeter][full][041] start skipped EH-US-CHG-0045/CON-US-0045 HTTP 409; trying next connector
2026-07-02 01:07:28,445 INFO o.a.j.p.j.s.J.Full charging journey with SSE: [electrahub-jmeter][full][042] http POST /charger/graphql status=200 elapsedMs=100
2026-07-02 01:07:28,446 INFO o.a.j.p.j.s.J.Full charging journey with SSE: [electrahub-jmeter][full][042] dynamic connector selection found no available connector; using CSV connector
2026-07-02 01:07:28,447 INFO o.a.j.p.j.s.J.Full charging journey with SSE: [electrahub-jmeter][full][042] step=charger graphql view
2026-07-02 01:07:28,524 INFO o.a.j.p.j.s.J.Full charging journey with SSE: [electrahub-jmeter][full][042] http POST /charger/graphql status=200 elapsedMs=75
2026-07-02 01:07:28,524 INFO o.a.j.p.j.s.J.Full charging journey with SSE: [electrahub-jmeter][full][042] step=payment state before start
2026-07-02 01:07:28,585 INFO o.a.j.p.j.s.J.Full charging journey with SSE: [electrahub-jmeter][full][042] http GET /payment/api/v1/payment/state status=200 elapsedMs=60
2026-07-02 01:07:28,588 INFO o.a.j.p.j.s.J.Full charging journey with SSE: [electrahub-jmeter][full][042] using connector csv fallback attempts=100 startIndex=42/100
2026-07-02 01:07:28,589 INFO o.a.j.p.j.s.J.Full charging journey with SSE: [electrahub-jmeter][full][042] step=start charging attempt 1
2026-07-02 01:07:28,658 INFO o.a.j.p.j.s.J.Full charging journey with SSE: [electrahub-jmeter][full][042] http POST /session/api/v1/sessions/start status=409 elapsedMs=69
2026-07-02 01:07:28,659 INFO o.a.j.p.j.s.J.Full charging journey with SSE: [electrahub-jmeter][full][042] start skipped EH-US-CHG-0042/CON-US-0042 HTTP 409; trying next connector
2026-07-02 01:07:28,860 INFO o.a.j.p.j.s.J.Full charging journey with SSE: [electrahub-jmeter][full][040] step=start charging attempt 11
2026-07-02 01:07:28,927 INFO o.a.j.p.j.s.J.Full charging journey with SSE: [electrahub-jmeter][full][040] http POST /session/api/v1/sessions/start status=409 elapsedMs=65
2026-07-02 01:07:28,928 INFO o.a.j.p.j.s.J.Full charging journey with SSE: [electrahub-jmeter][full][040] start skipped EH-US-CHG-0050/CON-US-0050 HTTP 409; trying next connector
2026-07-02 01:07:29,178 INFO o.a.j.p.j.s.J.Full charging journey with SSE: [electrahub-jmeter][full][039] step=start charging attempt 17
2026-07-02 01:07:29,251 INFO o.a.j.p.j.s.J.Full charging journey with SSE: [electrahub-jmeter][full][039] http POST /session/api/v1/sessions/start status=409 elapsedMs=72
2026-07-02 01:07:29,252 INFO o.a.j.p.j.s.J.Full charging journey with SSE: [electrahub-jmeter][full][039] start skipped EH-US-CHG-0055/CON-US-0055 HTTP 409; trying next connector
2026-07-02 01:07:29,354 INFO o.a.j.p.j.s.J.Full charging journey with SSE: [electrahub-jmeter][full][020] step=active sessions
2026-07-02 01:07:29,387 INFO o.a.j.p.j.s.J.Full charging journey with SSE: [electrahub-jmeter][full][028] sse ok connected=1 snapshot=2 updates=25 receipts=0 heartbeats=0
2026-07-02 01:07:29,388 INFO o.a.j.p.j.s.J.Full charging journey with SSE: [electrahub-jmeter][full][028] holding session for 33s before stop
2026-07-02 01:07:29,389 INFO o.a.j.p.j.s.J.Full charging journey with SSE: [electrahub-jmeter][full][021] http GET /session/api/v1/sessions/active status=200 elapsedMs=1005
2026-07-02 01:07:29,418 INFO o.a.j.p.j.s.J.Full charging journey with SSE: [electrahub-jmeter][full][020] http GET /session/api/v1/sessions/active status=200 elapsedMs=63
2026-07-02 01:07:29,419 INFO o.a.j.p.j.s.J.Full charging journey with SSE: [electrahub-jmeter][full][020] step=receipt
2026-07-02 01:07:29,423 INFO o.a.j.p.j.s.J.Full charging journey with SSE: [electrahub-jmeter][full][041] step=start charging attempt 6
2026-07-02 01:07:29,481 INFO o.a.j.p.j.s.J.Full charging journey with SSE: [electrahub-jmeter][full][020] http GET /session/api/v1/sessions/f8122ca8-4f24-446e-a35c-cf5a641d27fb/receipt status=200 elapsedMs=61
2026-07-02 01:07:29,482 INFO o.a.j.p.j.s.J.Full charging journey with SSE: [electrahub-jmeter][full][020] step=session history
2026-07-02 01:07:29,499 INFO o.a.j.p.j.s.J.Full charging journey with SSE: [electrahub-jmeter][full][041] http POST /session/api/v1/sessions/start status=409 elapsedMs=75
2026-07-02 01:07:29,500 INFO o.a.j.p.j.s.J.Full charging journey with SSE: [electrahub-jmeter][full][041] start skipped EH-US-CHG-0046/CON-US-0046 HTTP 409; trying next connector
2026-07-02 01:07:29,541 INFO o.a.j.p.j.s.J.Full charging journey with SSE: [electrahub-jmeter][full][020] http GET /session/api/v1/sessions/history?page=0&size=10 status=200 elapsedMs=58
2026-07-02 01:07:29,542 INFO o.a.j.p.j.s.J.Full charging journey with SSE: [electrahub-jmeter][full][020] step=dashboard stats
2026-07-02 01:07:29,601 INFO o.a.j.p.j.s.J.Full charging journey with SSE: [electrahub-jmeter][full][020] http GET /session/api/v1/sessions/dashboard-stats status=200 elapsedMs=58
2026-07-02 01:07:29,602 INFO o.a.j.p.j.s.J.Full charging journey with SSE: [electrahub-jmeter][full][020] receipt ok session=f8122ca8-4f24-446e-a35c-cf5a641d27fb status=Completed total=1.8618
2026-07-02 01:07:29,603 INFO o.a.j.t.JMeterThread: Thread is done: 100 driver charging journeys 1-20
2026-07-02 01:07:29,603 INFO o.a.j.t.JMeterThread: Thread finished: 100 driver charging journeys 1-20
2026-07-02 01:07:29,659 INFO o.a.j.p.j.s.J.Full charging journey with SSE: [electrahub-jmeter][full][042] step=start charging attempt 2
2026-07-02 01:07:29,726 INFO o.a.j.p.j.s.J.Full charging journey with SSE: [electrahub-jmeter][full][042] http POST /session/api/v1/sessions/start status=409 elapsedMs=66
2026-07-02 01:07:29,727 INFO o.a.j.p.j.s.J.Full charging journey with SSE: [electrahub-jmeter][full][042] start skipped EH-US-CHG-0043/CON-US-0043 HTTP 409; trying next connector
2026-07-02 01:07:29,929 INFO o.a.j.p.j.s.J.Full charging journey with SSE: [electrahub-jmeter][full][040] step=start charging attempt 12
2026-07-02 01:07:29,996 INFO o.a.j.p.j.s.J.Full charging journey with SSE: [electrahub-jmeter][full][040] http POST /session/api/v1/sessions/start status=409 elapsedMs=66
2026-07-02 01:07:29,997 INFO o.a.j.p.j.s.J.Full charging journey with SSE: [electrahub-jmeter][full][040] start skipped EH-US-CHG-0051/CON-US-0051 HTTP 409; trying next connector
2026-07-02 01:07:30,252 INFO o.a.j.p.j.s.J.Full charging journey with SSE: [electrahub-jmeter][full][039] step=start charging attempt 18
2026-07-02 01:07:30,323 INFO o.a.j.p.j.s.J.Full charging journey with SSE: [electrahub-jmeter][full][039] http POST /session/api/v1/sessions/start status=409 elapsedMs=70
2026-07-02 01:07:30,323 INFO o.a.j.p.j.s.J.Full charging journey with SSE: [electrahub-jmeter][full][039] start skipped EH-US-CHG-0056/CON-US-0056 HTTP 409; trying next connector
2026-07-02 01:07:30,501 INFO o.a.j.p.j.s.J.Full charging journey with SSE: [electrahub-jmeter][full][041] step=start charging attempt 7
2026-07-02 01:07:30,574 INFO o.a.j.p.j.s.J.Full charging journey with SSE: [electrahub-jmeter][full][041] http POST /session/api/v1/sessions/start status=409 elapsedMs=72
2026-07-02 01:07:30,575 INFO o.a.j.p.j.s.J.Full charging journey with SSE: [electrahub-jmeter][full][041] start skipped EH-US-CHG-0047/CON-US-0047 HTTP 409; trying next connector
2026-07-02 01:07:30,727 INFO o.a.j.p.j.s.J.Full charging journey with SSE: [electrahub-jmeter][full][042] step=start charging attempt 3
2026-07-02 01:07:30,796 INFO o.a.j.p.j.s.J.Full charging journey with SSE: [electrahub-jmeter][full][042] http POST /session/api/v1/sessions/start status=409 elapsedMs=68
2026-07-02 01:07:30,797 INFO o.a.j.p.j.s.J.Full charging journey with SSE: [electrahub-jmeter][full][042] start skipped EH-US-CHG-0044/CON-US-0044 HTTP 409; trying next connector
2026-07-02 01:07:30,998 INFO o.a.j.p.j.s.J.Full charging journey with SSE: [electrahub-jmeter][full][040] step=start charging attempt 13
2026-07-02 01:07:31,060 INFO o.a.j.p.j.s.J.Full charging journey with SSE: [electrahub-jmeter][full][040] http POST /session/api/v1/sessions/start status=409 elapsedMs=61
2026-07-02 01:07:31,061 INFO o.a.j.p.j.s.J.Full charging journey with SSE: [electrahub-jmeter][full][040] start skipped EH-US-CHG-0052/CON-US-0052 HTTP 409; trying next connector
2026-07-02 01:07:31,065 INFO o.a.j.p.j.s.J.Full charging journey with SSE: [electrahub-jmeter][full][022] step=stop charging session
2026-07-02 01:07:31,324 INFO o.a.j.p.j.s.J.Full charging journey with SSE: [electrahub-jmeter][full][039] step=start charging attempt 19
2026-07-02 01:07:31,575 INFO o.a.j.p.j.s.J.Full charging journey with SSE: [electrahub-jmeter][full][041] step=start charging attempt 8
2026-07-02 01:07:31,640 INFO o.a.j.p.j.s.J.Full charging journey with SSE: [electrahub-jmeter][full][041] http POST /session/api/v1/sessions/start status=409 elapsedMs=64
2026-07-02 01:07:31,641 INFO o.a.j.p.j.s.J.Full charging journey with SSE: [electrahub-jmeter][full][041] start skipped EH-US-CHG-0048/CON-US-0048 HTTP 409; trying next connector
2026-07-02 01:07:31,798 INFO o.a.j.p.j.s.J.Full charging journey with SSE: [electrahub-jmeter][full][042] step=start charging attempt 4
2026-07-02 01:07:31,864 INFO o.a.j.p.j.s.J.Full charging journey with SSE: [electrahub-jmeter][full][042] http POST /session/api/v1/sessions/start status=409 elapsedMs=66
2026-07-02 01:07:31,865 INFO o.a.j.p.j.s.J.Full charging journey with SSE: [electrahub-jmeter][full][042] start skipped EH-US-CHG-0045/CON-US-0045 HTTP 409; trying next connector
2026-07-02 01:07:32,062 INFO o.a.j.p.j.s.J.Full charging journey with SSE: [electrahub-jmeter][full][040] step=start charging attempt 14
2026-07-02 01:07:32,138 INFO o.a.j.p.j.s.J.Full charging journey with SSE: [electrahub-jmeter][full][040] http POST /session/api/v1/sessions/start status=409 elapsedMs=75
2026-07-02 01:07:32,138 INFO o.a.j.p.j.s.J.Full charging journey with SSE: [electrahub-jmeter][full][040] start skipped EH-US-CHG-0053/CON-US-0053 HTTP 409; trying next connector
2026-07-02 01:07:32,375 INFO o.a.j.t.JMeterThread: Thread started: 100 driver charging journeys 1-43
2026-07-02 01:07:32,380 INFO o.a.j.p.j.s.J.Full charging journey with SSE: [electrahub-jmeter][full][043] step=register
2026-07-02 01:07:32,428 INFO o.a.j.p.j.s.J.Full charging journey with SSE: [electrahub-jmeter][full][039] http POST /session/api/v1/sessions/start status=201 elapsedMs=1103
2026-07-02 01:07:32,430 INFO o.a.j.p.j.s.J.Full charging journey with SSE: [electrahub-jmeter][full][039] started session=51d9c226-0675-427f-b40c-54974e32cbf4 charger=EH-US-CHG-0057/CON-US-0057 status=PREPARING remote=Accepted attempt=19/100
2026-07-02 01:07:32,431 INFO o.a.j.p.j.s.J.Full charging journey with SSE: [electrahub-jmeter][full][039] step=active sessions
2026-07-02 01:07:32,594 INFO o.a.j.p.j.s.J.Full charging journey with SSE: [electrahub-jmeter][full][043] http POST /auth/api/auth/register status=200 elapsedMs=212
2026-07-02 01:07:32,595 INFO o.a.j.p.j.s.J.Full charging journey with SSE: [electrahub-jmeter][full][043] registered uid=00560b40-40fa-4c23-ba86-eecc455cb245
2026-07-02 01:07:32,602 INFO o.a.j.p.j.s.J.Full charging journey with SSE: [electrahub-jmeter][full][043] step=payment state before setup
2026-07-02 01:07:32,644 INFO o.a.j.p.j.s.J.Full charging journey with SSE: [electrahub-jmeter][full][041] step=start charging attempt 9
2026-07-02 01:07:32,662 INFO o.a.j.p.j.s.J.Full charging journey with SSE: [electrahub-jmeter][full][043] http GET /payment/api/v1/payment/state status=451 elapsedMs=59
2026-07-02 01:07:32,663 INFO o.a.j.p.j.s.J.Full charging journey with SSE: [electrahub-jmeter][full][043] step=accept terms
2026-07-02 01:07:32,727 INFO o.a.j.p.j.s.J.Full charging journey with SSE: [electrahub-jmeter][full][043] http POST /auth/api/terms/accept status=201 elapsedMs=63
2026-07-02 01:07:32,728 INFO o.a.j.p.j.s.J.Full charging journey with SSE: [electrahub-jmeter][full][043] accepted terms; refreshing token through login
2026-07-02 01:07:32,729 INFO o.a.j.p.j.s.J.Full charging journey with SSE: [electrahub-jmeter][full][043] step=login
2026-07-02 01:07:32,756 INFO o.a.j.p.j.s.J.Full charging journey with SSE: [electrahub-jmeter][full][041] http POST /session/api/v1/sessions/start status=409 elapsedMs=70
2026-07-02 01:07:32,757 INFO o.a.j.p.j.s.J.Full charging journey with SSE: [electrahub-jmeter][full][041] start skipped EH-US-CHG-0049/CON-US-0049 HTTP 409; trying next connector
2026-07-02 01:07:32,865 INFO o.a.j.p.j.s.J.Full charging journey with SSE: [electrahub-jmeter][full][042] step=start charging attempt 5
2026-07-02 01:07:32,880 INFO o.a.j.p.j.s.J.Full charging journey with SSE: [electrahub-jmeter][full][043] http POST /auth/api/auth/login status=200 elapsedMs=150
2026-07-02 01:07:32,881 INFO o.a.j.p.j.s.J.Full charging journey with SSE: [electrahub-jmeter][full][043] logged in uid=00560b40-40fa-4c23-ba86-eecc455cb245
2026-07-02 01:07:32,882 INFO o.a.j.p.j.s.J.Full charging journey with SSE: [electrahub-jmeter][full][043] step=payment state after terms
2026-07-02 01:07:32,928 INFO o.a.j.p.j.s.J.Full charging journey with SSE: [electrahub-jmeter][full][042] http POST /session/api/v1/sessions/start status=409 elapsedMs=62
2026-07-02 01:07:32,929 INFO o.a.j.p.j.s.J.Full charging journey with SSE: [electrahub-jmeter][full][042] start skipped EH-US-CHG-0046/CON-US-0046 HTTP 409; trying next connector
2026-07-02 01:07:32,949 INFO o.a.j.p.j.s.J.Full charging journey with SSE: [electrahub-jmeter][full][043] http GET /payment/api/v1/payment/state status=200 elapsedMs=67
2026-07-02 01:07:32,950 INFO o.a.j.p.j.s.J.Full charging journey with SSE: [electrahub-jmeter][full][043] step=add card
2026-07-02 01:07:33,026 INFO o.a.j.p.j.s.J.Full charging journey with SSE: [electrahub-jmeter][full][043] http POST /payment/api/v1/payment/cards status=201 elapsedMs=75
2026-07-02 01:07:33,027 INFO o.a.j.p.j.s.J.Full charging journey with SSE: [electrahub-jmeter][full][043] step=wallet topup
2026-07-02 01:07:33,083 INFO o.a.j.p.j.s.J.Full charging journey with SSE: [electrahub-jmeter][full][043] http POST /payment/api/v1/payment/wallet/topups status=201 elapsedMs=56
2026-07-02 01:07:33,084 INFO o.a.j.p.j.s.J.Full charging journey with SSE: [electrahub-jmeter][full][043] step=payment state after setup
2026-07-02 01:07:33,139 INFO o.a.j.p.j.s.J.Full charging journey with SSE: [electrahub-jmeter][full][040] step=start charging attempt 15
2026-07-02 01:07:33,146 INFO o.a.j.p.j.s.J.Full charging journey with SSE: [electrahub-jmeter][full][043] http GET /payment/api/v1/payment/state status=200 elapsedMs=62
2026-07-02 01:07:33,147 INFO o.a.j.p.j.s.J.Full charging journey with SSE: [electrahub-jmeter][full][043] payment ready wallet=120.00
2026-07-02 01:07:33,148 INFO o.a.j.p.j.s.J.Full charging journey with SSE: [electrahub-jmeter][full][043] step=charger graphql list
2026-07-02 01:07:33,214 INFO o.a.j.p.j.s.J.Full charging journey with SSE: [electrahub-jmeter][full][040] http POST /session/api/v1/sessions/start status=409 elapsedMs=74
2026-07-02 01:07:33,215 INFO o.a.j.p.j.s.J.Full charging journey with SSE: [electrahub-jmeter][full][040] start skipped EH-US-CHG-0054/CON-US-0054 HTTP 409; trying next connector
2026-07-02 01:07:33,251 INFO o.a.j.p.j.s.J.Full charging journey with SSE: [electrahub-jmeter][full][043] http POST /charger/graphql status=200 elapsedMs=103
2026-07-02 01:07:33,252 INFO o.a.j.p.j.s.J.Full charging journey with SSE: [electrahub-jmeter][full][043] dynamic connector selection found no available connector; using CSV connector
2026-07-02 01:07:33,253 INFO o.a.j.p.j.s.J.Full charging journey with SSE: [electrahub-jmeter][full][043] step=charger graphql view
2026-07-02 01:07:33,324 INFO o.a.j.p.j.s.J.Full charging journey with SSE: [electrahub-jmeter][full][043] http POST /charger/graphql status=200 elapsedMs=70
2026-07-02 01:07:33,324 INFO o.a.j.p.j.s.J.Full charging journey with SSE: [electrahub-jmeter][full][043] step=payment state before start
2026-07-02 01:07:33,379 INFO o.a.j.p.j.s.J.Full charging journey with SSE: [electrahub-jmeter][full][043] http GET /payment/api/v1/payment/state status=200 elapsedMs=54
2026-07-02 01:07:33,383 INFO o.a.j.p.j.s.J.Full charging journey with SSE: [electrahub-jmeter][full][043] using connector csv fallback attempts=100 startIndex=43/100
2026-07-02 01:07:33,384 INFO o.a.j.p.j.s.J.Full charging journey with SSE: [electrahub-jmeter][full][043] step=start charging attempt 1
2026-07-02 01:07:33,432 INFO o.a.j.p.j.s.J.Full charging journey with SSE: [electrahub-jmeter][full][039] http GET /session/api/v1/sessions/active status=200 elapsedMs=1001
2026-07-02 01:07:33,454 INFO o.a.j.p.j.s.J.Full charging journey with SSE: [electrahub-jmeter][full][043] http POST /session/api/v1/sessions/start status=409 elapsedMs=69
2026-07-02 01:07:33,455 INFO o.a.j.p.j.s.J.Full charging journey with SSE: [electrahub-jmeter][full][043] start skipped EH-US-CHG-0043/CON-US-0043 HTTP 409; trying next connector
2026-07-02 01:07:33,758 INFO o.a.j.p.j.s.J.Full charging journey with SSE: [electrahub-jmeter][full][041] step=start charging attempt 10
2026-07-02 01:07:33,832 INFO o.a.j.p.j.s.J.Full charging journey with SSE: [electrahub-jmeter][full][041] http POST /session/api/v1/sessions/start status=409 elapsedMs=73
2026-07-02 01:07:33,833 INFO o.a.j.p.j.s.J.Full charging journey with SSE: [electrahub-jmeter][full][041] start skipped EH-US-CHG-0050/CON-US-0050 HTTP 409; trying next connector
2026-07-02 01:07:33,930 INFO o.a.j.p.j.s.J.Full charging journey with SSE: [electrahub-jmeter][full][042] step=start charging attempt 6
2026-07-02 01:07:33,991 INFO o.a.j.p.j.s.J.Full charging journey with SSE: [electrahub-jmeter][full][042] http POST /session/api/v1/sessions/start status=409 elapsedMs=61
2026-07-02 01:07:33,992 INFO o.a.j.p.j.s.J.Full charging journey with SSE: [electrahub-jmeter][full][042] start skipped EH-US-CHG-0047/CON-US-0047 HTTP 409; trying next connector
2026-07-02 01:07:34,216 INFO o.a.j.p.j.s.J.Full charging journey with SSE: [electrahub-jmeter][full][040] step=start charging attempt 16
2026-07-02 01:07:34,285 INFO o.a.j.p.j.s.J.Full charging journey with SSE: [electrahub-jmeter][full][040] http POST /session/api/v1/sessions/start status=409 elapsedMs=67
2026-07-02 01:07:34,285 INFO o.a.j.p.j.s.J.Full charging journey with SSE: [electrahub-jmeter][full][040] start skipped EH-US-CHG-0055/CON-US-0055 HTTP 409; trying next connector
2026-07-02 01:07:34,390 INFO o.a.j.p.j.s.J.Full charging journey with SSE: [electrahub-jmeter][full][021] step=active sessions
2026-07-02 01:07:34,450 INFO o.a.j.p.j.s.J.Full charging journey with SSE: [electrahub-jmeter][full][022] http POST /session/api/v1/sessions/fca84762-49b1-4075-a7f8-2c705eb4f475/stop status=204 elapsedMs=3384
2026-07-02 01:07:34,451 INFO o.a.j.p.j.s.J.Full charging journey with SSE: [electrahub-jmeter][full][022] stop requested session=fca84762-49b1-4075-a7f8-2c705eb4f475
2026-07-02 01:07:34,452 INFO o.a.j.p.j.s.J.Full charging journey with SSE: [electrahub-jmeter][full][022] step=active sessions
2026-07-02 01:07:34,456 INFO o.a.j.p.j.s.J.Full charging journey with SSE: [electrahub-jmeter][full][043] step=start charging attempt 2
2026-07-02 01:07:34,457 INFO o.a.j.p.j.s.J.Full charging journey with SSE: [electrahub-jmeter][full][021] http GET /session/api/v1/sessions/active status=200 elapsedMs=66
2026-07-02 01:07:34,458 INFO o.a.j.p.j.s.J.Full charging journey with SSE: [electrahub-jmeter][full][021] step=receipt
2026-07-02 01:07:34,513 INFO o.a.j.p.j.s.J.Full charging journey with SSE: [electrahub-jmeter][full][021] http GET /session/api/v1/sessions/7acebbb7-e8c0-41c8-8312-c22e2b699e10/receipt status=200 elapsedMs=54
2026-07-02 01:07:34,514 INFO o.a.j.p.j.s.J.Full charging journey with SSE: [electrahub-jmeter][full][021] step=session history
2026-07-02 01:07:34,525 INFO o.a.j.p.j.s.J.Full charging journey with SSE: [electrahub-jmeter][full][043] http POST /session/api/v1/sessions/start status=409 elapsedMs=68
2026-07-02 01:07:34,526 INFO o.a.j.p.j.s.J.Full charging journey with SSE: [electrahub-jmeter][full][043] start skipped EH-US-CHG-0044/CON-US-0044 HTTP 409; trying next connector
2026-07-02 01:07:34,570 INFO o.a.j.p.j.s.J.Full charging journey with SSE: [electrahub-jmeter][full][021] http GET /session/api/v1/sessions/history?page=0&size=10 status=200 elapsedMs=55
2026-07-02 01:07:34,571 INFO o.a.j.p.j.s.J.Full charging journey with SSE: [electrahub-jmeter][full][021] step=dashboard stats
2026-07-02 01:07:34,633 INFO o.a.j.p.j.s.J.Full charging journey with SSE: [electrahub-jmeter][full][021] http GET /session/api/v1/sessions/dashboard-stats status=200 elapsedMs=61
2026-07-02 01:07:34,634 INFO o.a.j.p.j.s.J.Full charging journey with SSE: [electrahub-jmeter][full][021] receipt ok session=7acebbb7-e8c0-41c8-8312-c22e2b699e10 status=Completed total=1.8647
2026-07-02 01:07:34,635 INFO o.a.j.r.Summariser: summary +      5 in 00:00:31 =    0.2/s Avg: 125938 Min: 125474 Max: 126482 Err:     0 (0.00%) Active: 23 Started: 43 Finished: 20
2026-07-02 01:07:34,636 INFO o.a.j.r.Summariser: summary =     21 in 00:04:14 =    0.1/s Avg: 125139 Min: 120904 Max: 127055 Err:     0 (0.00%)
2026-07-02 01:07:34,636 INFO o.a.j.t.JMeterThread: Thread is done: 100 driver charging journeys 1-21
2026-07-02 01:07:34,637 INFO o.a.j.t.JMeterThread: Thread finished: 100 driver charging journeys 1-21
2026-07-02 01:07:34,834 INFO o.a.j.p.j.s.J.Full charging journey with SSE: [electrahub-jmeter][full][041] step=start charging attempt 11
2026-07-02 01:07:34,906 INFO o.a.j.p.j.s.J.Full charging journey with SSE: [electrahub-jmeter][full][041] http POST /session/api/v1/sessions/start status=409 elapsedMs=70
2026-07-02 01:07:34,906 INFO o.a.j.p.j.s.J.Full charging journey with SSE: [electrahub-jmeter][full][041] start skipped EH-US-CHG-0051/CON-US-0051 HTTP 409; trying next connector
2026-07-02 01:07:34,993 INFO o.a.j.p.j.s.J.Full charging journey with SSE: [electrahub-jmeter][full][042] step=start charging attempt 7
2026-07-02 01:07:35,061 INFO o.a.j.p.j.s.J.Full charging journey with SSE: [electrahub-jmeter][full][042] http POST /session/api/v1/sessions/start status=409 elapsedMs=68
2026-07-02 01:07:35,062 INFO o.a.j.p.j.s.J.Full charging journey with SSE: [electrahub-jmeter][full][042] start skipped EH-US-CHG-0048/CON-US-0048 HTTP 409; trying next connector
2026-07-02 01:07:35,134 INFO o.a.j.p.j.s.J.Full charging journey with SSE: [electrahub-jmeter][full][023] step=stop charging session
2026-07-02 01:07:35,286 INFO o.a.j.p.j.s.J.Full charging journey with SSE: [electrahub-jmeter][full][040] step=start charging attempt 17
2026-07-02 01:07:35,358 INFO o.a.j.p.j.s.J.Full charging journey with SSE: [electrahub-jmeter][full][040] http POST /session/api/v1/sessions/start status=409 elapsedMs=71
2026-07-02 01:07:35,359 INFO o.a.j.p.j.s.J.Full charging journey with SSE: [electrahub-jmeter][full][040] start skipped EH-US-CHG-0056/CON-US-0056 HTTP 409; trying next connector
2026-07-02 01:07:35,452 INFO o.a.j.p.j.s.J.Full charging journey with SSE: [electrahub-jmeter][full][022] http GET /session/api/v1/sessions/active status=200 elapsedMs=1000
2026-07-02 01:07:35,455 INFO o.a.j.p.j.s.J.Full charging journey with SSE: [electrahub-jmeter][full][029] sse ok connected=1 snapshot=2 updates=23 receipts=0 heartbeats=0
2026-07-02 01:07:35,456 INFO o.a.j.p.j.s.J.Full charging journey with SSE: [electrahub-jmeter][full][029] holding session for 33s before stop
2026-07-02 01:07:35,527 INFO o.a.j.p.j.s.J.Full charging journey with SSE: [electrahub-jmeter][full][043] step=start charging attempt 3
2026-07-02 01:07:35,590 INFO o.a.j.p.j.s.J.Full charging journey with SSE: [electrahub-jmeter][full][043] http POST /session/api/v1/sessions/start status=409 elapsedMs=62
2026-07-02 01:07:35,591 INFO o.a.j.p.j.s.J.Full charging journey with SSE: [electrahub-jmeter][full][043] start skipped EH-US-CHG-0045/CON-US-0045 HTTP 409; trying next connector
2026-07-02 01:07:35,907 INFO o.a.j.p.j.s.J.Full charging journey with SSE: [electrahub-jmeter][full][041] step=start charging attempt 12
2026-07-02 01:07:35,975 INFO o.a.j.p.j.s.J.Full charging journey with SSE: [electrahub-jmeter][full][041] http POST /session/api/v1/sessions/start status=409 elapsedMs=66
2026-07-02 01:07:35,976 INFO o.a.j.p.j.s.J.Full charging journey with SSE: [electrahub-jmeter][full][041] start skipped EH-US-CHG-0052/CON-US-0052 HTTP 409; trying next connector
2026-07-02 01:07:36,063 INFO o.a.j.p.j.s.J.Full charging journey with SSE: [electrahub-jmeter][full][042] step=start charging attempt 8
2026-07-02 01:07:36,136 INFO o.a.j.p.j.s.J.Full charging journey with SSE: [electrahub-jmeter][full][042] http POST /session/api/v1/sessions/start status=409 elapsedMs=72
2026-07-02 01:07:36,137 INFO o.a.j.p.j.s.J.Full charging journey with SSE: [electrahub-jmeter][full][042] start skipped EH-US-CHG-0049/CON-US-0049 HTTP 409; trying next connector
2026-07-02 01:07:36,360 INFO o.a.j.p.j.s.J.Full charging journey with SSE: [electrahub-jmeter][full][040] step=start charging attempt 18
2026-07-02 01:07:36,428 INFO o.a.j.p.j.s.J.Full charging journey with SSE: [electrahub-jmeter][full][040] http POST /session/api/v1/sessions/start status=409 elapsedMs=67
2026-07-02 01:07:36,429 INFO o.a.j.p.j.s.J.Full charging journey with SSE: [electrahub-jmeter][full][040] start skipped EH-US-CHG-0057/CON-US-0057 HTTP 409; trying next connector
2026-07-02 01:07:36,592 INFO o.a.j.p.j.s.J.Full charging journey with SSE: [electrahub-jmeter][full][043] step=start charging attempt 4
2026-07-02 01:07:36,660 INFO o.a.j.p.j.s.J.Full charging journey with SSE: [electrahub-jmeter][full][043] http POST /session/api/v1/sessions/start status=409 elapsedMs=66
2026-07-02 01:07:36,661 INFO o.a.j.p.j.s.J.Full charging journey with SSE: [electrahub-jmeter][full][043] start skipped EH-US-CHG-0046/CON-US-0046 HTTP 409; trying next connector
2026-07-02 01:07:36,977 INFO o.a.j.p.j.s.J.Full charging journey with SSE: [electrahub-jmeter][full][041] step=start charging attempt 13
2026-07-02 01:07:37,044 INFO o.a.j.p.j.s.J.Full charging journey with SSE: [electrahub-jmeter][full][041] http POST /session/api/v1/sessions/start status=409 elapsedMs=66
2026-07-02 01:07:37,045 INFO o.a.j.p.j.s.J.Full charging journey with SSE: [electrahub-jmeter][full][041] start skipped EH-US-CHG-0053/CON-US-0053 HTTP 409; trying next connector
2026-07-02 01:07:37,137 INFO o.a.j.p.j.s.J.Full charging journey with SSE: [electrahub-jmeter][full][042] step=start charging attempt 9
2026-07-02 01:07:37,202 INFO o.a.j.p.j.s.J.Full charging journey with SSE: [electrahub-jmeter][full][042] http POST /session/api/v1/sessions/start status=409 elapsedMs=64
2026-07-02 01:07:37,203 INFO o.a.j.p.j.s.J.Full charging journey with SSE: [electrahub-jmeter][full][042] start skipped EH-US-CHG-0050/CON-US-0050 HTTP 409; trying next connector
2026-07-02 01:07:37,429 INFO o.a.j.p.j.s.J.Full charging journey with SSE: [electrahub-jmeter][full][040] step=start charging attempt 19
2026-07-02 01:07:37,662 INFO o.a.j.p.j.s.J.Full charging journey with SSE: [electrahub-jmeter][full][043] step=start charging attempt 5
2026-07-02 01:07:37,728 INFO o.a.j.p.j.s.J.Full charging journey with SSE: [electrahub-jmeter][full][043] http POST /session/api/v1/sessions/start status=409 elapsedMs=65
2026-07-02 01:07:37,729 INFO o.a.j.p.j.s.J.Full charging journey with SSE: [electrahub-jmeter][full][043] start skipped EH-US-CHG-0047/CON-US-0047 HTTP 409; trying next connector
2026-07-02 01:07:38,046 INFO o.a.j.p.j.s.J.Full charging journey with SSE: [electrahub-jmeter][full][041] step=start charging attempt 14
2026-07-02 01:07:38,120 INFO o.a.j.p.j.s.J.Full charging journey with SSE: [electrahub-jmeter][full][041] http POST /session/api/v1/sessions/start status=409 elapsedMs=73
2026-07-02 01:07:38,120 INFO o.a.j.p.j.s.J.Full charging journey with SSE: [electrahub-jmeter][full][041] start skipped EH-US-CHG-0054/CON-US-0054 HTTP 409; trying next connector
2026-07-02 01:07:38,203 INFO o.a.j.p.j.s.J.Full charging journey with SSE: [electrahub-jmeter][full][042] step=start charging attempt 10
2026-07-02 01:07:38,274 INFO o.a.j.p.j.s.J.Full charging journey with SSE: [electrahub-jmeter][full][042] http POST /session/api/v1/sessions/start status=409 elapsedMs=69
2026-07-02 01:07:38,275 INFO o.a.j.p.j.s.J.Full charging journey with SSE: [electrahub-jmeter][full][042] start skipped EH-US-CHG-0051/CON-US-0051 HTTP 409; trying next connector
2026-07-02 01:07:38,376 INFO o.a.j.t.JMeterThread: Thread started: 100 driver charging journeys 1-44
2026-07-02 01:07:38,382 INFO o.a.j.p.j.s.J.Full charging journey with SSE: [electrahub-jmeter][full][044] step=register
2026-07-02 01:07:38,480 INFO o.a.j.p.j.s.J.Full charging journey with SSE: [electrahub-jmeter][full][040] http POST /session/api/v1/sessions/start status=201 elapsedMs=1050
2026-07-02 01:07:38,481 INFO o.a.j.p.j.s.J.Full charging journey with SSE: [electrahub-jmeter][full][040] started session=b83c016b-8fbc-4a44-93df-8a20f6b3e0bf charger=EH-US-CHG-0058/CON-US-0058 status=PREPARING remote=Accepted attempt=19/100
2026-07-02 01:07:38,481 INFO o.a.j.p.j.s.J.Full charging journey with SSE: [electrahub-jmeter][full][040] step=active sessions
2026-07-02 01:07:38,492 INFO o.a.j.p.j.s.J.Full charging journey with SSE: [electrahub-jmeter][full][023] http POST /session/api/v1/sessions/08190625-b8a4-4eff-8e37-bda27840b3e7/stop status=204 elapsedMs=3357
2026-07-02 01:07:38,493 INFO o.a.j.p.j.s.J.Full charging journey with SSE: [electrahub-jmeter][full][023] stop requested session=08190625-b8a4-4eff-8e37-bda27840b3e7
2026-07-02 01:07:38,493 INFO o.a.j.p.j.s.J.Full charging journey with SSE: [electrahub-jmeter][full][023] step=active sessions
2026-07-02 01:07:38,596 INFO o.a.j.p.j.s.J.Full charging journey with SSE: [electrahub-jmeter][full][044] http POST /auth/api/auth/register status=200 elapsedMs=214
2026-07-02 01:07:38,596 INFO o.a.j.p.j.s.J.Full charging journey with SSE: [electrahub-jmeter][full][044] registered uid=aea12e6b-63f6-4b3e-b53c-a635de44bc44
2026-07-02 01:07:38,605 INFO o.a.j.p.j.s.J.Full charging journey with SSE: [electrahub-jmeter][full][044] step=payment state before setup
2026-07-02 01:07:38,664 INFO o.a.j.p.j.s.J.Full charging journey with SSE: [electrahub-jmeter][full][044] http GET /payment/api/v1/payment/state status=451 elapsedMs=58
2026-07-02 01:07:38,665 INFO o.a.j.p.j.s.J.Full charging journey with SSE: [electrahub-jmeter][full][044] step=accept terms
2026-07-02 01:07:38,721 INFO o.a.j.p.j.s.J.Full charging journey with SSE: [electrahub-jmeter][full][044] http POST /auth/api/terms/accept status=201 elapsedMs=55
2026-07-02 01:07:38,722 INFO o.a.j.p.j.s.J.Full charging journey with SSE: [electrahub-jmeter][full][044] accepted terms; refreshing token through login
2026-07-02 01:07:38,722 INFO o.a.j.p.j.s.J.Full charging journey with SSE: [electrahub-jmeter][full][044] step=login
2026-07-02 01:07:38,730 INFO o.a.j.p.j.s.J.Full charging journey with SSE: [electrahub-jmeter][full][043] step=start charging attempt 6
2026-07-02 01:07:38,853 INFO o.a.j.p.j.s.J.Full charging journey with SSE: [electrahub-jmeter][full][043] http POST /session/api/v1/sessions/start status=409 elapsedMs=88
2026-07-02 01:07:38,854 INFO o.a.j.p.j.s.J.Full charging journey with SSE: [electrahub-jmeter][full][043] start skipped EH-US-CHG-0048/CON-US-0048 HTTP 409; trying next connector
2026-07-02 01:07:38,872 INFO o.a.j.p.j.s.J.Full charging journey with SSE: [electrahub-jmeter][full][044] http POST /auth/api/auth/login status=200 elapsedMs=149
2026-07-02 01:07:38,873 INFO o.a.j.p.j.s.J.Full charging journey with SSE: [electrahub-jmeter][full][044] logged in uid=aea12e6b-63f6-4b3e-b53c-a635de44bc44
2026-07-02 01:07:38,874 INFO o.a.j.p.j.s.J.Full charging journey with SSE: [electrahub-jmeter][full][044] step=payment state after terms
2026-07-02 01:07:38,939 INFO o.a.j.p.j.s.J.Full charging journey with SSE: [electrahub-jmeter][full][044] http GET /payment/api/v1/payment/state status=200 elapsedMs=65
2026-07-02 01:07:38,940 INFO o.a.j.p.j.s.J.Full charging journey with SSE: [electrahub-jmeter][full][044] step=add card
2026-07-02 01:07:39,002 INFO o.a.j.p.j.s.J.Full charging journey with SSE: [electrahub-jmeter][full][044] http POST /payment/api/v1/payment/cards status=201 elapsedMs=61
2026-07-02 01:07:39,002 INFO o.a.j.p.j.s.J.Full charging journey with SSE: [electrahub-jmeter][full][044] step=wallet topup
2026-07-02 01:07:39,059 INFO o.a.j.p.j.s.J.Full charging journey with SSE: [electrahub-jmeter][full][044] http POST /payment/api/v1/payment/wallet/topups status=201 elapsedMs=56
2026-07-02 01:07:39,059 INFO o.a.j.p.j.s.J.Full charging journey with SSE: [electrahub-jmeter][full][044] step=payment state after setup
2026-07-02 01:07:39,121 INFO o.a.j.p.j.s.J.Full charging journey with SSE: [electrahub-jmeter][full][041] step=start charging attempt 15
2026-07-02 01:07:39,127 INFO o.a.j.p.j.s.J.Full charging journey with SSE: [electrahub-jmeter][full][044] http GET /payment/api/v1/payment/state status=200 elapsedMs=67
2026-07-02 01:07:39,128 INFO o.a.j.p.j.s.J.Full charging journey with SSE: [electrahub-jmeter][full][044] payment ready wallet=120.00
2026-07-02 01:07:39,128 INFO o.a.j.p.j.s.J.Full charging journey with SSE: [electrahub-jmeter][full][044] step=charger graphql list
2026-07-02 01:07:39,219 INFO o.a.j.p.j.s.J.Full charging journey with SSE: [electrahub-jmeter][full][041] http POST /session/api/v1/sessions/start status=409 elapsedMs=97
2026-07-02 01:07:39,220 INFO o.a.j.p.j.s.J.Full charging journey with SSE: [electrahub-jmeter][full][041] start skipped EH-US-CHG-0055/CON-US-0055 HTTP 409; trying next connector
2026-07-02 01:07:39,220 INFO o.a.j.p.j.s.J.Full charging journey with SSE: [electrahub-jmeter][full][044] http POST /charger/graphql status=200 elapsedMs=91
2026-07-02 01:07:39,222 INFO o.a.j.p.j.s.J.Full charging journey with SSE: [electrahub-jmeter][full][044] dynamic connector selection found no available connector; using CSV connector
2026-07-02 01:07:39,223 INFO o.a.j.p.j.s.J.Full charging journey with SSE: [electrahub-jmeter][full][044] step=charger graphql view
2026-07-02 01:07:39,275 INFO o.a.j.p.j.s.J.Full charging journey with SSE: [electrahub-jmeter][full][042] step=start charging attempt 11
2026-07-02 01:07:39,293 INFO o.a.j.p.j.s.J.Full charging journey with SSE: [electrahub-jmeter][full][044] http POST /charger/graphql status=200 elapsedMs=66
2026-07-02 01:07:39,293 INFO o.a.j.p.j.s.J.Full charging journey with SSE: [electrahub-jmeter][full][044] step=payment state before start
2026-07-02 01:07:39,342 INFO o.a.j.p.j.s.J.Full charging journey with SSE: [electrahub-jmeter][full][042] http POST /session/api/v1/sessions/start status=409 elapsedMs=66
2026-07-02 01:07:39,343 INFO o.a.j.p.j.s.J.Full charging journey with SSE: [electrahub-jmeter][full][042] start skipped EH-US-CHG-0052/CON-US-0052 HTTP 409; trying next connector
2026-07-02 01:07:39,351 INFO o.a.j.p.j.s.J.Full charging journey with SSE: [electrahub-jmeter][full][044] http GET /payment/api/v1/payment/state status=200 elapsedMs=57
2026-07-02 01:07:39,354 INFO o.a.j.p.j.s.J.Full charging journey with SSE: [electrahub-jmeter][full][044] using connector csv fallback attempts=100 startIndex=44/100
2026-07-02 01:07:39,354 INFO o.a.j.p.j.s.J.Full charging journey with SSE: [electrahub-jmeter][full][044] step=start charging attempt 1
2026-07-02 01:07:39,419 INFO o.a.j.p.j.s.J.Full charging journey with SSE: [electrahub-jmeter][full][044] http POST /session/api/v1/sessions/start status=409 elapsedMs=64
2026-07-02 01:07:39,419 INFO o.a.j.p.j.s.J.Full charging journey with SSE: [electrahub-jmeter][full][044] start skipped EH-US-CHG-0044/CON-US-0044 HTTP 409; trying next connector
2026-07-02 01:07:39,481 INFO o.a.j.p.j.s.J.Full charging journey with SSE: [electrahub-jmeter][full][040] http GET /session/api/v1/sessions/active status=200 elapsedMs=999
2026-07-02 01:07:39,482 INFO o.a.j.p.j.s.J.Full charging journey with SSE: [electrahub-jmeter][full][023] http GET /session/api/v1/sessions/active status=200 elapsedMs=988
2026-07-02 01:07:39,855 INFO o.a.j.p.j.s.J.Full charging journey with SSE: [electrahub-jmeter][full][043] step=start charging attempt 7
2026-07-02 01:07:39,926 INFO o.a.j.p.j.s.J.Full charging journey with SSE: [electrahub-jmeter][full][043] http POST /session/api/v1/sessions/start status=409 elapsedMs=70
2026-07-02 01:07:39,926 INFO o.a.j.p.j.s.J.Full charging journey with SSE: [electrahub-jmeter][full][043] start skipped EH-US-CHG-0049/CON-US-0049 HTTP 409; trying next connector
2026-07-02 01:07:40,221 INFO o.a.j.p.j.s.J.Full charging journey with SSE: [electrahub-jmeter][full][041] step=start charging attempt 16
2026-07-02 01:07:40,293 INFO o.a.j.p.j.s.J.Full charging journey with SSE: [electrahub-jmeter][full][041] http POST /session/api/v1/sessions/start status=409 elapsedMs=71
2026-07-02 01:07:40,294 INFO o.a.j.p.j.s.J.Full charging journey with SSE: [electrahub-jmeter][full][041] start skipped EH-US-CHG-0056/CON-US-0056 HTTP 409; trying next connector
2026-07-02 01:07:40,343 INFO o.a.j.p.j.s.J.Full charging journey with SSE: [electrahub-jmeter][full][042] step=start charging attempt 12
2026-07-02 01:07:40,411 INFO o.a.j.p.j.s.J.Full charging journey with SSE: [electrahub-jmeter][full][042] http POST /session/api/v1/sessions/start status=409 elapsedMs=67
2026-07-02 01:07:40,412 INFO o.a.j.p.j.s.J.Full charging journey with SSE: [electrahub-jmeter][full][042] start skipped EH-US-CHG-0053/CON-US-0053 HTTP 409; trying next connector
2026-07-02 01:07:40,420 INFO o.a.j.p.j.s.J.Full charging journey with SSE: [electrahub-jmeter][full][044] step=start charging attempt 2
2026-07-02 01:07:40,454 INFO o.a.j.p.j.s.J.Full charging journey with SSE: [electrahub-jmeter][full][022] step=active sessions
2026-07-02 01:07:40,491 INFO o.a.j.p.j.s.J.Full charging journey with SSE: [electrahub-jmeter][full][044] http POST /session/api/v1/sessions/start status=409 elapsedMs=70
2026-07-02 01:07:40,492 INFO o.a.j.p.j.s.J.Full charging journey with SSE: [electrahub-jmeter][full][044] start skipped EH-US-CHG-0045/CON-US-0045 HTTP 409; trying next connector
2026-07-02 01:07:40,516 INFO o.a.j.p.j.s.J.Full charging journey with SSE: [electrahub-jmeter][full][022] http GET /session/api/v1/sessions/active status=200 elapsedMs=61
2026-07-02 01:07:40,516 INFO o.a.j.p.j.s.J.Full charging journey with SSE: [electrahub-jmeter][full][022] step=receipt
2026-07-02 01:07:40,572 INFO o.a.j.p.j.s.J.Full charging journey with SSE: [electrahub-jmeter][full][022] http GET /session/api/v1/sessions/fca84762-49b1-4075-a7f8-2c705eb4f475/receipt status=200 elapsedMs=55
2026-07-02 01:07:40,573 INFO o.a.j.p.j.s.J.Full charging journey with SSE: [electrahub-jmeter][full][022] step=session history
2026-07-02 01:07:40,626 INFO o.a.j.p.j.s.J.Full charging journey with SSE: [electrahub-jmeter][full][022] http GET /session/api/v1/sessions/history?page=0&size=10 status=200 elapsedMs=53
2026-07-02 01:07:40,627 INFO o.a.j.p.j.s.J.Full charging journey with SSE: [electrahub-jmeter][full][022] step=dashboard stats
2026-07-02 01:07:40,688 INFO o.a.j.p.j.s.J.Full charging journey with SSE: [electrahub-jmeter][full][022] http GET /session/api/v1/sessions/dashboard-stats status=200 elapsedMs=61
2026-07-02 01:07:40,689 INFO o.a.j.p.j.s.J.Full charging journey with SSE: [electrahub-jmeter][full][022] receipt ok session=fca84762-49b1-4075-a7f8-2c705eb4f475 status=Completed total=1.8625
2026-07-02 01:07:40,690 INFO o.a.j.t.JMeterThread: Thread is done: 100 driver charging journeys 1-22
2026-07-02 01:07:40,690 INFO o.a.j.t.JMeterThread: Thread finished: 100 driver charging journeys 1-22
2026-07-02 01:07:40,927 INFO o.a.j.p.j.s.J.Full charging journey with SSE: [electrahub-jmeter][full][043] step=start charging attempt 8
2026-07-02 01:07:40,991 INFO o.a.j.p.j.s.J.Full charging journey with SSE: [electrahub-jmeter][full][043] http POST /session/api/v1/sessions/start status=409 elapsedMs=63
2026-07-02 01:07:40,992 INFO o.a.j.p.j.s.J.Full charging journey with SSE: [electrahub-jmeter][full][043] start skipped EH-US-CHG-0050/CON-US-0050 HTTP 409; trying next connector
2026-07-02 01:07:41,188 INFO o.a.j.p.j.s.J.Full charging journey with SSE: [electrahub-jmeter][full][024] step=stop charging session
2026-07-02 01:07:41,295 INFO o.a.j.p.j.s.J.Full charging journey with SSE: [electrahub-jmeter][full][041] step=start charging attempt 17
2026-07-02 01:07:41,361 INFO o.a.j.p.j.s.J.Full charging journey with SSE: [electrahub-jmeter][full][041] http POST /session/api/v1/sessions/start status=409 elapsedMs=64
2026-07-02 01:07:41,361 INFO o.a.j.p.j.s.J.Full charging journey with SSE: [electrahub-jmeter][full][041] start skipped EH-US-CHG-0057/CON-US-0057 HTTP 409; trying next connector
2026-07-02 01:07:41,413 INFO o.a.j.p.j.s.J.Full charging journey with SSE: [electrahub-jmeter][full][042] step=start charging attempt 13
2026-07-02 01:07:41,485 INFO o.a.j.p.j.s.J.Full charging journey with SSE: [electrahub-jmeter][full][042] http POST /session/api/v1/sessions/start status=409 elapsedMs=71
2026-07-02 01:07:41,486 INFO o.a.j.p.j.s.J.Full charging journey with SSE: [electrahub-jmeter][full][042] start skipped EH-US-CHG-0054/CON-US-0054 HTTP 409; trying next connector
2026-07-02 01:07:41,493 INFO o.a.j.p.j.s.J.Full charging journey with SSE: [electrahub-jmeter][full][044] step=start charging attempt 3
2026-07-02 01:07:41,501 INFO o.a.j.p.j.s.J.Full charging journey with SSE: [electrahub-jmeter][full][030] sse ok connected=1 snapshot=2 updates=23 receipts=0 heartbeats=0
2026-07-02 01:07:41,501 INFO o.a.j.p.j.s.J.Full charging journey with SSE: [electrahub-jmeter][full][030] holding session for 33s before stop
2026-07-02 01:07:41,564 INFO o.a.j.p.j.s.J.Full charging journey with SSE: [electrahub-jmeter][full][044] http POST /session/api/v1/sessions/start status=409 elapsedMs=70
2026-07-02 01:07:41,565 INFO o.a.j.p.j.s.J.Full charging journey with SSE: [electrahub-jmeter][full][044] start skipped EH-US-CHG-0046/CON-US-0046 HTTP 409; trying next connector
2026-07-02 01:07:41,993 INFO o.a.j.p.j.s.J.Full charging journey with SSE: [electrahub-jmeter][full][043] step=start charging attempt 9
2026-07-02 01:07:42,062 INFO o.a.j.p.j.s.J.Full charging journey with SSE: [electrahub-jmeter][full][043] http POST /session/api/v1/sessions/start status=409 elapsedMs=68
2026-07-02 01:07:42,063 INFO o.a.j.p.j.s.J.Full charging journey with SSE: [electrahub-jmeter][full][043] start skipped EH-US-CHG-0051/CON-US-0051 HTTP 409; trying next connector
2026-07-02 01:07:42,362 INFO o.a.j.p.j.s.J.Full charging journey with SSE: [electrahub-jmeter][full][041] step=start charging attempt 18
2026-07-02 01:07:42,426 INFO o.a.j.p.j.s.J.Full charging journey with SSE: [electrahub-jmeter][full][041] http POST /session/api/v1/sessions/start status=409 elapsedMs=63
2026-07-02 01:07:42,428 INFO o.a.j.p.j.s.J.Full charging journey with SSE: [electrahub-jmeter][full][041] start skipped EH-US-CHG-0058/CON-US-0058 HTTP 409; trying next connector
2026-07-02 01:07:42,487 INFO o.a.j.p.j.s.J.Full charging journey with SSE: [electrahub-jmeter][full][042] step=start charging attempt 14
2026-07-02 01:07:42,555 INFO o.a.j.p.j.s.J.Full charging journey with SSE: [electrahub-jmeter][full][042] http POST /session/api/v1/sessions/start status=409 elapsedMs=67
2026-07-02 01:07:42,556 INFO o.a.j.p.j.s.J.Full charging journey with SSE: [electrahub-jmeter][full][042] start skipped EH-US-CHG-0055/CON-US-0055 HTTP 409; trying next connector
2026-07-02 01:07:42,566 INFO o.a.j.p.j.s.J.Full charging journey with SSE: [electrahub-jmeter][full][044] step=start charging attempt 4
2026-07-02 01:07:42,630 INFO o.a.j.p.j.s.J.Full charging journey with SSE: [electrahub-jmeter][full][044] http POST /session/api/v1/sessions/start status=409 elapsedMs=63
2026-07-02 01:07:42,631 INFO o.a.j.p.j.s.J.Full charging journey with SSE: [electrahub-jmeter][full][044] start skipped EH-US-CHG-0047/CON-US-0047 HTTP 409; trying next connector
2026-07-02 01:07:43,064 INFO o.a.j.p.j.s.J.Full charging journey with SSE: [electrahub-jmeter][full][043] step=start charging attempt 10
2026-07-02 01:07:43,135 INFO o.a.j.p.j.s.J.Full charging journey with SSE: [electrahub-jmeter][full][043] http POST /session/api/v1/sessions/start status=409 elapsedMs=71
2026-07-02 01:07:43,136 INFO o.a.j.p.j.s.J.Full charging journey with SSE: [electrahub-jmeter][full][043] start skipped EH-US-CHG-0052/CON-US-0052 HTTP 409; trying next connector
2026-07-02 01:07:43,428 INFO o.a.j.p.j.s.J.Full charging journey with SSE: [electrahub-jmeter][full][041] step=start charging attempt 19
2026-07-02 01:07:43,557 INFO o.a.j.p.j.s.J.Full charging journey with SSE: [electrahub-jmeter][full][042] step=start charging attempt 15
2026-07-02 01:07:43,623 INFO o.a.j.p.j.s.J.Full charging journey with SSE: [electrahub-jmeter][full][042] http POST /session/api/v1/sessions/start status=409 elapsedMs=65
2026-07-02 01:07:43,624 INFO o.a.j.p.j.s.J.Full charging journey with SSE: [electrahub-jmeter][full][042] start skipped EH-US-CHG-0056/CON-US-0056 HTTP 409; trying next connector
2026-07-02 01:07:43,631 INFO o.a.j.p.j.s.J.Full charging journey with SSE: [electrahub-jmeter][full][044] step=start charging attempt 5
2026-07-02 01:07:43,698 INFO o.a.j.p.j.s.J.Full charging journey with SSE: [electrahub-jmeter][full][044] http POST /session/api/v1/sessions/start status=409 elapsedMs=66
2026-07-02 01:07:43,699 INFO o.a.j.p.j.s.J.Full charging journey with SSE: [electrahub-jmeter][full][044] start skipped EH-US-CHG-0048/CON-US-0048 HTTP 409; trying next connector
2026-07-02 01:07:44,138 INFO o.a.j.p.j.s.J.Full charging journey with SSE: [electrahub-jmeter][full][043] step=start charging attempt 11
2026-07-02 01:07:44,207 INFO o.a.j.p.j.s.J.Full charging journey with SSE: [electrahub-jmeter][full][043] http POST /session/api/v1/sessions/start status=409 elapsedMs=68
2026-07-02 01:07:44,208 INFO o.a.j.p.j.s.J.Full charging journey with SSE: [electrahub-jmeter][full][043] start skipped EH-US-CHG-0053/CON-US-0053 HTTP 409; trying next connector
2026-07-02 01:07:44,375 INFO o.a.j.t.JMeterThread: Thread started: 100 driver charging journeys 1-45
2026-07-02 01:07:44,380 INFO o.a.j.p.j.s.J.Full charging journey with SSE: [electrahub-jmeter][full][045] step=register
2026-07-02 01:07:44,483 INFO o.a.j.p.j.s.J.Full charging journey with SSE: [electrahub-jmeter][full][023] step=active sessions
2026-07-02 01:07:44,540 INFO o.a.j.p.j.s.J.Full charging journey with SSE: [electrahub-jmeter][full][024] http POST /session/api/v1/sessions/dc758680-7824-4584-8069-da7819f127eb/stop status=204 elapsedMs=3351
2026-07-02 01:07:44,541 INFO o.a.j.p.j.s.J.Full charging journey with SSE: [electrahub-jmeter][full][024] stop requested session=dc758680-7824-4584-8069-da7819f127eb
2026-07-02 01:07:44,542 INFO o.a.j.p.j.s.J.Full charging journey with SSE: [electrahub-jmeter][full][024] step=active sessions
2026-07-02 01:07:44,544 INFO o.a.j.p.j.s.J.Full charging journey with SSE: [electrahub-jmeter][full][041] http POST /session/api/v1/sessions/start status=201 elapsedMs=1115
2026-07-02 01:07:44,545 INFO o.a.j.p.j.s.J.Full charging journey with SSE: [electrahub-jmeter][full][041] started session=385c5383-c44c-49d3-9e16-79f6cd670ecb charger=EH-US-CHG-0059/CON-US-0059 status=PREPARING remote=Accepted attempt=19/100
2026-07-02 01:07:44,546 INFO o.a.j.p.j.s.J.Full charging journey with SSE: [electrahub-jmeter][full][041] step=active sessions
2026-07-02 01:07:44,591 INFO o.a.j.p.j.s.J.Full charging journey with SSE: [electrahub-jmeter][full][045] http POST /auth/api/auth/register status=200 elapsedMs=210
2026-07-02 01:07:44,592 INFO o.a.j.p.j.s.J.Full charging journey with SSE: [electrahub-jmeter][full][045] registered uid=4aa4cbd9-2b6b-4e22-be7b-9a24f2404d38
2026-07-02 01:07:44,594 INFO o.a.j.p.j.s.J.Full charging journey with SSE: [electrahub-jmeter][full][023] http GET /session/api/v1/sessions/active status=200 elapsedMs=110
2026-07-02 01:07:44,594 INFO o.a.j.p.j.s.J.Full charging journey with SSE: [electrahub-jmeter][full][023] step=receipt
2026-07-02 01:07:44,599 INFO o.a.j.p.j.s.J.Full charging journey with SSE: [electrahub-jmeter][full][045] step=payment state before setup
2026-07-02 01:07:44,625 INFO o.a.j.p.j.s.J.Full charging journey with SSE: [electrahub-jmeter][full][042] step=start charging attempt 16
2026-07-02 01:07:44,652 INFO o.a.j.p.j.s.J.Full charging journey with SSE: [electrahub-jmeter][full][023] http GET /session/api/v1/sessions/08190625-b8a4-4eff-8e37-bda27840b3e7/receipt status=200 elapsedMs=57
2026-07-02 01:07:44,653 INFO o.a.j.p.j.s.J.Full charging journey with SSE: [electrahub-jmeter][full][023] step=session history
2026-07-02 01:07:44,669 INFO o.a.j.p.j.s.J.Full charging journey with SSE: [electrahub-jmeter][full][045] http GET /payment/api/v1/payment/state status=451 elapsedMs=69
2026-07-02 01:07:44,670 INFO o.a.j.p.j.s.J.Full charging journey with SSE: [electrahub-jmeter][full][045] step=accept terms
2026-07-02 01:07:44,700 INFO o.a.j.p.j.s.J.Full charging journey with SSE: [electrahub-jmeter][full][044] step=start charging attempt 6
2026-07-02 01:07:44,709 INFO o.a.j.p.j.s.J.Full charging journey with SSE: [electrahub-jmeter][full][023] http GET /session/api/v1/sessions/history?page=0&size=10 status=200 elapsedMs=55
2026-07-02 01:07:44,710 INFO o.a.j.p.j.s.J.Full charging journey with SSE: [electrahub-jmeter][full][023] step=dashboard stats
2026-07-02 01:07:44,739 INFO o.a.j.p.j.s.J.Full charging journey with SSE: [electrahub-jmeter][full][045] http POST /auth/api/terms/accept status=201 elapsedMs=69
2026-07-02 01:07:44,740 INFO o.a.j.p.j.s.J.Full charging journey with SSE: [electrahub-jmeter][full][045] accepted terms; refreshing token through login
2026-07-02 01:07:44,741 INFO o.a.j.p.j.s.J.Full charging journey with SSE: [electrahub-jmeter][full][045] step=login
2026-07-02 01:07:44,743 INFO o.a.j.p.j.s.J.Full charging journey with SSE: [electrahub-jmeter][full][042] http POST /session/api/v1/sessions/start status=409 elapsedMs=69
2026-07-02 01:07:44,743 INFO o.a.j.p.j.s.J.Full charging journey with SSE: [electrahub-jmeter][full][042] start skipped EH-US-CHG-0057/CON-US-0057 HTTP 409; trying next connector
2026-07-02 01:07:44,771 INFO o.a.j.p.j.s.J.Full charging journey with SSE: [electrahub-jmeter][full][023] http GET /session/api/v1/sessions/dashboard-stats status=200 elapsedMs=60
2026-07-02 01:07:44,772 INFO o.a.j.p.j.s.J.Full charging journey with SSE: [electrahub-jmeter][full][023] receipt ok session=08190625-b8a4-4eff-8e37-bda27840b3e7 status=Completed total=1.858
2026-07-02 01:07:44,773 INFO o.a.j.t.JMeterThread: Thread is done: 100 driver charging journeys 1-23
2026-07-02 01:07:44,773 INFO o.a.j.t.JMeterThread: Thread finished: 100 driver charging journeys 1-23
2026-07-02 01:07:44,824 INFO o.a.j.p.j.s.J.Full charging journey with SSE: [electrahub-jmeter][full][044] http POST /session/api/v1/sessions/start status=409 elapsedMs=74
2026-07-02 01:07:44,826 INFO o.a.j.p.j.s.J.Full charging journey with SSE: [electrahub-jmeter][full][044] start skipped EH-US-CHG-0049/CON-US-0049 HTTP 409; trying next connector
2026-07-02 01:07:44,905 INFO o.a.j.p.j.s.J.Full charging journey with SSE: [electrahub-jmeter][full][045] http POST /auth/api/auth/login status=200 elapsedMs=163
2026-07-02 01:07:44,906 INFO o.a.j.p.j.s.J.Full charging journey with SSE: [electrahub-jmeter][full][045] logged in uid=4aa4cbd9-2b6b-4e22-be7b-9a24f2404d38
2026-07-02 01:07:44,906 INFO o.a.j.p.j.s.J.Full charging journey with SSE: [electrahub-jmeter][full][045] step=payment state after terms
2026-07-02 01:07:44,964 INFO o.a.j.p.j.s.J.Full charging journey with SSE: [electrahub-jmeter][full][045] http GET /payment/api/v1/payment/state status=200 elapsedMs=57
2026-07-02 01:07:44,964 INFO o.a.j.p.j.s.J.Full charging journey with SSE: [electrahub-jmeter][full][045] step=add card
2026-07-02 01:07:45,025 INFO o.a.j.p.j.s.J.Full charging journey with SSE: [electrahub-jmeter][full][045] http POST /payment/api/v1/payment/cards status=201 elapsedMs=60
2026-07-02 01:07:45,026 INFO o.a.j.p.j.s.J.Full charging journey with SSE: [electrahub-jmeter][full][045] step=wallet topup
2026-07-02 01:07:45,086 INFO o.a.j.p.j.s.J.Full charging journey with SSE: [electrahub-jmeter][full][045] http POST /payment/api/v1/payment/wallet/topups status=201 elapsedMs=59
2026-07-02 01:07:45,087 INFO o.a.j.p.j.s.J.Full charging journey with SSE: [electrahub-jmeter][full][045] step=payment state after setup
2026-07-02 01:07:45,145 INFO o.a.j.p.j.s.J.Full charging journey with SSE: [electrahub-jmeter][full][045] http GET /payment/api/v1/payment/state status=200 elapsedMs=57
2026-07-02 01:07:45,146 INFO o.a.j.p.j.s.J.Full charging journey with SSE: [electrahub-jmeter][full][045] payment ready wallet=120.00
2026-07-02 01:07:45,147 INFO o.a.j.p.j.s.J.Full charging journey with SSE: [electrahub-jmeter][full][045] step=charger graphql list
2026-07-02 01:07:45,211 INFO o.a.j.p.j.s.J.Full charging journey with SSE: [electrahub-jmeter][full][043] step=start charging attempt 12
2026-07-02 01:07:45,238 INFO o.a.j.p.j.s.J.Full charging journey with SSE: [electrahub-jmeter][full][045] http POST /charger/graphql status=200 elapsedMs=90
2026-07-02 01:07:45,239 INFO o.a.j.p.j.s.J.Full charging journey with SSE: [electrahub-jmeter][full][045] dynamic connector selection found no available connector; using CSV connector
2026-07-02 01:07:45,239 INFO o.a.j.p.j.s.J.Full charging journey with SSE: [electrahub-jmeter][full][045] step=charger graphql view
2026-07-02 01:07:45,274 INFO o.a.j.p.j.s.J.Full charging journey with SSE: [electrahub-jmeter][full][043] http POST /session/api/v1/sessions/start status=409 elapsedMs=62
2026-07-02 01:07:45,276 INFO o.a.j.p.j.s.J.Full charging journey with SSE: [electrahub-jmeter][full][043] start skipped EH-US-CHG-0054/CON-US-0054 HTTP 409; trying next connector
2026-07-02 01:07:45,314 INFO o.a.j.p.j.s.J.Full charging journey with SSE: [electrahub-jmeter][full][045] http POST /charger/graphql status=200 elapsedMs=73
2026-07-02 01:07:45,315 INFO o.a.j.p.j.s.J.Full charging journey with SSE: [electrahub-jmeter][full][045] step=payment state before start
2026-07-02 01:07:45,380 INFO o.a.j.p.j.s.J.Full charging journey with SSE: [electrahub-jmeter][full][045] http GET /payment/api/v1/payment/state status=200 elapsedMs=64
2026-07-02 01:07:45,383 INFO o.a.j.p.j.s.J.Full charging journey with SSE: [electrahub-jmeter][full][045] using connector csv fallback attempts=100 startIndex=45/100
2026-07-02 01:07:45,384 INFO o.a.j.p.j.s.J.Full charging journey with SSE: [electrahub-jmeter][full][045] step=start charging attempt 1
2026-07-02 01:07:45,444 INFO o.a.j.p.j.s.J.Full charging journey with SSE: [electrahub-jmeter][full][045] http POST /session/api/v1/sessions/start status=409 elapsedMs=59
2026-07-02 01:07:45,445 INFO o.a.j.p.j.s.J.Full charging journey with SSE: [electrahub-jmeter][full][045] start skipped EH-US-CHG-0045/CON-US-0045 HTTP 409; trying next connector
2026-07-02 01:07:45,544 INFO o.a.j.p.j.s.J.Full charging journey with SSE: [electrahub-jmeter][full][041] http GET /session/api/v1/sessions/active status=200 elapsedMs=997
2026-07-02 01:07:45,546 INFO o.a.j.p.j.s.J.Full charging journey with SSE: [electrahub-jmeter][full][024] http GET /session/api/v1/sessions/active status=200 elapsedMs=1003
2026-07-02 01:07:45,744 INFO o.a.j.p.j.s.J.Full charging journey with SSE: [electrahub-jmeter][full][042] step=start charging attempt 17
2026-07-02 01:07:45,809 INFO o.a.j.p.j.s.J.Full charging journey with SSE: [electrahub-jmeter][full][042] http POST /session/api/v1/sessions/start status=409 elapsedMs=64
2026-07-02 01:07:45,810 INFO o.a.j.p.j.s.J.Full charging journey with SSE: [electrahub-jmeter][full][042] start skipped EH-US-CHG-0058/CON-US-0058 HTTP 409; trying next connector
2026-07-02 01:07:45,827 INFO o.a.j.p.j.s.J.Full charging journey with SSE: [electrahub-jmeter][full][044] step=start charging attempt 7
2026-07-02 01:07:45,906 INFO o.a.j.p.j.s.J.Full charging journey with SSE: [electrahub-jmeter][full][044] http POST /session/api/v1/sessions/start status=409 elapsedMs=78
2026-07-02 01:07:45,907 INFO o.a.j.p.j.s.J.Full charging journey with SSE: [electrahub-jmeter][full][044] start skipped EH-US-CHG-0050/CON-US-0050 HTTP 409; trying next connector
2026-07-02 01:07:46,276 INFO o.a.j.p.j.s.J.Full charging journey with SSE: [electrahub-jmeter][full][043] step=start charging attempt 13
2026-07-02 01:07:46,337 INFO o.a.j.p.j.s.J.Full charging journey with SSE: [electrahub-jmeter][full][043] http POST /session/api/v1/sessions/start status=409 elapsedMs=60
2026-07-02 01:07:46,339 INFO o.a.j.p.j.s.J.Full charging journey with SSE: [electrahub-jmeter][full][043] start skipped EH-US-CHG-0055/CON-US-0055 HTTP 409; trying next connector
2026-07-02 01:07:46,445 INFO o.a.j.p.j.s.J.Full charging journey with SSE: [electrahub-jmeter][full][045] step=start charging attempt 2
2026-07-02 01:07:46,518 INFO o.a.j.p.j.s.J.Full charging journey with SSE: [electrahub-jmeter][full][045] http POST /session/api/v1/sessions/start status=409 elapsedMs=72
2026-07-02 01:07:46,519 INFO o.a.j.p.j.s.J.Full charging journey with SSE: [electrahub-jmeter][full][045] start skipped EH-US-CHG-0046/CON-US-0046 HTTP 409; trying next connector
2026-07-02 01:07:46,559 INFO o.a.j.p.j.s.J.Full charging journey with SSE: [electrahub-jmeter][full][031] sse ok connected=1 snapshot=2 updates=23 receipts=0 heartbeats=0
2026-07-02 01:07:46,560 INFO o.a.j.p.j.s.J.Full charging journey with SSE: [electrahub-jmeter][full][031] holding session for 34s before stop
2026-07-02 01:07:46,811 INFO o.a.j.p.j.s.J.Full charging journey with SSE: [electrahub-jmeter][full][042] step=start charging attempt 18
2026-07-02 01:07:46,875 INFO o.a.j.p.j.s.J.Full charging journey with SSE: [electrahub-jmeter][full][042] http POST /session/api/v1/sessions/start status=409 elapsedMs=63
2026-07-02 01:07:46,876 INFO o.a.j.p.j.s.J.Full charging journey with SSE: [electrahub-jmeter][full][042] start skipped EH-US-CHG-0059/CON-US-0059 HTTP 409; trying next connector
2026-07-02 01:07:46,908 INFO o.a.j.p.j.s.J.Full charging journey with SSE: [electrahub-jmeter][full][044] step=start charging attempt 8
2026-07-02 01:07:46,976 INFO o.a.j.p.j.s.J.Full charging journey with SSE: [electrahub-jmeter][full][044] http POST /session/api/v1/sessions/start status=409 elapsedMs=67
2026-07-02 01:07:46,977 INFO o.a.j.p.j.s.J.Full charging journey with SSE: [electrahub-jmeter][full][044] start skipped EH-US-CHG-0051/CON-US-0051 HTTP 409; trying next connector
2026-07-02 01:07:47,245 INFO o.a.j.p.j.s.J.Full charging journey with SSE: [electrahub-jmeter][full][025] step=stop charging session
2026-07-02 01:07:47,339 INFO o.a.j.p.j.s.J.Full charging journey with SSE: [electrahub-jmeter][full][043] step=start charging attempt 14
2026-07-02 01:07:47,409 INFO o.a.j.p.j.s.J.Full charging journey with SSE: [electrahub-jmeter][full][043] http POST /session/api/v1/sessions/start status=409 elapsedMs=69
2026-07-02 01:07:47,409 INFO o.a.j.p.j.s.J.Full charging journey with SSE: [electrahub-jmeter][full][043] start skipped EH-US-CHG-0056/CON-US-0056 HTTP 409; trying next connector
2026-07-02 01:07:47,520 INFO o.a.j.p.j.s.J.Full charging journey with SSE: [electrahub-jmeter][full][045] step=start charging attempt 3
2026-07-02 01:07:47,584 INFO o.a.j.p.j.s.J.Full charging journey with SSE: [electrahub-jmeter][full][045] http POST /session/api/v1/sessions/start status=409 elapsedMs=63
2026-07-02 01:07:47,585 INFO o.a.j.p.j.s.J.Full charging journey with SSE: [electrahub-jmeter][full][045] start skipped EH-US-CHG-0047/CON-US-0047 HTTP 409; trying next connector
2026-07-02 01:07:47,877 INFO o.a.j.p.j.s.J.Full charging journey with SSE: [electrahub-jmeter][full][042] step=start charging attempt 19
2026-07-02 01:07:47,977 INFO o.a.j.p.j.s.J.Full charging journey with SSE: [electrahub-jmeter][full][044] step=start charging attempt 9
2026-07-02 01:07:48,050 INFO o.a.j.p.j.s.J.Full charging journey with SSE: [electrahub-jmeter][full][044] http POST /session/api/v1/sessions/start status=409 elapsedMs=72
2026-07-02 01:07:48,050 INFO o.a.j.p.j.s.J.Full charging journey with SSE: [electrahub-jmeter][full][044] start skipped EH-US-CHG-0052/CON-US-0052 HTTP 409; trying next connector
2026-07-02 01:07:48,410 INFO o.a.j.p.j.s.J.Full charging journey with SSE: [electrahub-jmeter][full][043] step=start charging attempt 15
2026-07-02 01:07:48,492 INFO o.a.j.p.j.s.J.Full charging journey with SSE: [electrahub-jmeter][full][043] http POST /session/api/v1/sessions/start status=409 elapsedMs=81
2026-07-02 01:07:48,493 INFO o.a.j.p.j.s.J.Full charging journey with SSE: [electrahub-jmeter][full][043] start skipped EH-US-CHG-0057/CON-US-0057 HTTP 409; trying next connector
2026-07-02 01:07:48,586 INFO o.a.j.p.j.s.J.Full charging journey with SSE: [electrahub-jmeter][full][045] step=start charging attempt 4
2026-07-02 01:07:48,607 INFO o.a.j.p.j.s.J.Full charging journey with SSE: [electrahub-jmeter][full][042] http POST /session/api/v1/sessions/start status=201 elapsedMs=729
2026-07-02 01:07:48,607 INFO o.a.j.p.j.s.J.Full charging journey with SSE: [electrahub-jmeter][full][042] started session=488019c5-65e8-4f84-a924-969f85270809 charger=EH-US-CHG-0060/CON-US-0060 status=PREPARING remote=Accepted attempt=19/100
2026-07-02 01:07:48,608 INFO o.a.j.p.j.s.J.Full charging journey with SSE: [electrahub-jmeter][full][042] step=active sessions
2026-07-02 01:07:48,682 INFO o.a.j.p.j.s.J.Full charging journey with SSE: [electrahub-jmeter][full][045] http POST /session/api/v1/sessions/start status=409 elapsedMs=95
2026-07-02 01:07:48,683 INFO o.a.j.p.j.s.J.Full charging journey with SSE: [electrahub-jmeter][full][045] start skipped EH-US-CHG-0048/CON-US-0048 HTTP 409; trying next connector
2026-07-02 01:07:49,051 INFO o.a.j.p.j.s.J.Full charging journey with SSE: [electrahub-jmeter][full][044] step=start charging attempt 10
2026-07-02 01:07:49,121 INFO o.a.j.p.j.s.J.Full charging journey with SSE: [electrahub-jmeter][full][044] http POST /session/api/v1/sessions/start status=409 elapsedMs=69
2026-07-02 01:07:49,122 INFO o.a.j.p.j.s.J.Full charging journey with SSE: [electrahub-jmeter][full][044] start skipped EH-US-CHG-0053/CON-US-0053 HTTP 409; trying next connector
2026-07-02 01:07:49,494 INFO o.a.j.p.j.s.J.Full charging journey with SSE: [electrahub-jmeter][full][043] step=start charging attempt 16
2026-07-02 01:07:49,564 INFO o.a.j.p.j.s.J.Full charging journey with SSE: [electrahub-jmeter][full][043] http POST /session/api/v1/sessions/start status=409 elapsedMs=69
2026-07-02 01:07:49,565 INFO o.a.j.p.j.s.J.Full charging journey with SSE: [electrahub-jmeter][full][043] start skipped EH-US-CHG-0058/CON-US-0058 HTTP 409; trying next connector
2026-07-02 01:07:49,578 INFO o.a.j.p.j.s.J.Full charging journey with SSE: [electrahub-jmeter][full][042] http GET /session/api/v1/sessions/active status=200 elapsedMs=970
2026-07-02 01:07:49,683 INFO o.a.j.p.j.s.J.Full charging journey with SSE: [electrahub-jmeter][full][045] step=start charging attempt 5
2026-07-02 01:07:49,749 INFO o.a.j.p.j.s.J.Full charging journey with SSE: [electrahub-jmeter][full][045] http POST /session/api/v1/sessions/start status=409 elapsedMs=65
2026-07-02 01:07:49,749 INFO o.a.j.p.j.s.J.Full charging journey with SSE: [electrahub-jmeter][full][045] start skipped EH-US-CHG-0049/CON-US-0049 HTTP 409; trying next connector
2026-07-02 01:07:50,123 INFO o.a.j.p.j.s.J.Full charging journey with SSE: [electrahub-jmeter][full][044] step=start charging attempt 11
2026-07-02 01:07:50,189 INFO o.a.j.p.j.s.J.Full charging journey with SSE: [electrahub-jmeter][full][044] http POST /session/api/v1/sessions/start status=409 elapsedMs=65
2026-07-02 01:07:50,190 INFO o.a.j.p.j.s.J.Full charging journey with SSE: [electrahub-jmeter][full][044] start skipped EH-US-CHG-0054/CON-US-0054 HTTP 409; trying next connector
2026-07-02 01:07:50,375 INFO o.a.j.t.JMeterThread: Thread started: 100 driver charging journeys 1-46
2026-07-02 01:07:50,382 INFO o.a.j.p.j.s.J.Full charging journey with SSE: [electrahub-jmeter][full][046] step=register
2026-07-02 01:07:50,547 INFO o.a.j.p.j.s.J.Full charging journey with SSE: [electrahub-jmeter][full][024] step=active sessions
2026-07-02 01:07:50,566 INFO o.a.j.p.j.s.J.Full charging journey with SSE: [electrahub-jmeter][full][043] step=start charging attempt 17
2026-07-02 01:07:50,590 INFO o.a.j.p.j.s.J.Full charging journey with SSE: [electrahub-jmeter][full][046] http POST /auth/api/auth/register status=200 elapsedMs=207
2026-07-02 01:07:50,591 INFO o.a.j.p.j.s.J.Full charging journey with SSE: [electrahub-jmeter][full][046] registered uid=cbe150d2-30f6-439a-9b68-f733e0ace490
2026-07-02 01:07:50,593 INFO o.a.j.p.j.s.J.Full charging journey with SSE: [electrahub-jmeter][full][025] http POST /session/api/v1/sessions/044a110c-8b4c-491b-bc5c-68e25976ef0b/stop status=204 elapsedMs=3347
2026-07-02 01:07:50,593 INFO o.a.j.p.j.s.J.Full charging journey with SSE: [electrahub-jmeter][full][025] stop requested session=044a110c-8b4c-491b-bc5c-68e25976ef0b
2026-07-02 01:07:50,594 INFO o.a.j.p.j.s.J.Full charging journey with SSE: [electrahub-jmeter][full][025] step=active sessions
2026-07-02 01:07:50,599 INFO o.a.j.p.j.s.J.Full charging journey with SSE: [electrahub-jmeter][full][046] step=payment state before setup
2026-07-02 01:07:50,663 INFO o.a.j.p.j.s.J.Full charging journey with SSE: [electrahub-jmeter][full][046] http GET /payment/api/v1/payment/state status=451 elapsedMs=63
2026-07-02 01:07:50,664 INFO o.a.j.p.j.s.J.Full charging journey with SSE: [electrahub-jmeter][full][046] step=accept terms
2026-07-02 01:07:50,671 INFO o.a.j.p.j.s.J.Full charging journey with SSE: [electrahub-jmeter][full][024] http GET /session/api/v1/sessions/active status=200 elapsedMs=123
2026-07-02 01:07:50,672 INFO o.a.j.p.j.s.J.Full charging journey with SSE: [electrahub-jmeter][full][024] step=receipt
2026-07-02 01:07:50,691 INFO o.a.j.p.j.s.J.Full charging journey with SSE: [electrahub-jmeter][full][043] http POST /session/api/v1/sessions/start status=409 elapsedMs=72
2026-07-02 01:07:50,691 INFO o.a.j.p.j.s.J.Full charging journey with SSE: [electrahub-jmeter][full][043] start skipped EH-US-CHG-0059/CON-US-0059 HTTP 409; trying next connector
2026-07-02 01:07:50,729 INFO o.a.j.p.j.s.J.Full charging journey with SSE: [electrahub-jmeter][full][046] http POST /auth/api/terms/accept status=201 elapsedMs=65
2026-07-02 01:07:50,730 INFO o.a.j.p.j.s.J.Full charging journey with SSE: [electrahub-jmeter][full][046] accepted terms; refreshing token through login
2026-07-02 01:07:50,731 INFO o.a.j.p.j.s.J.Full charging journey with SSE: [electrahub-jmeter][full][046] step=login
2026-07-02 01:07:50,733 INFO o.a.j.p.j.s.J.Full charging journey with SSE: [electrahub-jmeter][full][024] http GET /session/api/v1/sessions/dc758680-7824-4584-8069-da7819f127eb/receipt status=200 elapsedMs=60
2026-07-02 01:07:50,734 INFO o.a.j.p.j.s.J.Full charging journey with SSE: [electrahub-jmeter][full][024] step=session history
2026-07-02 01:07:50,750 INFO o.a.j.p.j.s.J.Full charging journey with SSE: [electrahub-jmeter][full][045] step=start charging attempt 6
2026-07-02 01:07:50,795 INFO o.a.j.p.j.s.J.Full charging journey with SSE: [electrahub-jmeter][full][024] http GET /session/api/v1/sessions/history?page=0&size=10 status=200 elapsedMs=60
2026-07-02 01:07:50,796 INFO o.a.j.p.j.s.J.Full charging journey with SSE: [electrahub-jmeter][full][024] step=dashboard stats
2026-07-02 01:07:50,818 INFO o.a.j.p.j.s.J.Full charging journey with SSE: [electrahub-jmeter][full][045] http POST /session/api/v1/sessions/start status=409 elapsedMs=67
2026-07-02 01:07:50,819 INFO o.a.j.p.j.s.J.Full charging journey with SSE: [electrahub-jmeter][full][045] start skipped EH-US-CHG-0050/CON-US-0050 HTTP 409; trying next connector
2026-07-02 01:07:50,854 INFO o.a.j.p.j.s.J.Full charging journey with SSE: [electrahub-jmeter][full][024] http GET /session/api/v1/sessions/dashboard-stats status=200 elapsedMs=58
2026-07-02 01:07:50,855 INFO o.a.j.p.j.s.J.Full charging journey with SSE: [electrahub-jmeter][full][024] receipt ok session=dc758680-7824-4584-8069-da7819f127eb status=Completed total=1.858
2026-07-02 01:07:50,856 INFO o.a.j.t.JMeterThread: Thread is done: 100 driver charging journeys 1-24
2026-07-02 01:07:50,857 INFO o.a.j.t.JMeterThread: Thread finished: 100 driver charging journeys 1-24
2026-07-02 01:07:50,879 INFO o.a.j.p.j.s.J.Full charging journey with SSE: [electrahub-jmeter][full][046] http POST /auth/api/auth/login status=200 elapsedMs=148
2026-07-02 01:07:50,880 INFO o.a.j.p.j.s.J.Full charging journey with SSE: [electrahub-jmeter][full][046] logged in uid=cbe150d2-30f6-439a-9b68-f733e0ace490
2026-07-02 01:07:50,880 INFO o.a.j.p.j.s.J.Full charging journey with SSE: [electrahub-jmeter][full][046] step=payment state after terms
2026-07-02 01:07:50,939 INFO o.a.j.p.j.s.J.Full charging journey with SSE: [electrahub-jmeter][full][046] http GET /payment/api/v1/payment/state status=200 elapsedMs=58
2026-07-02 01:07:50,940 INFO o.a.j.p.j.s.J.Full charging journey with SSE: [electrahub-jmeter][full][046] step=add card
2026-07-02 01:07:51,004 INFO o.a.j.p.j.s.J.Full charging journey with SSE: [electrahub-jmeter][full][046] http POST /payment/api/v1/payment/cards status=201 elapsedMs=64
2026-07-02 01:07:51,005 INFO o.a.j.p.j.s.J.Full charging journey with SSE: [electrahub-jmeter][full][046] step=wallet topup
2026-07-02 01:07:51,063 INFO o.a.j.p.j.s.J.Full charging journey with SSE: [electrahub-jmeter][full][046] http POST /payment/api/v1/payment/wallet/topups status=201 elapsedMs=57
2026-07-02 01:07:51,064 INFO o.a.j.p.j.s.J.Full charging journey with SSE: [electrahub-jmeter][full][046] step=payment state after setup
2026-07-02 01:07:51,119 INFO o.a.j.p.j.s.J.Full charging journey with SSE: [electrahub-jmeter][full][046] http GET /payment/api/v1/payment/state status=200 elapsedMs=55
2026-07-02 01:07:51,120 INFO o.a.j.p.j.s.J.Full charging journey with SSE: [electrahub-jmeter][full][046] payment ready wallet=120.00
2026-07-02 01:07:51,120 INFO o.a.j.p.j.s.J.Full charging journey with SSE: [electrahub-jmeter][full][046] step=charger graphql list
2026-07-02 01:07:51,191 INFO o.a.j.p.j.s.J.Full charging journey with SSE: [electrahub-jmeter][full][044] step=start charging attempt 12
2026-07-02 01:07:51,221 INFO o.a.j.p.j.s.J.Full charging journey with SSE: [electrahub-jmeter][full][046] http POST /charger/graphql status=200 elapsedMs=100
2026-07-02 01:07:51,222 INFO o.a.j.p.j.s.J.Full charging journey with SSE: [electrahub-jmeter][full][046] dynamic connector selection found no available connector; using CSV connector
2026-07-02 01:07:51,222 INFO o.a.j.p.j.s.J.Full charging journey with SSE: [electrahub-jmeter][full][046] step=charger graphql view
2026-07-02 01:07:51,260 INFO o.a.j.p.j.s.J.Full charging journey with SSE: [electrahub-jmeter][full][044] http POST /session/api/v1/sessions/start status=409 elapsedMs=68
2026-07-02 01:07:51,261 INFO o.a.j.p.j.s.J.Full charging journey with SSE: [electrahub-jmeter][full][044] start skipped EH-US-CHG-0055/CON-US-0055 HTTP 409; trying next connector
2026-07-02 01:07:51,293 INFO o.a.j.p.j.s.J.Full charging journey with SSE: [electrahub-jmeter][full][046] http POST /charger/graphql status=200 elapsedMs=70
2026-07-02 01:07:51,293 INFO o.a.j.p.j.s.J.Full charging journey with SSE: [electrahub-jmeter][full][046] step=payment state before start
2026-07-02 01:07:51,350 INFO o.a.j.p.j.s.J.Full charging journey with SSE: [electrahub-jmeter][full][046] http GET /payment/api/v1/payment/state status=200 elapsedMs=56
2026-07-02 01:07:51,354 INFO o.a.j.p.j.s.J.Full charging journey with SSE: [electrahub-jmeter][full][046] using connector csv fallback attempts=100 startIndex=46/100
2026-07-02 01:07:51,355 INFO o.a.j.p.j.s.J.Full charging journey with SSE: [electrahub-jmeter][full][046] step=start charging attempt 1
2026-07-02 01:07:51,418 INFO o.a.j.p.j.s.J.Full charging journey with SSE: [electrahub-jmeter][full][046] http POST /session/api/v1/sessions/start status=409 elapsedMs=62
2026-07-02 01:07:51,419 INFO o.a.j.p.j.s.J.Full charging journey with SSE: [electrahub-jmeter][full][046] start skipped EH-US-CHG-0046/CON-US-0046 HTTP 409; trying next connector
2026-07-02 01:07:51,598 INFO o.a.j.p.j.s.J.Full charging journey with SSE: [electrahub-jmeter][full][025] http GET /session/api/v1/sessions/active status=200 elapsedMs=1003
2026-07-02 01:07:51,599 INFO o.a.j.p.j.s.J.Full charging journey with SSE: [electrahub-jmeter][full][032] sse ok connected=1 snapshot=2 updates=23 receipts=0 heartbeats=0
2026-07-02 01:07:51,600 INFO o.a.j.p.j.s.J.Full charging journey with SSE: [electrahub-jmeter][full][032] holding session for 35s before stop
2026-07-02 01:07:51,692 INFO o.a.j.p.j.s.J.Full charging journey with SSE: [electrahub-jmeter][full][043] step=start charging attempt 18
2026-07-02 01:07:51,758 INFO o.a.j.p.j.s.J.Full charging journey with SSE: [electrahub-jmeter][full][043] http POST /session/api/v1/sessions/start status=409 elapsedMs=64
2026-07-02 01:07:51,759 INFO o.a.j.p.j.s.J.Full charging journey with SSE: [electrahub-jmeter][full][043] start skipped EH-US-CHG-0060/CON-US-0060 HTTP 409; trying next connector
2026-07-02 01:07:51,820 INFO o.a.j.p.j.s.J.Full charging journey with SSE: [electrahub-jmeter][full][045] step=start charging attempt 7
2026-07-02 01:07:51,898 INFO o.a.j.p.j.s.J.Full charging journey with SSE: [electrahub-jmeter][full][045] http POST /session/api/v1/sessions/start status=409 elapsedMs=77
2026-07-02 01:07:51,899 INFO o.a.j.p.j.s.J.Full charging journey with SSE: [electrahub-jmeter][full][045] start skipped EH-US-CHG-0051/CON-US-0051 HTTP 409; trying next connector
2026-07-02 01:07:52,262 INFO o.a.j.p.j.s.J.Full charging journey with SSE: [electrahub-jmeter][full][044] step=start charging attempt 13
2026-07-02 01:07:52,325 INFO o.a.j.p.j.s.J.Full charging journey with SSE: [electrahub-jmeter][full][044] http POST /session/api/v1/sessions/start status=409 elapsedMs=63
2026-07-02 01:07:52,326 INFO o.a.j.p.j.s.J.Full charging journey with SSE: [electrahub-jmeter][full][044] start skipped EH-US-CHG-0056/CON-US-0056 HTTP 409; trying next connector
2026-07-02 01:07:52,420 INFO o.a.j.p.j.s.J.Full charging journey with SSE: [electrahub-jmeter][full][046] step=start charging attempt 2
2026-07-02 01:07:52,489 INFO o.a.j.p.j.s.J.Full charging journey with SSE: [electrahub-jmeter][full][046] http POST /session/api/v1/sessions/start status=409 elapsedMs=69
2026-07-02 01:07:52,491 INFO o.a.j.p.j.s.J.Full charging journey with SSE: [electrahub-jmeter][full][046] start skipped EH-US-CHG-0047/CON-US-0047 HTTP 409; trying next connector
2026-07-02 01:07:52,762 INFO o.a.j.p.j.s.J.Full charging journey with SSE: [electrahub-jmeter][full][043] step=start charging attempt 19
2026-07-02 01:07:52,900 INFO o.a.j.p.j.s.J.Full charging journey with SSE: [electrahub-jmeter][full][045] step=start charging attempt 8
2026-07-02 01:07:52,962 INFO o.a.j.p.j.s.J.Full charging journey with SSE: [electrahub-jmeter][full][045] http POST /session/api/v1/sessions/start status=409 elapsedMs=62
2026-07-02 01:07:52,963 INFO o.a.j.p.j.s.J.Full charging journey with SSE: [electrahub-jmeter][full][045] start skipped EH-US-CHG-0052/CON-US-0052 HTTP 409; trying next connector
2026-07-02 01:07:53,327 INFO o.a.j.p.j.s.J.Full charging journey with SSE: [electrahub-jmeter][full][044] step=start charging attempt 14
2026-07-02 01:07:53,390 INFO o.a.j.p.j.s.J.Full charging journey with SSE: [electrahub-jmeter][full][044] http POST /session/api/v1/sessions/start status=409 elapsedMs=62
2026-07-02 01:07:53,390 INFO o.a.j.p.j.s.J.Full charging journey with SSE: [electrahub-jmeter][full][044] start skipped EH-US-CHG-0057/CON-US-0057 HTTP 409; trying next connector
2026-07-02 01:07:53,492 INFO o.a.j.p.j.s.J.Full charging journey with SSE: [electrahub-jmeter][full][046] step=start charging attempt 3
2026-07-02 01:07:53,562 INFO o.a.j.p.j.s.J.Full charging journey with SSE: [electrahub-jmeter][full][046] http POST /session/api/v1/sessions/start status=409 elapsedMs=69
2026-07-02 01:07:53,563 INFO o.a.j.p.j.s.J.Full charging journey with SSE: [electrahub-jmeter][full][046] start skipped EH-US-CHG-0048/CON-US-0048 HTTP 409; trying next connector
2026-07-02 01:07:53,634 INFO o.a.j.p.j.s.J.Full charging journey with SSE: [electrahub-jmeter][full][043] http POST /session/api/v1/sessions/start status=201 elapsedMs=871
2026-07-02 01:07:53,635 INFO o.a.j.p.j.s.J.Full charging journey with SSE: [electrahub-jmeter][full][043] started session=0d3b9e60-b189-4089-9560-07a00c961bb9 charger=EH-US-CHG-0061/CON-US-0061 status=PREPARING remote=Accepted attempt=19/100
2026-07-02 01:07:53,635 INFO o.a.j.p.j.s.J.Full charging journey with SSE: [electrahub-jmeter][full][043] step=active sessions
2026-07-02 01:07:53,964 INFO o.a.j.p.j.s.J.Full charging journey with SSE: [electrahub-jmeter][full][045] step=start charging attempt 9
2026-07-02 01:07:54,026 INFO o.a.j.p.j.s.J.Full charging journey with SSE: [electrahub-jmeter][full][045] http POST /session/api/v1/sessions/start status=409 elapsedMs=62
2026-07-02 01:07:54,028 INFO o.a.j.p.j.s.J.Full charging journey with SSE: [electrahub-jmeter][full][045] start skipped EH-US-CHG-0053/CON-US-0053 HTTP 409; trying next connector
2026-07-02 01:07:54,391 INFO o.a.j.p.j.s.J.Full charging journey with SSE: [electrahub-jmeter][full][044] step=start charging attempt 15
2026-07-02 01:07:54,454 INFO o.a.j.p.j.s.J.Full charging journey with SSE: [electrahub-jmeter][full][044] http POST /session/api/v1/sessions/start status=409 elapsedMs=62
2026-07-02 01:07:54,455 INFO o.a.j.p.j.s.J.Full charging journey with SSE: [electrahub-jmeter][full][044] start skipped EH-US-CHG-0058/CON-US-0058 HTTP 409; trying next connector
2026-07-02 01:07:54,563 INFO o.a.j.p.j.s.J.Full charging journey with SSE: [electrahub-jmeter][full][046] step=start charging attempt 4
2026-07-02 01:07:54,631 INFO o.a.j.p.j.s.J.Full charging journey with SSE: [electrahub-jmeter][full][046] http POST /session/api/v1/sessions/start status=409 elapsedMs=66
2026-07-02 01:07:54,632 INFO o.a.j.p.j.s.J.Full charging journey with SSE: [electrahub-jmeter][full][046] start skipped EH-US-CHG-0049/CON-US-0049 HTTP 409; trying next connector
2026-07-02 01:07:54,637 INFO o.a.j.p.j.s.J.Full charging journey with SSE: [electrahub-jmeter][full][043] http GET /session/api/v1/sessions/active status=200 elapsedMs=1001
2026-07-02 01:07:55,028 INFO o.a.j.p.j.s.J.Full charging journey with SSE: [electrahub-jmeter][full][045] step=start charging attempt 10
2026-07-02 01:07:55,091 INFO o.a.j.p.j.s.J.Full charging journey with SSE: [electrahub-jmeter][full][045] http POST /session/api/v1/sessions/start status=409 elapsedMs=62
2026-07-02 01:07:55,092 INFO o.a.j.p.j.s.J.Full charging journey with SSE: [electrahub-jmeter][full][045] start skipped EH-US-CHG-0054/CON-US-0054 HTTP 409; trying next connector
2026-07-02 01:07:55,305 INFO o.a.j.p.j.s.J.Full charging journey with SSE: [electrahub-jmeter][full][026] step=stop charging session
2026-07-02 01:07:55,456 INFO o.a.j.p.j.s.J.Full charging journey with SSE: [electrahub-jmeter][full][044] step=start charging attempt 16
2026-07-02 01:07:55,521 INFO o.a.j.p.j.s.J.Full charging journey with SSE: [electrahub-jmeter][full][044] http POST /session/api/v1/sessions/start status=409 elapsedMs=64
2026-07-02 01:07:55,522 INFO o.a.j.p.j.s.J.Full charging journey with SSE: [electrahub-jmeter][full][044] start skipped EH-US-CHG-0059/CON-US-0059 HTTP 409; trying next connector
2026-07-02 01:07:55,632 INFO o.a.j.p.j.s.J.Full charging journey with SSE: [electrahub-jmeter][full][046] step=start charging attempt 5
2026-07-02 01:07:55,703 INFO o.a.j.p.j.s.J.Full charging journey with SSE: [electrahub-jmeter][full][046] http POST /session/api/v1/sessions/start status=409 elapsedMs=70
2026-07-02 01:07:55,704 INFO o.a.j.p.j.s.J.Full charging journey with SSE: [electrahub-jmeter][full][046] start skipped EH-US-CHG-0050/CON-US-0050 HTTP 409; trying next connector
2026-07-02 01:07:56,093 INFO o.a.j.p.j.s.J.Full charging journey with SSE: [electrahub-jmeter][full][045] step=start charging attempt 11
2026-07-02 01:07:56,163 INFO o.a.j.p.j.s.J.Full charging journey with SSE: [electrahub-jmeter][full][045] http POST /session/api/v1/sessions/start status=409 elapsedMs=69
2026-07-02 01:07:56,164 INFO o.a.j.p.j.s.J.Full charging journey with SSE: [electrahub-jmeter][full][045] start skipped EH-US-CHG-0055/CON-US-0055 HTTP 409; trying next connector
2026-07-02 01:07:56,374 INFO o.a.j.t.JMeterThread: Thread started: 100 driver charging journeys 1-47
2026-07-02 01:07:56,380 INFO o.a.j.p.j.s.J.Full charging journey with SSE: [electrahub-jmeter][full][047] step=register
2026-07-02 01:07:56,523 INFO o.a.j.p.j.s.J.Full charging journey with SSE: [electrahub-jmeter][full][044] step=start charging attempt 17
2026-07-02 01:07:56,596 INFO o.a.j.p.j.s.J.Full charging journey with SSE: [electrahub-jmeter][full][047] http POST /auth/api/auth/register status=200 elapsedMs=215
2026-07-02 01:07:56,597 INFO o.a.j.p.j.s.J.Full charging journey with SSE: [electrahub-jmeter][full][047] registered uid=9bf66280-6a06-44d8-b02b-780357129ef4
2026-07-02 01:07:56,599 INFO o.a.j.p.j.s.J.Full charging journey with SSE: [electrahub-jmeter][full][025] step=active sessions
2026-07-02 01:07:56,604 INFO o.a.j.p.j.s.J.Full charging journey with SSE: [electrahub-jmeter][full][047] step=payment state before setup
2026-07-02 01:07:56,650 INFO o.a.j.p.j.s.J.Full charging journey with SSE: [electrahub-jmeter][full][044] http POST /session/api/v1/sessions/start status=409 elapsedMs=82
2026-07-02 01:07:56,651 INFO o.a.j.p.j.s.J.Full charging journey with SSE: [electrahub-jmeter][full][044] start skipped EH-US-CHG-0060/CON-US-0060 HTTP 409; trying next connector
2026-07-02 01:07:56,674 INFO o.a.j.p.j.s.J.Full charging journey with SSE: [electrahub-jmeter][full][025] http GET /session/api/v1/sessions/active status=200 elapsedMs=74
2026-07-02 01:07:56,674 INFO o.a.j.p.j.s.J.Full charging journey with SSE: [electrahub-jmeter][full][025] step=receipt
2026-07-02 01:07:56,701 INFO o.a.j.p.j.s.J.Full charging journey with SSE: [electrahub-jmeter][full][047] http GET /payment/api/v1/payment/state status=451 elapsedMs=96
2026-07-02 01:07:56,703 INFO o.a.j.p.j.s.J.Full charging journey with SSE: [electrahub-jmeter][full][047] step=accept terms
2026-07-02 01:07:56,705 INFO o.a.j.p.j.s.J.Full charging journey with SSE: [electrahub-jmeter][full][046] step=start charging attempt 6
2026-07-02 01:07:57,141 INFO o.a.j.p.j.s.J.Full charging journey with SSE: [electrahub-jmeter][full][025] http GET /session/api/v1/sessions/044a110c-8b4c-491b-bc5c-68e25976ef0b/receipt status=200 elapsedMs=466
2026-07-02 01:07:57,142 INFO o.a.j.p.j.s.J.Full charging journey with SSE: [electrahub-jmeter][full][025] step=session history
2026-07-02 01:07:57,181 INFO o.a.j.p.j.s.J.Full charging journey with SSE: [electrahub-jmeter][full][047] http POST /auth/api/terms/accept status=201 elapsedMs=477
2026-07-02 01:07:57,182 INFO o.a.j.p.j.s.J.Full charging journey with SSE: [electrahub-jmeter][full][047] accepted terms; refreshing token through login
2026-07-02 01:07:57,183 INFO o.a.j.p.j.s.J.Full charging journey with SSE: [electrahub-jmeter][full][047] step=login
2026-07-02 01:07:57,188 INFO o.a.j.p.j.s.J.Full charging journey with SSE: [electrahub-jmeter][full][046] http POST /session/api/v1/sessions/start status=409 elapsedMs=76
2026-07-02 01:07:58,766 INFO o.a.j.p.j.s.J.Full charging journey with SSE: [electrahub-jmeter][full][046] start skipped EH-US-CHG-0051/CON-US-0051 HTTP 409; trying next connector
2026-07-02 01:07:58,778 INFO o.a.j.p.j.s.J.Full charging journey with SSE: [electrahub-jmeter][full][025] http GET /session/api/v1/sessions/history?page=0&size=10 status=200 elapsedMs=1635
2026-07-02 01:07:58,778 INFO o.a.j.p.j.s.J.Full charging journey with SSE: [electrahub-jmeter][full][025] step=dashboard stats
2026-07-02 01:07:58,840 INFO o.a.j.p.j.s.J.Full charging journey with SSE: [electrahub-jmeter][full][025] http GET /session/api/v1/sessions/dashboard-stats status=200 elapsedMs=61
2026-07-02 01:07:58,841 INFO o.a.j.p.j.s.J.Full charging journey with SSE: [electrahub-jmeter][full][025] receipt ok session=044a110c-8b4c-491b-bc5c-68e25976ef0b status=Completed total=1.858
2026-07-02 01:07:58,842 INFO o.a.j.t.JMeterThread: Thread is done: 100 driver charging journeys 1-25
2026-07-02 01:07:58,843 INFO o.a.j.t.JMeterThread: Thread finished: 100 driver charging journeys 1-25
2026-07-02 01:07:58,967 INFO o.a.j.p.j.s.J.Full charging journey with SSE: [electrahub-jmeter][full][047] http POST /auth/api/auth/login status=200 elapsedMs=1784
2026-07-02 01:07:58,968 INFO o.a.j.p.j.s.J.Full charging journey with SSE: [electrahub-jmeter][full][047] logged in uid=9bf66280-6a06-44d8-b02b-780357129ef4
2026-07-02 01:07:58,969 INFO o.a.j.p.j.s.J.Full charging journey with SSE: [electrahub-jmeter][full][047] step=payment state after terms
2026-07-02 01:07:59,038 INFO o.a.j.p.j.s.J.Full charging journey with SSE: [electrahub-jmeter][full][047] http GET /payment/api/v1/payment/state status=200 elapsedMs=68
2026-07-02 01:07:59,041 INFO o.a.j.p.j.s.J.Full charging journey with SSE: [electrahub-jmeter][full][047] step=add card
2026-07-02 01:07:59,108 INFO o.a.j.p.j.s.J.Full charging journey with SSE: [electrahub-jmeter][full][047] http POST /payment/api/v1/payment/cards status=201 elapsedMs=66
2026-07-02 01:07:59,109 INFO o.a.j.p.j.s.J.Full charging journey with SSE: [electrahub-jmeter][full][047] step=wallet topup
2026-07-02 01:07:59,147 INFO o.a.j.p.j.s.J.Full charging journey with SSE: [electrahub-jmeter][full][045] step=start charging attempt 12
2026-07-02 01:07:59,179 INFO o.a.j.p.j.s.J.Full charging journey with SSE: [electrahub-jmeter][full][047] http POST /payment/api/v1/payment/wallet/topups status=201 elapsedMs=69
2026-07-02 01:07:59,180 INFO o.a.j.p.j.s.J.Full charging journey with SSE: [electrahub-jmeter][full][047] step=payment state after setup
2026-07-02 01:07:59,219 INFO o.a.j.p.j.s.J.Full charging journey with SSE: [electrahub-jmeter][full][045] http POST /session/api/v1/sessions/start status=409 elapsedMs=71
2026-07-02 01:07:59,220 INFO o.a.j.p.j.s.J.Full charging journey with SSE: [electrahub-jmeter][full][045] start skipped EH-US-CHG-0056/CON-US-0056 HTTP 409; trying next connector
2026-07-02 01:07:59,243 INFO o.a.j.p.j.s.J.Full charging journey with SSE: [electrahub-jmeter][full][047] http GET /payment/api/v1/payment/state status=200 elapsedMs=63
2026-07-02 01:07:59,244 INFO o.a.j.p.j.s.J.Full charging journey with SSE: [electrahub-jmeter][full][047] payment ready wallet=120.00
2026-07-02 01:07:59,245 INFO o.a.j.p.j.s.J.Full charging journey with SSE: [electrahub-jmeter][full][047] step=charger graphql list
2026-07-02 01:07:59,338 INFO o.a.j.p.j.s.J.Full charging journey with SSE: [electrahub-jmeter][full][047] http POST /charger/graphql status=200 elapsedMs=92
2026-07-02 01:07:59,340 INFO o.a.j.p.j.s.J.Full charging journey with SSE: [electrahub-jmeter][full][047] dynamic connector selection found no available connector; using CSV connector
2026-07-02 01:07:59,340 INFO o.a.j.p.j.s.J.Full charging journey with SSE: [electrahub-jmeter][full][047] step=charger graphql view
2026-07-02 01:07:59,413 INFO o.a.j.p.j.s.J.Full charging journey with SSE: [electrahub-jmeter][full][047] http POST /charger/graphql status=200 elapsedMs=71
2026-07-02 01:07:59,413 INFO o.a.j.p.j.s.J.Full charging journey with SSE: [electrahub-jmeter][full][047] step=payment state before start
2026-07-02 01:07:59,470 INFO o.a.j.p.j.s.J.Full charging journey with SSE: [electrahub-jmeter][full][047] http GET /payment/api/v1/payment/state status=200 elapsedMs=56
2026-07-02 01:07:59,474 INFO o.a.j.p.j.s.J.Full charging journey with SSE: [electrahub-jmeter][full][047] using connector csv fallback attempts=100 startIndex=47/100
2026-07-02 01:07:59,474 INFO o.a.j.p.j.s.J.Full charging journey with SSE: [electrahub-jmeter][full][047] step=start charging attempt 1
2026-07-02 01:07:59,542 INFO o.a.j.p.j.s.J.Full charging journey with SSE: [electrahub-jmeter][full][047] http POST /session/api/v1/sessions/start status=409 elapsedMs=67
2026-07-02 01:07:59,543 INFO o.a.j.p.j.s.J.Full charging journey with SSE: [electrahub-jmeter][full][047] start skipped EH-US-CHG-0047/CON-US-0047 HTTP 409; trying next connector
2026-07-02 01:07:59,634 INFO o.a.j.p.j.s.J.Full charging journey with SSE: [electrahub-jmeter][full][044] step=start charging attempt 18
2026-07-02 01:07:59,700 INFO o.a.j.p.j.s.J.Full charging journey with SSE: [electrahub-jmeter][full][044] http POST /session/api/v1/sessions/start status=409 elapsedMs=65
2026-07-02 01:07:59,701 INFO o.a.j.p.j.s.J.Full charging journey with SSE: [electrahub-jmeter][full][044] start skipped EH-US-CHG-0061/CON-US-0061 HTTP 409; trying next connector
2026-07-02 01:07:59,767 INFO o.a.j.p.j.s.J.Full charging journey with SSE: [electrahub-jmeter][full][046] step=start charging attempt 7
2026-07-02 01:07:59,836 INFO o.a.j.p.j.s.J.Full charging journey with SSE: [electrahub-jmeter][full][046] http POST /session/api/v1/sessions/start status=409 elapsedMs=68
2026-07-02 01:07:59,837 INFO o.a.j.p.j.s.J.Full charging journey with SSE: [electrahub-jmeter][full][046] start skipped EH-US-CHG-0052/CON-US-0052 HTTP 409; trying next connector
2026-07-02 01:08:00,222 INFO o.a.j.p.j.s.J.Full charging journey with SSE: [electrahub-jmeter][full][045] step=start charging attempt 13
2026-07-02 01:08:00,288 INFO o.a.j.p.j.s.J.Full charging journey with SSE: [electrahub-jmeter][full][045] http POST /session/api/v1/sessions/start status=409 elapsedMs=66
2026-07-02 01:08:00,289 INFO o.a.j.p.j.s.J.Full charging journey with SSE: [electrahub-jmeter][full][045] start skipped EH-US-CHG-0057/CON-US-0057 HTTP 409; trying next connector
2026-07-02 01:08:00,543 INFO o.a.j.p.j.s.J.Full charging journey with SSE: [electrahub-jmeter][full][047] step=start charging attempt 2
2026-07-02 01:08:00,613 INFO o.a.j.p.j.s.J.Full charging journey with SSE: [electrahub-jmeter][full][047] http POST /session/api/v1/sessions/start status=409 elapsedMs=69
2026-07-02 01:08:00,613 INFO o.a.j.p.j.s.J.Full charging journey with SSE: [electrahub-jmeter][full][047] start skipped EH-US-CHG-0048/CON-US-0048 HTTP 409; trying next connector
2026-07-02 01:08:00,687 INFO o.a.j.p.j.s.J.Full charging journey with SSE: [electrahub-jmeter][full][026] http POST /session/api/v1/sessions/fe5fed77-e91e-426e-bd85-555b8d83b27c/stop status=204 elapsedMs=5381
2026-07-02 01:08:00,688 INFO o.a.j.p.j.s.J.Full charging journey with SSE: [electrahub-jmeter][full][026] stop requested session=fe5fed77-e91e-426e-bd85-555b8d83b27c
2026-07-02 01:08:00,689 INFO o.a.j.p.j.s.J.Full charging journey with SSE: [electrahub-jmeter][full][026] step=active sessions
2026-07-02 01:08:00,689 INFO o.a.j.p.j.s.J.Full charging journey with SSE: [electrahub-jmeter][full][033] sse ok connected=1 snapshot=2 updates=23 receipts=0 heartbeats=0
2026-07-02 01:08:00,690 INFO o.a.j.p.j.s.J.Full charging journey with SSE: [electrahub-jmeter][full][033] holding session for 32s before stop
2026-07-02 01:08:00,702 INFO o.a.j.p.j.s.J.Full charging journey with SSE: [electrahub-jmeter][full][044] step=start charging attempt 19
2026-07-02 01:08:00,838 INFO o.a.j.p.j.s.J.Full charging journey with SSE: [electrahub-jmeter][full][046] step=start charging attempt 8
2026-07-02 01:08:00,905 INFO o.a.j.p.j.s.J.Full charging journey with SSE: [electrahub-jmeter][full][046] http POST /session/api/v1/sessions/start status=409 elapsedMs=66
2026-07-02 01:08:00,905 INFO o.a.j.p.j.s.J.Full charging journey with SSE: [electrahub-jmeter][full][046] start skipped EH-US-CHG-0053/CON-US-0053 HTTP 409; trying next connector
2026-07-02 01:08:01,290 INFO o.a.j.p.j.s.J.Full charging journey with SSE: [electrahub-jmeter][full][045] step=start charging attempt 14
2026-07-02 01:08:01,320 INFO o.a.j.p.j.s.J.Full charging journey with SSE: [electrahub-jmeter][full][027] step=stop charging session
2026-07-02 01:08:01,357 INFO o.a.j.p.j.s.J.Full charging journey with SSE: [electrahub-jmeter][full][045] http POST /session/api/v1/sessions/start status=409 elapsedMs=66
2026-07-02 01:08:01,357 INFO o.a.j.p.j.s.J.Full charging journey with SSE: [electrahub-jmeter][full][045] start skipped EH-US-CHG-0058/CON-US-0058 HTTP 409; trying next connector
2026-07-02 01:08:01,614 INFO o.a.j.p.j.s.J.Full charging journey with SSE: [electrahub-jmeter][full][047] step=start charging attempt 3
2026-07-02 01:08:01,673 INFO o.a.j.p.j.s.J.Full charging journey with SSE: [electrahub-jmeter][full][026] http GET /session/api/v1/sessions/active status=200 elapsedMs=984
2026-07-02 01:08:01,676 INFO o.a.j.p.j.s.J.Full charging journey with SSE: [electrahub-jmeter][full][044] http POST /session/api/v1/sessions/start status=201 elapsedMs=973
2026-07-02 01:08:01,677 INFO o.a.j.p.j.s.J.Full charging journey with SSE: [electrahub-jmeter][full][044] started session=6b86b48b-beb3-4dfa-8bac-223c8fd1caa2 charger=EH-US-CHG-0062/CON-US-0062 status=PREPARING remote=Accepted attempt=19/100
2026-07-02 01:08:01,677 INFO o.a.j.p.j.s.J.Full charging journey with SSE: [electrahub-jmeter][full][044] step=active sessions
2026-07-02 01:08:01,694 INFO o.a.j.p.j.s.J.Full charging journey with SSE: [electrahub-jmeter][full][047] http POST /session/api/v1/sessions/start status=409 elapsedMs=79
2026-07-02 01:08:01,695 INFO o.a.j.p.j.s.J.Full charging journey with SSE: [electrahub-jmeter][full][047] start skipped EH-US-CHG-0049/CON-US-0049 HTTP 409; trying next connector
2026-07-02 01:08:01,906 INFO o.a.j.p.j.s.J.Full charging journey with SSE: [electrahub-jmeter][full][046] step=start charging attempt 9
2026-07-02 01:08:01,973 INFO o.a.j.p.j.s.J.Full charging journey with SSE: [electrahub-jmeter][full][046] http POST /session/api/v1/sessions/start status=409 elapsedMs=66
2026-07-02 01:08:01,974 INFO o.a.j.p.j.s.J.Full charging journey with SSE: [electrahub-jmeter][full][046] start skipped EH-US-CHG-0054/CON-US-0054 HTTP 409; trying next connector
2026-07-02 01:08:02,358 INFO o.a.j.p.j.s.J.Full charging journey with SSE: [electrahub-jmeter][full][045] step=start charging attempt 15
2026-07-02 01:08:02,375 INFO o.a.j.t.JMeterThread: Thread started: 100 driver charging journeys 1-48
2026-07-02 01:08:02,380 INFO o.a.j.p.j.s.J.Full charging journey with SSE: [electrahub-jmeter][full][048] step=register
2026-07-02 01:08:02,429 INFO o.a.j.p.j.s.J.Full charging journey with SSE: [electrahub-jmeter][full][045] http POST /session/api/v1/sessions/start status=409 elapsedMs=70
2026-07-02 01:08:02,430 INFO o.a.j.p.j.s.J.Full charging journey with SSE: [electrahub-jmeter][full][045] start skipped EH-US-CHG-0059/CON-US-0059 HTTP 409; trying next connector
2026-07-02 01:08:02,574 INFO o.a.j.p.j.s.J.Full charging journey with SSE: [electrahub-jmeter][full][048] http POST /auth/api/auth/register status=200 elapsedMs=194
2026-07-02 01:08:02,574 INFO o.a.j.p.j.s.J.Full charging journey with SSE: [electrahub-jmeter][full][048] registered uid=7c8c4705-a2cd-4475-ae74-9a4f92beb0a3
2026-07-02 01:08:02,582 INFO o.a.j.p.j.s.J.Full charging journey with SSE: [electrahub-jmeter][full][048] step=payment state before setup
2026-07-02 01:08:02,634 INFO o.a.j.p.j.s.J.Full charging journey with SSE: [electrahub-jmeter][full][048] http GET /payment/api/v1/payment/state status=451 elapsedMs=51
2026-07-02 01:08:02,635 INFO o.a.j.p.j.s.J.Full charging journey with SSE: [electrahub-jmeter][full][048] step=accept terms
2026-07-02 01:08:02,675 INFO o.a.j.p.j.s.J.Full charging journey with SSE: [electrahub-jmeter][full][044] http GET /session/api/v1/sessions/active status=200 elapsedMs=997
2026-07-02 01:08:02,696 INFO o.a.j.p.j.s.J.Full charging journey with SSE: [electrahub-jmeter][full][048] http POST /auth/api/terms/accept status=201 elapsedMs=59
2026-07-02 01:08:02,696 INFO o.a.j.p.j.s.J.Full charging journey with SSE: [electrahub-jmeter][full][047] step=start charging attempt 4
2026-07-02 01:08:02,696 INFO o.a.j.p.j.s.J.Full charging journey with SSE: [electrahub-jmeter][full][048] accepted terms; refreshing token through login
2026-07-02 01:08:02,697 INFO o.a.j.p.j.s.J.Full charging journey with SSE: [electrahub-jmeter][full][048] step=login
2026-07-02 01:08:02,763 INFO o.a.j.p.j.s.J.Full charging journey with SSE: [electrahub-jmeter][full][047] http POST /session/api/v1/sessions/start status=409 elapsedMs=66
2026-07-02 01:08:02,764 INFO o.a.j.p.j.s.J.Full charging journey with SSE: [electrahub-jmeter][full][047] start skipped EH-US-CHG-0050/CON-US-0050 HTTP 409; trying next connector
2026-07-02 01:08:02,867 INFO o.a.j.p.j.s.J.Full charging journey with SSE: [electrahub-jmeter][full][048] http POST /auth/api/auth/login status=200 elapsedMs=169
2026-07-02 01:08:02,868 INFO o.a.j.p.j.s.J.Full charging journey with SSE: [electrahub-jmeter][full][048] logged in uid=7c8c4705-a2cd-4475-ae74-9a4f92beb0a3
2026-07-02 01:08:02,869 INFO o.a.j.p.j.s.J.Full charging journey with SSE: [electrahub-jmeter][full][048] step=payment state after terms
2026-07-02 01:08:02,931 INFO o.a.j.p.j.s.J.Full charging journey with SSE: [electrahub-jmeter][full][048] http GET /payment/api/v1/payment/state status=200 elapsedMs=61
2026-07-02 01:08:02,931 INFO o.a.j.p.j.s.J.Full charging journey with SSE: [electrahub-jmeter][full][048] step=add card
2026-07-02 01:08:02,975 INFO o.a.j.p.j.s.J.Full charging journey with SSE: [electrahub-jmeter][full][046] step=start charging attempt 10
2026-07-02 01:08:02,992 INFO o.a.j.p.j.s.J.Full charging journey with SSE: [electrahub-jmeter][full][048] http POST /payment/api/v1/payment/cards status=201 elapsedMs=60
2026-07-02 01:08:02,993 INFO o.a.j.p.j.s.J.Full charging journey with SSE: [electrahub-jmeter][full][048] step=wallet topup
2026-07-02 01:08:03,039 INFO o.a.j.p.j.s.J.Full charging journey with SSE: [electrahub-jmeter][full][046] http POST /session/api/v1/sessions/start status=409 elapsedMs=63
2026-07-02 01:08:03,039 INFO o.a.j.p.j.s.J.Full charging journey with SSE: [electrahub-jmeter][full][046] start skipped EH-US-CHG-0055/CON-US-0055 HTTP 409; trying next connector
2026-07-02 01:08:03,055 INFO o.a.j.p.j.s.J.Full charging journey with SSE: [electrahub-jmeter][full][048] http POST /payment/api/v1/payment/wallet/topups status=201 elapsedMs=61
2026-07-02 01:08:03,056 INFO o.a.j.p.j.s.J.Full charging journey with SSE: [electrahub-jmeter][full][048] step=payment state after setup
2026-07-02 01:08:03,115 INFO o.a.j.p.j.s.J.Full charging journey with SSE: [electrahub-jmeter][full][048] http GET /payment/api/v1/payment/state status=200 elapsedMs=59
2026-07-02 01:08:03,116 INFO o.a.j.p.j.s.J.Full charging journey with SSE: [electrahub-jmeter][full][048] payment ready wallet=120.00
2026-07-02 01:08:03,117 INFO o.a.j.p.j.s.J.Full charging journey with SSE: [electrahub-jmeter][full][048] step=charger graphql list
2026-07-02 01:08:03,212 INFO o.a.j.p.j.s.J.Full charging journey with SSE: [electrahub-jmeter][full][048] http POST /charger/graphql status=200 elapsedMs=94
2026-07-02 01:08:03,213 INFO o.a.j.p.j.s.J.Full charging journey with SSE: [electrahub-jmeter][full][048] dynamic connector selection found no available connector; using CSV connector
2026-07-02 01:08:03,214 INFO o.a.j.p.j.s.J.Full charging journey with SSE: [electrahub-jmeter][full][048] step=charger graphql view
2026-07-02 01:08:03,285 INFO o.a.j.p.j.s.J.Full charging journey with SSE: [electrahub-jmeter][full][048] http POST /charger/graphql status=200 elapsedMs=71
2026-07-02 01:08:03,286 INFO o.a.j.p.j.s.J.Full charging journey with SSE: [electrahub-jmeter][full][048] step=payment state before start
2026-07-02 01:08:03,348 INFO o.a.j.p.j.s.J.Full charging journey with SSE: [electrahub-jmeter][full][048] http GET /payment/api/v1/payment/state status=200 elapsedMs=62
2026-07-02 01:08:03,351 INFO o.a.j.p.j.s.J.Full charging journey with SSE: [electrahub-jmeter][full][048] using connector csv fallback attempts=100 startIndex=48/100
2026-07-02 01:08:03,352 INFO o.a.j.p.j.s.J.Full charging journey with SSE: [electrahub-jmeter][full][048] step=start charging attempt 1
2026-07-02 01:08:03,425 INFO o.a.j.p.j.s.J.Full charging journey with SSE: [electrahub-jmeter][full][048] http POST /session/api/v1/sessions/start status=409 elapsedMs=72
2026-07-02 01:08:03,426 INFO o.a.j.p.j.s.J.Full charging journey with SSE: [electrahub-jmeter][full][048] start skipped EH-US-CHG-0048/CON-US-0048 HTTP 409; trying next connector
2026-07-02 01:08:03,431 INFO o.a.j.p.j.s.J.Full charging journey with SSE: [electrahub-jmeter][full][045] step=start charging attempt 16
2026-07-02 01:08:03,496 INFO o.a.j.p.j.s.J.Full charging journey with SSE: [electrahub-jmeter][full][045] http POST /session/api/v1/sessions/start status=409 elapsedMs=64
2026-07-02 01:08:03,497 INFO o.a.j.p.j.s.J.Full charging journey with SSE: [electrahub-jmeter][full][045] start skipped EH-US-CHG-0060/CON-US-0060 HTTP 409; trying next connector
2026-07-02 01:08:03,768 INFO o.a.j.p.j.s.J.Full charging journey with SSE: [electrahub-jmeter][full][047] step=start charging attempt 5
2026-07-02 01:08:03,833 INFO o.a.j.p.j.s.J.Full charging journey with SSE: [electrahub-jmeter][full][047] http POST /session/api/v1/sessions/start status=409 elapsedMs=64
2026-07-02 01:08:03,833 INFO o.a.j.p.j.s.J.Full charging journey with SSE: [electrahub-jmeter][full][047] start skipped EH-US-CHG-0051/CON-US-0051 HTTP 409; trying next connector
2026-07-02 01:08:04,040 INFO o.a.j.p.j.s.J.Full charging journey with SSE: [electrahub-jmeter][full][046] step=start charging attempt 11
2026-07-02 01:08:04,107 INFO o.a.j.p.j.s.J.Full charging journey with SSE: [electrahub-jmeter][full][046] http POST /session/api/v1/sessions/start status=409 elapsedMs=66
2026-07-02 01:08:04,107 INFO o.a.j.p.j.s.J.Full charging journey with SSE: [electrahub-jmeter][full][046] start skipped EH-US-CHG-0056/CON-US-0056 HTTP 409; trying next connector
2026-07-02 01:08:04,371 INFO o.a.j.p.j.s.J.Full charging journey with SSE: [electrahub-jmeter][full][028] step=stop charging session
2026-07-02 01:08:04,426 INFO o.a.j.p.j.s.J.Full charging journey with SSE: [electrahub-jmeter][full][048] step=start charging attempt 2
2026-07-02 01:08:04,496 INFO o.a.j.p.j.s.J.Full charging journey with SSE: [electrahub-jmeter][full][048] http POST /session/api/v1/sessions/start status=409 elapsedMs=68
2026-07-02 01:08:04,497 INFO o.a.j.p.j.s.J.Full charging journey with SSE: [electrahub-jmeter][full][048] start skipped EH-US-CHG-0049/CON-US-0049 HTTP 409; trying next connector
2026-07-02 01:08:04,498 INFO o.a.j.p.j.s.J.Full charging journey with SSE: [electrahub-jmeter][full][045] step=start charging attempt 17
2026-07-02 01:08:04,564 INFO o.a.j.p.j.s.J.Full charging journey with SSE: [electrahub-jmeter][full][045] http POST /session/api/v1/sessions/start status=409 elapsedMs=65
2026-07-02 01:08:04,565 INFO o.a.j.p.j.s.J.Full charging journey with SSE: [electrahub-jmeter][full][045] start skipped EH-US-CHG-0061/CON-US-0061 HTTP 409; trying next connector
2026-07-02 01:08:04,689 INFO o.a.j.p.j.s.J.Full charging journey with SSE: [electrahub-jmeter][full][027] http POST /session/api/v1/sessions/2fa0e5df-c43e-41ce-9ba7-489aad36cad5/stop status=204 elapsedMs=3368
2026-07-02 01:08:04,689 INFO o.a.j.p.j.s.J.Full charging journey with SSE: [electrahub-jmeter][full][027] stop requested session=2fa0e5df-c43e-41ce-9ba7-489aad36cad5
2026-07-02 01:08:04,690 INFO o.a.j.p.j.s.J.Full charging journey with SSE: [electrahub-jmeter][full][027] step=active sessions
2026-07-02 01:08:04,834 INFO o.a.j.p.j.s.J.Full charging journey with SSE: [electrahub-jmeter][full][047] step=start charging attempt 6
2026-07-02 01:08:04,900 INFO o.a.j.p.j.s.J.Full charging journey with SSE: [electrahub-jmeter][full][047] http POST /session/api/v1/sessions/start status=409 elapsedMs=65
2026-07-02 01:08:04,902 INFO o.a.j.p.j.s.J.Full charging journey with SSE: [electrahub-jmeter][full][047] start skipped EH-US-CHG-0052/CON-US-0052 HTTP 409; trying next connector
2026-07-02 01:08:05,108 INFO o.a.j.p.j.s.J.Full charging journey with SSE: [electrahub-jmeter][full][046] step=start charging attempt 12
2026-07-02 01:08:05,171 INFO o.a.j.p.j.s.J.Full charging journey with SSE: [electrahub-jmeter][full][046] http POST /session/api/v1/sessions/start status=409 elapsedMs=62
2026-07-02 01:08:05,172 INFO o.a.j.p.j.s.J.Full charging journey with SSE: [electrahub-jmeter][full][046] start skipped EH-US-CHG-0057/CON-US-0057 HTTP 409; trying next connector
2026-07-02 01:08:05,498 INFO o.a.j.p.j.s.J.Full charging journey with SSE: [electrahub-jmeter][full][048] step=start charging attempt 3
2026-07-02 01:08:05,558 INFO o.a.j.p.j.s.J.Full charging journey with SSE: [electrahub-jmeter][full][048] http POST /session/api/v1/sessions/start status=409 elapsedMs=59
2026-07-02 01:08:05,559 INFO o.a.j.p.j.s.J.Full charging journey with SSE: [electrahub-jmeter][full][048] start skipped EH-US-CHG-0050/CON-US-0050 HTTP 409; trying next connector
2026-07-02 01:08:05,566 INFO o.a.j.p.j.s.J.Full charging journey with SSE: [electrahub-jmeter][full][045] step=start charging attempt 18
2026-07-02 01:08:05,630 INFO o.a.j.p.j.s.J.Full charging journey with SSE: [electrahub-jmeter][full][045] http POST /session/api/v1/sessions/start status=409 elapsedMs=63
2026-07-02 01:08:05,630 INFO o.a.j.p.j.s.J.Full charging journey with SSE: [electrahub-jmeter][full][045] start skipped EH-US-CHG-0062/CON-US-0062 HTTP 409; trying next connector
2026-07-02 01:08:05,701 INFO o.a.j.p.j.s.J.Full charging journey with SSE: [electrahub-jmeter][full][027] http GET /session/api/v1/sessions/active status=200 elapsedMs=1011
2026-07-02 01:08:05,902 INFO o.a.j.p.j.s.J.Full charging journey with SSE: [electrahub-jmeter][full][047] step=start charging attempt 7
2026-07-02 01:08:05,966 INFO o.a.j.p.j.s.J.Full charging journey with SSE: [electrahub-jmeter][full][047] http POST /session/api/v1/sessions/start status=409 elapsedMs=62
2026-07-02 01:08:05,967 INFO o.a.j.p.j.s.J.Full charging journey with SSE: [electrahub-jmeter][full][047] start skipped EH-US-CHG-0053/CON-US-0053 HTTP 409; trying next connector
2026-07-02 01:08:06,173 INFO o.a.j.p.j.s.J.Full charging journey with SSE: [electrahub-jmeter][full][046] step=start charging attempt 13
2026-07-02 01:08:06,243 INFO o.a.j.p.j.s.J.Full charging journey with SSE: [electrahub-jmeter][full][046] http POST /session/api/v1/sessions/start status=409 elapsedMs=70
2026-07-02 01:08:06,244 INFO o.a.j.p.j.s.J.Full charging journey with SSE: [electrahub-jmeter][full][046] start skipped EH-US-CHG-0058/CON-US-0058 HTTP 409; trying next connector
2026-07-02 01:08:06,560 INFO o.a.j.p.j.s.J.Full charging journey with SSE: [electrahub-jmeter][full][048] step=start charging attempt 4
2026-07-02 01:08:06,626 INFO o.a.j.p.j.s.J.Full charging journey with SSE: [electrahub-jmeter][full][048] http POST /session/api/v1/sessions/start status=409 elapsedMs=64
2026-07-02 01:08:06,626 INFO o.a.j.p.j.s.J.Full charging journey with SSE: [electrahub-jmeter][full][048] start skipped EH-US-CHG-0051/CON-US-0051 HTTP 409; trying next connector
2026-07-02 01:08:06,631 INFO o.a.j.p.j.s.J.Full charging journey with SSE: [electrahub-jmeter][full][045] step=start charging attempt 19
2026-07-02 01:08:06,674 INFO o.a.j.p.j.s.J.Full charging journey with SSE: [electrahub-jmeter][full][026] step=active sessions
2026-07-02 01:08:06,721 INFO o.a.j.p.j.s.J.Full charging journey with SSE: [electrahub-jmeter][full][034] sse ok connected=1 snapshot=2 updates=23 receipts=0 heartbeats=0
2026-07-02 01:08:06,722 INFO o.a.j.p.j.s.J.Full charging journey with SSE: [electrahub-jmeter][full][034] holding session for 32s before stop
2026-07-02 01:08:06,794 INFO o.a.j.p.j.s.J.Full charging journey with SSE: [electrahub-jmeter][full][026] http GET /session/api/v1/sessions/active status=200 elapsedMs=119
2026-07-02 01:08:06,794 INFO o.a.j.p.j.s.J.Full charging journey with SSE: [electrahub-jmeter][full][026] step=receipt
2026-07-02 01:08:06,861 INFO o.a.j.p.j.s.J.Full charging journey with SSE: [electrahub-jmeter][full][026] http GET /session/api/v1/sessions/fe5fed77-e91e-426e-bd85-555b8d83b27c/receipt status=200 elapsedMs=66
2026-07-02 01:08:06,862 INFO o.a.j.p.j.s.J.Full charging journey with SSE: [electrahub-jmeter][full][026] step=session history
2026-07-02 01:08:06,919 INFO o.a.j.p.j.s.J.Full charging journey with SSE: [electrahub-jmeter][full][026] http GET /session/api/v1/sessions/history?page=0&size=10 status=200 elapsedMs=56
2026-07-02 01:08:06,920 INFO o.a.j.p.j.s.J.Full charging journey with SSE: [electrahub-jmeter][full][026] step=dashboard stats
2026-07-02 01:08:06,969 INFO o.a.j.p.j.s.J.Full charging journey with SSE: [electrahub-jmeter][full][047] step=start charging attempt 8
2026-07-02 01:08:06,973 INFO o.a.j.p.j.s.J.Full charging journey with SSE: [electrahub-jmeter][full][026] http GET /session/api/v1/sessions/dashboard-stats status=200 elapsedMs=52
2026-07-02 01:08:06,974 INFO o.a.j.p.j.s.J.Full charging journey with SSE: [electrahub-jmeter][full][026] receipt ok session=fe5fed77-e91e-426e-bd85-555b8d83b27c status=Completed total=1.8618
2026-07-02 01:08:06,975 INFO o.a.j.t.JMeterThread: Thread is done: 100 driver charging journeys 1-26
2026-07-02 01:08:06,975 INFO o.a.j.t.JMeterThread: Thread finished: 100 driver charging journeys 1-26
2026-07-02 01:08:07,076 INFO o.a.j.p.j.s.J.Full charging journey with SSE: [electrahub-jmeter][full][047] http POST /session/api/v1/sessions/start status=409 elapsedMs=67
2026-07-02 01:08:07,077 INFO o.a.j.p.j.s.J.Full charging journey with SSE: [electrahub-jmeter][full][047] start skipped EH-US-CHG-0054/CON-US-0054 HTTP 409; trying next connector
2026-07-02 01:08:07,245 INFO o.a.j.p.j.s.J.Full charging journey with SSE: [electrahub-jmeter][full][046] step=start charging attempt 14
2026-07-02 01:08:07,310 INFO o.a.j.p.j.s.J.Full charging journey with SSE: [electrahub-jmeter][full][046] http POST /session/api/v1/sessions/start status=409 elapsedMs=64
2026-07-02 01:08:07,311 INFO o.a.j.p.j.s.J.Full charging journey with SSE: [electrahub-jmeter][full][046] start skipped EH-US-CHG-0059/CON-US-0059 HTTP 409; trying next connector
2026-07-02 01:08:07,627 INFO o.a.j.p.j.s.J.Full charging journey with SSE: [electrahub-jmeter][full][048] step=start charging attempt 5
2026-07-02 01:08:07,691 INFO o.a.j.p.j.s.J.Full charging journey with SSE: [electrahub-jmeter][full][048] http POST /session/api/v1/sessions/start status=409 elapsedMs=63
2026-07-02 01:08:07,692 INFO o.a.j.p.j.s.J.Full charging journey with SSE: [electrahub-jmeter][full][048] start skipped EH-US-CHG-0052/CON-US-0052 HTTP 409; trying next connector
2026-07-02 01:08:07,733 INFO o.a.j.p.j.s.J.Full charging journey with SSE: [electrahub-jmeter][full][028] http POST /session/api/v1/sessions/cda258ff-a691-4d44-a51f-25d9d7260088/stop status=204 elapsedMs=3361
2026-07-02 01:08:07,733 INFO o.a.j.p.j.s.J.Full charging journey with SSE: [electrahub-jmeter][full][045] http POST /session/api/v1/sessions/start status=201 elapsedMs=1101
2026-07-02 01:08:07,734 INFO o.a.j.p.j.s.J.Full charging journey with SSE: [electrahub-jmeter][full][028] stop requested session=cda258ff-a691-4d44-a51f-25d9d7260088
2026-07-02 01:08:07,734 INFO o.a.j.p.j.s.J.Full charging journey with SSE: [electrahub-jmeter][full][045] started session=57ed0bd6-b9df-47b9-bdaf-9e75772ab9ef charger=EH-US-CHG-0063/CON-US-0063 status=PREPARING remote=Accepted attempt=19/100
2026-07-02 01:08:07,734 INFO o.a.j.p.j.s.J.Full charging journey with SSE: [electrahub-jmeter][full][028] step=active sessions
2026-07-02 01:08:07,735 INFO o.a.j.p.j.s.J.Full charging journey with SSE: [electrahub-jmeter][full][045] step=active sessions
2026-07-02 01:08:08,078 INFO o.a.j.p.j.s.J.Full charging journey with SSE: [electrahub-jmeter][full][047] step=start charging attempt 9
2026-07-02 01:08:08,154 INFO o.a.j.p.j.s.J.Full charging journey with SSE: [electrahub-jmeter][full][047] http POST /session/api/v1/sessions/start status=409 elapsedMs=75
2026-07-02 01:08:08,155 INFO o.a.j.p.j.s.J.Full charging journey with SSE: [electrahub-jmeter][full][047] start skipped EH-US-CHG-0055/CON-US-0055 HTTP 409; trying next connector
2026-07-02 01:08:08,312 INFO o.a.j.p.j.s.J.Full charging journey with SSE: [electrahub-jmeter][full][046] step=start charging attempt 15
2026-07-02 01:08:08,376 INFO o.a.j.t.JMeterThread: Thread started: 100 driver charging journeys 1-49
2026-07-02 01:08:08,382 INFO o.a.j.p.j.s.J.Full charging journey with SSE: [electrahub-jmeter][full][049] step=register
2026-07-02 01:08:08,386 INFO o.a.j.p.j.s.J.Full charging journey with SSE: [electrahub-jmeter][full][046] http POST /session/api/v1/sessions/start status=409 elapsedMs=72
2026-07-02 01:08:08,387 INFO o.a.j.p.j.s.J.Full charging journey with SSE: [electrahub-jmeter][full][046] start skipped EH-US-CHG-0060/CON-US-0060 HTTP 409; trying next connector
2026-07-02 01:08:08,573 INFO o.a.j.p.j.s.J.Full charging journey with SSE: [electrahub-jmeter][full][049] http POST /auth/api/auth/register status=200 elapsedMs=190
2026-07-02 01:08:08,574 INFO o.a.j.p.j.s.J.Full charging journey with SSE: [electrahub-jmeter][full][049] registered uid=585468dc-f444-449b-b90d-8a2c8895c24f
2026-07-02 01:08:08,581 INFO o.a.j.p.j.s.J.Full charging journey with SSE: [electrahub-jmeter][full][049] step=payment state before setup
2026-07-02 01:08:08,635 INFO o.a.j.p.j.s.J.Full charging journey with SSE: [electrahub-jmeter][full][049] http GET /payment/api/v1/payment/state status=451 elapsedMs=53
2026-07-02 01:08:08,636 INFO o.a.j.p.j.s.J.Full charging journey with SSE: [electrahub-jmeter][full][049] step=accept terms
2026-07-02 01:08:08,693 INFO o.a.j.p.j.s.J.Full charging journey with SSE: [electrahub-jmeter][full][048] step=start charging attempt 6
2026-07-02 01:08:08,693 INFO o.a.j.p.j.s.J.Full charging journey with SSE: [electrahub-jmeter][full][049] http POST /auth/api/terms/accept status=201 elapsedMs=56
2026-07-02 01:08:08,694 INFO o.a.j.p.j.s.J.Full charging journey with SSE: [electrahub-jmeter][full][049] accepted terms; refreshing token through login
2026-07-02 01:08:08,694 INFO o.a.j.p.j.s.J.Full charging journey with SSE: [electrahub-jmeter][full][049] step=login
2026-07-02 01:08:08,741 INFO o.a.j.p.j.s.J.Full charging journey with SSE: [electrahub-jmeter][full][028] http GET /session/api/v1/sessions/active status=200 elapsedMs=1006
2026-07-02 01:08:08,744 INFO o.a.j.p.j.s.J.Full charging journey with SSE: [electrahub-jmeter][full][045] http GET /session/api/v1/sessions/active status=200 elapsedMs=1009
2026-07-02 01:08:08,764 INFO o.a.j.p.j.s.J.Full charging journey with SSE: [electrahub-jmeter][full][048] http POST /session/api/v1/sessions/start status=409 elapsedMs=70
2026-07-02 01:08:08,765 INFO o.a.j.p.j.s.J.Full charging journey with SSE: [electrahub-jmeter][full][048] start skipped EH-US-CHG-0053/CON-US-0053 HTTP 409; trying next connector
2026-07-02 01:08:09,156 INFO o.a.j.p.j.s.J.Full charging journey with SSE: [electrahub-jmeter][full][047] step=start charging attempt 10
2026-07-02 01:08:09,181 INFO o.a.j.p.j.s.J.Full charging journey with SSE: [electrahub-jmeter][full][049] http POST /auth/api/auth/login status=200 elapsedMs=486
2026-07-02 01:08:09,182 INFO o.a.j.p.j.s.J.Full charging journey with SSE: [electrahub-jmeter][full][049] logged in uid=585468dc-f444-449b-b90d-8a2c8895c24f
2026-07-02 01:08:09,182 INFO o.a.j.p.j.s.J.Full charging journey with SSE: [electrahub-jmeter][full][049] step=payment state after terms
2026-07-02 01:08:09,220 INFO o.a.j.p.j.s.J.Full charging journey with SSE: [electrahub-jmeter][full][047] http POST /session/api/v1/sessions/start status=409 elapsedMs=62
2026-07-02 01:08:09,221 INFO o.a.j.p.j.s.J.Full charging journey with SSE: [electrahub-jmeter][full][047] start skipped EH-US-CHG-0056/CON-US-0056 HTTP 409; trying next connector
2026-07-02 01:08:09,243 INFO o.a.j.p.j.s.J.Full charging journey with SSE: [electrahub-jmeter][full][049] http GET /payment/api/v1/payment/state status=200 elapsedMs=60
2026-07-02 01:08:09,243 INFO o.a.j.p.j.s.J.Full charging journey with SSE: [electrahub-jmeter][full][049] step=add card
2026-07-02 01:08:09,304 INFO o.a.j.p.j.s.J.Full charging journey with SSE: [electrahub-jmeter][full][049] http POST /payment/api/v1/payment/cards status=201 elapsedMs=60
2026-07-02 01:08:09,305 INFO o.a.j.p.j.s.J.Full charging journey with SSE: [electrahub-jmeter][full][049] step=wallet topup
2026-07-02 01:08:09,364 INFO o.a.j.p.j.s.J.Full charging journey with SSE: [electrahub-jmeter][full][049] http POST /payment/api/v1/payment/wallet/topups status=201 elapsedMs=59
2026-07-02 01:08:09,365 INFO o.a.j.p.j.s.J.Full charging journey with SSE: [electrahub-jmeter][full][049] step=payment state after setup
2026-07-02 01:08:09,388 INFO o.a.j.p.j.s.J.Full charging journey with SSE: [electrahub-jmeter][full][046] step=start charging attempt 16
2026-07-02 01:08:09,422 INFO o.a.j.p.j.s.J.Full charging journey with SSE: [electrahub-jmeter][full][049] http GET /payment/api/v1/payment/state status=200 elapsedMs=57
2026-07-02 01:08:09,423 INFO o.a.j.p.j.s.J.Full charging journey with SSE: [electrahub-jmeter][full][049] payment ready wallet=120.00
2026-07-02 01:08:09,423 INFO o.a.j.p.j.s.J.Full charging journey with SSE: [electrahub-jmeter][full][049] step=charger graphql list
2026-07-02 01:08:09,449 INFO o.a.j.p.j.s.J.Full charging journey with SSE: [electrahub-jmeter][full][046] http POST /session/api/v1/sessions/start status=409 elapsedMs=60
2026-07-02 01:08:09,450 INFO o.a.j.p.j.s.J.Full charging journey with SSE: [electrahub-jmeter][full][046] start skipped EH-US-CHG-0061/CON-US-0061 HTTP 409; trying next connector
2026-07-02 01:08:09,515 INFO o.a.j.p.j.s.J.Full charging journey with SSE: [electrahub-jmeter][full][049] http POST /charger/graphql status=200 elapsedMs=90
2026-07-02 01:08:09,516 INFO o.a.j.p.j.s.J.Full charging journey with SSE: [electrahub-jmeter][full][049] dynamic connector selection found no available connector; using CSV connector
2026-07-02 01:08:09,517 INFO o.a.j.p.j.s.J.Full charging journey with SSE: [electrahub-jmeter][full][049] step=charger graphql view
2026-07-02 01:08:09,586 INFO o.a.j.p.j.s.J.Full charging journey with SSE: [electrahub-jmeter][full][049] http POST /charger/graphql status=200 elapsedMs=67
2026-07-02 01:08:09,586 INFO o.a.j.p.j.s.J.Full charging journey with SSE: [electrahub-jmeter][full][049] step=payment state before start
2026-07-02 01:08:09,642 INFO o.a.j.p.j.s.J.Full charging journey with SSE: [electrahub-jmeter][full][049] http GET /payment/api/v1/payment/state status=200 elapsedMs=55
2026-07-02 01:08:09,644 INFO o.a.j.p.j.s.J.Full charging journey with SSE: [electrahub-jmeter][full][049] using connector csv fallback attempts=100 startIndex=49/100
2026-07-02 01:08:09,644 INFO o.a.j.p.j.s.J.Full charging journey with SSE: [electrahub-jmeter][full][049] step=start charging attempt 1
2026-07-02 01:08:09,716 INFO o.a.j.p.j.s.J.Full charging journey with SSE: [electrahub-jmeter][full][049] http POST /session/api/v1/sessions/start status=409 elapsedMs=71
2026-07-02 01:08:09,717 INFO o.a.j.p.j.s.J.Full charging journey with SSE: [electrahub-jmeter][full][049] start skipped EH-US-CHG-0049/CON-US-0049 HTTP 409; trying next connector
2026-07-02 01:08:09,766 INFO o.a.j.p.j.s.J.Full charging journey with SSE: [electrahub-jmeter][full][048] step=start charging attempt 7
2026-07-02 01:08:09,843 INFO o.a.j.p.j.s.J.Full charging journey with SSE: [electrahub-jmeter][full][048] http POST /session/api/v1/sessions/start status=409 elapsedMs=76
2026-07-02 01:08:09,844 INFO o.a.j.p.j.s.J.Full charging journey with SSE: [electrahub-jmeter][full][048] start skipped EH-US-CHG-0054/CON-US-0054 HTTP 409; trying next connector
2026-07-02 01:08:10,221 INFO o.a.j.p.j.s.J.Full charging journey with SSE: [electrahub-jmeter][full][047] step=start charging attempt 11
2026-07-02 01:08:10,299 INFO o.a.j.p.j.s.J.Full charging journey with SSE: [electrahub-jmeter][full][047] http POST /session/api/v1/sessions/start status=409 elapsedMs=77
2026-07-02 01:08:10,300 INFO o.a.j.p.j.s.J.Full charging journey with SSE: [electrahub-jmeter][full][047] start skipped EH-US-CHG-0057/CON-US-0057 HTTP 409; trying next connector
2026-07-02 01:08:10,439 INFO o.a.j.p.j.s.J.Full charging journey with SSE: [electrahub-jmeter][full][029] step=stop charging session
2026-07-02 01:08:10,451 INFO o.a.j.p.j.s.J.Full charging journey with SSE: [electrahub-jmeter][full][046] step=start charging attempt 17
2026-07-02 01:08:10,516 INFO o.a.j.p.j.s.J.Full charging journey with SSE: [electrahub-jmeter][full][046] http POST /session/api/v1/sessions/start status=409 elapsedMs=64
2026-07-02 01:08:10,517 INFO o.a.j.p.j.s.J.Full charging journey with SSE: [electrahub-jmeter][full][046] start skipped EH-US-CHG-0062/CON-US-0062 HTTP 409; trying next connector
2026-07-02 01:08:10,702 INFO o.a.j.p.j.s.J.Full charging journey with SSE: [electrahub-jmeter][full][027] step=active sessions
2026-07-02 01:08:10,718 INFO o.a.j.p.j.s.J.Full charging journey with SSE: [electrahub-jmeter][full][049] step=start charging attempt 2
2026-07-02 01:08:10,764 INFO o.a.j.p.j.s.J.Full charging journey with SSE: [electrahub-jmeter][full][027] http GET /session/api/v1/sessions/active status=200 elapsedMs=61
2026-07-02 01:08:10,765 INFO o.a.j.p.j.s.J.Full charging journey with SSE: [electrahub-jmeter][full][027] step=receipt
2026-07-02 01:08:10,845 INFO o.a.j.p.j.s.J.Full charging journey with SSE: [electrahub-jmeter][full][048] step=start charging attempt 8
2026-07-02 01:08:10,858 INFO o.a.j.p.j.s.J.Full charging journey with SSE: [electrahub-jmeter][full][027] http GET /session/api/v1/sessions/2fa0e5df-c43e-41ce-9ba7-489aad36cad5/receipt status=200 elapsedMs=93
2026-07-02 01:08:10,859 INFO o.a.j.p.j.s.J.Full charging journey with SSE: [electrahub-jmeter][full][027] step=session history
2026-07-02 01:08:10,861 INFO o.a.j.p.j.s.J.Full charging journey with SSE: [electrahub-jmeter][full][049] http POST /session/api/v1/sessions/start status=409 elapsedMs=142
2026-07-02 01:08:10,861 INFO o.a.j.p.j.s.J.Full charging journey with SSE: [electrahub-jmeter][full][049] start skipped EH-US-CHG-0050/CON-US-0050 HTTP 409; trying next connector
2026-07-02 01:08:10,957 INFO o.a.j.p.j.s.J.Full charging journey with SSE: [electrahub-jmeter][full][027] http GET /session/api/v1/sessions/history?page=0&size=10 status=200 elapsedMs=97
2026-07-02 01:08:10,957 INFO o.a.j.p.j.s.J.Full charging journey with SSE: [electrahub-jmeter][full][027] step=dashboard stats
2026-07-02 01:08:10,976 INFO o.a.j.p.j.s.J.Full charging journey with SSE: [electrahub-jmeter][full][048] http POST /session/api/v1/sessions/start status=409 elapsedMs=91
2026-07-02 01:08:10,977 INFO o.a.j.p.j.s.J.Full charging journey with SSE: [electrahub-jmeter][full][048] start skipped EH-US-CHG-0055/CON-US-0055 HTTP 409; trying next connector
2026-07-02 01:08:11,014 INFO o.a.j.p.j.s.J.Full charging journey with SSE: [electrahub-jmeter][full][027] http GET /session/api/v1/sessions/dashboard-stats status=200 elapsedMs=56
2026-07-02 01:08:11,015 INFO o.a.j.p.j.s.J.Full charging journey with SSE: [electrahub-jmeter][full][027] receipt ok session=2fa0e5df-c43e-41ce-9ba7-489aad36cad5 status=Completed total=1.861
2026-07-02 01:08:11,016 INFO o.a.j.t.JMeterThread: Thread is done: 100 driver charging journeys 1-27
2026-07-02 01:08:11,017 INFO o.a.j.t.JMeterThread: Thread finished: 100 driver charging journeys 1-27
2026-07-02 01:08:11,301 INFO o.a.j.p.j.s.J.Full charging journey with SSE: [electrahub-jmeter][full][047] step=start charging attempt 12
2026-07-02 01:08:11,363 INFO o.a.j.p.j.s.J.Full charging journey with SSE: [electrahub-jmeter][full][047] http POST /session/api/v1/sessions/start status=409 elapsedMs=60
2026-07-02 01:08:11,364 INFO o.a.j.p.j.s.J.Full charging journey with SSE: [electrahub-jmeter][full][047] start skipped EH-US-CHG-0058/CON-US-0058 HTTP 409; trying next connector
2026-07-02 01:08:11,518 INFO o.a.j.p.j.s.J.Full charging journey with SSE: [electrahub-jmeter][full][046] step=start charging attempt 18
2026-07-02 01:08:11,587 INFO o.a.j.p.j.s.J.Full charging journey with SSE: [electrahub-jmeter][full][046] http POST /session/api/v1/sessions/start status=409 elapsedMs=68
2026-07-02 01:08:11,588 INFO o.a.j.p.j.s.J.Full charging journey with SSE: [electrahub-jmeter][full][046] start skipped EH-US-CHG-0063/CON-US-0063 HTTP 409; trying next connector
2026-07-02 01:08:11,862 INFO o.a.j.p.j.s.J.Full charging journey with SSE: [electrahub-jmeter][full][049] step=start charging attempt 3
2026-07-02 01:08:11,932 INFO o.a.j.p.j.s.J.Full charging journey with SSE: [electrahub-jmeter][full][049] http POST /session/api/v1/sessions/start status=409 elapsedMs=69
2026-07-02 01:08:11,932 INFO o.a.j.p.j.s.J.Full charging journey with SSE: [electrahub-jmeter][full][049] start skipped EH-US-CHG-0051/CON-US-0051 HTTP 409; trying next connector
2026-07-02 01:08:11,978 INFO o.a.j.p.j.s.J.Full charging journey with SSE: [electrahub-jmeter][full][048] step=start charging attempt 9
2026-07-02 01:08:12,053 INFO o.a.j.p.j.s.J.Full charging journey with SSE: [electrahub-jmeter][full][048] http POST /session/api/v1/sessions/start status=409 elapsedMs=74
2026-07-02 01:08:12,054 INFO o.a.j.p.j.s.J.Full charging journey with SSE: [electrahub-jmeter][full][048] start skipped EH-US-CHG-0056/CON-US-0056 HTTP 409; trying next connector
2026-07-02 01:08:12,365 INFO o.a.j.p.j.s.J.Full charging journey with SSE: [electrahub-jmeter][full][047] step=start charging attempt 13
2026-07-02 01:08:12,424 INFO o.a.j.p.j.s.J.Full charging journey with SSE: [electrahub-jmeter][full][047] http POST /session/api/v1/sessions/start status=409 elapsedMs=58
2026-07-02 01:08:12,425 INFO o.a.j.p.j.s.J.Full charging journey with SSE: [electrahub-jmeter][full][047] start skipped EH-US-CHG-0059/CON-US-0059 HTTP 409; trying next connector
2026-07-02 01:08:12,589 INFO o.a.j.p.j.s.J.Full charging journey with SSE: [electrahub-jmeter][full][046] step=start charging attempt 19
2026-07-02 01:08:12,790 INFO o.a.j.p.j.s.J.Full charging journey with SSE: [electrahub-jmeter][full][046] http POST /session/api/v1/sessions/start status=201 elapsedMs=200
2026-07-02 01:08:12,790 INFO o.a.j.p.j.s.J.Full charging journey with SSE: [electrahub-jmeter][full][046] started session=6113637d-4984-4d63-bf54-821a844230c7 charger=EH-US-CHG-0064/CON-US-0064 status=PREPARING remote=Accepted attempt=19/100
2026-07-02 01:08:12,791 INFO o.a.j.p.j.s.J.Full charging journey with SSE: [electrahub-jmeter][full][046] step=active sessions
2026-07-02 01:08:12,791 INFO o.a.j.p.j.s.J.Full charging journey with SSE: [electrahub-jmeter][full][035] sse ok connected=1 snapshot=2 updates=23 receipts=0 heartbeats=0
2026-07-02 01:08:12,792 INFO o.a.j.p.j.s.J.Full charging journey with SSE: [electrahub-jmeter][full][035] holding session for 32s before stop
2026-07-02 01:08:12,933 INFO o.a.j.p.j.s.J.Full charging journey with SSE: [electrahub-jmeter][full][049] step=start charging attempt 4
2026-07-02 01:08:12,999 INFO o.a.j.p.j.s.J.Full charging journey with SSE: [electrahub-jmeter][full][049] http POST /session/api/v1/sessions/start status=409 elapsedMs=65
2026-07-02 01:08:13,000 INFO o.a.j.p.j.s.J.Full charging journey with SSE: [electrahub-jmeter][full][049] start skipped EH-US-CHG-0052/CON-US-0052 HTTP 409; trying next connector
2026-07-02 01:08:13,055 INFO o.a.j.p.j.s.J.Full charging journey with SSE: [electrahub-jmeter][full][048] step=start charging attempt 10
2026-07-02 01:08:13,119 INFO o.a.j.p.j.s.J.Full charging journey with SSE: [electrahub-jmeter][full][048] http POST /session/api/v1/sessions/start status=409 elapsedMs=63
2026-07-02 01:08:13,120 INFO o.a.j.p.j.s.J.Full charging journey with SSE: [electrahub-jmeter][full][048] start skipped EH-US-CHG-0057/CON-US-0057 HTTP 409; trying next connector
2026-07-02 01:08:13,426 INFO o.a.j.p.j.s.J.Full charging journey with SSE: [electrahub-jmeter][full][047] step=start charging attempt 14
2026-07-02 01:08:13,487 INFO o.a.j.p.j.s.J.Full charging journey with SSE: [electrahub-jmeter][full][047] http POST /session/api/v1/sessions/start status=409 elapsedMs=59
2026-07-02 01:08:13,488 INFO o.a.j.p.j.s.J.Full charging journey with SSE: [electrahub-jmeter][full][047] start skipped EH-US-CHG-0060/CON-US-0060 HTTP 409; trying next connector
2026-07-02 01:08:13,742 INFO o.a.j.p.j.s.J.Full charging journey with SSE: [electrahub-jmeter][full][028] step=active sessions
2026-07-02 01:08:13,790 INFO o.a.j.p.j.s.J.Full charging journey with SSE: [electrahub-jmeter][full][046] http GET /session/api/v1/sessions/active status=200 elapsedMs=999
2026-07-02 01:08:13,796 INFO o.a.j.p.j.s.J.Full charging journey with SSE: [electrahub-jmeter][full][029] http POST /session/api/v1/sessions/68774f32-79c5-4214-ba33-3e4cfe114e8c/stop status=204 elapsedMs=3356
2026-07-02 01:08:13,796 INFO o.a.j.p.j.s.J.Full charging journey with SSE: [electrahub-jmeter][full][029] stop requested session=68774f32-79c5-4214-ba33-3e4cfe114e8c
2026-07-02 01:08:13,797 INFO o.a.j.p.j.s.J.Full charging journey with SSE: [electrahub-jmeter][full][029] step=active sessions
2026-07-02 01:08:13,802 INFO o.a.j.p.j.s.J.Full charging journey with SSE: [electrahub-jmeter][full][028] http GET /session/api/v1/sessions/active status=200 elapsedMs=59
2026-07-02 01:08:13,806 INFO o.a.j.p.j.s.J.Full charging journey with SSE: [electrahub-jmeter][full][028] step=receipt
2026-07-02 01:08:13,892 INFO o.a.j.p.j.s.J.Full charging journey with SSE: [electrahub-jmeter][full][028] http GET /session/api/v1/sessions/cda258ff-a691-4d44-a51f-25d9d7260088/receipt status=200 elapsedMs=86
2026-07-02 01:08:13,892 INFO o.a.j.p.j.s.J.Full charging journey with SSE: [electrahub-jmeter][full][028] step=session history
2026-07-02 01:08:13,951 INFO o.a.j.p.j.s.J.Full charging journey with SSE: [electrahub-jmeter][full][028] http GET /session/api/v1/sessions/history?page=0&size=10 status=200 elapsedMs=58
2026-07-02 01:08:13,952 INFO o.a.j.p.j.s.J.Full charging journey with SSE: [electrahub-jmeter][full][028] step=dashboard stats
2026-07-02 01:08:14,002 INFO o.a.j.p.j.s.J.Full charging journey with SSE: [electrahub-jmeter][full][049] step=start charging attempt 5
2026-07-02 01:08:14,005 INFO o.a.j.p.j.s.J.Full charging journey with SSE: [electrahub-jmeter][full][028] http GET /session/api/v1/sessions/dashboard-stats status=200 elapsedMs=53
2026-07-02 01:08:14,006 INFO o.a.j.p.j.s.J.Full charging journey with SSE: [electrahub-jmeter][full][028] receipt ok session=cda258ff-a691-4d44-a51f-25d9d7260088 status=Completed total=1.858
2026-07-02 01:08:14,007 INFO o.a.j.t.JMeterThread: Thread is done: 100 driver charging journeys 1-28
2026-07-02 01:08:14,008 INFO o.a.j.t.JMeterThread: Thread finished: 100 driver charging journeys 1-28
2026-07-02 01:08:14,066 INFO o.a.j.p.j.s.J.Full charging journey with SSE: [electrahub-jmeter][full][049] http POST /session/api/v1/sessions/start status=409 elapsedMs=63
2026-07-02 01:08:14,067 INFO o.a.j.p.j.s.J.Full charging journey with SSE: [electrahub-jmeter][full][049] start skipped EH-US-CHG-0053/CON-US-0053 HTTP 409; trying next connector
2026-07-02 01:08:14,121 INFO o.a.j.p.j.s.J.Full charging journey with SSE: [electrahub-jmeter][full][048] step=start charging attempt 11
2026-07-02 01:08:14,189 INFO o.a.j.p.j.s.J.Full charging journey with SSE: [electrahub-jmeter][full][048] http POST /session/api/v1/sessions/start status=409 elapsedMs=67
2026-07-02 01:08:14,190 INFO o.a.j.p.j.s.J.Full charging journey with SSE: [electrahub-jmeter][full][048] start skipped EH-US-CHG-0058/CON-US-0058 HTTP 409; trying next connector
2026-07-02 01:08:14,374 INFO o.a.j.t.JMeterThread: Thread started: 100 driver charging journeys 1-50
2026-07-02 01:08:14,380 INFO o.a.j.p.j.s.J.Full charging journey with SSE: [electrahub-jmeter][full][050] step=register
2026-07-02 01:08:14,489 INFO o.a.j.p.j.s.J.Full charging journey with SSE: [electrahub-jmeter][full][047] step=start charging attempt 15
2026-07-02 01:08:14,555 INFO o.a.j.p.j.s.J.Full charging journey with SSE: [electrahub-jmeter][full][047] http POST /session/api/v1/sessions/start status=409 elapsedMs=65
2026-07-02 01:08:14,556 INFO o.a.j.p.j.s.J.Full charging journey with SSE: [electrahub-jmeter][full][047] start skipped EH-US-CHG-0061/CON-US-0061 HTTP 409; trying next connector
2026-07-02 01:08:14,569 INFO o.a.j.p.j.s.J.Full charging journey with SSE: [electrahub-jmeter][full][050] http POST /auth/api/auth/register status=200 elapsedMs=189
2026-07-02 01:08:14,570 INFO o.a.j.p.j.s.J.Full charging journey with SSE: [electrahub-jmeter][full][050] registered uid=25c6f953-dbbb-4abb-beaf-8b1d462277c8
2026-07-02 01:08:14,578 INFO o.a.j.p.j.s.J.Full charging journey with SSE: [electrahub-jmeter][full][050] step=payment state before setup
2026-07-02 01:08:14,632 INFO o.a.j.p.j.s.J.Full charging journey with SSE: [electrahub-jmeter][full][050] http GET /payment/api/v1/payment/state status=451 elapsedMs=53
2026-07-02 01:08:14,633 INFO o.a.j.p.j.s.J.Full charging journey with SSE: [electrahub-jmeter][full][050] step=accept terms
2026-07-02 01:08:14,686 INFO o.a.j.p.j.s.J.Full charging journey with SSE: [electrahub-jmeter][full][050] http POST /auth/api/terms/accept status=201 elapsedMs=53
2026-07-02 01:08:14,687 INFO o.a.j.p.j.s.J.Full charging journey with SSE: [electrahub-jmeter][full][050] accepted terms; refreshing token through login
2026-07-02 01:08:14,687 INFO o.a.j.p.j.s.J.Full charging journey with SSE: [electrahub-jmeter][full][050] step=login
2026-07-02 01:08:14,801 INFO o.a.j.p.j.s.J.Full charging journey with SSE: [electrahub-jmeter][full][029] http GET /session/api/v1/sessions/active status=200 elapsedMs=1003
2026-07-02 01:08:14,860 INFO o.a.j.p.j.s.J.Full charging journey with SSE: [electrahub-jmeter][full][050] http POST /auth/api/auth/login status=200 elapsedMs=172
2026-07-02 01:08:14,861 INFO o.a.j.p.j.s.J.Full charging journey with SSE: [electrahub-jmeter][full][050] logged in uid=25c6f953-dbbb-4abb-beaf-8b1d462277c8
2026-07-02 01:08:14,861 INFO o.a.j.p.j.s.J.Full charging journey with SSE: [electrahub-jmeter][full][050] step=payment state after terms
2026-07-02 01:08:14,923 INFO o.a.j.p.j.s.J.Full charging journey with SSE: [electrahub-jmeter][full][050] http GET /payment/api/v1/payment/state status=200 elapsedMs=60
2026-07-02 01:08:14,923 INFO o.a.j.p.j.s.J.Full charging journey with SSE: [electrahub-jmeter][full][050] step=add card
2026-07-02 01:08:14,982 INFO o.a.j.p.j.s.J.Full charging journey with SSE: [electrahub-jmeter][full][050] http POST /payment/api/v1/payment/cards status=201 elapsedMs=58
2026-07-02 01:08:14,983 INFO o.a.j.p.j.s.J.Full charging journey with SSE: [electrahub-jmeter][full][050] step=wallet topup
2026-07-02 01:08:15,038 INFO o.a.j.p.j.s.J.Full charging journey with SSE: [electrahub-jmeter][full][050] http POST /payment/api/v1/payment/wallet/topups status=201 elapsedMs=55
2026-07-02 01:08:15,039 INFO o.a.j.p.j.s.J.Full charging journey with SSE: [electrahub-jmeter][full][050] step=payment state after setup
2026-07-02 01:08:15,068 INFO o.a.j.p.j.s.J.Full charging journey with SSE: [electrahub-jmeter][full][049] step=start charging attempt 6
2026-07-02 01:08:15,092 INFO o.a.j.p.j.s.J.Full charging journey with SSE: [electrahub-jmeter][full][050] http GET /payment/api/v1/payment/state status=200 elapsedMs=52
2026-07-02 01:08:15,093 INFO o.a.j.p.j.s.J.Full charging journey with SSE: [electrahub-jmeter][full][050] payment ready wallet=120.00
2026-07-02 01:08:15,093 INFO o.a.j.p.j.s.J.Full charging journey with SSE: [electrahub-jmeter][full][050] step=charger graphql list
2026-07-02 01:08:15,136 INFO o.a.j.p.j.s.J.Full charging journey with SSE: [electrahub-jmeter][full][049] http POST /session/api/v1/sessions/start status=409 elapsedMs=67
2026-07-02 01:08:15,136 INFO o.a.j.p.j.s.J.Full charging journey with SSE: [electrahub-jmeter][full][049] start skipped EH-US-CHG-0054/CON-US-0054 HTTP 409; trying next connector
2026-07-02 01:08:15,184 INFO o.a.j.p.j.s.J.Full charging journey with SSE: [electrahub-jmeter][full][050] http POST /charger/graphql status=200 elapsedMs=90
2026-07-02 01:08:15,186 INFO o.a.j.p.j.s.J.Full charging journey with SSE: [electrahub-jmeter][full][050] dynamic connector selection found no available connector; using CSV connector
2026-07-02 01:08:15,187 INFO o.a.j.p.j.s.J.Full charging journey with SSE: [electrahub-jmeter][full][050] step=charger graphql view
2026-07-02 01:08:15,191 INFO o.a.j.p.j.s.J.Full charging journey with SSE: [electrahub-jmeter][full][048] step=start charging attempt 12
2026-07-02 01:08:15,254 INFO o.a.j.p.j.s.J.Full charging journey with SSE: [electrahub-jmeter][full][048] http POST /session/api/v1/sessions/start status=409 elapsedMs=62
2026-07-02 01:08:15,254 INFO o.a.j.p.j.s.J.Full charging journey with SSE: [electrahub-jmeter][full][048] start skipped EH-US-CHG-0059/CON-US-0059 HTTP 409; trying next connector
2026-07-02 01:08:15,258 INFO o.a.j.p.j.s.J.Full charging journey with SSE: [electrahub-jmeter][full][050] http POST /charger/graphql status=200 elapsedMs=70
2026-07-02 01:08:15,259 INFO o.a.j.p.j.s.J.Full charging journey with SSE: [electrahub-jmeter][full][050] step=payment state before start
2026-07-02 01:08:15,319 INFO o.a.j.p.j.s.J.Full charging journey with SSE: [electrahub-jmeter][full][050] http GET /payment/api/v1/payment/state status=200 elapsedMs=60
2026-07-02 01:08:15,322 INFO o.a.j.p.j.s.J.Full charging journey with SSE: [electrahub-jmeter][full][050] using connector csv fallback attempts=100 startIndex=50/100
2026-07-02 01:08:15,323 INFO o.a.j.p.j.s.J.Full charging journey with SSE: [electrahub-jmeter][full][050] step=start charging attempt 1
2026-07-02 01:08:15,383 INFO o.a.j.p.j.s.J.Full charging journey with SSE: [electrahub-jmeter][full][050] http POST /session/api/v1/sessions/start status=409 elapsedMs=59
2026-07-02 01:08:15,384 INFO o.a.j.p.j.s.J.Full charging journey with SSE: [electrahub-jmeter][full][050] start skipped EH-US-CHG-0050/CON-US-0050 HTTP 409; trying next connector
2026-07-02 01:08:15,557 INFO o.a.j.p.j.s.J.Full charging journey with SSE: [electrahub-jmeter][full][047] step=start charging attempt 16
2026-07-02 01:08:15,623 INFO o.a.j.p.j.s.J.Full charging journey with SSE: [electrahub-jmeter][full][047] http POST /session/api/v1/sessions/start status=409 elapsedMs=65
2026-07-02 01:08:15,623 INFO o.a.j.p.j.s.J.Full charging journey with SSE: [electrahub-jmeter][full][047] start skipped EH-US-CHG-0062/CON-US-0062 HTTP 409; trying next connector
2026-07-02 01:08:16,137 INFO o.a.j.p.j.s.J.Full charging journey with SSE: [electrahub-jmeter][full][049] step=start charging attempt 7
2026-07-02 01:08:16,209 INFO o.a.j.p.j.s.J.Full charging journey with SSE: [electrahub-jmeter][full][049] http POST /session/api/v1/sessions/start status=409 elapsedMs=70
2026-07-02 01:08:16,210 INFO o.a.j.p.j.s.J.Full charging journey with SSE: [electrahub-jmeter][full][049] start skipped EH-US-CHG-0055/CON-US-0055 HTTP 409; trying next connector
2026-07-02 01:08:16,255 INFO o.a.j.p.j.s.J.Full charging journey with SSE: [electrahub-jmeter][full][048] step=start charging attempt 13
2026-07-02 01:08:16,324 INFO o.a.j.p.j.s.J.Full charging journey with SSE: [electrahub-jmeter][full][048] http POST /session/api/v1/sessions/start status=409 elapsedMs=68
2026-07-02 01:08:16,325 INFO o.a.j.p.j.s.J.Full charging journey with SSE: [electrahub-jmeter][full][048] start skipped EH-US-CHG-0060/CON-US-0060 HTTP 409; trying next connector
2026-07-02 01:08:16,385 INFO o.a.j.p.j.s.J.Full charging journey with SSE: [electrahub-jmeter][full][050] step=start charging attempt 2
2026-07-02 01:08:16,459 INFO o.a.j.p.j.s.J.Full charging journey with SSE: [electrahub-jmeter][full][050] http POST /session/api/v1/sessions/start status=409 elapsedMs=71
2026-07-02 01:08:16,460 INFO o.a.j.p.j.s.J.Full charging journey with SSE: [electrahub-jmeter][full][050] start skipped EH-US-CHG-0051/CON-US-0051 HTTP 409; trying next connector
2026-07-02 01:08:16,485 INFO o.a.j.p.j.s.J.Full charging journey with SSE: [electrahub-jmeter][full][030] step=stop charging session
2026-07-02 01:08:16,624 INFO o.a.j.p.j.s.J.Full charging journey with SSE: [electrahub-jmeter][full][047] step=start charging attempt 17
2026-07-02 01:08:16,689 INFO o.a.j.p.j.s.J.Full charging journey with SSE: [electrahub-jmeter][full][047] http POST /session/api/v1/sessions/start status=409 elapsedMs=64
2026-07-02 01:08:16,690 INFO o.a.j.p.j.s.J.Full charging journey with SSE: [electrahub-jmeter][full][047] start skipped EH-US-CHG-0063/CON-US-0063 HTTP 409; trying next connector
2026-07-02 01:08:17,211 INFO o.a.j.p.j.s.J.Full charging journey with SSE: [electrahub-jmeter][full][049] step=start charging attempt 8
2026-07-02 01:08:17,275 INFO o.a.j.p.j.s.J.Full charging journey with SSE: [electrahub-jmeter][full][049] http POST /session/api/v1/sessions/start status=409 elapsedMs=63
2026-07-02 01:08:17,276 INFO o.a.j.p.j.s.J.Full charging journey with SSE: [electrahub-jmeter][full][049] start skipped EH-US-CHG-0056/CON-US-0056 HTTP 409; trying next connector
2026-07-02 01:08:17,326 INFO o.a.j.p.j.s.J.Full charging journey with SSE: [electrahub-jmeter][full][048] step=start charging attempt 14
2026-07-02 01:08:17,393 INFO o.a.j.p.j.s.J.Full charging journey with SSE: [electrahub-jmeter][full][048] http POST /session/api/v1/sessions/start status=409 elapsedMs=66
2026-07-02 01:08:17,394 INFO o.a.j.p.j.s.J.Full charging journey with SSE: [electrahub-jmeter][full][048] start skipped EH-US-CHG-0061/CON-US-0061 HTTP 409; trying next connector
2026-07-02 01:08:17,461 INFO o.a.j.p.j.s.J.Full charging journey with SSE: [electrahub-jmeter][full][050] step=start charging attempt 3
2026-07-02 01:08:17,525 INFO o.a.j.p.j.s.J.Full charging journey with SSE: [electrahub-jmeter][full][050] http POST /session/api/v1/sessions/start status=409 elapsedMs=63
2026-07-02 01:08:17,526 INFO o.a.j.p.j.s.J.Full charging journey with SSE: [electrahub-jmeter][full][050] start skipped EH-US-CHG-0052/CON-US-0052 HTTP 409; trying next connector
2026-07-02 01:08:17,691 INFO o.a.j.p.j.s.J.Full charging journey with SSE: [electrahub-jmeter][full][047] step=start charging attempt 18
2026-07-02 01:08:17,760 INFO o.a.j.p.j.s.J.Full charging journey with SSE: [electrahub-jmeter][full][047] http POST /session/api/v1/sessions/start status=409 elapsedMs=68
2026-07-02 01:08:17,760 INFO o.a.j.p.j.s.J.Full charging journey with SSE: [electrahub-jmeter][full][047] start skipped EH-US-CHG-0064/CON-US-0064 HTTP 409; trying next connector
2026-07-02 01:08:18,277 INFO o.a.j.p.j.s.J.Full charging journey with SSE: [electrahub-jmeter][full][049] step=start charging attempt 9
2026-07-02 01:08:18,346 INFO o.a.j.p.j.s.J.Full charging journey with SSE: [electrahub-jmeter][full][049] http POST /session/api/v1/sessions/start status=409 elapsedMs=68
2026-07-02 01:08:18,347 INFO o.a.j.p.j.s.J.Full charging journey with SSE: [electrahub-jmeter][full][049] start skipped EH-US-CHG-0057/CON-US-0057 HTTP 409; trying next connector
2026-07-02 01:08:18,395 INFO o.a.j.p.j.s.J.Full charging journey with SSE: [electrahub-jmeter][full][048] step=start charging attempt 15
2026-07-02 01:08:18,459 INFO o.a.j.p.j.s.J.Full charging journey with SSE: [electrahub-jmeter][full][048] http POST /session/api/v1/sessions/start status=409 elapsedMs=63
2026-07-02 01:08:18,460 INFO o.a.j.p.j.s.J.Full charging journey with SSE: [electrahub-jmeter][full][048] start skipped EH-US-CHG-0062/CON-US-0062 HTTP 409; trying next connector
2026-07-02 01:08:18,527 INFO o.a.j.p.j.s.J.Full charging journey with SSE: [electrahub-jmeter][full][050] step=start charging attempt 4
2026-07-02 01:08:18,593 INFO o.a.j.p.j.s.J.Full charging journey with SSE: [electrahub-jmeter][full][050] http POST /session/api/v1/sessions/start status=409 elapsedMs=65
2026-07-02 01:08:18,594 INFO o.a.j.p.j.s.J.Full charging journey with SSE: [electrahub-jmeter][full][050] start skipped EH-US-CHG-0053/CON-US-0053 HTTP 409; trying next connector
2026-07-02 01:08:18,761 INFO o.a.j.p.j.s.J.Full charging journey with SSE: [electrahub-jmeter][full][047] step=start charging attempt 19
2026-07-02 01:08:18,838 INFO o.a.j.p.j.s.J.Full charging journey with SSE: [electrahub-jmeter][full][036] sse ok connected=1 snapshot=2 updates=23 receipts=0 heartbeats=0
2026-07-02 01:08:18,839 INFO o.a.j.p.j.s.J.Full charging journey with SSE: [electrahub-jmeter][full][036] holding session for 32s before stop
2026-07-02 01:08:19,347 INFO o.a.j.p.j.s.J.Full charging journey with SSE: [electrahub-jmeter][full][049] step=start charging attempt 10
2026-07-02 01:08:19,410 INFO o.a.j.p.j.s.J.Full charging journey with SSE: [electrahub-jmeter][full][049] http POST /session/api/v1/sessions/start status=409 elapsedMs=62
2026-07-02 01:08:19,410 INFO o.a.j.p.j.s.J.Full charging journey with SSE: [electrahub-jmeter][full][049] start skipped EH-US-CHG-0058/CON-US-0058 HTTP 409; trying next connector
2026-07-02 01:08:19,461 INFO o.a.j.p.j.s.J.Full charging journey with SSE: [electrahub-jmeter][full][048] step=start charging attempt 16
2026-07-02 01:08:19,534 INFO o.a.j.p.j.s.J.Full charging journey with SSE: [electrahub-jmeter][full][048] http POST /session/api/v1/sessions/start status=409 elapsedMs=72
2026-07-02 01:08:19,535 INFO o.a.j.p.j.s.J.Full charging journey with SSE: [electrahub-jmeter][full][048] start skipped EH-US-CHG-0063/CON-US-0063 HTTP 409; trying next connector
2026-07-02 01:08:19,595 INFO o.a.j.p.j.s.J.Full charging journey with SSE: [electrahub-jmeter][full][050] step=start charging attempt 5
2026-07-02 01:08:19,656 INFO o.a.j.p.j.s.J.Full charging journey with SSE: [electrahub-jmeter][full][050] http POST /session/api/v1/sessions/start status=409 elapsedMs=60
2026-07-02 01:08:19,656 INFO o.a.j.p.j.s.J.Full charging journey with SSE: [electrahub-jmeter][full][050] start skipped EH-US-CHG-0054/CON-US-0054 HTTP 409; trying next connector
2026-07-02 01:08:19,802 INFO o.a.j.p.j.s.J.Full charging journey with SSE: [electrahub-jmeter][full][029] step=active sessions
2026-07-02 01:08:19,850 INFO o.a.j.p.j.s.J.Full charging journey with SSE: [electrahub-jmeter][full][030] http POST /session/api/v1/sessions/7ab3415f-3ff0-4ee3-a34e-1581fd689b10/stop status=204 elapsedMs=3364
2026-07-02 01:08:19,850 INFO o.a.j.p.j.s.J.Full charging journey with SSE: [electrahub-jmeter][full][047] http POST /session/api/v1/sessions/start status=201 elapsedMs=1088
2026-07-02 01:08:19,851 INFO o.a.j.p.j.s.J.Full charging journey with SSE: [electrahub-jmeter][full][030] stop requested session=7ab3415f-3ff0-4ee3-a34e-1581fd689b10
2026-07-02 01:08:19,852 INFO o.a.j.p.j.s.J.Full charging journey with SSE: [electrahub-jmeter][full][047] started session=28bf5b73-9ddb-456a-8f1e-e3ba43e15657 charger=EH-US-CHG-0065/CON-US-0065 status=PREPARING remote=Accepted attempt=19/100
2026-07-02 01:08:19,852 INFO o.a.j.p.j.s.J.Full charging journey with SSE: [electrahub-jmeter][full][030] step=active sessions
2026-07-02 01:08:19,853 INFO o.a.j.p.j.s.J.Full charging journey with SSE: [electrahub-jmeter][full][047] step=active sessions
2026-07-02 01:08:19,863 INFO o.a.j.p.j.s.J.Full charging journey with SSE: [electrahub-jmeter][full][029] http GET /session/api/v1/sessions/active status=200 elapsedMs=60
2026-07-02 01:08:19,864 INFO o.a.j.p.j.s.J.Full charging journey with SSE: [electrahub-jmeter][full][029] step=receipt
2026-07-02 01:08:19,917 INFO o.a.j.p.j.s.J.Full charging journey with SSE: [electrahub-jmeter][full][029] http GET /session/api/v1/sessions/68774f32-79c5-4214-ba33-3e4cfe114e8c/receipt status=200 elapsedMs=53
2026-07-02 01:08:19,917 INFO o.a.j.p.j.s.J.Full charging journey with SSE: [electrahub-jmeter][full][029] step=session history
2026-07-02 01:08:19,972 INFO o.a.j.p.j.s.J.Full charging journey with SSE: [electrahub-jmeter][full][029] http GET /session/api/v1/sessions/history?page=0&size=10 status=200 elapsedMs=54
2026-07-02 01:08:19,973 INFO o.a.j.p.j.s.J.Full charging journey with SSE: [electrahub-jmeter][full][029] step=dashboard stats
2026-07-02 01:08:20,027 INFO o.a.j.p.j.s.J.Full charging journey with SSE: [electrahub-jmeter][full][029] http GET /session/api/v1/sessions/dashboard-stats status=200 elapsedMs=53
2026-07-02 01:08:20,028 INFO o.a.j.p.j.s.J.Full charging journey with SSE: [electrahub-jmeter][full][029] receipt ok session=68774f32-79c5-4214-ba33-3e4cfe114e8c status=Completed total=1.858
2026-07-02 01:08:20,029 INFO o.a.j.t.JMeterThread: Thread is done: 100 driver charging journeys 1-29
2026-07-02 01:08:20,029 INFO o.a.j.t.JMeterThread: Thread finished: 100 driver charging journeys 1-29
2026-07-02 01:08:20,411 INFO o.a.j.p.j.s.J.Full charging journey with SSE: [electrahub-jmeter][full][049] step=start charging attempt 11
2026-07-02 01:08:20,474 INFO o.a.j.p.j.s.J.Full charging journey with SSE: [electrahub-jmeter][full][049] http POST /session/api/v1/sessions/start status=409 elapsedMs=61
2026-07-02 01:08:20,476 INFO o.a.j.p.j.s.J.Full charging journey with SSE: [electrahub-jmeter][full][049] start skipped EH-US-CHG-0059/CON-US-0059 HTTP 409; trying next connector
2026-07-02 01:08:20,536 INFO o.a.j.p.j.s.J.Full charging journey with SSE: [electrahub-jmeter][full][048] step=start charging attempt 17
2026-07-02 01:08:20,598 INFO o.a.j.p.j.s.J.Full charging journey with SSE: [electrahub-jmeter][full][048] http POST /session/api/v1/sessions/start status=409 elapsedMs=61
2026-07-02 01:08:20,599 INFO o.a.j.p.j.s.J.Full charging journey with SSE: [electrahub-jmeter][full][048] start skipped EH-US-CHG-0064/CON-US-0064 HTTP 409; trying next connector
2026-07-02 01:08:20,657 INFO o.a.j.p.j.s.J.Full charging journey with SSE: [electrahub-jmeter][full][050] step=start charging attempt 6
2026-07-02 01:08:20,724 INFO o.a.j.p.j.s.J.Full charging journey with SSE: [electrahub-jmeter][full][050] http POST /session/api/v1/sessions/start status=409 elapsedMs=65
2026-07-02 01:08:20,725 INFO o.a.j.p.j.s.J.Full charging journey with SSE: [electrahub-jmeter][full][050] start skipped EH-US-CHG-0055/CON-US-0055 HTTP 409; trying next connector
2026-07-02 01:08:20,864 INFO o.a.j.p.j.s.J.Full charging journey with SSE: [electrahub-jmeter][full][047] http GET /session/api/v1/sessions/active status=200 elapsedMs=1011
2026-07-02 01:08:20,865 INFO o.a.j.p.j.s.J.Full charging journey with SSE: [electrahub-jmeter][full][030] http GET /session/api/v1/sessions/active status=200 elapsedMs=1012
2026-07-02 01:08:21,477 INFO o.a.j.p.j.s.J.Full charging journey with SSE: [electrahub-jmeter][full][049] step=start charging attempt 12
2026-07-02 01:08:21,546 INFO o.a.j.p.j.s.J.Full charging journey with SSE: [electrahub-jmeter][full][049] http POST /session/api/v1/sessions/start status=409 elapsedMs=68
2026-07-02 01:08:21,547 INFO o.a.j.p.j.s.J.Full charging journey with SSE: [electrahub-jmeter][full][049] start skipped EH-US-CHG-0060/CON-US-0060 HTTP 409; trying next connector
2026-07-02 01:08:21,600 INFO o.a.j.p.j.s.J.Full charging journey with SSE: [electrahub-jmeter][full][048] step=start charging attempt 18
2026-07-02 01:08:21,672 INFO o.a.j.p.j.s.J.Full charging journey with SSE: [electrahub-jmeter][full][048] http POST /session/api/v1/sessions/start status=409 elapsedMs=71
2026-07-02 01:08:21,673 INFO o.a.j.p.j.s.J.Full charging journey with SSE: [electrahub-jmeter][full][048] start skipped EH-US-CHG-0065/CON-US-0065 HTTP 409; trying next connector
2026-07-02 01:08:21,726 INFO o.a.j.p.j.s.J.Full charging journey with SSE: [electrahub-jmeter][full][050] step=start charging attempt 7
2026-07-02 01:08:21,791 INFO o.a.j.p.j.s.J.Full charging journey with SSE: [electrahub-jmeter][full][050] http POST /session/api/v1/sessions/start status=409 elapsedMs=64
2026-07-02 01:08:21,791 INFO o.a.j.p.j.s.J.Full charging journey with SSE: [electrahub-jmeter][full][050] start skipped EH-US-CHG-0056/CON-US-0056 HTTP 409; trying next connector
2026-07-02 01:08:22,543 INFO o.a.j.p.j.s.J.Full charging journey with SSE: [electrahub-jmeter][full][031] step=stop charging session
2026-07-02 01:08:22,547 INFO o.a.j.p.j.s.J.Full charging journey with SSE: [electrahub-jmeter][full][049] step=start charging attempt 13
2026-07-02 01:08:22,617 INFO o.a.j.p.j.s.J.Full charging journey with SSE: [electrahub-jmeter][full][049] http POST /session/api/v1/sessions/start status=409 elapsedMs=69
2026-07-02 01:08:22,618 INFO o.a.j.p.j.s.J.Full charging journey with SSE: [electrahub-jmeter][full][049] start skipped EH-US-CHG-0061/CON-US-0061 HTTP 409; trying next connector
2026-07-02 01:08:22,674 INFO o.a.j.p.j.s.J.Full charging journey with SSE: [electrahub-jmeter][full][048] step=start charging attempt 19
2026-07-02 01:08:22,792 INFO o.a.j.p.j.s.J.Full charging journey with SSE: [electrahub-jmeter][full][050] step=start charging attempt 8
2026-07-02 01:08:22,883 INFO o.a.j.p.j.s.J.Full charging journey with SSE: [electrahub-jmeter][full][037] sse ok connected=1 snapshot=2 updates=23 receipts=0 heartbeats=0
2026-07-02 01:08:22,884 INFO o.a.j.p.j.s.J.Full charging journey with SSE: [electrahub-jmeter][full][037] holding session for 34s before stop
2026-07-02 01:08:22,887 INFO o.a.j.p.j.s.J.Full charging journey with SSE: [electrahub-jmeter][full][048] http POST /session/api/v1/sessions/start status=201 elapsedMs=211
2026-07-02 01:08:22,887 INFO o.a.j.p.j.s.J.Full charging journey with SSE: [electrahub-jmeter][full][048] started session=030d36d5-44f4-427e-8294-c37d4ec57b74 charger=EH-US-CHG-0066/CON-US-0066 status=PREPARING remote=Accepted attempt=19/100
2026-07-02 01:08:22,888 INFO o.a.j.p.j.s.J.Full charging journey with SSE: [electrahub-jmeter][full][048] step=active sessions
2026-07-02 01:08:22,958 INFO o.a.j.p.j.s.J.Full charging journey with SSE: [electrahub-jmeter][full][050] http POST /session/api/v1/sessions/start status=409 elapsedMs=129
2026-07-02 01:08:22,959 INFO o.a.j.p.j.s.J.Full charging journey with SSE: [electrahub-jmeter][full][050] start skipped EH-US-CHG-0057/CON-US-0057 HTTP 409; trying next connector
2026-07-02 01:08:23,619 INFO o.a.j.p.j.s.J.Full charging journey with SSE: [electrahub-jmeter][full][049] step=start charging attempt 14
2026-07-02 01:08:23,757 INFO o.a.j.p.j.s.J.Full charging journey with SSE: [electrahub-jmeter][full][049] http POST /session/api/v1/sessions/start status=409 elapsedMs=136
2026-07-02 01:08:23,757 INFO o.a.j.p.j.s.J.Full charging journey with SSE: [electrahub-jmeter][full][049] start skipped EH-US-CHG-0062/CON-US-0062 HTTP 409; trying next connector
2026-07-02 01:08:23,927 INFO o.a.j.p.j.s.J.Full charging journey with SSE: [electrahub-jmeter][full][048] http GET /session/api/v1/sessions/active status=200 elapsedMs=1039
2026-07-02 01:08:23,960 INFO o.a.j.p.j.s.J.Full charging journey with SSE: [electrahub-jmeter][full][050] step=start charging attempt 9
2026-07-02 01:08:24,093 INFO o.a.j.p.j.s.J.Full charging journey with SSE: [electrahub-jmeter][full][050] http POST /session/api/v1/sessions/start status=409 elapsedMs=133
2026-07-02 01:08:24,094 INFO o.a.j.p.j.s.J.Full charging journey with SSE: [electrahub-jmeter][full][050] start skipped EH-US-CHG-0058/CON-US-0058 HTTP 409; trying next connector
2026-07-02 01:08:24,758 INFO o.a.j.p.j.s.J.Full charging journey with SSE: [electrahub-jmeter][full][049] step=start charging attempt 15
2026-07-02 01:08:24,883 INFO o.a.j.p.j.s.J.Full charging journey with SSE: [electrahub-jmeter][full][049] http POST /session/api/v1/sessions/start status=409 elapsedMs=124
2026-07-02 01:08:24,884 INFO o.a.j.p.j.s.J.Full charging journey with SSE: [electrahub-jmeter][full][049] start skipped EH-US-CHG-0063/CON-US-0063 HTTP 409; trying next connector
2026-07-02 01:08:25,095 INFO o.a.j.p.j.s.J.Full charging journey with SSE: [electrahub-jmeter][full][050] step=start charging attempt 10
2026-07-02 01:08:25,269 INFO o.a.j.p.j.s.J.Full charging journey with SSE: [electrahub-jmeter][full][050] http POST /session/api/v1/sessions/start status=409 elapsedMs=173
2026-07-02 01:08:25,270 INFO o.a.j.p.j.s.J.Full charging journey with SSE: [electrahub-jmeter][full][050] start skipped EH-US-CHG-0059/CON-US-0059 HTTP 409; trying next connector
2026-07-02 01:08:25,866 INFO o.a.j.p.j.s.J.Full charging journey with SSE: [electrahub-jmeter][full][030] step=active sessions
2026-07-02 01:08:25,885 INFO o.a.j.p.j.s.J.Full charging journey with SSE: [electrahub-jmeter][full][049] step=start charging attempt 16
2026-07-02 01:08:25,972 INFO o.a.j.p.j.s.J.Full charging journey with SSE: [electrahub-jmeter][full][031] http POST /session/api/v1/sessions/0bba68f0-932e-4cc8-8ef2-5b51f090bccf/stop status=204 elapsedMs=3428
2026-07-02 01:08:25,973 INFO o.a.j.p.j.s.J.Full charging journey with SSE: [electrahub-jmeter][full][031] stop requested session=0bba68f0-932e-4cc8-8ef2-5b51f090bccf
2026-07-02 01:08:25,974 INFO o.a.j.p.j.s.J.Full charging journey with SSE: [electrahub-jmeter][full][031] step=active sessions
2026-07-02 01:08:26,038 INFO o.a.j.p.j.s.J.Full charging journey with SSE: [electrahub-jmeter][full][030] http GET /session/api/v1/sessions/active status=200 elapsedMs=171
2026-07-02 01:08:26,039 INFO o.a.j.p.j.s.J.Full charging journey with SSE: [electrahub-jmeter][full][030] step=receipt
2026-07-02 01:08:26,102 INFO o.a.j.p.j.s.J.Full charging journey with SSE: [electrahub-jmeter][full][049] http POST /session/api/v1/sessions/start status=409 elapsedMs=126
2026-07-02 01:08:26,103 INFO o.a.j.p.j.s.J.Full charging journey with SSE: [electrahub-jmeter][full][049] start skipped EH-US-CHG-0064/CON-US-0064 HTTP 409; trying next connector
2026-07-02 01:08:26,166 INFO o.a.j.p.j.s.J.Full charging journey with SSE: [electrahub-jmeter][full][030] http GET /session/api/v1/sessions/7ab3415f-3ff0-4ee3-a34e-1581fd689b10/receipt status=200 elapsedMs=127
2026-07-02 01:08:26,167 INFO o.a.j.p.j.s.J.Full charging journey with SSE: [electrahub-jmeter][full][030] step=session history
2026-07-02 01:08:26,271 INFO o.a.j.p.j.s.J.Full charging journey with SSE: [electrahub-jmeter][full][050] step=start charging attempt 11
2026-07-02 01:08:26,295 INFO o.a.j.p.j.s.J.Full charging journey with SSE: [electrahub-jmeter][full][030] http GET /session/api/v1/sessions/history?page=0&size=10 status=200 elapsedMs=127
2026-07-02 01:08:26,296 INFO o.a.j.p.j.s.J.Full charging journey with SSE: [electrahub-jmeter][full][030] step=dashboard stats
2026-07-02 01:08:26,380 INFO o.a.j.p.j.s.J.Full charging journey with SSE: [electrahub-jmeter][full][050] http POST /session/api/v1/sessions/start status=409 elapsedMs=108
2026-07-02 01:08:26,381 INFO o.a.j.p.j.s.J.Full charging journey with SSE: [electrahub-jmeter][full][050] start skipped EH-US-CHG-0060/CON-US-0060 HTTP 409; trying next connector
2026-07-02 01:08:26,424 INFO o.a.j.p.j.s.J.Full charging journey with SSE: [electrahub-jmeter][full][030] http GET /session/api/v1/sessions/dashboard-stats status=200 elapsedMs=127
2026-07-02 01:08:26,425 INFO o.a.j.p.j.s.J.Full charging journey with SSE: [electrahub-jmeter][full][030] receipt ok session=7ab3415f-3ff0-4ee3-a34e-1581fd689b10 status=Completed total=1.858
2026-07-02 01:08:26,426 INFO o.a.j.t.JMeterThread: Thread is done: 100 driver charging journeys 1-30
2026-07-02 01:08:26,426 INFO o.a.j.t.JMeterThread: Thread finished: 100 driver charging journeys 1-30
2026-07-02 01:08:26,918 INFO o.a.j.p.j.s.J.Full charging journey with SSE: [electrahub-jmeter][full][031] http GET /session/api/v1/sessions/active status=200 elapsedMs=944
2026-07-02 01:08:27,103 INFO o.a.j.p.j.s.J.Full charging journey with SSE: [electrahub-jmeter][full][049] step=start charging attempt 17
2026-07-02 01:08:27,179 INFO o.a.j.p.j.s.J.Full charging journey with SSE: [electrahub-jmeter][full][049] http POST /session/api/v1/sessions/start status=409 elapsedMs=74
2026-07-02 01:08:27,180 INFO o.a.j.p.j.s.J.Full charging journey with SSE: [electrahub-jmeter][full][049] start skipped EH-US-CHG-0065/CON-US-0065 HTTP 409; trying next connector
2026-07-02 01:08:27,382 INFO o.a.j.p.j.s.J.Full charging journey with SSE: [electrahub-jmeter][full][050] step=start charging attempt 12
2026-07-02 01:08:27,453 INFO o.a.j.p.j.s.J.Full charging journey with SSE: [electrahub-jmeter][full][050] http POST /session/api/v1/sessions/start status=409 elapsedMs=70
2026-07-02 01:08:27,454 INFO o.a.j.p.j.s.J.Full charging journey with SSE: [electrahub-jmeter][full][050] start skipped EH-US-CHG-0061/CON-US-0061 HTTP 409; trying next connector
2026-07-02 01:08:28,181 INFO o.a.j.p.j.s.J.Full charging journey with SSE: [electrahub-jmeter][full][049] step=start charging attempt 18
2026-07-02 01:08:28,246 INFO o.a.j.p.j.s.J.Full charging journey with SSE: [electrahub-jmeter][full][049] http POST /session/api/v1/sessions/start status=409 elapsedMs=64
2026-07-02 01:08:28,247 INFO o.a.j.p.j.s.J.Full charging journey with SSE: [electrahub-jmeter][full][049] start skipped EH-US-CHG-0066/CON-US-0066 HTTP 409; trying next connector
2026-07-02 01:08:28,455 INFO o.a.j.p.j.s.J.Full charging journey with SSE: [electrahub-jmeter][full][050] step=start charging attempt 13
2026-07-02 01:08:28,522 INFO o.a.j.p.j.s.J.Full charging journey with SSE: [electrahub-jmeter][full][050] http POST /session/api/v1/sessions/start status=409 elapsedMs=66
2026-07-02 01:08:28,523 INFO o.a.j.p.j.s.J.Full charging journey with SSE: [electrahub-jmeter][full][050] start skipped EH-US-CHG-0062/CON-US-0062 HTTP 409; trying next connector
2026-07-02 01:08:28,583 INFO o.a.j.p.j.s.J.Full charging journey with SSE: [electrahub-jmeter][full][032] step=stop charging session
2026-07-02 01:08:30,926 INFO o.a.j.p.j.s.J.Full charging journey with SSE: [electrahub-jmeter][full][038] sse ok connected=1 snapshot=2 updates=23 receipts=0 heartbeats=0
2026-07-02 01:08:30,927 INFO o.a.j.p.j.s.J.Full charging journey with SSE: [electrahub-jmeter][full][038] holding session for 32s before stop
2026-07-02 01:08:31,232 INFO o.a.j.p.j.s.J.Full charging journey with SSE: [electrahub-jmeter][full][049] step=start charging attempt 19
2026-07-02 01:08:31,508 INFO o.a.j.p.j.s.J.Full charging journey with SSE: [electrahub-jmeter][full][050] step=start charging attempt 14
2026-07-02 01:08:31,644 INFO o.a.j.p.j.s.J.Full charging journey with SSE: [electrahub-jmeter][full][050] http POST /session/api/v1/sessions/start status=409 elapsedMs=88
2026-07-02 01:08:31,645 INFO o.a.j.p.j.s.J.Full charging journey with SSE: [electrahub-jmeter][full][050] start skipped EH-US-CHG-0063/CON-US-0063 HTTP 409; trying next connector
2026-07-02 01:08:31,934 INFO o.a.j.p.j.s.J.Full charging journey with SSE: [electrahub-jmeter][full][049] http POST /session/api/v1/sessions/start status=201 elapsedMs=701
2026-07-02 01:08:31,935 INFO o.a.j.p.j.s.J.Full charging journey with SSE: [electrahub-jmeter][full][049] started session=7dd11ff8-14c7-465b-a147-dbd6a73a28e3 charger=EH-US-CHG-0067/CON-US-0067 status=PREPARING remote=Accepted attempt=19/100
2026-07-02 01:08:31,936 INFO o.a.j.p.j.s.J.Full charging journey with SSE: [electrahub-jmeter][full][049] step=active sessions
2026-07-02 01:08:32,645 INFO o.a.j.p.j.s.J.Full charging journey with SSE: [electrahub-jmeter][full][050] step=start charging attempt 15
2026-07-02 01:08:32,717 INFO o.a.j.p.j.s.J.Full charging journey with SSE: [electrahub-jmeter][full][050] http POST /session/api/v1/sessions/start status=409 elapsedMs=71
2026-07-02 01:08:32,718 INFO o.a.j.p.j.s.J.Full charging journey with SSE: [electrahub-jmeter][full][050] start skipped EH-US-CHG-0064/CON-US-0064 HTTP 409; trying next connector
2026-07-02 01:08:32,941 INFO o.a.j.p.j.s.J.Full charging journey with SSE: [electrahub-jmeter][full][049] http GET /session/api/v1/sessions/active status=200 elapsedMs=1005
2026-07-02 01:08:33,718 INFO o.a.j.p.j.s.J.Full charging journey with SSE: [electrahub-jmeter][full][050] step=start charging attempt 16
2026-07-02 01:08:33,787 INFO o.a.j.p.j.s.J.Full charging journey with SSE: [electrahub-jmeter][full][050] http POST /session/api/v1/sessions/start status=409 elapsedMs=68
2026-07-02 01:08:33,787 INFO o.a.j.p.j.s.J.Full charging journey with SSE: [electrahub-jmeter][full][050] start skipped EH-US-CHG-0065/CON-US-0065 HTTP 409; trying next connector
2026-07-02 01:08:33,902 INFO o.a.j.p.j.s.J.Full charging journey with SSE: [electrahub-jmeter][full][031] step=active sessions
2026-07-02 01:08:33,951 INFO o.a.j.p.j.s.J.Full charging journey with SSE: [electrahub-jmeter][full][032] http POST /session/api/v1/sessions/14db6fe9-3805-4c59-910c-970eea9513bd/stop status=204 elapsedMs=5367
2026-07-02 01:08:33,952 INFO o.a.j.p.j.s.J.Full charging journey with SSE: [electrahub-jmeter][full][032] stop requested session=14db6fe9-3805-4c59-910c-970eea9513bd
2026-07-02 01:08:33,952 INFO o.a.j.p.j.s.J.Full charging journey with SSE: [electrahub-jmeter][full][032] step=active sessions
2026-07-02 01:08:33,967 INFO o.a.j.p.j.s.J.Full charging journey with SSE: [electrahub-jmeter][full][031] http GET /session/api/v1/sessions/active status=200 elapsedMs=64
2026-07-02 01:08:33,968 INFO o.a.j.p.j.s.J.Full charging journey with SSE: [electrahub-jmeter][full][031] step=receipt
2026-07-02 01:08:34,039 INFO o.a.j.p.j.s.J.Full charging journey with SSE: [electrahub-jmeter][full][031] http GET /session/api/v1/sessions/0bba68f0-932e-4cc8-8ef2-5b51f090bccf/receipt status=200 elapsedMs=71
2026-07-02 01:08:34,040 INFO o.a.j.p.j.s.J.Full charging journey with SSE: [electrahub-jmeter][full][031] step=session history
2026-07-02 01:08:34,104 INFO o.a.j.p.j.s.J.Full charging journey with SSE: [electrahub-jmeter][full][031] http GET /session/api/v1/sessions/history?page=0&size=10 status=200 elapsedMs=63
2026-07-02 01:08:34,105 INFO o.a.j.p.j.s.J.Full charging journey with SSE: [electrahub-jmeter][full][031] step=dashboard stats
2026-07-02 01:08:34,167 INFO o.a.j.p.j.s.J.Full charging journey with SSE: [electrahub-jmeter][full][031] http GET /session/api/v1/sessions/dashboard-stats status=200 elapsedMs=61
2026-07-02 01:08:34,168 INFO o.a.j.p.j.s.J.Full charging journey with SSE: [electrahub-jmeter][full][031] receipt ok session=0bba68f0-932e-4cc8-8ef2-5b51f090bccf status=Completed total=1.8588
2026-07-02 01:08:34,169 INFO o.a.j.r.Summariser: summary +     10 in 00:01:00 =    0.2/s Avg: 124884 Min: 123941 Max: 127393 Err:     0 (0.00%) Active: 20 Started: 50 Finished: 30
2026-07-02 01:08:34,169 INFO o.a.j.r.Summariser: summary =     31 in 00:05:14 =    0.1/s Avg: 125057 Min: 120904 Max: 127393 Err:     0 (0.00%)
2026-07-02 01:08:34,170 INFO o.a.j.t.JMeterThread: Thread is done: 100 driver charging journeys 1-31
2026-07-02 01:08:34,171 INFO o.a.j.t.JMeterThread: Thread finished: 100 driver charging journeys 1-31
2026-07-02 01:08:34,674 INFO o.a.j.p.j.s.J.Full charging journey with SSE: [electrahub-jmeter][full][033] step=stop charging session
2026-07-02 01:08:34,788 INFO o.a.j.p.j.s.J.Full charging journey with SSE: [electrahub-jmeter][full][050] step=start charging attempt 17
2026-07-02 01:08:34,899 INFO o.a.j.p.j.s.J.Full charging journey with SSE: [electrahub-jmeter][full][050] http POST /session/api/v1/sessions/start status=409 elapsedMs=72
2026-07-02 01:08:34,900 INFO o.a.j.p.j.s.J.Full charging journey with SSE: [electrahub-jmeter][full][050] start skipped EH-US-CHG-0066/CON-US-0066 HTTP 409; trying next connector
2026-07-02 01:08:34,960 INFO o.a.j.p.j.s.J.Full charging journey with SSE: [electrahub-jmeter][full][032] http GET /session/api/v1/sessions/active status=200 elapsedMs=1007
2026-07-02 01:08:35,901 INFO o.a.j.p.j.s.J.Full charging journey with SSE: [electrahub-jmeter][full][050] step=start charging attempt 18
2026-07-02 01:08:35,978 INFO o.a.j.p.j.s.J.Full charging journey with SSE: [electrahub-jmeter][full][050] http POST /session/api/v1/sessions/start status=409 elapsedMs=76
2026-07-02 01:08:35,979 INFO o.a.j.p.j.s.J.Full charging journey with SSE: [electrahub-jmeter][full][050] start skipped EH-US-CHG-0067/CON-US-0067 HTTP 409; trying next connector
2026-07-02 01:08:36,972 INFO o.a.j.p.j.s.J.Full charging journey with SSE: [electrahub-jmeter][full][039] sse ok connected=1 snapshot=2 updates=23 receipts=0 heartbeats=0
2026-07-02 01:08:36,973 INFO o.a.j.p.j.s.J.Full charging journey with SSE: [electrahub-jmeter][full][039] holding session for 32s before stop
2026-07-02 01:08:36,979 INFO o.a.j.p.j.s.J.Full charging journey with SSE: [electrahub-jmeter][full][050] step=start charging attempt 19
2026-07-02 01:08:37,983 INFO o.a.j.p.j.s.J.Full charging journey with SSE: [electrahub-jmeter][full][033] http POST /session/api/v1/sessions/ca104d94-b781-4c70-aca8-f69b062c1700/stop status=204 elapsedMs=3308
2026-07-02 01:08:37,984 INFO o.a.j.p.j.s.J.Full charging journey with SSE: [electrahub-jmeter][full][033] stop requested session=ca104d94-b781-4c70-aca8-f69b062c1700
2026-07-02 01:08:37,985 INFO o.a.j.p.j.s.J.Full charging journey with SSE: [electrahub-jmeter][full][033] step=active sessions
2026-07-02 01:08:37,987 INFO o.a.j.p.j.s.J.Full charging journey with SSE: [electrahub-jmeter][full][050] http POST /session/api/v1/sessions/start status=201 elapsedMs=1006
2026-07-02 01:08:37,987 INFO o.a.j.p.j.s.J.Full charging journey with SSE: [electrahub-jmeter][full][050] started session=0f0c8d93-657f-4893-a854-6b2ecbcbee5a charger=EH-US-CHG-0068/CON-US-0068 status=PREPARING remote=Accepted attempt=19/100
2026-07-02 01:08:37,988 INFO o.a.j.p.j.s.J.Full charging journey with SSE: [electrahub-jmeter][full][050] step=active sessions
2026-07-02 01:08:38,999 INFO o.a.j.p.j.s.J.Full charging journey with SSE: [electrahub-jmeter][full][050] http GET /session/api/v1/sessions/active status=200 elapsedMs=1011
2026-07-02 01:08:38,999 INFO o.a.j.p.j.s.J.Full charging journey with SSE: [electrahub-jmeter][full][033] http GET /session/api/v1/sessions/active status=200 elapsedMs=1013
2026-07-02 01:08:39,961 INFO o.a.j.p.j.s.J.Full charging journey with SSE: [electrahub-jmeter][full][032] step=active sessions
2026-07-02 01:08:40,073 INFO o.a.j.p.j.s.J.Full charging journey with SSE: [electrahub-jmeter][full][032] http GET /session/api/v1/sessions/active status=200 elapsedMs=111
2026-07-02 01:08:40,074 INFO o.a.j.p.j.s.J.Full charging journey with SSE: [electrahub-jmeter][full][032] step=receipt
2026-07-02 01:08:40,138 INFO o.a.j.p.j.s.J.Full charging journey with SSE: [electrahub-jmeter][full][032] http GET /session/api/v1/sessions/14db6fe9-3805-4c59-910c-970eea9513bd/receipt status=200 elapsedMs=63
2026-07-02 01:08:40,138 INFO o.a.j.p.j.s.J.Full charging journey with SSE: [electrahub-jmeter][full][032] step=session history
2026-07-02 01:08:40,194 INFO o.a.j.p.j.s.J.Full charging journey with SSE: [electrahub-jmeter][full][032] http GET /session/api/v1/sessions/history?page=0&size=10 status=200 elapsedMs=55
2026-07-02 01:08:40,195 INFO o.a.j.p.j.s.J.Full charging journey with SSE: [electrahub-jmeter][full][032] step=dashboard stats
2026-07-02 01:08:40,258 INFO o.a.j.p.j.s.J.Full charging journey with SSE: [electrahub-jmeter][full][032] http GET /session/api/v1/sessions/dashboard-stats status=200 elapsedMs=62
2026-07-02 01:08:40,259 INFO o.a.j.p.j.s.J.Full charging journey with SSE: [electrahub-jmeter][full][032] receipt ok session=14db6fe9-3805-4c59-910c-970eea9513bd status=Completed total=1.861
2026-07-02 01:08:40,260 INFO o.a.j.t.JMeterThread: Thread is done: 100 driver charging journeys 1-32
2026-07-02 01:08:40,261 INFO o.a.j.t.JMeterThread: Thread finished: 100 driver charging journeys 1-32
2026-07-02 01:08:40,706 INFO o.a.j.p.j.s.J.Full charging journey with SSE: [electrahub-jmeter][full][034] step=stop charging session
2026-07-02 01:08:43,031 INFO o.a.j.p.j.s.J.Full charging journey with SSE: [electrahub-jmeter][full][040] sse ok connected=1 snapshot=2 updates=23 receipts=0 heartbeats=0
2026-07-02 01:08:43,031 INFO o.a.j.p.j.s.J.Full charging journey with SSE: [electrahub-jmeter][full][040] holding session for 32s before stop
2026-07-02 01:08:44,000 INFO o.a.j.p.j.s.J.Full charging journey with SSE: [electrahub-jmeter][full][033] step=active sessions
2026-07-02 01:08:44,042 INFO o.a.j.p.j.s.J.Full charging journey with SSE: [electrahub-jmeter][full][034] http POST /session/api/v1/sessions/20c80cf4-a3db-40cd-8c37-4a5d517f498f/stop status=204 elapsedMs=3334
2026-07-02 01:08:44,043 INFO o.a.j.p.j.s.J.Full charging journey with SSE: [electrahub-jmeter][full][034] stop requested session=20c80cf4-a3db-40cd-8c37-4a5d517f498f
2026-07-02 01:08:44,044 INFO o.a.j.p.j.s.J.Full charging journey with SSE: [electrahub-jmeter][full][034] step=active sessions
2026-07-02 01:08:44,128 INFO o.a.j.p.j.s.J.Full charging journey with SSE: [electrahub-jmeter][full][033] http GET /session/api/v1/sessions/active status=200 elapsedMs=127
2026-07-02 01:08:44,129 INFO o.a.j.p.j.s.J.Full charging journey with SSE: [electrahub-jmeter][full][033] step=receipt
2026-07-02 01:08:44,185 INFO o.a.j.p.j.s.J.Full charging journey with SSE: [electrahub-jmeter][full][033] http GET /session/api/v1/sessions/ca104d94-b781-4c70-aca8-f69b062c1700/receipt status=200 elapsedMs=56
2026-07-02 01:08:44,186 INFO o.a.j.p.j.s.J.Full charging journey with SSE: [electrahub-jmeter][full][033] step=session history
2026-07-02 01:08:44,244 INFO o.a.j.p.j.s.J.Full charging journey with SSE: [electrahub-jmeter][full][033] http GET /session/api/v1/sessions/history?page=0&size=10 status=200 elapsedMs=58
2026-07-02 01:08:44,245 INFO o.a.j.p.j.s.J.Full charging journey with SSE: [electrahub-jmeter][full][033] step=dashboard stats
2026-07-02 01:08:44,302 INFO o.a.j.p.j.s.J.Full charging journey with SSE: [electrahub-jmeter][full][033] http GET /session/api/v1/sessions/dashboard-stats status=200 elapsedMs=57
2026-07-02 01:08:44,303 INFO o.a.j.p.j.s.J.Full charging journey with SSE: [electrahub-jmeter][full][033] receipt ok session=ca104d94-b781-4c70-aca8-f69b062c1700 status=Completed total=1.8573
2026-07-02 01:08:44,304 INFO o.a.j.t.JMeterThread: Thread is done: 100 driver charging journeys 1-33
2026-07-02 01:08:44,305 INFO o.a.j.t.JMeterThread: Thread finished: 100 driver charging journeys 1-33
2026-07-02 01:08:45,057 INFO o.a.j.p.j.s.J.Full charging journey with SSE: [electrahub-jmeter][full][034] http GET /session/api/v1/sessions/active status=200 elapsedMs=1013
2026-07-02 01:08:46,777 INFO o.a.j.p.j.s.J.Full charging journey with SSE: [electrahub-jmeter][full][035] step=stop charging session
2026-07-02 01:08:49,088 INFO o.a.j.p.j.s.J.Full charging journey with SSE: [electrahub-jmeter][full][041] sse ok connected=1 snapshot=2 updates=23 receipts=0 heartbeats=0
2026-07-02 01:08:49,089 INFO o.a.j.p.j.s.J.Full charging journey with SSE: [electrahub-jmeter][full][041] holding session for 32s before stop
2026-07-02 01:08:50,059 INFO o.a.j.p.j.s.J.Full charging journey with SSE: [electrahub-jmeter][full][034] step=active sessions
2026-07-02 01:08:50,100 INFO o.a.j.p.j.s.J.Full charging journey with SSE: [electrahub-jmeter][full][035] http POST /session/api/v1/sessions/982296d5-004e-491c-b459-f4a114d69677/stop status=204 elapsedMs=3322
2026-07-02 01:08:50,100 INFO o.a.j.p.j.s.J.Full charging journey with SSE: [electrahub-jmeter][full][035] stop requested session=982296d5-004e-491c-b459-f4a114d69677
2026-07-02 01:08:50,101 INFO o.a.j.p.j.s.J.Full charging journey with SSE: [electrahub-jmeter][full][035] step=active sessions
2026-07-02 01:08:50,180 INFO o.a.j.p.j.s.J.Full charging journey with SSE: [electrahub-jmeter][full][034] http GET /session/api/v1/sessions/active status=200 elapsedMs=121
2026-07-02 01:08:50,181 INFO o.a.j.p.j.s.J.Full charging journey with SSE: [electrahub-jmeter][full][034] step=receipt
2026-07-02 01:08:50,239 INFO o.a.j.p.j.s.J.Full charging journey with SSE: [electrahub-jmeter][full][034] http GET /session/api/v1/sessions/20c80cf4-a3db-40cd-8c37-4a5d517f498f/receipt status=200 elapsedMs=57
2026-07-02 01:08:50,240 INFO o.a.j.p.j.s.J.Full charging journey with SSE: [electrahub-jmeter][full][034] step=session history
2026-07-02 01:08:50,300 INFO o.a.j.p.j.s.J.Full charging journey with SSE: [electrahub-jmeter][full][034] http GET /session/api/v1/sessions/history?page=0&size=10 status=200 elapsedMs=60
2026-07-02 01:08:50,301 INFO o.a.j.p.j.s.J.Full charging journey with SSE: [electrahub-jmeter][full][034] step=dashboard stats
2026-07-02 01:08:50,365 INFO o.a.j.p.j.s.J.Full charging journey with SSE: [electrahub-jmeter][full][034] http GET /session/api/v1/sessions/dashboard-stats status=200 elapsedMs=63
2026-07-02 01:08:50,366 INFO o.a.j.p.j.s.J.Full charging journey with SSE: [electrahub-jmeter][full][034] receipt ok session=20c80cf4-a3db-40cd-8c37-4a5d517f498f status=Completed total=1.8573
2026-07-02 01:08:50,367 INFO o.a.j.t.JMeterThread: Thread is done: 100 driver charging journeys 1-34
2026-07-02 01:08:50,368 INFO o.a.j.t.JMeterThread: Thread finished: 100 driver charging journeys 1-34
2026-07-02 01:08:51,109 INFO o.a.j.p.j.s.J.Full charging journey with SSE: [electrahub-jmeter][full][035] http GET /session/api/v1/sessions/active status=200 elapsedMs=1007
2026-07-02 01:08:52,824 INFO o.a.j.p.j.s.J.Full charging journey with SSE: [electrahub-jmeter][full][036] step=stop charging session
2026-07-02 01:08:53,125 INFO o.a.j.p.j.s.J.Full charging journey with SSE: [electrahub-jmeter][full][042] sse ok connected=1 snapshot=2 updates=23 receipts=0 heartbeats=0
2026-07-02 01:08:53,126 INFO o.a.j.p.j.s.J.Full charging journey with SSE: [electrahub-jmeter][full][042] holding session for 35s before stop
2026-07-02 01:08:56,110 INFO o.a.j.p.j.s.J.Full charging journey with SSE: [electrahub-jmeter][full][035] step=active sessions
2026-07-02 01:08:56,168 INFO o.a.j.p.j.s.J.Full charging journey with SSE: [electrahub-jmeter][full][036] http POST /session/api/v1/sessions/6096520a-64b7-4e93-9e25-7103b531d444/stop status=204 elapsedMs=3343
2026-07-02 01:08:56,168 INFO o.a.j.p.j.s.J.Full charging journey with SSE: [electrahub-jmeter][full][036] stop requested session=6096520a-64b7-4e93-9e25-7103b531d444
2026-07-02 01:08:56,169 INFO o.a.j.p.j.s.J.Full charging journey with SSE: [electrahub-jmeter][full][036] step=active sessions
2026-07-02 01:08:56,233 INFO o.a.j.p.j.s.J.Full charging journey with SSE: [electrahub-jmeter][full][035] http GET /session/api/v1/sessions/active status=200 elapsedMs=122
2026-07-02 01:08:56,234 INFO o.a.j.p.j.s.J.Full charging journey with SSE: [electrahub-jmeter][full][035] step=receipt
2026-07-02 01:08:56,299 INFO o.a.j.p.j.s.J.Full charging journey with SSE: [electrahub-jmeter][full][035] http GET /session/api/v1/sessions/982296d5-004e-491c-b459-f4a114d69677/receipt status=200 elapsedMs=65
2026-07-02 01:08:56,299 INFO o.a.j.p.j.s.J.Full charging journey with SSE: [electrahub-jmeter][full][035] step=session history
2026-07-02 01:08:56,355 INFO o.a.j.p.j.s.J.Full charging journey with SSE: [electrahub-jmeter][full][035] http GET /session/api/v1/sessions/history?page=0&size=10 status=200 elapsedMs=55
2026-07-02 01:08:56,356 INFO o.a.j.p.j.s.J.Full charging journey with SSE: [electrahub-jmeter][full][035] step=dashboard stats
2026-07-02 01:08:56,413 INFO o.a.j.p.j.s.J.Full charging journey with SSE: [electrahub-jmeter][full][035] http GET /session/api/v1/sessions/dashboard-stats status=200 elapsedMs=57
2026-07-02 01:08:56,414 INFO o.a.j.p.j.s.J.Full charging journey with SSE: [electrahub-jmeter][full][035] receipt ok session=982296d5-004e-491c-b459-f4a114d69677 status=Completed total=1.8573
2026-07-02 01:08:56,415 INFO o.a.j.t.JMeterThread: Thread is done: 100 driver charging journeys 1-35
2026-07-02 01:08:56,416 INFO o.a.j.t.JMeterThread: Thread finished: 100 driver charging journeys 1-35
2026-07-02 01:08:57,158 INFO o.a.j.p.j.s.J.Full charging journey with SSE: [electrahub-jmeter][full][036] http GET /session/api/v1/sessions/active status=200 elapsedMs=987
2026-07-02 01:08:58,164 INFO o.a.j.p.j.s.J.Full charging journey with SSE: [electrahub-jmeter][full][043] sse ok connected=1 snapshot=2 updates=23 receipts=0 heartbeats=0
2026-07-02 01:08:58,165 INFO o.a.j.p.j.s.J.Full charging journey with SSE: [electrahub-jmeter][full][043] holding session for 35s before stop
2026-07-02 01:08:58,869 INFO o.a.j.p.j.s.J.Full charging journey with SSE: [electrahub-jmeter][full][037] step=stop charging session
2026-07-02 01:09:03,439 INFO o.a.j.p.j.s.J.Full charging journey with SSE: [electrahub-jmeter][full][036] step=active sessions
2026-07-02 01:09:03,481 INFO o.a.j.p.j.s.J.Full charging journey with SSE: [electrahub-jmeter][full][037] http POST /session/api/v1/sessions/163b6486-fa8e-4d42-9f2e-26c1108cd06b/stop status=204 elapsedMs=4611
2026-07-02 01:09:03,482 INFO o.a.j.p.j.s.J.Full charging journey with SSE: [electrahub-jmeter][full][037] stop requested session=163b6486-fa8e-4d42-9f2e-26c1108cd06b
2026-07-02 01:09:03,483 INFO o.a.j.p.j.s.J.Full charging journey with SSE: [electrahub-jmeter][full][037] step=active sessions
2026-07-02 01:09:03,563 INFO o.a.j.p.j.s.J.Full charging journey with SSE: [electrahub-jmeter][full][036] http GET /session/api/v1/sessions/active status=200 elapsedMs=123
2026-07-02 01:09:03,564 INFO o.a.j.p.j.s.J.Full charging journey with SSE: [electrahub-jmeter][full][036] step=receipt
2026-07-02 01:09:03,621 INFO o.a.j.p.j.s.J.Full charging journey with SSE: [electrahub-jmeter][full][036] http GET /session/api/v1/sessions/6096520a-64b7-4e93-9e25-7103b531d444/receipt status=200 elapsedMs=56
2026-07-02 01:09:03,622 INFO o.a.j.p.j.s.J.Full charging journey with SSE: [electrahub-jmeter][full][036] step=session history
2026-07-02 01:09:03,673 INFO o.a.j.p.j.s.J.Full charging journey with SSE: [electrahub-jmeter][full][036] http GET /session/api/v1/sessions/history?page=0&size=10 status=200 elapsedMs=51
2026-07-02 01:09:03,678 INFO o.a.j.p.j.s.J.Full charging journey with SSE: [electrahub-jmeter][full][036] step=dashboard stats
2026-07-02 01:09:03,740 INFO o.a.j.p.j.s.J.Full charging journey with SSE: [electrahub-jmeter][full][036] http GET /session/api/v1/sessions/dashboard-stats status=200 elapsedMs=61
2026-07-02 01:09:03,741 INFO o.a.j.p.j.s.J.Full charging journey with SSE: [electrahub-jmeter][full][036] receipt ok session=6096520a-64b7-4e93-9e25-7103b531d444 status=Completed total=1.8573
2026-07-02 01:09:03,742 INFO o.a.j.r.Summariser: summary +      5 in 00:00:30 =    0.2/s Avg: 123825 Min: 123369 Max: 125324 Err:     0 (0.00%) Active: 15 Started: 50 Finished: 35
2026-07-02 01:09:03,743 INFO o.a.j.r.Summariser: summary =     36 in 00:05:43 =    0.1/s Avg: 124886 Min: 120904 Max: 127393 Err:     0 (0.00%)
2026-07-02 01:09:03,744 INFO o.a.j.t.JMeterThread: Thread is done: 100 driver charging journeys 1-36
2026-07-02 01:09:03,744 INFO o.a.j.t.JMeterThread: Thread finished: 100 driver charging journeys 1-36
2026-07-02 01:09:04,209 INFO o.a.j.p.j.s.J.Full charging journey with SSE: [electrahub-jmeter][full][038] step=stop charging session
2026-07-02 01:09:04,492 INFO o.a.j.p.j.s.J.Full charging journey with SSE: [electrahub-jmeter][full][037] http GET /session/api/v1/sessions/active status=200 elapsedMs=1008
2026-07-02 01:09:05,504 INFO o.a.j.p.j.s.J.Full charging journey with SSE: [electrahub-jmeter][full][044] sse ok connected=1 snapshot=2 updates=23 receipts=0 heartbeats=0
2026-07-02 01:09:05,505 INFO o.a.j.p.j.s.J.Full charging journey with SSE: [electrahub-jmeter][full][044] holding session for 33s before stop
2026-07-02 01:09:07,522 INFO o.a.j.p.j.s.J.Full charging journey with SSE: [electrahub-jmeter][full][038] http POST /session/api/v1/sessions/9e952ae0-57dc-4732-a72e-670afe8a3e4b/stop status=204 elapsedMs=3312
2026-07-02 01:09:07,523 INFO o.a.j.p.j.s.J.Full charging journey with SSE: [electrahub-jmeter][full][038] stop requested session=9e952ae0-57dc-4732-a72e-670afe8a3e4b
2026-07-02 01:09:07,524 INFO o.a.j.p.j.s.J.Full charging journey with SSE: [electrahub-jmeter][full][038] step=active sessions
2026-07-02 01:09:08,532 INFO o.a.j.p.j.s.J.Full charging journey with SSE: [electrahub-jmeter][full][038] http GET /session/api/v1/sessions/active status=200 elapsedMs=1007
2026-07-02 01:09:09,493 INFO o.a.j.p.j.s.J.Full charging journey with SSE: [electrahub-jmeter][full][037] step=active sessions
2026-07-02 01:09:09,557 INFO o.a.j.p.j.s.J.Full charging journey with SSE: [electrahub-jmeter][full][037] http GET /session/api/v1/sessions/active status=200 elapsedMs=63
2026-07-02 01:09:09,558 INFO o.a.j.p.j.s.J.Full charging journey with SSE: [electrahub-jmeter][full][037] step=receipt
2026-07-02 01:09:09,643 INFO o.a.j.p.j.s.J.Full charging journey with SSE: [electrahub-jmeter][full][037] http GET /session/api/v1/sessions/163b6486-fa8e-4d42-9f2e-26c1108cd06b/receipt status=200 elapsedMs=84
2026-07-02 01:09:09,644 INFO o.a.j.p.j.s.J.Full charging journey with SSE: [electrahub-jmeter][full][037] step=session history
2026-07-02 01:09:09,699 INFO o.a.j.p.j.s.J.Full charging journey with SSE: [electrahub-jmeter][full][037] http GET /session/api/v1/sessions/history?page=0&size=10 status=200 elapsedMs=54
2026-07-02 01:09:09,699 INFO o.a.j.p.j.s.J.Full charging journey with SSE: [electrahub-jmeter][full][037] step=dashboard stats
2026-07-02 01:09:09,759 INFO o.a.j.p.j.s.J.Full charging journey with SSE: [electrahub-jmeter][full][037] http GET /session/api/v1/sessions/dashboard-stats status=200 elapsedMs=59
2026-07-02 01:09:09,760 INFO o.a.j.p.j.s.J.Full charging journey with SSE: [electrahub-jmeter][full][037] receipt ok session=163b6486-fa8e-4d42-9f2e-26c1108cd06b status=Completed total=1.8595
2026-07-02 01:09:09,761 INFO o.a.j.t.JMeterThread: Thread is done: 100 driver charging journeys 1-37
2026-07-02 01:09:09,761 INFO o.a.j.t.JMeterThread: Thread finished: 100 driver charging journeys 1-37
2026-07-02 01:09:10,255 INFO o.a.j.p.j.s.J.Full charging journey with SSE: [electrahub-jmeter][full][039] step=stop charging session
2026-07-02 01:09:11,549 INFO o.a.j.p.j.s.J.Full charging journey with SSE: [electrahub-jmeter][full][045] sse ok connected=1 snapshot=2 updates=23 receipts=0 heartbeats=0
2026-07-02 01:09:11,550 INFO o.a.j.p.j.s.J.Full charging journey with SSE: [electrahub-jmeter][full][045] holding session for 33s before stop
2026-07-02 01:09:13,533 INFO o.a.j.p.j.s.J.Full charging journey with SSE: [electrahub-jmeter][full][038] step=active sessions
2026-07-02 01:09:13,564 INFO o.a.j.p.j.s.J.Full charging journey with SSE: [electrahub-jmeter][full][039] http POST /session/api/v1/sessions/51d9c226-0675-427f-b40c-54974e32cbf4/stop status=204 elapsedMs=3308
2026-07-02 01:09:13,565 INFO o.a.j.p.j.s.J.Full charging journey with SSE: [electrahub-jmeter][full][039] stop requested session=51d9c226-0675-427f-b40c-54974e32cbf4
2026-07-02 01:09:13,566 INFO o.a.j.p.j.s.J.Full charging journey with SSE: [electrahub-jmeter][full][039] step=active sessions
2026-07-02 01:09:13,638 INFO o.a.j.p.j.s.J.Full charging journey with SSE: [electrahub-jmeter][full][038] http GET /session/api/v1/sessions/active status=200 elapsedMs=104
2026-07-02 01:09:13,639 INFO o.a.j.p.j.s.J.Full charging journey with SSE: [electrahub-jmeter][full][038] step=receipt
2026-07-02 01:09:13,695 INFO o.a.j.p.j.s.J.Full charging journey with SSE: [electrahub-jmeter][full][038] http GET /session/api/v1/sessions/9e952ae0-57dc-4732-a72e-670afe8a3e4b/receipt status=200 elapsedMs=56
2026-07-02 01:09:13,696 INFO o.a.j.p.j.s.J.Full charging journey with SSE: [electrahub-jmeter][full][038] step=session history
2026-07-02 01:09:13,755 INFO o.a.j.p.j.s.J.Full charging journey with SSE: [electrahub-jmeter][full][038] http GET /session/api/v1/sessions/history?page=0&size=10 status=200 elapsedMs=58
2026-07-02 01:09:13,756 INFO o.a.j.p.j.s.J.Full charging journey with SSE: [electrahub-jmeter][full][038] step=dashboard stats
2026-07-02 01:09:13,810 INFO o.a.j.p.j.s.J.Full charging journey with SSE: [electrahub-jmeter][full][038] http GET /session/api/v1/sessions/dashboard-stats status=200 elapsedMs=54
2026-07-02 01:09:13,811 INFO o.a.j.p.j.s.J.Full charging journey with SSE: [electrahub-jmeter][full][038] receipt ok session=9e952ae0-57dc-4732-a72e-670afe8a3e4b status=Completed total=1.858
2026-07-02 01:09:13,812 INFO o.a.j.t.JMeterThread: Thread is done: 100 driver charging journeys 1-38
2026-07-02 01:09:13,812 INFO o.a.j.t.JMeterThread: Thread finished: 100 driver charging journeys 1-38
2026-07-02 01:09:14,575 INFO o.a.j.p.j.s.J.Full charging journey with SSE: [electrahub-jmeter][full][039] http GET /session/api/v1/sessions/active status=200 elapsedMs=1009
2026-07-02 01:09:16,313 INFO o.a.j.p.j.s.J.Full charging journey with SSE: [electrahub-jmeter][full][040] step=stop charging session
2026-07-02 01:09:17,597 INFO o.a.j.p.j.s.J.Full charging journey with SSE: [electrahub-jmeter][full][046] sse ok connected=1 snapshot=2 updates=25 receipts=0 heartbeats=0
2026-07-02 01:09:17,598 INFO o.a.j.p.j.s.J.Full charging journey with SSE: [electrahub-jmeter][full][046] holding session for 33s before stop
2026-07-02 01:09:19,576 INFO o.a.j.p.j.s.J.Full charging journey with SSE: [electrahub-jmeter][full][039] step=active sessions
2026-07-02 01:09:19,621 INFO o.a.j.p.j.s.J.Full charging journey with SSE: [electrahub-jmeter][full][040] http POST /session/api/v1/sessions/b83c016b-8fbc-4a44-93df-8a20f6b3e0bf/stop status=204 elapsedMs=3307
2026-07-02 01:09:19,622 INFO o.a.j.p.j.s.J.Full charging journey with SSE: [electrahub-jmeter][full][040] stop requested session=b83c016b-8fbc-4a44-93df-8a20f6b3e0bf
2026-07-02 01:09:19,622 INFO o.a.j.p.j.s.J.Full charging journey with SSE: [electrahub-jmeter][full][040] step=active sessions
2026-07-02 01:09:19,696 INFO o.a.j.p.j.s.J.Full charging journey with SSE: [electrahub-jmeter][full][039] http GET /session/api/v1/sessions/active status=200 elapsedMs=120
2026-07-02 01:09:19,697 INFO o.a.j.p.j.s.J.Full charging journey with SSE: [electrahub-jmeter][full][039] step=receipt
2026-07-02 01:09:19,755 INFO o.a.j.p.j.s.J.Full charging journey with SSE: [electrahub-jmeter][full][039] http GET /session/api/v1/sessions/51d9c226-0675-427f-b40c-54974e32cbf4/receipt status=200 elapsedMs=57
2026-07-02 01:09:19,756 INFO o.a.j.p.j.s.J.Full charging journey with SSE: [electrahub-jmeter][full][039] step=session history
2026-07-02 01:09:19,820 INFO o.a.j.p.j.s.J.Full charging journey with SSE: [electrahub-jmeter][full][039] http GET /session/api/v1/sessions/history?page=0&size=10 status=200 elapsedMs=63
2026-07-02 01:09:19,821 INFO o.a.j.p.j.s.J.Full charging journey with SSE: [electrahub-jmeter][full][039] step=dashboard stats
2026-07-02 01:09:19,878 INFO o.a.j.p.j.s.J.Full charging journey with SSE: [electrahub-jmeter][full][039] http GET /session/api/v1/sessions/dashboard-stats status=200 elapsedMs=57
2026-07-02 01:09:19,879 INFO o.a.j.p.j.s.J.Full charging journey with SSE: [electrahub-jmeter][full][039] receipt ok session=51d9c226-0675-427f-b40c-54974e32cbf4 status=Completed total=1.8565
2026-07-02 01:09:19,880 INFO o.a.j.t.JMeterThread: Thread is done: 100 driver charging journeys 1-39
2026-07-02 01:09:19,881 INFO o.a.j.t.JMeterThread: Thread finished: 100 driver charging journeys 1-39
2026-07-02 01:09:20,622 INFO o.a.j.p.j.s.J.Full charging journey with SSE: [electrahub-jmeter][full][040] http GET /session/api/v1/sessions/active status=200 elapsedMs=999
2026-07-02 01:09:22,370 INFO o.a.j.p.j.s.J.Full charging journey with SSE: [electrahub-jmeter][full][041] step=stop charging session
2026-07-02 01:09:23,652 INFO o.a.j.p.j.s.J.Full charging journey with SSE: [electrahub-jmeter][full][047] sse ok connected=1 snapshot=2 updates=23 receipts=0 heartbeats=0
2026-07-02 01:09:23,653 INFO o.a.j.p.j.s.J.Full charging journey with SSE: [electrahub-jmeter][full][047] holding session for 33s before stop
2026-07-02 01:09:25,623 INFO o.a.j.p.j.s.J.Full charging journey with SSE: [electrahub-jmeter][full][040] step=active sessions
2026-07-02 01:09:25,666 INFO o.a.j.p.j.s.J.Full charging journey with SSE: [electrahub-jmeter][full][041] http POST /session/api/v1/sessions/385c5383-c44c-49d3-9e16-79f6cd670ecb/stop status=204 elapsedMs=3295
2026-07-02 01:09:25,667 INFO o.a.j.p.j.s.J.Full charging journey with SSE: [electrahub-jmeter][full][041] stop requested session=385c5383-c44c-49d3-9e16-79f6cd670ecb
2026-07-02 01:09:25,669 INFO o.a.j.p.j.s.J.Full charging journey with SSE: [electrahub-jmeter][full][041] step=active sessions
2026-07-02 01:09:25,747 INFO o.a.j.p.j.s.J.Full charging journey with SSE: [electrahub-jmeter][full][040] http GET /session/api/v1/sessions/active status=200 elapsedMs=123
2026-07-02 01:09:25,748 INFO o.a.j.p.j.s.J.Full charging journey with SSE: [electrahub-jmeter][full][040] step=receipt
2026-07-02 01:09:25,808 INFO o.a.j.p.j.s.J.Full charging journey with SSE: [electrahub-jmeter][full][040] http GET /session/api/v1/sessions/b83c016b-8fbc-4a44-93df-8a20f6b3e0bf/receipt status=200 elapsedMs=59
2026-07-02 01:09:25,809 INFO o.a.j.p.j.s.J.Full charging journey with SSE: [electrahub-jmeter][full][040] step=session history
2026-07-02 01:09:25,867 INFO o.a.j.p.j.s.J.Full charging journey with SSE: [electrahub-jmeter][full][040] http GET /session/api/v1/sessions/history?page=0&size=10 status=200 elapsedMs=57
2026-07-02 01:09:25,868 INFO o.a.j.p.j.s.J.Full charging journey with SSE: [electrahub-jmeter][full][040] step=dashboard stats
2026-07-02 01:09:25,928 INFO o.a.j.p.j.s.J.Full charging journey with SSE: [electrahub-jmeter][full][040] http GET /session/api/v1/sessions/dashboard-stats status=200 elapsedMs=59
2026-07-02 01:09:25,929 INFO o.a.j.p.j.s.J.Full charging journey with SSE: [electrahub-jmeter][full][040] receipt ok session=b83c016b-8fbc-4a44-93df-8a20f6b3e0bf status=Completed total=1.8565
2026-07-02 01:09:25,930 INFO o.a.j.t.JMeterThread: Thread is done: 100 driver charging journeys 1-40
2026-07-02 01:09:25,931 INFO o.a.j.t.JMeterThread: Thread finished: 100 driver charging journeys 1-40
2026-07-02 01:09:26,674 INFO o.a.j.p.j.s.J.Full charging journey with SSE: [electrahub-jmeter][full][041] http GET /session/api/v1/sessions/active status=200 elapsedMs=1005
2026-07-02 01:09:27,686 INFO o.a.j.p.j.s.J.Full charging journey with SSE: [electrahub-jmeter][full][048] sse ok connected=1 snapshot=2 updates=25 receipts=0 heartbeats=0
2026-07-02 01:09:27,686 INFO o.a.j.p.j.s.J.Full charging journey with SSE: [electrahub-jmeter][full][048] holding session for 35s before stop
2026-07-02 01:09:29,407 INFO o.a.j.p.j.s.J.Full charging journey with SSE: [electrahub-jmeter][full][042] step=stop charging session
2026-07-02 01:09:31,675 INFO o.a.j.p.j.s.J.Full charging journey with SSE: [electrahub-jmeter][full][041] step=active sessions
2026-07-02 01:09:31,785 INFO o.a.j.p.j.s.J.Full charging journey with SSE: [electrahub-jmeter][full][041] http GET /session/api/v1/sessions/active status=200 elapsedMs=108
2026-07-02 01:09:31,786 INFO o.a.j.p.j.s.J.Full charging journey with SSE: [electrahub-jmeter][full][041] step=receipt
2026-07-02 01:09:31,851 INFO o.a.j.p.j.s.J.Full charging journey with SSE: [electrahub-jmeter][full][041] http GET /session/api/v1/sessions/385c5383-c44c-49d3-9e16-79f6cd670ecb/receipt status=200 elapsedMs=64
2026-07-02 01:09:31,858 INFO o.a.j.p.j.s.J.Full charging journey with SSE: [electrahub-jmeter][full][041] step=session history
2026-07-02 01:09:31,919 INFO o.a.j.p.j.s.J.Full charging journey with SSE: [electrahub-jmeter][full][041] http GET /session/api/v1/sessions/history?page=0&size=10 status=200 elapsedMs=60
2026-07-02 01:09:31,920 INFO o.a.j.p.j.s.J.Full charging journey with SSE: [electrahub-jmeter][full][041] step=dashboard stats
2026-07-02 01:09:33,128 INFO o.a.j.p.j.s.J.Full charging journey with SSE: [electrahub-jmeter][full][041] http GET /session/api/v1/sessions/dashboard-stats status=200 elapsedMs=1207
2026-07-02 01:09:33,128 INFO o.a.j.p.j.s.J.Full charging journey with SSE: [electrahub-jmeter][full][041] receipt ok session=385c5383-c44c-49d3-9e16-79f6cd670ecb status=Completed total=1.8565
2026-07-02 01:09:33,130 INFO o.a.j.r.Summariser: summary +      5 in 00:00:29 =    0.2/s Avg: 123967 Min: 123507 Max: 125455 Err:     0 (0.00%) Active: 10 Started: 50 Finished: 40
2026-07-02 01:09:33,131 INFO o.a.j.r.Summariser: summary =     41 in 00:06:13 =    0.1/s Avg: 124774 Min: 120904 Max: 127393 Err:     0 (0.00%)
2026-07-02 01:09:33,131 INFO o.a.j.t.JMeterThread: Thread is done: 100 driver charging journeys 1-41
2026-07-02 01:09:33,132 INFO o.a.j.t.JMeterThread: Thread finished: 100 driver charging journeys 1-41
2026-07-02 01:09:34,670 INFO o.a.j.p.j.s.J.Full charging journey with SSE: [electrahub-jmeter][full][042] http POST /session/api/v1/sessions/488019c5-65e8-4f84-a924-969f85270809/stop status=204 elapsedMs=5262
2026-07-02 01:09:34,671 INFO o.a.j.p.j.s.J.Full charging journey with SSE: [electrahub-jmeter][full][042] stop requested session=488019c5-65e8-4f84-a924-969f85270809
2026-07-02 01:09:34,672 INFO o.a.j.p.j.s.J.Full charging journey with SSE: [electrahub-jmeter][full][042] step=active sessions
2026-07-02 01:09:35,681 INFO o.a.j.p.j.s.J.Full charging journey with SSE: [electrahub-jmeter][full][042] http GET /session/api/v1/sessions/active status=200 elapsedMs=1007
2026-07-02 01:09:35,682 INFO o.a.j.p.j.s.J.Full charging journey with SSE: [electrahub-jmeter][full][049] sse ok connected=1 snapshot=2 updates=23 receipts=0 heartbeats=0
2026-07-02 01:09:35,682 INFO o.a.j.p.j.s.J.Full charging journey with SSE: [electrahub-jmeter][full][049] holding session for 33s before stop
2026-07-02 01:09:36,388 INFO o.a.j.p.j.s.J.Full charging journey with SSE: [electrahub-jmeter][full][043] step=stop charging session
2026-07-02 01:09:39,718 INFO o.a.j.p.j.s.J.Full charging journey with SSE: [electrahub-jmeter][full][043] http POST /session/api/v1/sessions/0d3b9e60-b189-4089-9560-07a00c961bb9/stop status=204 elapsedMs=3329
2026-07-02 01:09:39,719 INFO o.a.j.p.j.s.J.Full charging journey with SSE: [electrahub-jmeter][full][043] stop requested session=0d3b9e60-b189-4089-9560-07a00c961bb9
2026-07-02 01:09:39,719 INFO o.a.j.p.j.s.J.Full charging journey with SSE: [electrahub-jmeter][full][043] step=active sessions
2026-07-02 01:09:40,447 INFO o.a.j.p.j.s.J.Full charging journey with SSE: [electrahub-jmeter][full][044] step=stop charging session
2026-07-02 01:09:40,682 INFO o.a.j.p.j.s.J.Full charging journey with SSE: [electrahub-jmeter][full][042] step=active sessions
2026-07-02 01:09:40,723 INFO o.a.j.p.j.s.J.Full charging journey with SSE: [electrahub-jmeter][full][043] http GET /session/api/v1/sessions/active status=200 elapsedMs=1003
2026-07-02 01:09:40,807 INFO o.a.j.p.j.s.J.Full charging journey with SSE: [electrahub-jmeter][full][042] http GET /session/api/v1/sessions/active status=200 elapsedMs=124
2026-07-02 01:09:40,809 INFO o.a.j.p.j.s.J.Full charging journey with SSE: [electrahub-jmeter][full][042] step=receipt
2026-07-02 01:09:40,863 INFO o.a.j.p.j.s.J.Full charging journey with SSE: [electrahub-jmeter][full][042] http GET /session/api/v1/sessions/488019c5-65e8-4f84-a924-969f85270809/receipt status=200 elapsedMs=53
2026-07-02 01:09:40,864 INFO o.a.j.p.j.s.J.Full charging journey with SSE: [electrahub-jmeter][full][042] step=session history
2026-07-02 01:09:40,923 INFO o.a.j.p.j.s.J.Full charging journey with SSE: [electrahub-jmeter][full][042] http GET /session/api/v1/sessions/history?page=0&size=10 status=200 elapsedMs=58
2026-07-02 01:09:40,924 INFO o.a.j.p.j.s.J.Full charging journey with SSE: [electrahub-jmeter][full][042] step=dashboard stats
2026-07-02 01:09:40,981 INFO o.a.j.p.j.s.J.Full charging journey with SSE: [electrahub-jmeter][full][042] http GET /session/api/v1/sessions/dashboard-stats status=200 elapsedMs=56
2026-07-02 01:09:40,982 INFO o.a.j.p.j.s.J.Full charging journey with SSE: [electrahub-jmeter][full][042] receipt ok session=488019c5-65e8-4f84-a924-969f85270809 status=Completed total=1.8595
2026-07-02 01:09:40,983 INFO o.a.j.t.JMeterThread: Thread is done: 100 driver charging journeys 1-42
2026-07-02 01:09:40,983 INFO o.a.j.t.JMeterThread: Thread finished: 100 driver charging journeys 1-42
2026-07-02 01:09:41,729 INFO o.a.j.p.j.s.J.Full charging journey with SSE: [electrahub-jmeter][full][050] sse ok connected=1 snapshot=2 updates=23 receipts=0 heartbeats=0
2026-07-02 01:09:41,731 INFO o.a.j.p.j.s.J.Full charging journey with SSE: [electrahub-jmeter][full][050] holding session for 33s before stop
2026-07-02 01:09:43,752 INFO o.a.j.p.j.s.J.Full charging journey with SSE: [electrahub-jmeter][full][044] http POST /session/api/v1/sessions/6b86b48b-beb3-4dfa-8bac-223c8fd1caa2/stop status=204 elapsedMs=3263
2026-07-02 01:09:43,753 INFO o.a.j.p.j.s.J.Full charging journey with SSE: [electrahub-jmeter][full][044] stop requested session=6b86b48b-beb3-4dfa-8bac-223c8fd1caa2
2026-07-02 01:09:43,754 INFO o.a.j.p.j.s.J.Full charging journey with SSE: [electrahub-jmeter][full][044] step=active sessions
2026-07-02 01:09:44,761 INFO o.a.j.p.j.s.J.Full charging journey with SSE: [electrahub-jmeter][full][044] http GET /session/api/v1/sessions/active status=200 elapsedMs=1006
2026-07-02 01:09:45,724 INFO o.a.j.p.j.s.J.Full charging journey with SSE: [electrahub-jmeter][full][043] step=active sessions
2026-07-02 01:09:45,784 INFO o.a.j.p.j.s.J.Full charging journey with SSE: [electrahub-jmeter][full][043] http GET /session/api/v1/sessions/active status=200 elapsedMs=59
2026-07-02 01:09:45,785 INFO o.a.j.p.j.s.J.Full charging journey with SSE: [electrahub-jmeter][full][043] step=receipt
2026-07-02 01:09:45,872 INFO o.a.j.p.j.s.J.Full charging journey with SSE: [electrahub-jmeter][full][043] http GET /session/api/v1/sessions/0d3b9e60-b189-4089-9560-07a00c961bb9/receipt status=200 elapsedMs=86
2026-07-02 01:09:45,873 INFO o.a.j.p.j.s.J.Full charging journey with SSE: [electrahub-jmeter][full][043] step=session history
2026-07-02 01:09:45,933 INFO o.a.j.p.j.s.J.Full charging journey with SSE: [electrahub-jmeter][full][043] http GET /session/api/v1/sessions/history?page=0&size=10 status=200 elapsedMs=59
2026-07-02 01:09:45,934 INFO o.a.j.p.j.s.J.Full charging journey with SSE: [electrahub-jmeter][full][043] step=dashboard stats
2026-07-02 01:09:45,988 INFO o.a.j.p.j.s.J.Full charging journey with SSE: [electrahub-jmeter][full][043] http GET /session/api/v1/sessions/dashboard-stats status=200 elapsedMs=54
2026-07-02 01:09:45,989 INFO o.a.j.p.j.s.J.Full charging journey with SSE: [electrahub-jmeter][full][043] receipt ok session=0d3b9e60-b189-4089-9560-07a00c961bb9 status=Completed total=1.8595
2026-07-02 01:09:45,990 INFO o.a.j.t.JMeterThread: Thread is done: 100 driver charging journeys 1-43
2026-07-02 01:09:45,991 INFO o.a.j.t.JMeterThread: Thread finished: 100 driver charging journeys 1-43
2026-07-02 01:09:46,492 INFO o.a.j.p.j.s.J.Full charging journey with SSE: [electrahub-jmeter][full][045] step=stop charging session
2026-07-02 01:09:49,762 INFO o.a.j.p.j.s.J.Full charging journey with SSE: [electrahub-jmeter][full][044] step=active sessions
2026-07-02 01:09:49,801 INFO o.a.j.p.j.s.J.Full charging journey with SSE: [electrahub-jmeter][full][045] http POST /session/api/v1/sessions/57ed0bd6-b9df-47b9-bdaf-9e75772ab9ef/stop status=204 elapsedMs=3308
2026-07-02 01:09:49,802 INFO o.a.j.p.j.s.J.Full charging journey with SSE: [electrahub-jmeter][full][045] stop requested session=57ed0bd6-b9df-47b9-bdaf-9e75772ab9ef
2026-07-02 01:09:49,803 INFO o.a.j.p.j.s.J.Full charging journey with SSE: [electrahub-jmeter][full][045] step=active sessions
2026-07-02 01:09:49,877 INFO o.a.j.p.j.s.J.Full charging journey with SSE: [electrahub-jmeter][full][044] http GET /session/api/v1/sessions/active status=200 elapsedMs=114
2026-07-02 01:09:49,878 INFO o.a.j.p.j.s.J.Full charging journey with SSE: [electrahub-jmeter][full][044] step=receipt
2026-07-02 01:09:49,944 INFO o.a.j.p.j.s.J.Full charging journey with SSE: [electrahub-jmeter][full][044] http GET /session/api/v1/sessions/6b86b48b-beb3-4dfa-8bac-223c8fd1caa2/receipt status=200 elapsedMs=65
2026-07-02 01:09:49,945 INFO o.a.j.p.j.s.J.Full charging journey with SSE: [electrahub-jmeter][full][044] step=session history
2026-07-02 01:09:50,001 INFO o.a.j.p.j.s.J.Full charging journey with SSE: [electrahub-jmeter][full][044] http GET /session/api/v1/sessions/history?page=0&size=10 status=200 elapsedMs=55
2026-07-02 01:09:50,002 INFO o.a.j.p.j.s.J.Full charging journey with SSE: [electrahub-jmeter][full][044] step=dashboard stats
2026-07-02 01:09:50,063 INFO o.a.j.p.j.s.J.Full charging journey with SSE: [electrahub-jmeter][full][044] http GET /session/api/v1/sessions/dashboard-stats status=200 elapsedMs=61
2026-07-02 01:09:50,064 INFO o.a.j.p.j.s.J.Full charging journey with SSE: [electrahub-jmeter][full][044] receipt ok session=6b86b48b-beb3-4dfa-8bac-223c8fd1caa2 status=Completed total=1.8565
2026-07-02 01:09:50,066 INFO o.a.j.t.JMeterThread: Thread is done: 100 driver charging journeys 1-44
2026-07-02 01:09:50,067 INFO o.a.j.t.JMeterThread: Thread finished: 100 driver charging journeys 1-44
2026-07-02 01:09:50,804 INFO o.a.j.p.j.s.J.Full charging journey with SSE: [electrahub-jmeter][full][045] http GET /session/api/v1/sessions/active status=200 elapsedMs=1000
2026-07-02 01:09:52,540 INFO o.a.j.p.j.s.J.Full charging journey with SSE: [electrahub-jmeter][full][046] step=stop charging session
2026-07-02 01:09:55,805 INFO o.a.j.p.j.s.J.Full charging journey with SSE: [electrahub-jmeter][full][045] step=active sessions
2026-07-02 01:09:55,847 INFO o.a.j.p.j.s.J.Full charging journey with SSE: [electrahub-jmeter][full][046] http POST /session/api/v1/sessions/6113637d-4984-4d63-bf54-821a844230c7/stop status=204 elapsedMs=3306
2026-07-02 01:09:55,848 INFO o.a.j.p.j.s.J.Full charging journey with SSE: [electrahub-jmeter][full][046] stop requested session=6113637d-4984-4d63-bf54-821a844230c7
2026-07-02 01:09:55,849 INFO o.a.j.p.j.s.J.Full charging journey with SSE: [electrahub-jmeter][full][046] step=active sessions
2026-07-02 01:09:55,915 INFO o.a.j.p.j.s.J.Full charging journey with SSE: [electrahub-jmeter][full][045] http GET /session/api/v1/sessions/active status=200 elapsedMs=109
2026-07-02 01:09:55,916 INFO o.a.j.p.j.s.J.Full charging journey with SSE: [electrahub-jmeter][full][045] step=receipt
2026-07-02 01:09:55,976 INFO o.a.j.p.j.s.J.Full charging journey with SSE: [electrahub-jmeter][full][045] http GET /session/api/v1/sessions/57ed0bd6-b9df-47b9-bdaf-9e75772ab9ef/receipt status=200 elapsedMs=59
2026-07-02 01:09:55,976 INFO o.a.j.p.j.s.J.Full charging journey with SSE: [electrahub-jmeter][full][045] step=session history
2026-07-02 01:09:56,036 INFO o.a.j.p.j.s.J.Full charging journey with SSE: [electrahub-jmeter][full][045] http GET /session/api/v1/sessions/history?page=0&size=10 status=200 elapsedMs=59
2026-07-02 01:09:56,037 INFO o.a.j.p.j.s.J.Full charging journey with SSE: [electrahub-jmeter][full][045] step=dashboard stats
2026-07-02 01:09:56,095 INFO o.a.j.p.j.s.J.Full charging journey with SSE: [electrahub-jmeter][full][045] http GET /session/api/v1/sessions/dashboard-stats status=200 elapsedMs=57
2026-07-02 01:09:56,096 INFO o.a.j.p.j.s.J.Full charging journey with SSE: [electrahub-jmeter][full][045] receipt ok session=57ed0bd6-b9df-47b9-bdaf-9e75772ab9ef status=Completed total=1.8573
2026-07-02 01:09:56,097 INFO o.a.j.t.JMeterThread: Thread is done: 100 driver charging journeys 1-45
2026-07-02 01:09:56,097 INFO o.a.j.t.JMeterThread: Thread finished: 100 driver charging journeys 1-45
2026-07-02 01:09:56,851 INFO o.a.j.p.j.s.J.Full charging journey with SSE: [electrahub-jmeter][full][046] http GET /session/api/v1/sessions/active status=200 elapsedMs=1002
2026-07-02 01:09:58,595 INFO o.a.j.p.j.s.J.Full charging journey with SSE: [electrahub-jmeter][full][047] step=stop charging session
2026-07-02 01:10:01,852 INFO o.a.j.p.j.s.J.Full charging journey with SSE: [electrahub-jmeter][full][046] step=active sessions
2026-07-02 01:10:01,896 INFO o.a.j.p.j.s.J.Full charging journey with SSE: [electrahub-jmeter][full][047] http POST /session/api/v1/sessions/28bf5b73-9ddb-456a-8f1e-e3ba43e15657/stop status=204 elapsedMs=3301
2026-07-02 01:10:01,897 INFO o.a.j.p.j.s.J.Full charging journey with SSE: [electrahub-jmeter][full][047] stop requested session=28bf5b73-9ddb-456a-8f1e-e3ba43e15657
2026-07-02 01:10:01,897 INFO o.a.j.p.j.s.J.Full charging journey with SSE: [electrahub-jmeter][full][047] step=active sessions
2026-07-02 01:10:01,957 INFO o.a.j.p.j.s.J.Full charging journey with SSE: [electrahub-jmeter][full][046] http GET /session/api/v1/sessions/active status=200 elapsedMs=104
2026-07-02 01:10:01,957 INFO o.a.j.p.j.s.J.Full charging journey with SSE: [electrahub-jmeter][full][046] step=receipt
2026-07-02 01:10:02,012 INFO o.a.j.p.j.s.J.Full charging journey with SSE: [electrahub-jmeter][full][046] http GET /session/api/v1/sessions/6113637d-4984-4d63-bf54-821a844230c7/receipt status=200 elapsedMs=54
2026-07-02 01:10:02,013 INFO o.a.j.p.j.s.J.Full charging journey with SSE: [electrahub-jmeter][full][046] step=session history
2026-07-02 01:10:02,071 INFO o.a.j.p.j.s.J.Full charging journey with SSE: [electrahub-jmeter][full][046] http GET /session/api/v1/sessions/history?page=0&size=10 status=200 elapsedMs=57
2026-07-02 01:10:02,072 INFO o.a.j.p.j.s.J.Full charging journey with SSE: [electrahub-jmeter][full][046] step=dashboard stats
2026-07-02 01:10:02,131 INFO o.a.j.p.j.s.J.Full charging journey with SSE: [electrahub-jmeter][full][046] http GET /session/api/v1/sessions/dashboard-stats status=200 elapsedMs=57
2026-07-02 01:10:02,131 INFO o.a.j.p.j.s.J.Full charging journey with SSE: [electrahub-jmeter][full][046] receipt ok session=6113637d-4984-4d63-bf54-821a844230c7 status=Completed total=1.8573
2026-07-02 01:10:02,132 INFO o.a.j.r.Summariser: summary +      5 in 00:00:29 =    0.2/s Avg: 125242 Min: 124500 Max: 126426 Err:     0 (0.00%) Active: 5 Started: 50 Finished: 45
2026-07-02 01:10:02,133 INFO o.a.j.r.Summariser: summary =     46 in 00:06:42 =    0.1/s Avg: 124825 Min: 120904 Max: 127393 Err:     0 (0.00%)
2026-07-02 01:10:02,134 INFO o.a.j.t.JMeterThread: Thread is done: 100 driver charging journeys 1-46
2026-07-02 01:10:02,134 INFO o.a.j.t.JMeterThread: Thread finished: 100 driver charging journeys 1-46
2026-07-02 01:10:02,906 INFO o.a.j.p.j.s.J.Full charging journey with SSE: [electrahub-jmeter][full][047] http GET /session/api/v1/sessions/active status=200 elapsedMs=1007
2026-07-02 01:10:07,298 INFO o.a.j.p.j.s.J.Full charging journey with SSE: [electrahub-jmeter][full][048] step=stop charging session
2026-07-02 01:10:10,577 INFO o.a.j.p.j.s.J.Full charging journey with SSE: [electrahub-jmeter][full][047] step=active sessions
2026-07-02 01:10:10,607 INFO o.a.j.p.j.s.J.Full charging journey with SSE: [electrahub-jmeter][full][048] http POST /session/api/v1/sessions/030d36d5-44f4-427e-8294-c37d4ec57b74/stop status=204 elapsedMs=3308
2026-07-02 01:10:10,607 INFO o.a.j.p.j.s.J.Full charging journey with SSE: [electrahub-jmeter][full][048] stop requested session=030d36d5-44f4-427e-8294-c37d4ec57b74
2026-07-02 01:10:10,608 INFO o.a.j.p.j.s.J.Full charging journey with SSE: [electrahub-jmeter][full][048] step=active sessions
2026-07-02 01:10:10,687 INFO o.a.j.p.j.s.J.Full charging journey with SSE: [electrahub-jmeter][full][047] http GET /session/api/v1/sessions/active status=200 elapsedMs=109
2026-07-02 01:10:10,688 INFO o.a.j.p.j.s.J.Full charging journey with SSE: [electrahub-jmeter][full][047] step=receipt
2026-07-02 01:10:10,745 INFO o.a.j.p.j.s.J.Full charging journey with SSE: [electrahub-jmeter][full][047] http GET /session/api/v1/sessions/28bf5b73-9ddb-456a-8f1e-e3ba43e15657/receipt status=200 elapsedMs=57
2026-07-02 01:10:10,746 INFO o.a.j.p.j.s.J.Full charging journey with SSE: [electrahub-jmeter][full][047] step=session history
2026-07-02 01:10:10,808 INFO o.a.j.p.j.s.J.Full charging journey with SSE: [electrahub-jmeter][full][047] http GET /session/api/v1/sessions/history?page=0&size=10 status=200 elapsedMs=61
2026-07-02 01:10:10,809 INFO o.a.j.p.j.s.J.Full charging journey with SSE: [electrahub-jmeter][full][047] step=dashboard stats
2026-07-02 01:10:10,867 INFO o.a.j.p.j.s.J.Full charging journey with SSE: [electrahub-jmeter][full][047] http GET /session/api/v1/sessions/dashboard-stats status=200 elapsedMs=57
2026-07-02 01:10:10,868 INFO o.a.j.p.j.s.J.Full charging journey with SSE: [electrahub-jmeter][full][047] receipt ok session=28bf5b73-9ddb-456a-8f1e-e3ba43e15657 status=Completed total=1.8573
2026-07-02 01:10:10,869 INFO o.a.j.t.JMeterThread: Thread is done: 100 driver charging journeys 1-47
2026-07-02 01:10:10,870 INFO o.a.j.t.JMeterThread: Thread finished: 100 driver charging journeys 1-47
2026-07-02 01:10:11,354 INFO o.a.j.p.j.s.J.Full charging journey with SSE: [electrahub-jmeter][full][049] step=stop charging session
2026-07-02 01:10:11,619 INFO o.a.j.p.j.s.J.Full charging journey with SSE: [electrahub-jmeter][full][048] http GET /session/api/v1/sessions/active status=200 elapsedMs=1011
2026-07-02 01:10:14,651 INFO o.a.j.p.j.s.J.Full charging journey with SSE: [electrahub-jmeter][full][049] http POST /session/api/v1/sessions/7dd11ff8-14c7-465b-a147-dbd6a73a28e3/stop status=204 elapsedMs=3296
2026-07-02 01:10:14,652 INFO o.a.j.p.j.s.J.Full charging journey with SSE: [electrahub-jmeter][full][049] stop requested session=7dd11ff8-14c7-465b-a147-dbd6a73a28e3
2026-07-02 01:10:14,652 INFO o.a.j.p.j.s.J.Full charging journey with SSE: [electrahub-jmeter][full][049] step=active sessions
2026-07-02 01:10:15,649 INFO o.a.j.p.j.s.J.Full charging journey with SSE: [electrahub-jmeter][full][049] http GET /session/api/v1/sessions/active status=200 elapsedMs=996
2026-07-02 01:10:16,620 INFO o.a.j.p.j.s.J.Full charging journey with SSE: [electrahub-jmeter][full][048] step=active sessions
2026-07-02 01:10:16,680 INFO o.a.j.p.j.s.J.Full charging journey with SSE: [electrahub-jmeter][full][048] http GET /session/api/v1/sessions/active status=200 elapsedMs=59
2026-07-02 01:10:16,681 INFO o.a.j.p.j.s.J.Full charging journey with SSE: [electrahub-jmeter][full][048] step=receipt
2026-07-02 01:10:16,744 INFO o.a.j.p.j.s.J.Full charging journey with SSE: [electrahub-jmeter][full][048] http GET /session/api/v1/sessions/030d36d5-44f4-427e-8294-c37d4ec57b74/receipt status=200 elapsedMs=61
2026-07-02 01:10:16,745 INFO o.a.j.p.j.s.J.Full charging journey with SSE: [electrahub-jmeter][full][048] step=session history
2026-07-02 01:10:16,809 INFO o.a.j.p.j.s.J.Full charging journey with SSE: [electrahub-jmeter][full][048] http GET /session/api/v1/sessions/history?page=0&size=10 status=200 elapsedMs=63
2026-07-02 01:10:16,809 INFO o.a.j.p.j.s.J.Full charging journey with SSE: [electrahub-jmeter][full][048] step=dashboard stats
2026-07-02 01:10:16,872 INFO o.a.j.p.j.s.J.Full charging journey with SSE: [electrahub-jmeter][full][048] http GET /session/api/v1/sessions/dashboard-stats status=200 elapsedMs=62
2026-07-02 01:10:16,873 INFO o.a.j.p.j.s.J.Full charging journey with SSE: [electrahub-jmeter][full][048] receipt ok session=030d36d5-44f4-427e-8294-c37d4ec57b74 status=Completed total=1.8602
2026-07-02 01:10:16,874 INFO o.a.j.t.JMeterThread: Thread is done: 100 driver charging journeys 1-48
2026-07-02 01:10:16,874 INFO o.a.j.t.JMeterThread: Thread finished: 100 driver charging journeys 1-48
2026-07-02 01:10:17,403 INFO o.a.j.p.j.s.J.Full charging journey with SSE: [electrahub-jmeter][full][050] step=stop charging session
2026-07-02 01:10:20,650 INFO o.a.j.p.j.s.J.Full charging journey with SSE: [electrahub-jmeter][full][049] step=active sessions
2026-07-02 01:10:20,679 INFO o.a.j.p.j.s.J.Full charging journey with SSE: [electrahub-jmeter][full][050] http POST /session/api/v1/sessions/0f0c8d93-657f-4893-a854-6b2ecbcbee5a/stop status=204 elapsedMs=3275
2026-07-02 01:10:20,680 INFO o.a.j.p.j.s.J.Full charging journey with SSE: [electrahub-jmeter][full][050] stop requested session=0f0c8d93-657f-4893-a854-6b2ecbcbee5a
2026-07-02 01:10:20,681 INFO o.a.j.p.j.s.J.Full charging journey with SSE: [electrahub-jmeter][full][050] step=active sessions
2026-07-02 01:10:20,776 INFO o.a.j.p.j.s.J.Full charging journey with SSE: [electrahub-jmeter][full][049] http GET /session/api/v1/sessions/active status=200 elapsedMs=125
2026-07-02 01:10:20,777 INFO o.a.j.p.j.s.J.Full charging journey with SSE: [electrahub-jmeter][full][049] step=receipt
2026-07-02 01:10:20,831 INFO o.a.j.p.j.s.J.Full charging journey with SSE: [electrahub-jmeter][full][049] http GET /session/api/v1/sessions/7dd11ff8-14c7-465b-a147-dbd6a73a28e3/receipt status=200 elapsedMs=54
2026-07-02 01:10:20,832 INFO o.a.j.p.j.s.J.Full charging journey with SSE: [electrahub-jmeter][full][049] step=session history
2026-07-02 01:10:20,890 INFO o.a.j.p.j.s.J.Full charging journey with SSE: [electrahub-jmeter][full][049] http GET /session/api/v1/sessions/history?page=0&size=10 status=200 elapsedMs=58
2026-07-02 01:10:20,891 INFO o.a.j.p.j.s.J.Full charging journey with SSE: [electrahub-jmeter][full][049] step=dashboard stats
2026-07-02 01:10:20,944 INFO o.a.j.p.j.s.J.Full charging journey with SSE: [electrahub-jmeter][full][049] http GET /session/api/v1/sessions/dashboard-stats status=200 elapsedMs=53
2026-07-02 01:10:20,945 INFO o.a.j.p.j.s.J.Full charging journey with SSE: [electrahub-jmeter][full][049] receipt ok session=7dd11ff8-14c7-465b-a147-dbd6a73a28e3 status=Completed total=1.8573
2026-07-02 01:10:20,946 INFO o.a.j.t.JMeterThread: Thread is done: 100 driver charging journeys 1-49
2026-07-02 01:10:20,946 INFO o.a.j.t.JMeterThread: Thread finished: 100 driver charging journeys 1-49
2026-07-02 01:10:21,687 INFO o.a.j.p.j.s.J.Full charging journey with SSE: [electrahub-jmeter][full][050] http GET /session/api/v1/sessions/active status=200 elapsedMs=1006
2026-07-02 01:10:26,688 INFO o.a.j.p.j.s.J.Full charging journey with SSE: [electrahub-jmeter][full][050] step=active sessions
2026-07-02 01:10:26,808 INFO o.a.j.p.j.s.J.Full charging journey with SSE: [electrahub-jmeter][full][050] http GET /session/api/v1/sessions/active status=200 elapsedMs=119
2026-07-02 01:10:26,808 INFO o.a.j.p.j.s.J.Full charging journey with SSE: [electrahub-jmeter][full][050] step=receipt
2026-07-02 01:10:26,865 INFO o.a.j.p.j.s.J.Full charging journey with SSE: [electrahub-jmeter][full][050] http GET /session/api/v1/sessions/0f0c8d93-657f-4893-a854-6b2ecbcbee5a/receipt status=200 elapsedMs=56
2026-07-02 01:10:26,866 INFO o.a.j.p.j.s.J.Full charging journey with SSE: [electrahub-jmeter][full][050] step=session history
2026-07-02 01:10:26,930 INFO o.a.j.p.j.s.J.Full charging journey with SSE: [electrahub-jmeter][full][050] http GET /session/api/v1/sessions/history?page=0&size=10 status=200 elapsedMs=64
2026-07-02 01:10:26,931 INFO o.a.j.p.j.s.J.Full charging journey with SSE: [electrahub-jmeter][full][050] step=dashboard stats
2026-07-02 01:10:26,986 INFO o.a.j.p.j.s.J.Full charging journey with SSE: [electrahub-jmeter][full][050] http GET /session/api/v1/sessions/dashboard-stats status=200 elapsedMs=54
2026-07-02 01:10:26,986 INFO o.a.j.p.j.s.J.Full charging journey with SSE: [electrahub-jmeter][full][050] receipt ok session=0f0c8d93-657f-4893-a854-6b2ecbcbee5a status=Completed total=1.8573
2026-07-02 01:10:26,988 INFO o.a.j.t.JMeterThread: Thread is done: 100 driver charging journeys 1-50
2026-07-02 01:10:26,988 INFO o.a.j.t.JMeterThread: Thread finished: 100 driver charging journeys 1-50
2026-07-02 01:10:26,989 INFO o.a.j.e.StandardJMeterEngine: Notifying test listeners of end of test
2026-07-02 01:10:26,990 INFO o.a.j.s.FileServer: Close: scripts/jmeter/data/connectors-100.csv
2026-07-02 01:10:26,996 INFO o.a.j.r.Summariser: summary +      4 in 00:00:25 =    0.2/s Avg: 125171 Min: 124636 Max: 126621 Err:     0 (0.00%) Active: 0 Started: 50 Finished: 50
2026-07-02 01:10:26,997 INFO o.a.j.r.Summariser: summary =     50 in 00:07:07 =    0.1/s Avg: 124852 Min: 120904 Max: 127393 Err:     0 (0.00%)
2026-07-02 01:10:26,998 INFO o.a.j.JMeter: Generating Dashboard
2026-07-02 01:10:26,998 INFO o.a.j.r.d.ReportGenerator: Flushing result collector before report Generation
2026-07-02 01:10:27,016 INFO o.a.j.r.p.NormalizerSampleConsumer: Using format, 'ms', to parse timeStamp field
2026-07-02 01:10:27,106 INFO o.a.j.r.p.AbstractSampleConsumer: class org.apache.jmeter.report.processor.AggregateConsumer#stopProducing(): beginDate produced 0 samples
2026-07-02 01:10:27,107 INFO o.a.j.r.p.AbstractSampleConsumer: class org.apache.jmeter.report.processor.AggregateConsumer#stopProducing(): endDate produced 0 samples
2026-07-02 01:10:27,109 INFO o.a.j.r.p.AbstractSampleConsumer: class org.apache.jmeter.report.processor.ApdexSummaryConsumer#stopProducing(): apdexSummary produced 0 samples
2026-07-02 01:10:27,110 INFO o.a.j.r.p.AbstractSampleConsumer: class org.apache.jmeter.report.processor.RequestsSummaryConsumer#stopProducing(): requestsSummary produced 0 samples
2026-07-02 01:10:27,113 INFO o.a.j.r.p.AbstractSampleConsumer: class org.apache.jmeter.report.processor.StatisticsSummaryConsumer#stopProducing(): statisticsSummary produced 0 samples
2026-07-02 01:10:27,117 INFO o.a.j.r.p.AbstractSampleConsumer: class org.apache.jmeter.report.processor.Top5ErrorsBySamplerConsumer#stopProducing(): top5ErrorsBySampler produced 0 samples
2026-07-02 01:10:27,118 INFO o.a.j.r.p.AbstractSampleConsumer: class org.apache.jmeter.report.processor.ErrorsSummaryConsumer#stopProducing(): errorsSummary produced 0 samples
2026-07-02 01:10:27,119 INFO o.a.j.r.p.AbstractSampleConsumer: class org.apache.jmeter.report.processor.graph.impl.HitsPerSecondGraphConsumer#stopProducing(): hitsPerSecond produced 0 samples
2026-07-02 01:10:27,155 INFO o.a.j.r.p.AbstractSampleConsumer: class org.apache.jmeter.report.processor.graph.impl.LatencyVSRequestGraphConsumer#stopProducing(): latencyVsRequest produced 0 samples
2026-07-02 01:10:27,156 INFO o.a.j.r.p.AbstractSampleConsumer: class org.apache.jmeter.report.processor.graph.impl.SyntheticResponseTimeDistributionGraphConsumer#stopProducing(): syntheticResponseTimeDistribution produced 0 samples
2026-07-02 01:10:27,157 INFO o.a.j.r.p.AbstractSampleConsumer: class org.apache.jmeter.report.processor.graph.impl.BytesThroughputGraphConsumer#stopProducing(): bytesThroughputOverTime produced 0 samples
2026-07-02 01:10:27,158 INFO o.a.j.r.p.AbstractSampleConsumer: class org.apache.jmeter.report.processor.graph.impl.CodesPerSecondGraphConsumer#stopProducing(): codesPerSecond produced 0 samples
2026-07-02 01:10:27,191 INFO o.a.j.r.p.AbstractSampleConsumer: class org.apache.jmeter.report.processor.graph.impl.ResponseTimeVSRequestGraphConsumer#stopProducing(): responseTimeVsRequest produced 0 samples
2026-07-02 01:10:27,192 INFO o.a.j.r.p.AbstractSampleConsumer: class org.apache.jmeter.report.processor.FilterConsumer#stopProducing(): startIntervalControlerFilter produced 350 samples
2026-07-02 01:10:27,192 INFO o.a.j.r.p.AbstractSampleConsumer: class org.apache.jmeter.report.processor.graph.impl.TotalTPSGraphConsumer#stopProducing(): totalTPS produced 0 samples
2026-07-02 01:10:27,193 INFO o.a.j.r.p.AbstractSampleConsumer: class org.apache.jmeter.report.processor.graph.impl.ActiveThreadsGraphConsumer#stopProducing(): activeThreadsOverTime produced 0 samples
2026-07-02 01:10:27,194 INFO o.a.j.r.p.AbstractSampleConsumer: class org.apache.jmeter.report.processor.graph.impl.TimeVSThreadGraphConsumer#stopProducing(): timeVsThreads produced 0 samples
2026-07-02 01:10:27,194 INFO o.a.j.r.p.AbstractSampleConsumer: class org.apache.jmeter.report.processor.graph.impl.ResponseTimeDistributionGraphConsumer#stopProducing(): responseTimeDistribution produced 0 samples
2026-07-02 01:10:27,195 INFO o.a.j.r.p.AbstractSampleConsumer: class org.apache.jmeter.report.processor.graph.impl.TransactionsPerSecondGraphConsumer#stopProducing(): transactionsPerSecond produced 0 samples
2026-07-02 01:10:27,195 INFO o.a.j.r.p.AbstractSampleConsumer: class org.apache.jmeter.report.processor.graph.impl.ResponseTimePercentilesGraphConsumer#stopProducing(): responseTimePercentiles produced 0 samples
2026-07-02 01:10:27,196 INFO o.a.j.r.p.AbstractSampleConsumer: class org.apache.jmeter.report.processor.graph.impl.ResponseTimePercentilesOverTimeGraphConsumer#stopProducing(): responseTimePercentilesOverTime produced 0 samples
2026-07-02 01:10:27,197 INFO o.a.j.r.p.AbstractSampleConsumer: class org.apache.jmeter.report.processor.graph.impl.ResponseTimeOverTimeGraphConsumer#stopProducing(): responseTimesOverTime produced 0 samples
2026-07-02 01:10:27,197 INFO o.a.j.r.p.AbstractSampleConsumer: class org.apache.jmeter.report.processor.graph.impl.ConnectTimeOverTimeGraphConsumer#stopProducing(): connectTimeOverTime produced 0 samples
2026-07-02 01:10:27,198 INFO o.a.j.r.p.AbstractSampleConsumer: class org.apache.jmeter.report.processor.graph.impl.LatencyOverTimeGraphConsumer#stopProducing(): latenciesOverTime produced 0 samples
2026-07-02 01:10:27,198 INFO o.a.j.r.p.AbstractSampleConsumer: class org.apache.jmeter.report.processor.FilterConsumer#stopProducing(): nameFilter produced 750 samples
2026-07-02 01:10:27,199 INFO o.a.j.r.p.AbstractSampleConsumer: class org.apache.jmeter.report.processor.FilterConsumer#stopProducing(): dateRangeFilter produced 150 samples
2026-07-02 01:10:27,200 INFO o.a.j.r.p.AbstractSampleConsumer: class org.apache.jmeter.report.processor.NormalizerSampleConsumer#stopProducing(): normalizer produced 50 samples
2026-07-02 01:10:27,201 INFO o.a.j.r.p.CsvFileSampleSource: produce(): 50 samples produced in 161ms on channel 0
2026-07-02 01:10:27,202 INFO o.a.j.r.d.ReportGenerator: Exporting data using exporter:'json' of className:'org.apache.jmeter.report.dashboard.JsonExporter'
2026-07-02 01:10:27,258 INFO o.a.j.r.d.JsonExporter: Found data for consumer statisticsSummary in context
2026-07-02 01:10:27,259 INFO o.a.j.r.d.JsonExporter: Creating statistics for overall
2026-07-02 01:10:27,260 INFO o.a.j.r.d.JsonExporter: Creating statistics for other transactions
2026-07-02 01:10:27,261 INFO o.a.j.r.d.JsonExporter: Checking output folder
2026-07-02 01:10:27,264 INFO o.a.j.r.d.JsonExporter: Writing statistics JSON to /work/outputs/jmeter/prod-redis-load-50-r2/report/statistics.json
2026-07-02 01:10:27,303 INFO o.a.j.r.d.ReportGenerator: Exporting data using exporter:'html' of className:'org.apache.jmeter.report.dashboard.HtmlTemplateExporter'
2026-07-02 01:10:27,311 INFO o.a.j.r.d.HtmlTemplateExporter: Will generate dashboard in folder: /work/outputs/jmeter/prod-redis-load-50-r2/report
2026-07-02 01:10:27,375 INFO o.a.j.r.d.HtmlTemplateExporter: Report will be generated in: /work/outputs/jmeter/prod-redis-load-50-r2/report, creating folder structure
2026-07-02 01:10:27,384 INFO o.a.j.r.d.TemplateVisitor: Copying folder from '/opt/apache-jmeter-5.6.3/bin/report-template' to '/work/outputs/jmeter/prod-redis-load-50-r2/report', got message: /work/outputs/jmeter/prod-redis-load-50-r2/report, found non empty folder with following content [/work/outputs/jmeter/prod-redis-load-50-r2/report/statistics.json], will be ignored
2026-07-02 01:10:28,494 INFO o.a.j.JMeter: Dashboard generated
