2026-07-02 01:18:47,033 INFO o.a.j.u.JMeterUtils: Setting Locale to en_EN
2026-07-02 01:18:47,058 INFO o.a.j.JMeter: Loading user properties from: /opt/apache-jmeter-5.6.3/bin/user.properties
2026-07-02 01:18:47,059 INFO o.a.j.JMeter: Loading system properties from: /opt/apache-jmeter-5.6.3/bin/system.properties
2026-07-02 01:18:47,060 INFO o.a.j.JMeter: Setting JMeter property: base_url=https://api.electrahub.net
2026-07-02 01:18:47,061 INFO o.a.j.JMeter: Setting JMeter property: users=50
2026-07-02 01:18:47,061 INFO o.a.j.JMeter: Setting JMeter property: ramp_seconds=300
2026-07-02 01:18:47,062 INFO o.a.j.JMeter: Setting JMeter property: hold_seconds=120
2026-07-02 01:18:47,066 INFO o.a.j.JMeter: Setting JMeter property: sse_seconds=60
2026-07-02 01:18:47,067 INFO o.a.j.JMeter: Setting JMeter property: dynamic_connector_selection=true
2026-07-02 01:18:47,068 INFO o.a.j.JMeter: Setting JMeter property: run_id=redis-load-50-tag29
2026-07-02 01:18:47,075 INFO o.a.j.JMeter: Copyright (c) 1998-2024 The Apache Software Foundation
2026-07-02 01:18:47,076 INFO o.a.j.JMeter: Version 5.6.3
2026-07-02 01:18:47,076 INFO o.a.j.JMeter: java.version=17.0.19
2026-07-02 01:18:47,077 INFO o.a.j.JMeter: java.vm.name=OpenJDK 64-Bit Server VM
2026-07-02 01:18:47,078 INFO o.a.j.JMeter: os.name=Linux
2026-07-02 01:18:47,078 INFO o.a.j.JMeter: os.arch=amd64
2026-07-02 01:18:47,079 INFO o.a.j.JMeter: os.version=6.18.33.1-microsoft-standard-WSL2
2026-07-02 01:18:47,079 INFO o.a.j.JMeter: file.encoding=UTF-8
2026-07-02 01:18:47,080 INFO o.a.j.JMeter: java.awt.headless=true
2026-07-02 01:18:47,081 INFO o.a.j.JMeter: Max memory     =1073741824
2026-07-02 01:18:47,081 INFO o.a.j.JMeter: Available Processors =16
2026-07-02 01:18:47,088 INFO o.a.j.JMeter: Default Locale=English (EN)
2026-07-02 01:18:47,089 INFO o.a.j.JMeter: JMeter  Locale=English (EN)
2026-07-02 01:18:47,089 INFO o.a.j.JMeter: JMeterHome=/opt/apache-jmeter-5.6.3
2026-07-02 01:18:47,090 INFO o.a.j.JMeter: user.dir  =/work
2026-07-02 01:18:47,091 INFO o.a.j.JMeter: PWD       =/work
2026-07-02 01:18:47,091 INFO o.a.j.JMeter: IP: 172.17.0.35 Name: 5341596af7c9 FullName: 5341596af7c9
2026-07-02 01:18:47,102 INFO o.a.j.JMeter: Setting property 'jmeter.reportgenerator.outputdir' to:'/work/outputs/jmeter/prod-redis-load-50-tag29/report'
2026-07-02 01:18:47,109 INFO o.a.j.s.FileServer: Default base='/work'
2026-07-02 01:18:47,111 INFO o.a.j.s.FileServer: Set new base='/work/scripts/jmeter'
2026-07-02 01:18:47,254 INFO o.a.j.s.SaveService: Testplan (JMX) version: 2.2. Testlog (JTL) version: 2.2
2026-07-02 01:18:47,278 INFO o.a.j.s.SaveService: Using SaveService properties version 5.0
2026-07-02 01:18:47,283 INFO o.a.j.s.SaveService: Using SaveService properties file encoding UTF-8
2026-07-02 01:18:47,288 INFO o.a.j.s.SaveService: Loading file: scripts/jmeter/03-full-e2e-charging-100-users.jmx
2026-07-02 01:18:47,354 INFO o.a.j.JMeter: Creating summariser <summary>
2026-07-02 01:18:47,363 INFO o.a.j.r.d.ReportGenerator: ReportGenerator will use for Parsing the separator: ','
2026-07-02 01:18:47,364 INFO o.a.j.r.d.ReportGenerator: Will generate report at end of test from  results file: outputs/jmeter/prod-redis-load-50-tag29/results.jtl
2026-07-02 01:18:47,365 INFO o.a.j.r.d.ReportGenerator: Reading report generator properties from: /opt/apache-jmeter-5.6.3/bin/reportgenerator.properties
2026-07-02 01:18:47,367 INFO o.a.j.r.d.ReportGenerator: Merging with JMeter properties
2026-07-02 01:18:47,371 INFO o.a.j.r.c.ReportGeneratorConfiguration: Property 'jmeter.reportgenerator.temp_dir' not found, using default value 'temp' instead.
2026-07-02 01:18:47,373 INFO o.a.j.r.c.ReportGeneratorConfiguration: Property 'jmeter.reportgenerator.apdex_per_transaction' not found, using default value 'null' instead.
2026-07-02 01:18:47,378 INFO o.a.j.r.c.ReportGeneratorConfiguration: apdex_per_transaction is empty, not APDEX per transaction customization
2026-07-02 01:18:47,379 INFO o.a.j.r.c.ReportGeneratorConfiguration: Property 'jmeter.reportgenerator.sample_filter' not found, using default value 'null' instead.
2026-07-02 01:18:47,380 INFO o.a.j.r.c.ReportGeneratorConfiguration: Property 'jmeter.reportgenerator.report_title' not found, using default value 'null' instead.
2026-07-02 01:18:47,381 INFO o.a.j.r.c.ReportGeneratorConfiguration: Property 'jmeter.reportgenerator.start_date' not found, using default value 'null' instead.
2026-07-02 01:18:47,381 INFO o.a.j.r.c.ReportGeneratorConfiguration: Property 'jmeter.reportgenerator.end_date' not found, using default value 'null' instead.
2026-07-02 01:18:47,382 INFO o.a.j.r.c.ReportGeneratorConfiguration: Property 'jmeter.reportgenerator.date_format' not found, using default value 'null' instead.
2026-07-02 01:18:47,383 INFO o.a.j.r.c.ReportGeneratorConfiguration: Will use date range start date: null, end date: null
2026-07-02 01:18:47,386 INFO o.a.j.r.c.ReportGeneratorConfiguration: Property 'jmeter.reportgenerator.graph.totalTPS.exclude_controllers' not found, using default value 'false' instead.
2026-07-02 01:18:47,387 INFO o.a.j.r.c.ReportGeneratorConfiguration: Property 'jmeter.reportgenerator.graph.activeThreadsOverTime.exclude_controllers' not found, using default value 'false' instead.
2026-07-02 01:18:47,388 INFO o.a.j.r.c.ReportGeneratorConfiguration: Property 'jmeter.reportgenerator.graph.timeVsThreads.exclude_controllers' not found, using default value 'false' instead.
2026-07-02 01:18:47,388 INFO o.a.j.r.c.ReportGeneratorConfiguration: Property 'jmeter.reportgenerator.graph.responseTimeDistribution.exclude_controllers' not found, using default value 'false' instead.
2026-07-02 01:18:47,389 INFO o.a.j.r.c.ReportGeneratorConfiguration: Property 'jmeter.reportgenerator.graph.transactionsPerSecond.exclude_controllers' not found, using default value 'false' instead.
2026-07-02 01:18:47,390 INFO o.a.j.r.c.ReportGeneratorConfiguration: Property 'jmeter.reportgenerator.graph.responseTimePercentiles.exclude_controllers' not found, using default value 'false' instead.
2026-07-02 01:18:47,393 INFO o.a.j.r.c.ReportGeneratorConfiguration: Property 'jmeter.reportgenerator.graph.responseTimePercentilesOverTime.exclude_controllers' not found, using default value 'false' instead.
2026-07-02 01:18:47,394 INFO o.a.j.r.c.ReportGeneratorConfiguration: Property 'jmeter.reportgenerator.graph.responseTimesOverTime.exclude_controllers' not found, using default value 'false' instead.
2026-07-02 01:18:47,395 INFO o.a.j.r.c.ReportGeneratorConfiguration: Property 'jmeter.reportgenerator.graph.connectTimeOverTime.exclude_controllers' not found, using default value 'false' instead.
2026-07-02 01:18:47,396 INFO o.a.j.r.c.ReportGeneratorConfiguration: Property 'jmeter.reportgenerator.graph.latenciesOverTime.exclude_controllers' not found, using default value 'false' instead.
2026-07-02 01:18:47,397 INFO o.a.j.r.c.ReportGeneratorConfiguration: Property 'jmeter.reportgenerator.exporter.json.filters_only_sample_series' not found, using default value 'true' instead.
2026-07-02 01:18:47,398 INFO o.a.j.r.c.ReportGeneratorConfiguration: Property 'jmeter.reportgenerator.exporter.json.series_filter' not found, using default value '' instead.
2026-07-02 01:18:47,399 INFO o.a.j.r.c.ReportGeneratorConfiguration: Property 'jmeter.reportgenerator.exporter.json.show_controllers_only' not found, using default value 'false' instead.
2026-07-02 01:18:47,400 INFO o.a.j.r.c.ReportGeneratorConfiguration: Property 'jmeter.reportgenerator.exporter.html.filters_only_sample_series' not found, using default value 'true' instead.
2026-07-02 01:18:47,400 INFO o.a.j.r.c.ReportGeneratorConfiguration: Property 'jmeter.reportgenerator.exporter.html.series_filter' not found, using default value '' instead.
2026-07-02 01:18:47,401 INFO o.a.j.r.c.ReportGeneratorConfiguration: Property 'jmeter.reportgenerator.exporter.html.show_controllers_only' not found, using default value 'false' instead.
2026-07-02 01:18:47,412 INFO o.a.j.e.StandardJMeterEngine: Running the test!
2026-07-02 01:18:47,414 INFO o.a.j.s.SampleEvent: List of sample_variables: []
2026-07-02 01:18:47,415 INFO o.a.j.s.SampleEvent: List of sample_variables: []
2026-07-02 01:18:47,419 INFO o.a.j.e.u.CompoundVariable: Note: Function class names must contain the string: '.functions.'
2026-07-02 01:18:47,420 INFO o.a.j.e.u.CompoundVariable: Note: Function class names must not contain the string: '.gui.'
2026-07-02 01:18:47,659 INFO o.a.j.JMeter: Running test (1782955127659)
2026-07-02 01:18:47,678 INFO o.a.j.e.StandardJMeterEngine: Starting ThreadGroup: 1 : 100 driver charging journeys
2026-07-02 01:18:47,680 INFO o.a.j.e.StandardJMeterEngine: Starting 50 threads for group 100 driver charging journeys.
2026-07-02 01:18:47,680 INFO o.a.j.e.StandardJMeterEngine: Thread will continue on error
2026-07-02 01:18:47,681 INFO o.a.j.t.ThreadGroup: Starting thread group... number=1 threads=50 ramp-up=300 delayedStart=false
2026-07-02 01:18:47,694 INFO o.a.j.t.JMeterThread: Thread started: 100 driver charging journeys 1-1
2026-07-02 01:18:47,699 INFO o.a.j.s.FileServer: Stored: scripts/jmeter/data/connectors-100.csv
2026-07-02 01:18:47,710 INFO o.a.j.t.ThreadGroup: Started thread group number 1
2026-07-02 01:18:47,711 INFO o.a.j.e.StandardJMeterEngine: All thread groups have been started
2026-07-02 01:18:47,723 INFO o.a.j.s.SampleResult: Note: Sample TimeStamps are START times
2026-07-02 01:18:47,724 INFO o.a.j.s.SampleResult: sampleresult.default.encoding is set to UTF-8
2026-07-02 01:18:47,725 INFO o.a.j.s.SampleResult: sampleresult.useNanoTime=true
2026-07-02 01:18:47,726 INFO o.a.j.s.SampleResult: sampleresult.nanoThreadSleep=5000
2026-07-02 01:18:49,047 INFO o.a.j.p.j.s.J.Full charging journey with SSE: [electrahub-jmeter][full][001] step=register
2026-07-02 01:18:49,539 INFO o.a.j.p.j.s.J.Full charging journey with SSE: [electrahub-jmeter][full][001] http POST /auth/api/auth/register status=200 elapsedMs=258
2026-07-02 01:18:49,556 INFO o.a.j.p.j.s.J.Full charging journey with SSE: [electrahub-jmeter][full][001] registered uid=47c1775d-414f-467d-a35f-2687607c0e9f
2026-07-02 01:18:49,576 INFO o.a.j.p.j.s.J.Full charging journey with SSE: [electrahub-jmeter][full][001] step=payment state before setup
2026-07-02 01:18:49,642 INFO o.a.j.p.j.s.J.Full charging journey with SSE: [electrahub-jmeter][full][001] http GET /payment/api/v1/payment/state status=451 elapsedMs=64
2026-07-02 01:18:49,644 INFO o.a.j.p.j.s.J.Full charging journey with SSE: [electrahub-jmeter][full][001] step=accept terms
2026-07-02 01:18:49,712 INFO o.a.j.p.j.s.J.Full charging journey with SSE: [electrahub-jmeter][full][001] http POST /auth/api/terms/accept status=201 elapsedMs=67
2026-07-02 01:18:49,722 INFO o.a.j.p.j.s.J.Full charging journey with SSE: [electrahub-jmeter][full][001] accepted terms; refreshing token through login
2026-07-02 01:18:49,723 INFO o.a.j.p.j.s.J.Full charging journey with SSE: [electrahub-jmeter][full][001] step=login
2026-07-02 01:18:49,922 INFO o.a.j.p.j.s.J.Full charging journey with SSE: [electrahub-jmeter][full][001] http POST /auth/api/auth/login status=200 elapsedMs=197
2026-07-02 01:18:49,923 INFO o.a.j.p.j.s.J.Full charging journey with SSE: [electrahub-jmeter][full][001] logged in uid=47c1775d-414f-467d-a35f-2687607c0e9f
2026-07-02 01:18:49,925 INFO o.a.j.p.j.s.J.Full charging journey with SSE: [electrahub-jmeter][full][001] step=payment state after terms
2026-07-02 01:18:49,984 INFO o.a.j.p.j.s.J.Full charging journey with SSE: [electrahub-jmeter][full][001] http GET /payment/api/v1/payment/state status=200 elapsedMs=59
2026-07-02 01:18:49,985 INFO o.a.j.p.j.s.J.Full charging journey with SSE: [electrahub-jmeter][full][001] step=add card
2026-07-02 01:18:50,058 INFO o.a.j.p.j.s.J.Full charging journey with SSE: [electrahub-jmeter][full][001] http POST /payment/api/v1/payment/cards status=201 elapsedMs=71
2026-07-02 01:18:50,061 INFO o.a.j.p.j.s.J.Full charging journey with SSE: [electrahub-jmeter][full][001] step=wallet topup
2026-07-02 01:18:50,122 INFO o.a.j.p.j.s.J.Full charging journey with SSE: [electrahub-jmeter][full][001] http POST /payment/api/v1/payment/wallet/topups status=201 elapsedMs=57
2026-07-02 01:18:50,123 INFO o.a.j.p.j.s.J.Full charging journey with SSE: [electrahub-jmeter][full][001] step=payment state after setup
2026-07-02 01:18:50,185 INFO o.a.j.p.j.s.J.Full charging journey with SSE: [electrahub-jmeter][full][001] http GET /payment/api/v1/payment/state status=200 elapsedMs=61
2026-07-02 01:18:50,189 INFO o.a.j.p.j.s.J.Full charging journey with SSE: [electrahub-jmeter][full][001] payment ready wallet=120.00
2026-07-02 01:18:50,191 INFO o.a.j.p.j.s.J.Full charging journey with SSE: [electrahub-jmeter][full][001] step=charger graphql list
2026-07-02 01:18:50,403 INFO o.a.j.p.j.s.J.Full charging journey with SSE: [electrahub-jmeter][full][001] http POST /charger/graphql status=200 elapsedMs=210
2026-07-02 01:18:50,418 INFO o.a.j.p.j.s.J.Full charging journey with SSE: [electrahub-jmeter][full][001] dynamic connector selection found no available connector; using CSV connector
2026-07-02 01:18:50,419 INFO o.a.j.p.j.s.J.Full charging journey with SSE: [electrahub-jmeter][full][001] step=charger graphql view
2026-07-02 01:18:50,548 INFO o.a.j.p.j.s.J.Full charging journey with SSE: [electrahub-jmeter][full][001] http POST /charger/graphql status=200 elapsedMs=127
2026-07-02 01:18:50,549 INFO o.a.j.p.j.s.J.Full charging journey with SSE: [electrahub-jmeter][full][001] step=payment state before start
2026-07-02 01:18:50,605 INFO o.a.j.p.j.s.J.Full charging journey with SSE: [electrahub-jmeter][full][001] http GET /payment/api/v1/payment/state status=200 elapsedMs=54
2026-07-02 01:18:50,632 INFO o.a.j.p.j.s.J.Full charging journey with SSE: [electrahub-jmeter][full][001] using connector csv fallback attempts=100 startIndex=1/100
2026-07-02 01:18:50,637 INFO o.a.j.p.j.s.J.Full charging journey with SSE: [electrahub-jmeter][full][001] step=start charging attempt 1
2026-07-02 01:18:50,872 INFO o.a.j.p.j.s.J.Full charging journey with SSE: [electrahub-jmeter][full][001] http POST /session/api/v1/sessions/start status=201 elapsedMs=233
2026-07-02 01:18:50,873 INFO o.a.j.p.j.s.J.Full charging journey with SSE: [electrahub-jmeter][full][001] started session=95ea233a-fc8e-409e-a540-fc5a6a9b4732 charger=EH-US-CHG-0001/CON-US-0001 status=PREPARING remote=Accepted attempt=1/100
2026-07-02 01:18:50,874 INFO o.a.j.p.j.s.J.Full charging journey with SSE: [electrahub-jmeter][full][001] step=active sessions
2026-07-02 01:18:51,864 INFO o.a.j.p.j.s.J.Full charging journey with SSE: [electrahub-jmeter][full][001] http GET /session/api/v1/sessions/active status=200 elapsedMs=989
2026-07-02 01:18:53,692 INFO o.a.j.t.JMeterThread: Thread started: 100 driver charging journeys 1-2
2026-07-02 01:18:53,699 INFO o.a.j.p.j.s.J.Full charging journey with SSE: [electrahub-jmeter][full][002] step=register
2026-07-02 01:18:53,953 INFO o.a.j.p.j.s.J.Full charging journey with SSE: [electrahub-jmeter][full][002] http POST /auth/api/auth/register status=200 elapsedMs=212
2026-07-02 01:18:53,954 INFO o.a.j.p.j.s.J.Full charging journey with SSE: [electrahub-jmeter][full][002] registered uid=9e8bbdb4-ab70-4638-89ad-914041e5fcc3
2026-07-02 01:18:53,964 INFO o.a.j.p.j.s.J.Full charging journey with SSE: [electrahub-jmeter][full][002] step=payment state before setup
2026-07-02 01:18:54,020 INFO o.a.j.p.j.s.J.Full charging journey with SSE: [electrahub-jmeter][full][002] http GET /payment/api/v1/payment/state status=451 elapsedMs=55
2026-07-02 01:18:54,022 INFO o.a.j.p.j.s.J.Full charging journey with SSE: [electrahub-jmeter][full][002] step=accept terms
2026-07-02 01:18:54,084 INFO o.a.j.p.j.s.J.Full charging journey with SSE: [electrahub-jmeter][full][002] http POST /auth/api/terms/accept status=201 elapsedMs=60
2026-07-02 01:18:54,085 INFO o.a.j.p.j.s.J.Full charging journey with SSE: [electrahub-jmeter][full][002] accepted terms; refreshing token through login
2026-07-02 01:18:54,085 INFO o.a.j.p.j.s.J.Full charging journey with SSE: [electrahub-jmeter][full][002] step=login
2026-07-02 01:18:54,229 INFO o.a.j.p.j.s.J.Full charging journey with SSE: [electrahub-jmeter][full][002] http POST /auth/api/auth/login status=200 elapsedMs=142
2026-07-02 01:18:54,230 INFO o.a.j.p.j.s.J.Full charging journey with SSE: [electrahub-jmeter][full][002] logged in uid=9e8bbdb4-ab70-4638-89ad-914041e5fcc3
2026-07-02 01:18:54,230 INFO o.a.j.p.j.s.J.Full charging journey with SSE: [electrahub-jmeter][full][002] step=payment state after terms
2026-07-02 01:18:54,297 INFO o.a.j.p.j.s.J.Full charging journey with SSE: [electrahub-jmeter][full][002] http GET /payment/api/v1/payment/state status=200 elapsedMs=65
2026-07-02 01:18:54,299 INFO o.a.j.p.j.s.J.Full charging journey with SSE: [electrahub-jmeter][full][002] step=add card
2026-07-02 01:18:54,363 INFO o.a.j.p.j.s.J.Full charging journey with SSE: [electrahub-jmeter][full][002] http POST /payment/api/v1/payment/cards status=201 elapsedMs=61
2026-07-02 01:18:54,364 INFO o.a.j.p.j.s.J.Full charging journey with SSE: [electrahub-jmeter][full][002] step=wallet topup
2026-07-02 01:18:54,421 INFO o.a.j.p.j.s.J.Full charging journey with SSE: [electrahub-jmeter][full][002] http POST /payment/api/v1/payment/wallet/topups status=201 elapsedMs=56
2026-07-02 01:18:54,422 INFO o.a.j.p.j.s.J.Full charging journey with SSE: [electrahub-jmeter][full][002] step=payment state after setup
2026-07-02 01:18:54,478 INFO o.a.j.p.j.s.J.Full charging journey with SSE: [electrahub-jmeter][full][002] http GET /payment/api/v1/payment/state status=200 elapsedMs=54
2026-07-02 01:18:54,480 INFO o.a.j.p.j.s.J.Full charging journey with SSE: [electrahub-jmeter][full][002] payment ready wallet=120.00
2026-07-02 01:18:54,481 INFO o.a.j.p.j.s.J.Full charging journey with SSE: [electrahub-jmeter][full][002] step=charger graphql list
2026-07-02 01:18:54,584 INFO o.a.j.p.j.s.J.Full charging journey with SSE: [electrahub-jmeter][full][002] http POST /charger/graphql status=200 elapsedMs=103
2026-07-02 01:18:54,586 INFO o.a.j.p.j.s.J.Full charging journey with SSE: [electrahub-jmeter][full][002] dynamic connector selection found no available connector; using CSV connector
2026-07-02 01:18:54,587 INFO o.a.j.p.j.s.J.Full charging journey with SSE: [electrahub-jmeter][full][002] step=charger graphql view
2026-07-02 01:18:54,658 INFO o.a.j.p.j.s.J.Full charging journey with SSE: [electrahub-jmeter][full][002] http POST /charger/graphql status=200 elapsedMs=70
2026-07-02 01:18:54,659 INFO o.a.j.p.j.s.J.Full charging journey with SSE: [electrahub-jmeter][full][002] step=payment state before start
2026-07-02 01:18:54,721 INFO o.a.j.p.j.s.J.Full charging journey with SSE: [electrahub-jmeter][full][002] http GET /payment/api/v1/payment/state status=200 elapsedMs=61
2026-07-02 01:18:54,726 INFO o.a.j.p.j.s.J.Full charging journey with SSE: [electrahub-jmeter][full][002] using connector csv fallback attempts=100 startIndex=2/100
2026-07-02 01:18:54,727 INFO o.a.j.p.j.s.J.Full charging journey with SSE: [electrahub-jmeter][full][002] step=start charging attempt 1
2026-07-02 01:18:55,907 INFO o.a.j.p.j.s.J.Full charging journey with SSE: [electrahub-jmeter][full][002] http POST /session/api/v1/sessions/start status=201 elapsedMs=1177
2026-07-02 01:18:55,908 INFO o.a.j.p.j.s.J.Full charging journey with SSE: [electrahub-jmeter][full][002] started session=596b8f35-9039-41f7-9ac4-d7e9a0e1f605 charger=EH-US-CHG-0002/CON-US-0002 status=PREPARING remote=Accepted attempt=1/100
2026-07-02 01:18:55,909 INFO o.a.j.p.j.s.J.Full charging journey with SSE: [electrahub-jmeter][full][002] step=active sessions
2026-07-02 01:18:56,908 INFO o.a.j.p.j.s.J.Full charging journey with SSE: [electrahub-jmeter][full][002] http GET /session/api/v1/sessions/active status=200 elapsedMs=998
2026-07-02 01:18:59,691 INFO o.a.j.t.JMeterThread: Thread started: 100 driver charging journeys 1-3
2026-07-02 01:18:59,697 INFO o.a.j.p.j.s.J.Full charging journey with SSE: [electrahub-jmeter][full][003] step=register
2026-07-02 01:19:00,051 INFO o.a.j.p.j.s.J.Full charging journey with SSE: [electrahub-jmeter][full][003] http POST /auth/api/auth/register status=200 elapsedMs=313
2026-07-02 01:19:00,053 INFO o.a.j.p.j.s.J.Full charging journey with SSE: [electrahub-jmeter][full][003] registered uid=46f29034-0ff8-4abc-bd70-c090accc853b
2026-07-02 01:19:00,062 INFO o.a.j.p.j.s.J.Full charging journey with SSE: [electrahub-jmeter][full][003] step=payment state before setup
2026-07-02 01:19:00,117 INFO o.a.j.p.j.s.J.Full charging journey with SSE: [electrahub-jmeter][full][003] http GET /payment/api/v1/payment/state status=451 elapsedMs=53
2026-07-02 01:19:00,118 INFO o.a.j.p.j.s.J.Full charging journey with SSE: [electrahub-jmeter][full][003] step=accept terms
2026-07-02 01:19:00,181 INFO o.a.j.p.j.s.J.Full charging journey with SSE: [electrahub-jmeter][full][003] http POST /auth/api/terms/accept status=201 elapsedMs=62
2026-07-02 01:19:00,182 INFO o.a.j.p.j.s.J.Full charging journey with SSE: [electrahub-jmeter][full][003] accepted terms; refreshing token through login
2026-07-02 01:19:00,183 INFO o.a.j.p.j.s.J.Full charging journey with SSE: [electrahub-jmeter][full][003] step=login
2026-07-02 01:19:00,334 INFO o.a.j.p.j.s.J.Full charging journey with SSE: [electrahub-jmeter][full][003] http POST /auth/api/auth/login status=200 elapsedMs=149
2026-07-02 01:19:00,336 INFO o.a.j.p.j.s.J.Full charging journey with SSE: [electrahub-jmeter][full][003] logged in uid=46f29034-0ff8-4abc-bd70-c090accc853b
2026-07-02 01:19:00,337 INFO o.a.j.p.j.s.J.Full charging journey with SSE: [electrahub-jmeter][full][003] step=payment state after terms
2026-07-02 01:19:00,400 INFO o.a.j.p.j.s.J.Full charging journey with SSE: [electrahub-jmeter][full][003] http GET /payment/api/v1/payment/state status=200 elapsedMs=63
2026-07-02 01:19:00,401 INFO o.a.j.p.j.s.J.Full charging journey with SSE: [electrahub-jmeter][full][003] step=add card
2026-07-02 01:19:00,461 INFO o.a.j.p.j.s.J.Full charging journey with SSE: [electrahub-jmeter][full][003] http POST /payment/api/v1/payment/cards status=201 elapsedMs=59
2026-07-02 01:19:00,462 INFO o.a.j.p.j.s.J.Full charging journey with SSE: [electrahub-jmeter][full][003] step=wallet topup
2026-07-02 01:19:00,525 INFO o.a.j.p.j.s.J.Full charging journey with SSE: [electrahub-jmeter][full][003] http POST /payment/api/v1/payment/wallet/topups status=201 elapsedMs=62
2026-07-02 01:19:00,526 INFO o.a.j.p.j.s.J.Full charging journey with SSE: [electrahub-jmeter][full][003] step=payment state after setup
2026-07-02 01:19:00,581 INFO o.a.j.p.j.s.J.Full charging journey with SSE: [electrahub-jmeter][full][003] http GET /payment/api/v1/payment/state status=200 elapsedMs=54
2026-07-02 01:19:00,582 INFO o.a.j.p.j.s.J.Full charging journey with SSE: [electrahub-jmeter][full][003] payment ready wallet=120.00
2026-07-02 01:19:00,583 INFO o.a.j.p.j.s.J.Full charging journey with SSE: [electrahub-jmeter][full][003] step=charger graphql list
2026-07-02 01:19:00,711 INFO o.a.j.p.j.s.J.Full charging journey with SSE: [electrahub-jmeter][full][003] http POST /charger/graphql status=200 elapsedMs=127
2026-07-02 01:19:00,713 INFO o.a.j.p.j.s.J.Full charging journey with SSE: [electrahub-jmeter][full][003] dynamic connector selection found no available connector; using CSV connector
2026-07-02 01:19:00,713 INFO o.a.j.p.j.s.J.Full charging journey with SSE: [electrahub-jmeter][full][003] step=charger graphql view
2026-07-02 01:19:00,788 INFO o.a.j.p.j.s.J.Full charging journey with SSE: [electrahub-jmeter][full][003] http POST /charger/graphql status=200 elapsedMs=73
2026-07-02 01:19:00,790 INFO o.a.j.p.j.s.J.Full charging journey with SSE: [electrahub-jmeter][full][003] step=payment state before start
2026-07-02 01:19:00,848 INFO o.a.j.p.j.s.J.Full charging journey with SSE: [electrahub-jmeter][full][003] http GET /payment/api/v1/payment/state status=200 elapsedMs=58
2026-07-02 01:19:00,852 INFO o.a.j.p.j.s.J.Full charging journey with SSE: [electrahub-jmeter][full][003] using connector csv fallback attempts=100 startIndex=3/100
2026-07-02 01:19:00,854 INFO o.a.j.p.j.s.J.Full charging journey with SSE: [electrahub-jmeter][full][003] step=start charging attempt 1
2026-07-02 01:19:01,965 INFO o.a.j.p.j.s.J.Full charging journey with SSE: [electrahub-jmeter][full][003] http POST /session/api/v1/sessions/start status=201 elapsedMs=1109
2026-07-02 01:19:01,966 INFO o.a.j.p.j.s.J.Full charging journey with SSE: [electrahub-jmeter][full][003] started session=93802c52-76e3-41f9-9adc-5c2e195be18b charger=EH-US-CHG-0003/CON-US-0003 status=PREPARING remote=Accepted attempt=1/100
2026-07-02 01:19:01,967 INFO o.a.j.p.j.s.J.Full charging journey with SSE: [electrahub-jmeter][full][003] step=active sessions
2026-07-02 01:19:02,971 INFO o.a.j.p.j.s.J.Full charging journey with SSE: [electrahub-jmeter][full][003] http GET /session/api/v1/sessions/active status=200 elapsedMs=1004
2026-07-02 01:19:05,690 INFO o.a.j.t.JMeterThread: Thread started: 100 driver charging journeys 1-4
2026-07-02 01:19:05,695 INFO o.a.j.p.j.s.J.Full charging journey with SSE: [electrahub-jmeter][full][004] step=register
2026-07-02 01:19:05,942 INFO o.a.j.p.j.s.J.Full charging journey with SSE: [electrahub-jmeter][full][004] http POST /auth/api/auth/register status=200 elapsedMs=194
2026-07-02 01:19:05,943 INFO o.a.j.p.j.s.J.Full charging journey with SSE: [electrahub-jmeter][full][004] registered uid=12385320-6f27-4d0f-8edf-9b17fc8be05d
2026-07-02 01:19:05,954 INFO o.a.j.p.j.s.J.Full charging journey with SSE: [electrahub-jmeter][full][004] step=payment state before setup
2026-07-02 01:19:06,014 INFO o.a.j.p.j.s.J.Full charging journey with SSE: [electrahub-jmeter][full][004] http GET /payment/api/v1/payment/state status=451 elapsedMs=59
2026-07-02 01:19:06,016 INFO o.a.j.p.j.s.J.Full charging journey with SSE: [electrahub-jmeter][full][004] step=accept terms
2026-07-02 01:19:06,077 INFO o.a.j.p.j.s.J.Full charging journey with SSE: [electrahub-jmeter][full][004] http POST /auth/api/terms/accept status=201 elapsedMs=60
2026-07-02 01:19:06,078 INFO o.a.j.p.j.s.J.Full charging journey with SSE: [electrahub-jmeter][full][004] accepted terms; refreshing token through login
2026-07-02 01:19:06,078 INFO o.a.j.p.j.s.J.Full charging journey with SSE: [electrahub-jmeter][full][004] step=login
2026-07-02 01:19:06,226 INFO o.a.j.p.j.s.J.Full charging journey with SSE: [electrahub-jmeter][full][004] http POST /auth/api/auth/login status=200 elapsedMs=147
2026-07-02 01:19:06,228 INFO o.a.j.p.j.s.J.Full charging journey with SSE: [electrahub-jmeter][full][004] logged in uid=12385320-6f27-4d0f-8edf-9b17fc8be05d
2026-07-02 01:19:06,229 INFO o.a.j.p.j.s.J.Full charging journey with SSE: [electrahub-jmeter][full][004] step=payment state after terms
2026-07-02 01:19:06,291 INFO o.a.j.p.j.s.J.Full charging journey with SSE: [electrahub-jmeter][full][004] http GET /payment/api/v1/payment/state status=200 elapsedMs=62
2026-07-02 01:19:06,292 INFO o.a.j.p.j.s.J.Full charging journey with SSE: [electrahub-jmeter][full][004] step=add card
2026-07-02 01:19:06,352 INFO o.a.j.p.j.s.J.Full charging journey with SSE: [electrahub-jmeter][full][004] http POST /payment/api/v1/payment/cards status=201 elapsedMs=58
2026-07-02 01:19:06,353 INFO o.a.j.p.j.s.J.Full charging journey with SSE: [electrahub-jmeter][full][004] step=wallet topup
2026-07-02 01:19:06,415 INFO o.a.j.p.j.s.J.Full charging journey with SSE: [electrahub-jmeter][full][004] http POST /payment/api/v1/payment/wallet/topups status=201 elapsedMs=61
2026-07-02 01:19:06,417 INFO o.a.j.p.j.s.J.Full charging journey with SSE: [electrahub-jmeter][full][004] step=payment state after setup
2026-07-02 01:19:06,473 INFO o.a.j.p.j.s.J.Full charging journey with SSE: [electrahub-jmeter][full][004] http GET /payment/api/v1/payment/state status=200 elapsedMs=54
2026-07-02 01:19:06,474 INFO o.a.j.p.j.s.J.Full charging journey with SSE: [electrahub-jmeter][full][004] payment ready wallet=120.00
2026-07-02 01:19:06,475 INFO o.a.j.p.j.s.J.Full charging journey with SSE: [electrahub-jmeter][full][004] step=charger graphql list
2026-07-02 01:19:06,582 INFO o.a.j.p.j.s.J.Full charging journey with SSE: [electrahub-jmeter][full][004] http POST /charger/graphql status=200 elapsedMs=106
2026-07-02 01:19:06,584 INFO o.a.j.p.j.s.J.Full charging journey with SSE: [electrahub-jmeter][full][004] dynamic connector selection found no available connector; using CSV connector
2026-07-02 01:19:06,584 INFO o.a.j.p.j.s.J.Full charging journey with SSE: [electrahub-jmeter][full][004] step=charger graphql view
2026-07-02 01:19:06,664 INFO o.a.j.p.j.s.J.Full charging journey with SSE: [electrahub-jmeter][full][004] http POST /charger/graphql status=200 elapsedMs=78
2026-07-02 01:19:06,665 INFO o.a.j.p.j.s.J.Full charging journey with SSE: [electrahub-jmeter][full][004] step=payment state before start
2026-07-02 01:19:06,725 INFO o.a.j.p.j.s.J.Full charging journey with SSE: [electrahub-jmeter][full][004] http GET /payment/api/v1/payment/state status=200 elapsedMs=59
2026-07-02 01:19:06,731 INFO o.a.j.p.j.s.J.Full charging journey with SSE: [electrahub-jmeter][full][004] using connector csv fallback attempts=100 startIndex=4/100
2026-07-02 01:19:06,732 INFO o.a.j.p.j.s.J.Full charging journey with SSE: [electrahub-jmeter][full][004] step=start charging attempt 1
2026-07-02 01:19:07,009 INFO o.a.j.p.j.s.J.Full charging journey with SSE: [electrahub-jmeter][full][004] http POST /session/api/v1/sessions/start status=201 elapsedMs=275
2026-07-02 01:19:07,009 INFO o.a.j.p.j.s.J.Full charging journey with SSE: [electrahub-jmeter][full][004] started session=313870e6-ecb6-4f80-8d04-2422f20dbe9a charger=EH-US-CHG-0004/CON-US-0004 status=PREPARING remote=Accepted attempt=1/100
2026-07-02 01:19:07,010 INFO o.a.j.p.j.s.J.Full charging journey with SSE: [electrahub-jmeter][full][004] step=active sessions
2026-07-02 01:19:08,009 INFO o.a.j.p.j.s.J.Full charging journey with SSE: [electrahub-jmeter][full][004] http GET /session/api/v1/sessions/active status=200 elapsedMs=998
2026-07-02 01:19:11,691 INFO o.a.j.t.JMeterThread: Thread started: 100 driver charging journeys 1-5
2026-07-02 01:19:11,697 INFO o.a.j.p.j.s.J.Full charging journey with SSE: [electrahub-jmeter][full][005] step=register
2026-07-02 01:19:11,965 INFO o.a.j.p.j.s.J.Full charging journey with SSE: [electrahub-jmeter][full][005] http POST /auth/api/auth/register status=200 elapsedMs=211
2026-07-02 01:19:11,966 INFO o.a.j.p.j.s.J.Full charging journey with SSE: [electrahub-jmeter][full][005] registered uid=2aad2469-fa8f-4ffe-9eaa-59f429326332
2026-07-02 01:19:11,973 INFO o.a.j.p.j.s.J.Full charging journey with SSE: [electrahub-jmeter][full][005] step=payment state before setup
2026-07-02 01:19:12,029 INFO o.a.j.p.j.s.J.Full charging journey with SSE: [electrahub-jmeter][full][005] http GET /payment/api/v1/payment/state status=451 elapsedMs=55
2026-07-02 01:19:12,030 INFO o.a.j.p.j.s.J.Full charging journey with SSE: [electrahub-jmeter][full][005] step=accept terms
2026-07-02 01:19:12,097 INFO o.a.j.p.j.s.J.Full charging journey with SSE: [electrahub-jmeter][full][005] http POST /auth/api/terms/accept status=201 elapsedMs=66
2026-07-02 01:19:12,098 INFO o.a.j.p.j.s.J.Full charging journey with SSE: [electrahub-jmeter][full][005] accepted terms; refreshing token through login
2026-07-02 01:19:12,098 INFO o.a.j.p.j.s.J.Full charging journey with SSE: [electrahub-jmeter][full][005] step=login
2026-07-02 01:19:12,316 INFO o.a.j.p.j.s.J.Full charging journey with SSE: [electrahub-jmeter][full][005] http POST /auth/api/auth/login status=200 elapsedMs=217
2026-07-02 01:19:12,317 INFO o.a.j.p.j.s.J.Full charging journey with SSE: [electrahub-jmeter][full][005] logged in uid=2aad2469-fa8f-4ffe-9eaa-59f429326332
2026-07-02 01:19:12,318 INFO o.a.j.p.j.s.J.Full charging journey with SSE: [electrahub-jmeter][full][005] step=payment state after terms
2026-07-02 01:19:12,380 INFO o.a.j.p.j.s.J.Full charging journey with SSE: [electrahub-jmeter][full][005] http GET /payment/api/v1/payment/state status=200 elapsedMs=61
2026-07-02 01:19:12,381 INFO o.a.j.p.j.s.J.Full charging journey with SSE: [electrahub-jmeter][full][005] step=add card
2026-07-02 01:19:12,437 INFO o.a.j.p.j.s.J.Full charging journey with SSE: [electrahub-jmeter][full][005] http POST /payment/api/v1/payment/cards status=201 elapsedMs=55
2026-07-02 01:19:12,438 INFO o.a.j.p.j.s.J.Full charging journey with SSE: [electrahub-jmeter][full][005] step=wallet topup
2026-07-02 01:19:12,494 INFO o.a.j.p.j.s.J.Full charging journey with SSE: [electrahub-jmeter][full][005] http POST /payment/api/v1/payment/wallet/topups status=201 elapsedMs=55
2026-07-02 01:19:12,495 INFO o.a.j.p.j.s.J.Full charging journey with SSE: [electrahub-jmeter][full][005] step=payment state after setup
2026-07-02 01:19:12,548 INFO o.a.j.p.j.s.J.Full charging journey with SSE: [electrahub-jmeter][full][005] http GET /payment/api/v1/payment/state status=200 elapsedMs=52
2026-07-02 01:19:12,549 INFO o.a.j.p.j.s.J.Full charging journey with SSE: [electrahub-jmeter][full][005] payment ready wallet=120.00
2026-07-02 01:19:12,550 INFO o.a.j.p.j.s.J.Full charging journey with SSE: [electrahub-jmeter][full][005] step=charger graphql list
2026-07-02 01:19:12,663 INFO o.a.j.p.j.s.J.Full charging journey with SSE: [electrahub-jmeter][full][005] http POST /charger/graphql status=200 elapsedMs=112
2026-07-02 01:19:12,665 INFO o.a.j.p.j.s.J.Full charging journey with SSE: [electrahub-jmeter][full][005] dynamic connector selection found no available connector; using CSV connector
2026-07-02 01:19:12,668 INFO o.a.j.p.j.s.J.Full charging journey with SSE: [electrahub-jmeter][full][005] step=charger graphql view
2026-07-02 01:19:12,747 INFO o.a.j.p.j.s.J.Full charging journey with SSE: [electrahub-jmeter][full][005] http POST /charger/graphql status=200 elapsedMs=79
2026-07-02 01:19:12,748 INFO o.a.j.p.j.s.J.Full charging journey with SSE: [electrahub-jmeter][full][005] step=payment state before start
2026-07-02 01:19:12,802 INFO o.a.j.p.j.s.J.Full charging journey with SSE: [electrahub-jmeter][full][005] http GET /payment/api/v1/payment/state status=200 elapsedMs=54
2026-07-02 01:19:12,806 INFO o.a.j.p.j.s.J.Full charging journey with SSE: [electrahub-jmeter][full][005] using connector csv fallback attempts=100 startIndex=5/100
2026-07-02 01:19:12,807 INFO o.a.j.p.j.s.J.Full charging journey with SSE: [electrahub-jmeter][full][005] step=start charging attempt 1
2026-07-02 01:19:12,885 INFO o.a.j.p.j.s.J.Full charging journey with SSE: [electrahub-jmeter][full][005] http POST /session/api/v1/sessions/start status=409 elapsedMs=77
2026-07-02 01:19:12,887 INFO o.a.j.p.j.s.J.Full charging journey with SSE: [electrahub-jmeter][full][005] start skipped EH-US-CHG-0005/CON-US-0005 HTTP 409; trying next connector
2026-07-02 01:19:13,888 INFO o.a.j.p.j.s.J.Full charging journey with SSE: [electrahub-jmeter][full][005] step=start charging attempt 2
2026-07-02 01:19:13,967 INFO o.a.j.p.j.s.J.Full charging journey with SSE: [electrahub-jmeter][full][005] http POST /session/api/v1/sessions/start status=409 elapsedMs=78
2026-07-02 01:19:13,968 INFO o.a.j.p.j.s.J.Full charging journey with SSE: [electrahub-jmeter][full][005] start skipped EH-US-CHG-0006/CON-US-0006 HTTP 409; trying next connector
2026-07-02 01:19:14,970 INFO o.a.j.p.j.s.J.Full charging journey with SSE: [electrahub-jmeter][full][005] step=start charging attempt 3
2026-07-02 01:19:15,054 INFO o.a.j.p.j.s.J.Full charging journey with SSE: [electrahub-jmeter][full][005] http POST /session/api/v1/sessions/start status=409 elapsedMs=83
2026-07-02 01:19:15,055 INFO o.a.j.p.j.s.J.Full charging journey with SSE: [electrahub-jmeter][full][005] start skipped EH-US-CHG-0007/CON-US-0007 HTTP 409; trying next connector
2026-07-02 01:19:16,057 INFO o.a.j.p.j.s.J.Full charging journey with SSE: [electrahub-jmeter][full][005] step=start charging attempt 4
2026-07-02 01:19:17,059 INFO o.a.j.p.j.s.J.Full charging journey with SSE: [electrahub-jmeter][full][005] http POST /session/api/v1/sessions/start status=201 elapsedMs=1000
2026-07-02 01:19:17,060 INFO o.a.j.p.j.s.J.Full charging journey with SSE: [electrahub-jmeter][full][005] started session=8591bd5b-e5c8-4bf5-a109-a822b6e8494b charger=EH-US-CHG-0008/CON-US-0008 status=PREPARING remote=Accepted attempt=4/100
2026-07-02 01:19:17,061 INFO o.a.j.p.j.s.J.Full charging journey with SSE: [electrahub-jmeter][full][005] step=active sessions
2026-07-02 01:19:17,690 INFO o.a.j.t.JMeterThread: Thread started: 100 driver charging journeys 1-6
2026-07-02 01:19:17,696 INFO o.a.j.p.j.s.J.Full charging journey with SSE: [electrahub-jmeter][full][006] step=register
2026-07-02 01:19:17,927 INFO o.a.j.p.j.s.J.Full charging journey with SSE: [electrahub-jmeter][full][006] http POST /auth/api/auth/register status=200 elapsedMs=186
2026-07-02 01:19:17,928 INFO o.a.j.p.j.s.J.Full charging journey with SSE: [electrahub-jmeter][full][006] registered uid=0a41df05-dde3-41f5-9b0f-6e4480856b42
2026-07-02 01:19:17,937 INFO o.a.j.p.j.s.J.Full charging journey with SSE: [electrahub-jmeter][full][006] step=payment state before setup
2026-07-02 01:19:17,993 INFO o.a.j.p.j.s.J.Full charging journey with SSE: [electrahub-jmeter][full][006] http GET /payment/api/v1/payment/state status=451 elapsedMs=55
2026-07-02 01:19:17,994 INFO o.a.j.p.j.s.J.Full charging journey with SSE: [electrahub-jmeter][full][006] step=accept terms
2026-07-02 01:19:18,073 INFO o.a.j.p.j.s.J.Full charging journey with SSE: [electrahub-jmeter][full][005] http GET /session/api/v1/sessions/active status=200 elapsedMs=1012
2026-07-02 01:19:18,076 INFO o.a.j.p.j.s.J.Full charging journey with SSE: [electrahub-jmeter][full][006] http POST /auth/api/terms/accept status=201 elapsedMs=81
2026-07-02 01:19:18,077 INFO o.a.j.p.j.s.J.Full charging journey with SSE: [electrahub-jmeter][full][006] accepted terms; refreshing token through login
2026-07-02 01:19:18,078 INFO o.a.j.p.j.s.J.Full charging journey with SSE: [electrahub-jmeter][full][006] step=login
2026-07-02 01:19:18,224 INFO o.a.j.p.j.s.J.Full charging journey with SSE: [electrahub-jmeter][full][006] http POST /auth/api/auth/login status=200 elapsedMs=145
2026-07-02 01:19:18,225 INFO o.a.j.p.j.s.J.Full charging journey with SSE: [electrahub-jmeter][full][006] logged in uid=0a41df05-dde3-41f5-9b0f-6e4480856b42
2026-07-02 01:19:18,226 INFO o.a.j.p.j.s.J.Full charging journey with SSE: [electrahub-jmeter][full][006] step=payment state after terms
2026-07-02 01:19:18,287 INFO o.a.j.p.j.s.J.Full charging journey with SSE: [electrahub-jmeter][full][006] http GET /payment/api/v1/payment/state status=200 elapsedMs=60
2026-07-02 01:19:18,288 INFO o.a.j.p.j.s.J.Full charging journey with SSE: [electrahub-jmeter][full][006] step=add card
2026-07-02 01:19:18,347 INFO o.a.j.p.j.s.J.Full charging journey with SSE: [electrahub-jmeter][full][006] http POST /payment/api/v1/payment/cards status=201 elapsedMs=58
2026-07-02 01:19:18,348 INFO o.a.j.p.j.s.J.Full charging journey with SSE: [electrahub-jmeter][full][006] step=wallet topup
2026-07-02 01:19:18,409 INFO o.a.j.p.j.s.J.Full charging journey with SSE: [electrahub-jmeter][full][006] http POST /payment/api/v1/payment/wallet/topups status=201 elapsedMs=60
2026-07-02 01:19:18,410 INFO o.a.j.p.j.s.J.Full charging journey with SSE: [electrahub-jmeter][full][006] step=payment state after setup
2026-07-02 01:19:18,468 INFO o.a.j.p.j.s.J.Full charging journey with SSE: [electrahub-jmeter][full][006] http GET /payment/api/v1/payment/state status=200 elapsedMs=57
2026-07-02 01:19:18,469 INFO o.a.j.p.j.s.J.Full charging journey with SSE: [electrahub-jmeter][full][006] payment ready wallet=120.00
2026-07-02 01:19:18,470 INFO o.a.j.p.j.s.J.Full charging journey with SSE: [electrahub-jmeter][full][006] step=charger graphql list
2026-07-02 01:19:18,584 INFO o.a.j.p.j.s.J.Full charging journey with SSE: [electrahub-jmeter][full][006] http POST /charger/graphql status=200 elapsedMs=113
2026-07-02 01:19:18,586 INFO o.a.j.p.j.s.J.Full charging journey with SSE: [electrahub-jmeter][full][006] dynamic connector selection found no available connector; using CSV connector
2026-07-02 01:19:18,587 INFO o.a.j.p.j.s.J.Full charging journey with SSE: [electrahub-jmeter][full][006] step=charger graphql view
2026-07-02 01:19:18,658 INFO o.a.j.p.j.s.J.Full charging journey with SSE: [electrahub-jmeter][full][006] http POST /charger/graphql status=200 elapsedMs=70
2026-07-02 01:19:18,659 INFO o.a.j.p.j.s.J.Full charging journey with SSE: [electrahub-jmeter][full][006] step=payment state before start
2026-07-02 01:19:18,718 INFO o.a.j.p.j.s.J.Full charging journey with SSE: [electrahub-jmeter][full][006] http GET /payment/api/v1/payment/state status=200 elapsedMs=58
2026-07-02 01:19:18,722 INFO o.a.j.p.j.s.J.Full charging journey with SSE: [electrahub-jmeter][full][006] using connector csv fallback attempts=100 startIndex=6/100
2026-07-02 01:19:18,722 INFO o.a.j.p.j.s.J.Full charging journey with SSE: [electrahub-jmeter][full][006] step=start charging attempt 1
2026-07-02 01:19:18,792 INFO o.a.j.p.j.s.J.Full charging journey with SSE: [electrahub-jmeter][full][006] http POST /session/api/v1/sessions/start status=409 elapsedMs=69
2026-07-02 01:19:18,793 INFO o.a.j.p.j.s.J.Full charging journey with SSE: [electrahub-jmeter][full][006] start skipped EH-US-CHG-0006/CON-US-0006 HTTP 409; trying next connector
2026-07-02 01:19:19,794 INFO o.a.j.p.j.s.J.Full charging journey with SSE: [electrahub-jmeter][full][006] step=start charging attempt 2
2026-07-02 01:19:19,870 INFO o.a.j.p.j.s.J.Full charging journey with SSE: [electrahub-jmeter][full][006] http POST /session/api/v1/sessions/start status=409 elapsedMs=75
2026-07-02 01:19:19,871 INFO o.a.j.p.j.s.J.Full charging journey with SSE: [electrahub-jmeter][full][006] start skipped EH-US-CHG-0007/CON-US-0007 HTTP 409; trying next connector
2026-07-02 01:19:20,872 INFO o.a.j.p.j.s.J.Full charging journey with SSE: [electrahub-jmeter][full][006] step=start charging attempt 3
2026-07-02 01:19:20,939 INFO o.a.j.p.j.s.J.Full charging journey with SSE: [electrahub-jmeter][full][006] http POST /session/api/v1/sessions/start status=409 elapsedMs=65
2026-07-02 01:19:20,940 INFO o.a.j.p.j.s.J.Full charging journey with SSE: [electrahub-jmeter][full][006] start skipped EH-US-CHG-0008/CON-US-0008 HTTP 409; trying next connector
2026-07-02 01:19:21,941 INFO o.a.j.p.j.s.J.Full charging journey with SSE: [electrahub-jmeter][full][006] step=start charging attempt 4
2026-07-02 01:19:22,103 INFO o.a.j.p.j.s.J.Full charging journey with SSE: [electrahub-jmeter][full][006] http POST /session/api/v1/sessions/start status=201 elapsedMs=161
2026-07-02 01:19:22,104 INFO o.a.j.p.j.s.J.Full charging journey with SSE: [electrahub-jmeter][full][006] started session=3154ead7-fe84-4f51-a6a5-01c31778a39b charger=EH-US-CHG-0009/CON-US-0009 status=PREPARING remote=Accepted attempt=4/100
2026-07-02 01:19:22,104 INFO o.a.j.p.j.s.J.Full charging journey with SSE: [electrahub-jmeter][full][006] step=active sessions
2026-07-02 01:19:23,106 INFO o.a.j.p.j.s.J.Full charging journey with SSE: [electrahub-jmeter][full][006] http GET /session/api/v1/sessions/active status=200 elapsedMs=1001
2026-07-02 01:19:23,690 INFO o.a.j.t.JMeterThread: Thread started: 100 driver charging journeys 1-7
2026-07-02 01:19:23,698 INFO o.a.j.p.j.s.J.Full charging journey with SSE: [electrahub-jmeter][full][007] step=register
2026-07-02 01:19:23,946 INFO o.a.j.p.j.s.J.Full charging journey with SSE: [electrahub-jmeter][full][007] http POST /auth/api/auth/register status=200 elapsedMs=203
2026-07-02 01:19:23,949 INFO o.a.j.p.j.s.J.Full charging journey with SSE: [electrahub-jmeter][full][007] registered uid=276a02fe-ed44-4d4a-9735-8b80623cfeb0
2026-07-02 01:19:23,964 INFO o.a.j.p.j.s.J.Full charging journey with SSE: [electrahub-jmeter][full][007] step=payment state before setup
2026-07-02 01:19:24,036 INFO o.a.j.p.j.s.J.Full charging journey with SSE: [electrahub-jmeter][full][007] http GET /payment/api/v1/payment/state status=451 elapsedMs=70
2026-07-02 01:19:24,037 INFO o.a.j.p.j.s.J.Full charging journey with SSE: [electrahub-jmeter][full][007] step=accept terms
2026-07-02 01:19:24,106 INFO o.a.j.p.j.s.J.Full charging journey with SSE: [electrahub-jmeter][full][007] http POST /auth/api/terms/accept status=201 elapsedMs=68
2026-07-02 01:19:24,108 INFO o.a.j.p.j.s.J.Full charging journey with SSE: [electrahub-jmeter][full][007] accepted terms; refreshing token through login
2026-07-02 01:19:24,109 INFO o.a.j.p.j.s.J.Full charging journey with SSE: [electrahub-jmeter][full][007] step=login
2026-07-02 01:19:24,314 INFO o.a.j.p.j.s.J.Full charging journey with SSE: [electrahub-jmeter][full][007] http POST /auth/api/auth/login status=200 elapsedMs=203
2026-07-02 01:19:24,317 INFO o.a.j.p.j.s.J.Full charging journey with SSE: [electrahub-jmeter][full][007] logged in uid=276a02fe-ed44-4d4a-9735-8b80623cfeb0
2026-07-02 01:19:24,318 INFO o.a.j.p.j.s.J.Full charging journey with SSE: [electrahub-jmeter][full][007] step=payment state after terms
2026-07-02 01:19:24,390 INFO o.a.j.p.j.s.J.Full charging journey with SSE: [electrahub-jmeter][full][007] http GET /payment/api/v1/payment/state status=200 elapsedMs=71
2026-07-02 01:19:24,391 INFO o.a.j.p.j.s.J.Full charging journey with SSE: [electrahub-jmeter][full][007] step=add card
2026-07-02 01:19:24,454 INFO o.a.j.p.j.s.J.Full charging journey with SSE: [electrahub-jmeter][full][007] http POST /payment/api/v1/payment/cards status=201 elapsedMs=62
2026-07-02 01:19:24,455 INFO o.a.j.p.j.s.J.Full charging journey with SSE: [electrahub-jmeter][full][007] step=wallet topup
2026-07-02 01:19:24,510 INFO o.a.j.p.j.s.J.Full charging journey with SSE: [electrahub-jmeter][full][007] http POST /payment/api/v1/payment/wallet/topups status=201 elapsedMs=54
2026-07-02 01:19:24,511 INFO o.a.j.p.j.s.J.Full charging journey with SSE: [electrahub-jmeter][full][007] step=payment state after setup
2026-07-02 01:19:24,568 INFO o.a.j.p.j.s.J.Full charging journey with SSE: [electrahub-jmeter][full][007] http GET /payment/api/v1/payment/state status=200 elapsedMs=56
2026-07-02 01:19:24,569 INFO o.a.j.p.j.s.J.Full charging journey with SSE: [electrahub-jmeter][full][007] payment ready wallet=120.00
2026-07-02 01:19:24,570 INFO o.a.j.p.j.s.J.Full charging journey with SSE: [electrahub-jmeter][full][007] step=charger graphql list
2026-07-02 01:19:24,675 INFO o.a.j.p.j.s.J.Full charging journey with SSE: [electrahub-jmeter][full][007] http POST /charger/graphql status=200 elapsedMs=104
2026-07-02 01:19:24,677 INFO o.a.j.p.j.s.J.Full charging journey with SSE: [electrahub-jmeter][full][007] dynamic connector selection found no available connector; using CSV connector
2026-07-02 01:19:24,678 INFO o.a.j.p.j.s.J.Full charging journey with SSE: [electrahub-jmeter][full][007] step=charger graphql view
2026-07-02 01:19:24,747 INFO o.a.j.p.j.s.J.Full charging journey with SSE: [electrahub-jmeter][full][007] http POST /charger/graphql status=200 elapsedMs=68
2026-07-02 01:19:24,749 INFO o.a.j.p.j.s.J.Full charging journey with SSE: [electrahub-jmeter][full][007] step=payment state before start
2026-07-02 01:19:24,810 INFO o.a.j.p.j.s.J.Full charging journey with SSE: [electrahub-jmeter][full][007] http GET /payment/api/v1/payment/state status=200 elapsedMs=61
2026-07-02 01:19:24,813 INFO o.a.j.p.j.s.J.Full charging journey with SSE: [electrahub-jmeter][full][007] using connector csv fallback attempts=100 startIndex=7/100
2026-07-02 01:19:24,814 INFO o.a.j.p.j.s.J.Full charging journey with SSE: [electrahub-jmeter][full][007] step=start charging attempt 1
2026-07-02 01:19:24,893 INFO o.a.j.p.j.s.J.Full charging journey with SSE: [electrahub-jmeter][full][007] http POST /session/api/v1/sessions/start status=409 elapsedMs=78
2026-07-02 01:19:24,894 INFO o.a.j.p.j.s.J.Full charging journey with SSE: [electrahub-jmeter][full][007] start skipped EH-US-CHG-0007/CON-US-0007 HTTP 409; trying next connector
2026-07-02 01:19:25,895 INFO o.a.j.p.j.s.J.Full charging journey with SSE: [electrahub-jmeter][full][007] step=start charging attempt 2
2026-07-02 01:19:25,980 INFO o.a.j.p.j.s.J.Full charging journey with SSE: [electrahub-jmeter][full][007] http POST /session/api/v1/sessions/start status=409 elapsedMs=82
2026-07-02 01:19:25,981 INFO o.a.j.p.j.s.J.Full charging journey with SSE: [electrahub-jmeter][full][007] start skipped EH-US-CHG-0008/CON-US-0008 HTTP 409; trying next connector
2026-07-02 01:19:26,982 INFO o.a.j.p.j.s.J.Full charging journey with SSE: [electrahub-jmeter][full][007] step=start charging attempt 3
2026-07-02 01:19:27,055 INFO o.a.j.p.j.s.J.Full charging journey with SSE: [electrahub-jmeter][full][007] http POST /session/api/v1/sessions/start status=409 elapsedMs=72
2026-07-02 01:19:27,056 INFO o.a.j.p.j.s.J.Full charging journey with SSE: [electrahub-jmeter][full][007] start skipped EH-US-CHG-0009/CON-US-0009 HTTP 409; trying next connector
2026-07-02 01:19:28,057 INFO o.a.j.p.j.s.J.Full charging journey with SSE: [electrahub-jmeter][full][007] step=start charging attempt 4
2026-07-02 01:19:28,136 INFO o.a.j.p.j.s.J.Full charging journey with SSE: [electrahub-jmeter][full][007] http POST /session/api/v1/sessions/start status=409 elapsedMs=77
2026-07-02 01:19:28,137 INFO o.a.j.p.j.s.J.Full charging journey with SSE: [electrahub-jmeter][full][007] start skipped EH-US-CHG-0010/CON-US-0010 HTTP 409; trying next connector
2026-07-02 01:19:29,138 INFO o.a.j.p.j.s.J.Full charging journey with SSE: [electrahub-jmeter][full][007] step=start charging attempt 5
2026-07-02 01:19:29,689 INFO o.a.j.t.JMeterThread: Thread started: 100 driver charging journeys 1-8
2026-07-02 01:19:29,695 INFO o.a.j.p.j.s.J.Full charging journey with SSE: [electrahub-jmeter][full][008] step=register
2026-07-02 01:19:29,929 INFO o.a.j.p.j.s.J.Full charging journey with SSE: [electrahub-jmeter][full][008] http POST /auth/api/auth/register status=200 elapsedMs=185
2026-07-02 01:19:29,930 INFO o.a.j.p.j.s.J.Full charging journey with SSE: [electrahub-jmeter][full][008] registered uid=5ecf01e0-48b7-4185-b137-3938ff7b02db
2026-07-02 01:19:29,938 INFO o.a.j.p.j.s.J.Full charging journey with SSE: [electrahub-jmeter][full][008] step=payment state before setup
2026-07-02 01:19:29,994 INFO o.a.j.p.j.s.J.Full charging journey with SSE: [electrahub-jmeter][full][008] http GET /payment/api/v1/payment/state status=451 elapsedMs=55
2026-07-02 01:19:29,995 INFO o.a.j.p.j.s.J.Full charging journey with SSE: [electrahub-jmeter][full][008] step=accept terms
2026-07-02 01:19:30,054 INFO o.a.j.p.j.s.J.Full charging journey with SSE: [electrahub-jmeter][full][008] http POST /auth/api/terms/accept status=201 elapsedMs=58
2026-07-02 01:19:30,055 INFO o.a.j.p.j.s.J.Full charging journey with SSE: [electrahub-jmeter][full][008] accepted terms; refreshing token through login
2026-07-02 01:19:30,056 INFO o.a.j.p.j.s.J.Full charging journey with SSE: [electrahub-jmeter][full][008] step=login
2026-07-02 01:19:30,172 INFO o.a.j.p.j.s.J.Full charging journey with SSE: [electrahub-jmeter][full][007] http POST /session/api/v1/sessions/start status=201 elapsedMs=1032
2026-07-02 01:19:30,172 INFO o.a.j.p.j.s.J.Full charging journey with SSE: [electrahub-jmeter][full][007] started session=13aa9242-b488-4f73-b68b-a8f7c7f23f3f charger=EH-US-CHG-0011/CON-US-0011 status=PREPARING remote=Accepted attempt=5/100
2026-07-02 01:19:30,173 INFO o.a.j.p.j.s.J.Full charging journey with SSE: [electrahub-jmeter][full][007] step=active sessions
2026-07-02 01:19:30,208 INFO o.a.j.p.j.s.J.Full charging journey with SSE: [electrahub-jmeter][full][008] http POST /auth/api/auth/login status=200 elapsedMs=151
2026-07-02 01:19:30,210 INFO o.a.j.p.j.s.J.Full charging journey with SSE: [electrahub-jmeter][full][008] logged in uid=5ecf01e0-48b7-4185-b137-3938ff7b02db
2026-07-02 01:19:30,210 INFO o.a.j.p.j.s.J.Full charging journey with SSE: [electrahub-jmeter][full][008] step=payment state after terms
2026-07-02 01:19:30,268 INFO o.a.j.p.j.s.J.Full charging journey with SSE: [electrahub-jmeter][full][008] http GET /payment/api/v1/payment/state status=200 elapsedMs=57
2026-07-02 01:19:30,269 INFO o.a.j.p.j.s.J.Full charging journey with SSE: [electrahub-jmeter][full][008] step=add card
2026-07-02 01:19:30,321 INFO o.a.j.p.j.s.J.Full charging journey with SSE: [electrahub-jmeter][full][008] http POST /payment/api/v1/payment/cards status=201 elapsedMs=51
2026-07-02 01:19:30,322 INFO o.a.j.p.j.s.J.Full charging journey with SSE: [electrahub-jmeter][full][008] step=wallet topup
2026-07-02 01:19:30,379 INFO o.a.j.p.j.s.J.Full charging journey with SSE: [electrahub-jmeter][full][008] http POST /payment/api/v1/payment/wallet/topups status=201 elapsedMs=57
2026-07-02 01:19:30,380 INFO o.a.j.p.j.s.J.Full charging journey with SSE: [electrahub-jmeter][full][008] step=payment state after setup
2026-07-02 01:19:30,434 INFO o.a.j.p.j.s.J.Full charging journey with SSE: [electrahub-jmeter][full][008] http GET /payment/api/v1/payment/state status=200 elapsedMs=53
2026-07-02 01:19:30,435 INFO o.a.j.p.j.s.J.Full charging journey with SSE: [electrahub-jmeter][full][008] payment ready wallet=120.00
2026-07-02 01:19:30,436 INFO o.a.j.p.j.s.J.Full charging journey with SSE: [electrahub-jmeter][full][008] step=charger graphql list
2026-07-02 01:19:30,538 INFO o.a.j.p.j.s.J.Full charging journey with SSE: [electrahub-jmeter][full][008] http POST /charger/graphql status=200 elapsedMs=101
2026-07-02 01:19:30,540 INFO o.a.j.p.j.s.J.Full charging journey with SSE: [electrahub-jmeter][full][008] dynamic connector selection found no available connector; using CSV connector
2026-07-02 01:19:30,540 INFO o.a.j.p.j.s.J.Full charging journey with SSE: [electrahub-jmeter][full][008] step=charger graphql view
2026-07-02 01:19:30,610 INFO o.a.j.p.j.s.J.Full charging journey with SSE: [electrahub-jmeter][full][008] http POST /charger/graphql status=200 elapsedMs=69
2026-07-02 01:19:30,612 INFO o.a.j.p.j.s.J.Full charging journey with SSE: [electrahub-jmeter][full][008] step=payment state before start
2026-07-02 01:19:30,668 INFO o.a.j.p.j.s.J.Full charging journey with SSE: [electrahub-jmeter][full][008] http GET /payment/api/v1/payment/state status=200 elapsedMs=56
2026-07-02 01:19:30,672 INFO o.a.j.p.j.s.J.Full charging journey with SSE: [electrahub-jmeter][full][008] using connector csv fallback attempts=100 startIndex=8/100
2026-07-02 01:19:30,673 INFO o.a.j.p.j.s.J.Full charging journey with SSE: [electrahub-jmeter][full][008] step=start charging attempt 1
2026-07-02 01:19:30,752 INFO o.a.j.p.j.s.J.Full charging journey with SSE: [electrahub-jmeter][full][008] http POST /session/api/v1/sessions/start status=409 elapsedMs=78
2026-07-02 01:19:30,753 INFO o.a.j.p.j.s.J.Full charging journey with SSE: [electrahub-jmeter][full][008] start skipped EH-US-CHG-0008/CON-US-0008 HTTP 409; trying next connector
2026-07-02 01:19:31,168 INFO o.a.j.p.j.s.J.Full charging journey with SSE: [electrahub-jmeter][full][007] http GET /session/api/v1/sessions/active status=200 elapsedMs=994
2026-07-02 01:19:31,754 INFO o.a.j.p.j.s.J.Full charging journey with SSE: [electrahub-jmeter][full][008] step=start charging attempt 2
2026-07-02 01:19:31,848 INFO o.a.j.p.j.s.J.Full charging journey with SSE: [electrahub-jmeter][full][008] http POST /session/api/v1/sessions/start status=409 elapsedMs=92
2026-07-02 01:19:31,849 INFO o.a.j.p.j.s.J.Full charging journey with SSE: [electrahub-jmeter][full][008] start skipped EH-US-CHG-0009/CON-US-0009 HTTP 409; trying next connector
2026-07-02 01:19:32,850 INFO o.a.j.p.j.s.J.Full charging journey with SSE: [electrahub-jmeter][full][008] step=start charging attempt 3
2026-07-02 01:19:32,928 INFO o.a.j.p.j.s.J.Full charging journey with SSE: [electrahub-jmeter][full][008] http POST /session/api/v1/sessions/start status=409 elapsedMs=77
2026-07-02 01:19:32,929 INFO o.a.j.p.j.s.J.Full charging journey with SSE: [electrahub-jmeter][full][008] start skipped EH-US-CHG-0010/CON-US-0010 HTTP 409; trying next connector
2026-07-02 01:19:33,930 INFO o.a.j.p.j.s.J.Full charging journey with SSE: [electrahub-jmeter][full][008] step=start charging attempt 4
2026-07-02 01:19:34,005 INFO o.a.j.p.j.s.J.Full charging journey with SSE: [electrahub-jmeter][full][008] http POST /session/api/v1/sessions/start status=409 elapsedMs=74
2026-07-02 01:19:34,006 INFO o.a.j.p.j.s.J.Full charging journey with SSE: [electrahub-jmeter][full][008] start skipped EH-US-CHG-0011/CON-US-0011 HTTP 409; trying next connector
2026-07-02 01:19:35,007 INFO o.a.j.p.j.s.J.Full charging journey with SSE: [electrahub-jmeter][full][008] step=start charging attempt 5
2026-07-02 01:19:35,205 INFO o.a.j.p.j.s.J.Full charging journey with SSE: [electrahub-jmeter][full][008] http POST /session/api/v1/sessions/start status=201 elapsedMs=196
2026-07-02 01:19:35,206 INFO o.a.j.p.j.s.J.Full charging journey with SSE: [electrahub-jmeter][full][008] started session=108ad9ce-3e2b-4d2c-bcdc-2fc5107b0283 charger=EH-US-CHG-0012/CON-US-0012 status=PREPARING remote=Accepted attempt=5/100
2026-07-02 01:19:35,207 INFO o.a.j.p.j.s.J.Full charging journey with SSE: [electrahub-jmeter][full][008] step=active sessions
2026-07-02 01:19:35,688 INFO o.a.j.t.JMeterThread: Thread started: 100 driver charging journeys 1-9
2026-07-02 01:19:35,695 INFO o.a.j.p.j.s.J.Full charging journey with SSE: [electrahub-jmeter][full][009] step=register
2026-07-02 01:19:35,932 INFO o.a.j.p.j.s.J.Full charging journey with SSE: [electrahub-jmeter][full][009] http POST /auth/api/auth/register status=200 elapsedMs=190
2026-07-02 01:19:35,933 INFO o.a.j.p.j.s.J.Full charging journey with SSE: [electrahub-jmeter][full][009] registered uid=7c4b6df1-492f-4ce6-945a-543ce1075201
2026-07-02 01:19:35,941 INFO o.a.j.p.j.s.J.Full charging journey with SSE: [electrahub-jmeter][full][009] step=payment state before setup
2026-07-02 01:19:35,995 INFO o.a.j.p.j.s.J.Full charging journey with SSE: [electrahub-jmeter][full][009] http GET /payment/api/v1/payment/state status=451 elapsedMs=53
2026-07-02 01:19:35,996 INFO o.a.j.p.j.s.J.Full charging journey with SSE: [electrahub-jmeter][full][009] step=accept terms
2026-07-02 01:19:36,057 INFO o.a.j.p.j.s.J.Full charging journey with SSE: [electrahub-jmeter][full][009] http POST /auth/api/terms/accept status=201 elapsedMs=60
2026-07-02 01:19:36,058 INFO o.a.j.p.j.s.J.Full charging journey with SSE: [electrahub-jmeter][full][009] accepted terms; refreshing token through login
2026-07-02 01:19:36,060 INFO o.a.j.p.j.s.J.Full charging journey with SSE: [electrahub-jmeter][full][009] step=login
2026-07-02 01:19:36,208 INFO o.a.j.p.j.s.J.Full charging journey with SSE: [electrahub-jmeter][full][008] http GET /session/api/v1/sessions/active status=200 elapsedMs=999
2026-07-02 01:19:36,223 INFO o.a.j.p.j.s.J.Full charging journey with SSE: [electrahub-jmeter][full][009] http POST /auth/api/auth/login status=200 elapsedMs=163
2026-07-02 01:19:36,224 INFO o.a.j.p.j.s.J.Full charging journey with SSE: [electrahub-jmeter][full][009] logged in uid=7c4b6df1-492f-4ce6-945a-543ce1075201
2026-07-02 01:19:36,225 INFO o.a.j.p.j.s.J.Full charging journey with SSE: [electrahub-jmeter][full][009] step=payment state after terms
2026-07-02 01:19:36,291 INFO o.a.j.p.j.s.J.Full charging journey with SSE: [electrahub-jmeter][full][009] http GET /payment/api/v1/payment/state status=200 elapsedMs=65
2026-07-02 01:19:36,292 INFO o.a.j.p.j.s.J.Full charging journey with SSE: [electrahub-jmeter][full][009] step=add card
2026-07-02 01:19:36,350 INFO o.a.j.p.j.s.J.Full charging journey with SSE: [electrahub-jmeter][full][009] http POST /payment/api/v1/payment/cards status=201 elapsedMs=57
2026-07-02 01:19:36,351 INFO o.a.j.p.j.s.J.Full charging journey with SSE: [electrahub-jmeter][full][009] step=wallet topup
2026-07-02 01:19:36,409 INFO o.a.j.p.j.s.J.Full charging journey with SSE: [electrahub-jmeter][full][009] http POST /payment/api/v1/payment/wallet/topups status=201 elapsedMs=57
2026-07-02 01:19:36,410 INFO o.a.j.p.j.s.J.Full charging journey with SSE: [electrahub-jmeter][full][009] step=payment state after setup
2026-07-02 01:19:36,469 INFO o.a.j.p.j.s.J.Full charging journey with SSE: [electrahub-jmeter][full][009] http GET /payment/api/v1/payment/state status=200 elapsedMs=57
2026-07-02 01:19:36,469 INFO o.a.j.p.j.s.J.Full charging journey with SSE: [electrahub-jmeter][full][009] payment ready wallet=120.00
2026-07-02 01:19:36,470 INFO o.a.j.p.j.s.J.Full charging journey with SSE: [electrahub-jmeter][full][009] step=charger graphql list
2026-07-02 01:19:36,570 INFO o.a.j.p.j.s.J.Full charging journey with SSE: [electrahub-jmeter][full][009] http POST /charger/graphql status=200 elapsedMs=99
2026-07-02 01:19:36,571 INFO o.a.j.p.j.s.J.Full charging journey with SSE: [electrahub-jmeter][full][009] dynamic connector selection found no available connector; using CSV connector
2026-07-02 01:19:36,572 INFO o.a.j.p.j.s.J.Full charging journey with SSE: [electrahub-jmeter][full][009] step=charger graphql view
2026-07-02 01:19:36,638 INFO o.a.j.p.j.s.J.Full charging journey with SSE: [electrahub-jmeter][full][009] http POST /charger/graphql status=200 elapsedMs=65
2026-07-02 01:19:36,639 INFO o.a.j.p.j.s.J.Full charging journey with SSE: [electrahub-jmeter][full][009] step=payment state before start
2026-07-02 01:19:36,690 INFO o.a.j.p.j.s.J.Full charging journey with SSE: [electrahub-jmeter][full][009] http GET /payment/api/v1/payment/state status=200 elapsedMs=50
2026-07-02 01:19:36,695 INFO o.a.j.p.j.s.J.Full charging journey with SSE: [electrahub-jmeter][full][009] using connector csv fallback attempts=100 startIndex=9/100
2026-07-02 01:19:36,695 INFO o.a.j.p.j.s.J.Full charging journey with SSE: [electrahub-jmeter][full][009] step=start charging attempt 1
2026-07-02 01:19:36,765 INFO o.a.j.p.j.s.J.Full charging journey with SSE: [electrahub-jmeter][full][009] http POST /session/api/v1/sessions/start status=409 elapsedMs=69
2026-07-02 01:19:36,766 INFO o.a.j.p.j.s.J.Full charging journey with SSE: [electrahub-jmeter][full][009] start skipped EH-US-CHG-0009/CON-US-0009 HTTP 409; trying next connector
2026-07-02 01:19:37,767 INFO o.a.j.p.j.s.J.Full charging journey with SSE: [electrahub-jmeter][full][009] step=start charging attempt 2
2026-07-02 01:19:37,837 INFO o.a.j.p.j.s.J.Full charging journey with SSE: [electrahub-jmeter][full][009] http POST /session/api/v1/sessions/start status=409 elapsedMs=69
2026-07-02 01:19:37,838 INFO o.a.j.p.j.s.J.Full charging journey with SSE: [electrahub-jmeter][full][009] start skipped EH-US-CHG-0010/CON-US-0010 HTTP 409; trying next connector
2026-07-02 01:19:38,840 INFO o.a.j.p.j.s.J.Full charging journey with SSE: [electrahub-jmeter][full][009] step=start charging attempt 3
2026-07-02 01:19:38,917 INFO o.a.j.p.j.s.J.Full charging journey with SSE: [electrahub-jmeter][full][009] http POST /session/api/v1/sessions/start status=409 elapsedMs=76
2026-07-02 01:19:38,917 INFO o.a.j.p.j.s.J.Full charging journey with SSE: [electrahub-jmeter][full][009] start skipped EH-US-CHG-0011/CON-US-0011 HTTP 409; trying next connector
2026-07-02 01:19:39,918 INFO o.a.j.p.j.s.J.Full charging journey with SSE: [electrahub-jmeter][full][009] step=start charging attempt 4
2026-07-02 01:19:40,044 INFO o.a.j.p.j.s.J.Full charging journey with SSE: [electrahub-jmeter][full][009] http POST /session/api/v1/sessions/start status=409 elapsedMs=125
2026-07-02 01:19:40,045 INFO o.a.j.p.j.s.J.Full charging journey with SSE: [electrahub-jmeter][full][009] start skipped EH-US-CHG-0012/CON-US-0012 HTTP 409; trying next connector
2026-07-02 01:19:42,757 INFO o.a.j.t.JMeterThread: Thread started: 100 driver charging journeys 1-10
2026-07-02 01:19:42,762 INFO o.a.j.p.j.s.J.Full charging journey with SSE: [electrahub-jmeter][full][010] step=register
2026-07-02 01:19:42,919 INFO o.a.j.p.j.s.J.Full charging journey with SSE: [electrahub-jmeter][full][010] http POST /auth/api/auth/register status=200 elapsedMs=156
2026-07-02 01:19:42,920 INFO o.a.j.p.j.s.J.Full charging journey with SSE: [electrahub-jmeter][full][010] registered uid=11c6c991-db08-46a6-8230-03f3f1c64ace
2026-07-02 01:19:42,928 INFO o.a.j.p.j.s.J.Full charging journey with SSE: [electrahub-jmeter][full][010] step=payment state before setup
2026-07-02 01:19:42,983 INFO o.a.j.p.j.s.J.Full charging journey with SSE: [electrahub-jmeter][full][010] http GET /payment/api/v1/payment/state status=451 elapsedMs=54
2026-07-02 01:19:42,984 INFO o.a.j.p.j.s.J.Full charging journey with SSE: [electrahub-jmeter][full][010] step=accept terms
2026-07-02 01:19:43,042 INFO o.a.j.p.j.s.J.Full charging journey with SSE: [electrahub-jmeter][full][010] http POST /auth/api/terms/accept status=201 elapsedMs=57
2026-07-02 01:19:43,043 INFO o.a.j.p.j.s.J.Full charging journey with SSE: [electrahub-jmeter][full][010] accepted terms; refreshing token through login
2026-07-02 01:19:43,044 INFO o.a.j.p.j.s.J.Full charging journey with SSE: [electrahub-jmeter][full][010] step=login
2026-07-02 01:19:43,115 INFO o.a.j.p.j.s.J.Full charging journey with SSE: [electrahub-jmeter][full][009] step=start charging attempt 5
2026-07-02 01:19:43,194 INFO o.a.j.p.j.s.J.Full charging journey with SSE: [electrahub-jmeter][full][010] http POST /auth/api/auth/login status=200 elapsedMs=149
2026-07-02 01:19:43,195 INFO o.a.j.p.j.s.J.Full charging journey with SSE: [electrahub-jmeter][full][010] logged in uid=11c6c991-db08-46a6-8230-03f3f1c64ace
2026-07-02 01:19:43,197 INFO o.a.j.p.j.s.J.Full charging journey with SSE: [electrahub-jmeter][full][010] step=payment state after terms
2026-07-02 01:19:43,272 INFO o.a.j.p.j.s.J.Full charging journey with SSE: [electrahub-jmeter][full][010] http GET /payment/api/v1/payment/state status=200 elapsedMs=74
2026-07-02 01:19:43,273 INFO o.a.j.p.j.s.J.Full charging journey with SSE: [electrahub-jmeter][full][010] step=add card
2026-07-02 01:19:43,336 INFO o.a.j.p.j.s.J.Full charging journey with SSE: [electrahub-jmeter][full][010] http POST /payment/api/v1/payment/cards status=201 elapsedMs=62
2026-07-02 01:19:43,336 INFO o.a.j.p.j.s.J.Full charging journey with SSE: [electrahub-jmeter][full][010] step=wallet topup
2026-07-02 01:19:43,395 INFO o.a.j.p.j.s.J.Full charging journey with SSE: [electrahub-jmeter][full][010] http POST /payment/api/v1/payment/wallet/topups status=201 elapsedMs=58
2026-07-02 01:19:43,396 INFO o.a.j.p.j.s.J.Full charging journey with SSE: [electrahub-jmeter][full][010] step=payment state after setup
2026-07-02 01:19:43,457 INFO o.a.j.p.j.s.J.Full charging journey with SSE: [electrahub-jmeter][full][010] http GET /payment/api/v1/payment/state status=200 elapsedMs=59
2026-07-02 01:19:43,457 INFO o.a.j.p.j.s.J.Full charging journey with SSE: [electrahub-jmeter][full][010] payment ready wallet=120.00
2026-07-02 01:19:43,458 INFO o.a.j.p.j.s.J.Full charging journey with SSE: [electrahub-jmeter][full][010] step=charger graphql list
2026-07-02 01:19:43,576 INFO o.a.j.p.j.s.J.Full charging journey with SSE: [electrahub-jmeter][full][010] http POST /charger/graphql status=200 elapsedMs=117
2026-07-02 01:19:43,577 INFO o.a.j.p.j.s.J.Full charging journey with SSE: [electrahub-jmeter][full][010] dynamic connector selection found no available connector; using CSV connector
2026-07-02 01:19:43,578 INFO o.a.j.p.j.s.J.Full charging journey with SSE: [electrahub-jmeter][full][010] step=charger graphql view
2026-07-02 01:19:43,652 INFO o.a.j.p.j.s.J.Full charging journey with SSE: [electrahub-jmeter][full][010] http POST /charger/graphql status=200 elapsedMs=73
2026-07-02 01:19:43,653 INFO o.a.j.p.j.s.J.Full charging journey with SSE: [electrahub-jmeter][full][010] step=payment state before start
2026-07-02 01:19:43,707 INFO o.a.j.p.j.s.J.Full charging journey with SSE: [electrahub-jmeter][full][010] http GET /payment/api/v1/payment/state status=200 elapsedMs=53
2026-07-02 01:19:43,710 INFO o.a.j.p.j.s.J.Full charging journey with SSE: [electrahub-jmeter][full][010] using connector csv fallback attempts=100 startIndex=10/100
2026-07-02 01:19:43,711 INFO o.a.j.p.j.s.J.Full charging journey with SSE: [electrahub-jmeter][full][010] step=start charging attempt 1
2026-07-02 01:19:43,788 INFO o.a.j.p.j.s.J.Full charging journey with SSE: [electrahub-jmeter][full][010] http POST /session/api/v1/sessions/start status=409 elapsedMs=76
2026-07-02 01:19:43,789 INFO o.a.j.p.j.s.J.Full charging journey with SSE: [electrahub-jmeter][full][010] start skipped EH-US-CHG-0010/CON-US-0010 HTTP 409; trying next connector
2026-07-02 01:19:44,333 INFO o.a.j.p.j.s.J.Full charging journey with SSE: [electrahub-jmeter][full][009] http POST /session/api/v1/sessions/start status=201 elapsedMs=1160
2026-07-02 01:19:44,334 INFO o.a.j.p.j.s.J.Full charging journey with SSE: [electrahub-jmeter][full][009] started session=d2df5e41-501a-46db-8db8-1ce223c04274 charger=EH-US-CHG-0013/CON-US-0013 status=PREPARING remote=Accepted attempt=5/100
2026-07-02 01:19:44,335 INFO o.a.j.p.j.s.J.Full charging journey with SSE: [electrahub-jmeter][full][009] step=active sessions
2026-07-02 01:19:44,790 INFO o.a.j.p.j.s.J.Full charging journey with SSE: [electrahub-jmeter][full][010] step=start charging attempt 2
2026-07-02 01:19:44,871 INFO o.a.j.p.j.s.J.Full charging journey with SSE: [electrahub-jmeter][full][010] http POST /session/api/v1/sessions/start status=409 elapsedMs=79
2026-07-02 01:19:44,871 INFO o.a.j.p.j.s.J.Full charging journey with SSE: [electrahub-jmeter][full][010] start skipped EH-US-CHG-0011/CON-US-0011 HTTP 409; trying next connector
2026-07-02 01:19:45,331 INFO o.a.j.p.j.s.J.Full charging journey with SSE: [electrahub-jmeter][full][009] http GET /session/api/v1/sessions/active status=200 elapsedMs=995
2026-07-02 01:19:45,872 INFO o.a.j.p.j.s.J.Full charging journey with SSE: [electrahub-jmeter][full][010] step=start charging attempt 3
2026-07-02 01:19:45,950 INFO o.a.j.p.j.s.J.Full charging journey with SSE: [electrahub-jmeter][full][010] http POST /session/api/v1/sessions/start status=409 elapsedMs=74
2026-07-02 01:19:45,951 INFO o.a.j.p.j.s.J.Full charging journey with SSE: [electrahub-jmeter][full][010] start skipped EH-US-CHG-0012/CON-US-0012 HTTP 409; trying next connector
2026-07-02 01:19:46,952 INFO o.a.j.p.j.s.J.Full charging journey with SSE: [electrahub-jmeter][full][010] step=start charging attempt 4
2026-07-02 01:19:47,028 INFO o.a.j.p.j.s.J.Full charging journey with SSE: [electrahub-jmeter][full][010] http POST /session/api/v1/sessions/start status=409 elapsedMs=75
2026-07-02 01:19:47,029 INFO o.a.j.p.j.s.J.Full charging journey with SSE: [electrahub-jmeter][full][010] start skipped EH-US-CHG-0013/CON-US-0013 HTTP 409; trying next connector
2026-07-02 01:19:47,687 INFO o.a.j.t.JMeterThread: Thread started: 100 driver charging journeys 1-11
2026-07-02 01:19:47,696 INFO o.a.j.p.j.s.J.Full charging journey with SSE: [electrahub-jmeter][full][011] step=register
2026-07-02 01:19:47,888 INFO o.a.j.p.j.s.J.Full charging journey with SSE: [electrahub-jmeter][full][011] http POST /auth/api/auth/register status=200 elapsedMs=191
2026-07-02 01:19:47,889 INFO o.a.j.p.j.s.J.Full charging journey with SSE: [electrahub-jmeter][full][011] registered uid=6fd45d73-a734-46dd-9c53-e0bef49f2d61
2026-07-02 01:19:47,897 INFO o.a.j.p.j.s.J.Full charging journey with SSE: [electrahub-jmeter][full][011] step=payment state before setup
2026-07-02 01:19:47,948 INFO o.a.j.p.j.s.J.Full charging journey with SSE: [electrahub-jmeter][full][011] http GET /payment/api/v1/payment/state status=451 elapsedMs=50
2026-07-02 01:19:47,950 INFO o.a.j.p.j.s.J.Full charging journey with SSE: [electrahub-jmeter][full][011] step=accept terms
2026-07-02 01:19:48,013 INFO o.a.j.p.j.s.J.Full charging journey with SSE: [electrahub-jmeter][full][011] http POST /auth/api/terms/accept status=201 elapsedMs=63
2026-07-02 01:19:48,014 INFO o.a.j.p.j.s.J.Full charging journey with SSE: [electrahub-jmeter][full][011] accepted terms; refreshing token through login
2026-07-02 01:19:48,015 INFO o.a.j.p.j.s.J.Full charging journey with SSE: [electrahub-jmeter][full][011] step=login
2026-07-02 01:19:48,030 INFO o.a.j.p.j.s.J.Full charging journey with SSE: [electrahub-jmeter][full][010] step=start charging attempt 5
2026-07-02 01:19:48,311 INFO o.a.j.p.j.s.J.Full charging journey with SSE: [electrahub-jmeter][full][011] http POST /auth/api/auth/login status=200 elapsedMs=295
2026-07-02 01:19:48,313 INFO o.a.j.p.j.s.J.Full charging journey with SSE: [electrahub-jmeter][full][011] logged in uid=6fd45d73-a734-46dd-9c53-e0bef49f2d61
2026-07-02 01:19:48,313 INFO o.a.j.p.j.s.J.Full charging journey with SSE: [electrahub-jmeter][full][011] step=payment state after terms
2026-07-02 01:19:48,370 INFO o.a.j.p.j.s.J.Full charging journey with SSE: [electrahub-jmeter][full][010] http POST /session/api/v1/sessions/start status=201 elapsedMs=290
2026-07-02 01:19:48,371 INFO o.a.j.p.j.s.J.Full charging journey with SSE: [electrahub-jmeter][full][010] started session=387780b7-2339-4fc1-95f1-024e35b02ee5 charger=EH-US-CHG-0014/CON-US-0014 status=PREPARING remote=Accepted attempt=5/100
2026-07-02 01:19:48,372 INFO o.a.j.p.j.s.J.Full charging journey with SSE: [electrahub-jmeter][full][010] step=active sessions
2026-07-02 01:19:48,390 INFO o.a.j.p.j.s.J.Full charging journey with SSE: [electrahub-jmeter][full][011] http GET /payment/api/v1/payment/state status=200 elapsedMs=76
2026-07-02 01:19:48,391 INFO o.a.j.p.j.s.J.Full charging journey with SSE: [electrahub-jmeter][full][011] step=add card
2026-07-02 01:19:48,448 INFO o.a.j.p.j.s.J.Full charging journey with SSE: [electrahub-jmeter][full][011] http POST /payment/api/v1/payment/cards status=201 elapsedMs=56
2026-07-02 01:19:48,449 INFO o.a.j.p.j.s.J.Full charging journey with SSE: [electrahub-jmeter][full][011] step=wallet topup
2026-07-02 01:19:48,504 INFO o.a.j.p.j.s.J.Full charging journey with SSE: [electrahub-jmeter][full][011] http POST /payment/api/v1/payment/wallet/topups status=201 elapsedMs=54
2026-07-02 01:19:48,505 INFO o.a.j.p.j.s.J.Full charging journey with SSE: [electrahub-jmeter][full][011] step=payment state after setup
2026-07-02 01:19:48,571 INFO o.a.j.p.j.s.J.Full charging journey with SSE: [electrahub-jmeter][full][011] http GET /payment/api/v1/payment/state status=200 elapsedMs=65
2026-07-02 01:19:48,572 INFO o.a.j.p.j.s.J.Full charging journey with SSE: [electrahub-jmeter][full][011] payment ready wallet=120.00
2026-07-02 01:19:48,573 INFO o.a.j.p.j.s.J.Full charging journey with SSE: [electrahub-jmeter][full][011] step=charger graphql list
2026-07-02 01:19:48,687 INFO o.a.j.p.j.s.J.Full charging journey with SSE: [electrahub-jmeter][full][011] http POST /charger/graphql status=200 elapsedMs=113
2026-07-02 01:19:48,688 INFO o.a.j.p.j.s.J.Full charging journey with SSE: [electrahub-jmeter][full][011] dynamic connector selection found no available connector; using CSV connector
2026-07-02 01:19:48,689 INFO o.a.j.p.j.s.J.Full charging journey with SSE: [electrahub-jmeter][full][011] step=charger graphql view
2026-07-02 01:19:48,760 INFO o.a.j.p.j.s.J.Full charging journey with SSE: [electrahub-jmeter][full][011] http POST /charger/graphql status=200 elapsedMs=71
2026-07-02 01:19:48,761 INFO o.a.j.p.j.s.J.Full charging journey with SSE: [electrahub-jmeter][full][011] step=payment state before start
2026-07-02 01:19:48,819 INFO o.a.j.p.j.s.J.Full charging journey with SSE: [electrahub-jmeter][full][011] http GET /payment/api/v1/payment/state status=200 elapsedMs=57
2026-07-02 01:19:48,823 INFO o.a.j.p.j.s.J.Full charging journey with SSE: [electrahub-jmeter][full][011] using connector csv fallback attempts=100 startIndex=11/100
2026-07-02 01:19:48,824 INFO o.a.j.p.j.s.J.Full charging journey with SSE: [electrahub-jmeter][full][011] step=start charging attempt 1
2026-07-02 01:19:48,899 INFO o.a.j.p.j.s.J.Full charging journey with SSE: [electrahub-jmeter][full][011] http POST /session/api/v1/sessions/start status=409 elapsedMs=73
2026-07-02 01:19:48,899 INFO o.a.j.p.j.s.J.Full charging journey with SSE: [electrahub-jmeter][full][011] start skipped EH-US-CHG-0011/CON-US-0011 HTTP 409; trying next connector
2026-07-02 01:19:49,372 INFO o.a.j.p.j.s.J.Full charging journey with SSE: [electrahub-jmeter][full][010] http GET /session/api/v1/sessions/active status=200 elapsedMs=1000
2026-07-02 01:19:49,901 INFO o.a.j.p.j.s.J.Full charging journey with SSE: [electrahub-jmeter][full][011] step=start charging attempt 2
2026-07-02 01:19:49,988 INFO o.a.j.p.j.s.J.Full charging journey with SSE: [electrahub-jmeter][full][011] http POST /session/api/v1/sessions/start status=409 elapsedMs=86
2026-07-02 01:19:49,989 INFO o.a.j.p.j.s.J.Full charging journey with SSE: [electrahub-jmeter][full][011] start skipped EH-US-CHG-0012/CON-US-0012 HTTP 409; trying next connector
2026-07-02 01:19:50,990 INFO o.a.j.p.j.s.J.Full charging journey with SSE: [electrahub-jmeter][full][011] step=start charging attempt 3
2026-07-02 01:19:51,075 INFO o.a.j.p.j.s.J.Full charging journey with SSE: [electrahub-jmeter][full][011] http POST /session/api/v1/sessions/start status=409 elapsedMs=84
2026-07-02 01:19:51,076 INFO o.a.j.p.j.s.J.Full charging journey with SSE: [electrahub-jmeter][full][011] start skipped EH-US-CHG-0013/CON-US-0013 HTTP 409; trying next connector
2026-07-02 01:19:52,077 INFO o.a.j.p.j.s.J.Full charging journey with SSE: [electrahub-jmeter][full][011] step=start charging attempt 4
2026-07-02 01:19:52,150 INFO o.a.j.p.j.s.J.Full charging journey with SSE: [electrahub-jmeter][full][011] http POST /session/api/v1/sessions/start status=409 elapsedMs=72
2026-07-02 01:19:52,151 INFO o.a.j.p.j.s.J.Full charging journey with SSE: [electrahub-jmeter][full][011] start skipped EH-US-CHG-0014/CON-US-0014 HTTP 409; trying next connector
2026-07-02 01:19:53,152 INFO o.a.j.p.j.s.J.Full charging journey with SSE: [electrahub-jmeter][full][011] step=start charging attempt 5
2026-07-02 01:19:53,421 INFO o.a.j.p.j.s.J.Full charging journey with SSE: [electrahub-jmeter][full][011] http POST /session/api/v1/sessions/start status=201 elapsedMs=267
2026-07-02 01:19:53,422 INFO o.a.j.p.j.s.J.Full charging journey with SSE: [electrahub-jmeter][full][011] started session=0d80ad03-0bfb-4191-bf2d-4d63fa7da528 charger=EH-US-CHG-0015/CON-US-0015 status=PREPARING remote=Accepted attempt=5/100
2026-07-02 01:19:53,422 INFO o.a.j.p.j.s.J.Full charging journey with SSE: [electrahub-jmeter][full][011] step=active sessions
2026-07-02 01:19:53,687 INFO o.a.j.t.JMeterThread: Thread started: 100 driver charging journeys 1-12
2026-07-02 01:19:53,693 INFO o.a.j.p.j.s.J.Full charging journey with SSE: [electrahub-jmeter][full][012] step=register
2026-07-02 01:19:53,905 INFO o.a.j.p.j.s.J.Full charging journey with SSE: [electrahub-jmeter][full][012] http POST /auth/api/auth/register status=200 elapsedMs=172
2026-07-02 01:19:53,906 INFO o.a.j.p.j.s.J.Full charging journey with SSE: [electrahub-jmeter][full][012] registered uid=f0fa93c3-1c55-42cb-bac9-6b62624f4648
2026-07-02 01:19:53,913 INFO o.a.j.p.j.s.J.Full charging journey with SSE: [electrahub-jmeter][full][012] step=payment state before setup
2026-07-02 01:19:53,975 INFO o.a.j.p.j.s.J.Full charging journey with SSE: [electrahub-jmeter][full][012] http GET /payment/api/v1/payment/state status=451 elapsedMs=61
2026-07-02 01:19:53,976 INFO o.a.j.p.j.s.J.Full charging journey with SSE: [electrahub-jmeter][full][012] step=accept terms
2026-07-02 01:19:54,047 INFO o.a.j.p.j.s.J.Full charging journey with SSE: [electrahub-jmeter][full][012] http POST /auth/api/terms/accept status=201 elapsedMs=70
2026-07-02 01:19:54,048 INFO o.a.j.p.j.s.J.Full charging journey with SSE: [electrahub-jmeter][full][012] accepted terms; refreshing token through login
2026-07-02 01:19:54,049 INFO o.a.j.p.j.s.J.Full charging journey with SSE: [electrahub-jmeter][full][012] step=login
2026-07-02 01:19:54,207 INFO o.a.j.p.j.s.J.Full charging journey with SSE: [electrahub-jmeter][full][012] http POST /auth/api/auth/login status=200 elapsedMs=157
2026-07-02 01:19:54,208 INFO o.a.j.p.j.s.J.Full charging journey with SSE: [electrahub-jmeter][full][012] logged in uid=f0fa93c3-1c55-42cb-bac9-6b62624f4648
2026-07-02 01:19:54,209 INFO o.a.j.p.j.s.J.Full charging journey with SSE: [electrahub-jmeter][full][012] step=payment state after terms
2026-07-02 01:19:54,280 INFO o.a.j.p.j.s.J.Full charging journey with SSE: [electrahub-jmeter][full][012] http GET /payment/api/v1/payment/state status=200 elapsedMs=70
2026-07-02 01:19:54,280 INFO o.a.j.p.j.s.J.Full charging journey with SSE: [electrahub-jmeter][full][012] step=add card
2026-07-02 01:19:54,340 INFO o.a.j.p.j.s.J.Full charging journey with SSE: [electrahub-jmeter][full][012] http POST /payment/api/v1/payment/cards status=201 elapsedMs=59
2026-07-02 01:19:54,341 INFO o.a.j.p.j.s.J.Full charging journey with SSE: [electrahub-jmeter][full][012] step=wallet topup
2026-07-02 01:19:54,406 INFO o.a.j.p.j.s.J.Full charging journey with SSE: [electrahub-jmeter][full][012] http POST /payment/api/v1/payment/wallet/topups status=201 elapsedMs=64
2026-07-02 01:19:54,407 INFO o.a.j.p.j.s.J.Full charging journey with SSE: [electrahub-jmeter][full][012] step=payment state after setup
2026-07-02 01:19:54,418 INFO o.a.j.p.j.s.J.Full charging journey with SSE: [electrahub-jmeter][full][011] http GET /session/api/v1/sessions/active status=200 elapsedMs=995
2026-07-02 01:19:54,461 INFO o.a.j.p.j.s.J.Full charging journey with SSE: [electrahub-jmeter][full][012] http GET /payment/api/v1/payment/state status=200 elapsedMs=54
2026-07-02 01:19:54,462 INFO o.a.j.p.j.s.J.Full charging journey with SSE: [electrahub-jmeter][full][012] payment ready wallet=120.00
2026-07-02 01:19:54,463 INFO o.a.j.p.j.s.J.Full charging journey with SSE: [electrahub-jmeter][full][012] step=charger graphql list
2026-07-02 01:19:54,567 INFO o.a.j.p.j.s.J.Full charging journey with SSE: [electrahub-jmeter][full][012] http POST /charger/graphql status=200 elapsedMs=103
2026-07-02 01:19:54,568 INFO o.a.j.p.j.s.J.Full charging journey with SSE: [electrahub-jmeter][full][012] dynamic connector selection found no available connector; using CSV connector
2026-07-02 01:19:54,569 INFO o.a.j.p.j.s.J.Full charging journey with SSE: [electrahub-jmeter][full][012] step=charger graphql view
2026-07-02 01:19:54,642 INFO o.a.j.p.j.s.J.Full charging journey with SSE: [electrahub-jmeter][full][012] http POST /charger/graphql status=200 elapsedMs=72
2026-07-02 01:19:54,643 INFO o.a.j.p.j.s.J.Full charging journey with SSE: [electrahub-jmeter][full][012] step=payment state before start
2026-07-02 01:19:54,702 INFO o.a.j.p.j.s.J.Full charging journey with SSE: [electrahub-jmeter][full][012] http GET /payment/api/v1/payment/state status=200 elapsedMs=58
2026-07-02 01:19:54,706 INFO o.a.j.p.j.s.J.Full charging journey with SSE: [electrahub-jmeter][full][012] using connector csv fallback attempts=100 startIndex=12/100
2026-07-02 01:19:54,707 INFO o.a.j.p.j.s.J.Full charging journey with SSE: [electrahub-jmeter][full][012] step=start charging attempt 1
2026-07-02 01:19:54,778 INFO o.a.j.p.j.s.J.Full charging journey with SSE: [electrahub-jmeter][full][012] http POST /session/api/v1/sessions/start status=409 elapsedMs=70
2026-07-02 01:19:54,781 INFO o.a.j.p.j.s.J.Full charging journey with SSE: [electrahub-jmeter][full][012] start skipped EH-US-CHG-0012/CON-US-0012 HTTP 409; trying next connector
2026-07-02 01:19:55,782 INFO o.a.j.p.j.s.J.Full charging journey with SSE: [electrahub-jmeter][full][012] step=start charging attempt 2
2026-07-02 01:19:55,852 INFO o.a.j.p.j.s.J.Full charging journey with SSE: [electrahub-jmeter][full][012] http POST /session/api/v1/sessions/start status=409 elapsedMs=68
2026-07-02 01:19:55,853 INFO o.a.j.p.j.s.J.Full charging journey with SSE: [electrahub-jmeter][full][012] start skipped EH-US-CHG-0013/CON-US-0013 HTTP 409; trying next connector
2026-07-02 01:19:56,438 INFO o.a.j.p.j.s.J.Full charging journey with SSE: [electrahub-jmeter][full][001] sse ok connected=1 snapshot=2 updates=31 receipts=0 heartbeats=0
2026-07-02 01:19:56,440 INFO o.a.j.p.j.s.J.Full charging journey with SSE: [electrahub-jmeter][full][001] holding session for 53s before stop
2026-07-02 01:19:56,854 INFO o.a.j.p.j.s.J.Full charging journey with SSE: [electrahub-jmeter][full][012] step=start charging attempt 3
2026-07-02 01:19:56,926 INFO o.a.j.p.j.s.J.Full charging journey with SSE: [electrahub-jmeter][full][012] http POST /session/api/v1/sessions/start status=409 elapsedMs=71
2026-07-02 01:19:56,927 INFO o.a.j.p.j.s.J.Full charging journey with SSE: [electrahub-jmeter][full][012] start skipped EH-US-CHG-0014/CON-US-0014 HTTP 409; trying next connector
2026-07-02 01:19:57,928 INFO o.a.j.p.j.s.J.Full charging journey with SSE: [electrahub-jmeter][full][012] step=start charging attempt 4
2026-07-02 01:19:58,007 INFO o.a.j.p.j.s.J.Full charging journey with SSE: [electrahub-jmeter][full][012] http POST /session/api/v1/sessions/start status=409 elapsedMs=78
2026-07-02 01:19:58,007 INFO o.a.j.p.j.s.J.Full charging journey with SSE: [electrahub-jmeter][full][012] start skipped EH-US-CHG-0015/CON-US-0015 HTTP 409; trying next connector
2026-07-02 01:19:59,008 INFO o.a.j.p.j.s.J.Full charging journey with SSE: [electrahub-jmeter][full][012] step=start charging attempt 5
2026-07-02 01:19:59,461 INFO o.a.j.p.j.s.J.Full charging journey with SSE: [electrahub-jmeter][full][012] http POST /session/api/v1/sessions/start status=201 elapsedMs=451
2026-07-02 01:19:59,462 INFO o.a.j.p.j.s.J.Full charging journey with SSE: [electrahub-jmeter][full][012] started session=67e8951a-42e2-4b8d-b844-596de4d2a515 charger=EH-US-CHG-0016/CON-US-0016 status=PREPARING remote=Accepted attempt=5/100
2026-07-02 01:19:59,463 INFO o.a.j.p.j.s.J.Full charging journey with SSE: [electrahub-jmeter][full][012] step=active sessions
2026-07-02 01:19:59,688 INFO o.a.j.t.JMeterThread: Thread started: 100 driver charging journeys 1-13
2026-07-02 01:19:59,693 INFO o.a.j.p.j.s.J.Full charging journey with SSE: [electrahub-jmeter][full][013] step=register
2026-07-02 01:19:59,995 INFO o.a.j.p.j.s.J.Full charging journey with SSE: [electrahub-jmeter][full][013] http POST /auth/api/auth/register status=200 elapsedMs=235
2026-07-02 01:19:59,996 INFO o.a.j.p.j.s.J.Full charging journey with SSE: [electrahub-jmeter][full][013] registered uid=6769d774-961b-455e-9ca3-586f9de77cac
2026-07-02 01:20:00,004 INFO o.a.j.p.j.s.J.Full charging journey with SSE: [electrahub-jmeter][full][013] step=payment state before setup
2026-07-02 01:20:00,056 INFO o.a.j.p.j.s.J.Full charging journey with SSE: [electrahub-jmeter][full][013] http GET /payment/api/v1/payment/state status=451 elapsedMs=51
2026-07-02 01:20:00,058 INFO o.a.j.p.j.s.J.Full charging journey with SSE: [electrahub-jmeter][full][013] step=accept terms
2026-07-02 01:20:00,128 INFO o.a.j.p.j.s.J.Full charging journey with SSE: [electrahub-jmeter][full][013] http POST /auth/api/terms/accept status=201 elapsedMs=69
2026-07-02 01:20:00,129 INFO o.a.j.p.j.s.J.Full charging journey with SSE: [electrahub-jmeter][full][013] accepted terms; refreshing token through login
2026-07-02 01:20:00,130 INFO o.a.j.p.j.s.J.Full charging journey with SSE: [electrahub-jmeter][full][013] step=login
2026-07-02 01:20:00,291 INFO o.a.j.p.j.s.J.Full charging journey with SSE: [electrahub-jmeter][full][013] http POST /auth/api/auth/login status=200 elapsedMs=160
2026-07-02 01:20:00,292 INFO o.a.j.p.j.s.J.Full charging journey with SSE: [electrahub-jmeter][full][013] logged in uid=6769d774-961b-455e-9ca3-586f9de77cac
2026-07-02 01:20:00,292 INFO o.a.j.p.j.s.J.Full charging journey with SSE: [electrahub-jmeter][full][013] step=payment state after terms
2026-07-02 01:20:00,378 INFO o.a.j.p.j.s.J.Full charging journey with SSE: [electrahub-jmeter][full][013] http GET /payment/api/v1/payment/state status=200 elapsedMs=85
2026-07-02 01:20:00,379 INFO o.a.j.p.j.s.J.Full charging journey with SSE: [electrahub-jmeter][full][013] step=add card
2026-07-02 01:20:00,443 INFO o.a.j.p.j.s.J.Full charging journey with SSE: [electrahub-jmeter][full][013] http POST /payment/api/v1/payment/cards status=201 elapsedMs=63
2026-07-02 01:20:00,444 INFO o.a.j.p.j.s.J.Full charging journey with SSE: [electrahub-jmeter][full][013] step=wallet topup
2026-07-02 01:20:00,477 INFO o.a.j.p.j.s.J.Full charging journey with SSE: [electrahub-jmeter][full][012] http GET /session/api/v1/sessions/active status=200 elapsedMs=1014
2026-07-02 01:20:00,504 INFO o.a.j.p.j.s.J.Full charging journey with SSE: [electrahub-jmeter][full][013] http POST /payment/api/v1/payment/wallet/topups status=201 elapsedMs=59
2026-07-02 01:20:00,506 INFO o.a.j.p.j.s.J.Full charging journey with SSE: [electrahub-jmeter][full][013] step=payment state after setup
2026-07-02 01:20:00,541 INFO o.a.j.p.j.s.J.Full charging journey with SSE: [electrahub-jmeter][full][002] sse ok connected=1 snapshot=2 updates=31 receipts=0 heartbeats=0
2026-07-02 01:20:00,542 INFO o.a.j.p.j.s.J.Full charging journey with SSE: [electrahub-jmeter][full][002] holding session for 54s before stop
2026-07-02 01:20:00,570 INFO o.a.j.p.j.s.J.Full charging journey with SSE: [electrahub-jmeter][full][013] http GET /payment/api/v1/payment/state status=200 elapsedMs=63
2026-07-02 01:20:00,571 INFO o.a.j.p.j.s.J.Full charging journey with SSE: [electrahub-jmeter][full][013] payment ready wallet=120.00
2026-07-02 01:20:00,571 INFO o.a.j.p.j.s.J.Full charging journey with SSE: [electrahub-jmeter][full][013] step=charger graphql list
2026-07-02 01:20:00,757 INFO o.a.j.p.j.s.J.Full charging journey with SSE: [electrahub-jmeter][full][013] http POST /charger/graphql status=200 elapsedMs=185
2026-07-02 01:20:00,758 INFO o.a.j.p.j.s.J.Full charging journey with SSE: [electrahub-jmeter][full][013] dynamic connector selection found no available connector; using CSV connector
2026-07-02 01:20:00,759 INFO o.a.j.p.j.s.J.Full charging journey with SSE: [electrahub-jmeter][full][013] step=charger graphql view
2026-07-02 01:20:00,830 INFO o.a.j.p.j.s.J.Full charging journey with SSE: [electrahub-jmeter][full][013] http POST /charger/graphql status=200 elapsedMs=70
2026-07-02 01:20:00,831 INFO o.a.j.p.j.s.J.Full charging journey with SSE: [electrahub-jmeter][full][013] step=payment state before start
2026-07-02 01:20:00,891 INFO o.a.j.p.j.s.J.Full charging journey with SSE: [electrahub-jmeter][full][013] http GET /payment/api/v1/payment/state status=200 elapsedMs=58
2026-07-02 01:20:00,895 INFO o.a.j.p.j.s.J.Full charging journey with SSE: [electrahub-jmeter][full][013] using connector csv fallback attempts=100 startIndex=13/100
2026-07-02 01:20:00,896 INFO o.a.j.p.j.s.J.Full charging journey with SSE: [electrahub-jmeter][full][013] step=start charging attempt 1
2026-07-02 01:20:00,968 INFO o.a.j.p.j.s.J.Full charging journey with SSE: [electrahub-jmeter][full][013] http POST /session/api/v1/sessions/start status=409 elapsedMs=72
2026-07-02 01:20:00,969 INFO o.a.j.p.j.s.J.Full charging journey with SSE: [electrahub-jmeter][full][013] start skipped EH-US-CHG-0013/CON-US-0013 HTTP 409; trying next connector
2026-07-02 01:20:01,970 INFO o.a.j.p.j.s.J.Full charging journey with SSE: [electrahub-jmeter][full][013] step=start charging attempt 2
2026-07-02 01:20:02,100 INFO o.a.j.p.j.s.J.Full charging journey with SSE: [electrahub-jmeter][full][013] http POST /session/api/v1/sessions/start status=409 elapsedMs=128
2026-07-02 01:20:02,101 INFO o.a.j.p.j.s.J.Full charging journey with SSE: [electrahub-jmeter][full][013] start skipped EH-US-CHG-0014/CON-US-0014 HTTP 409; trying next connector
2026-07-02 01:20:03,101 INFO o.a.j.p.j.s.J.Full charging journey with SSE: [electrahub-jmeter][full][013] step=start charging attempt 3
2026-07-02 01:20:03,185 INFO o.a.j.p.j.s.J.Full charging journey with SSE: [electrahub-jmeter][full][013] http POST /session/api/v1/sessions/start status=409 elapsedMs=82
2026-07-02 01:20:03,186 INFO o.a.j.p.j.s.J.Full charging journey with SSE: [electrahub-jmeter][full][013] start skipped EH-US-CHG-0015/CON-US-0015 HTTP 409; trying next connector
2026-07-02 01:20:04,187 INFO o.a.j.p.j.s.J.Full charging journey with SSE: [electrahub-jmeter][full][013] step=start charging attempt 4
2026-07-02 01:20:04,287 INFO o.a.j.p.j.s.J.Full charging journey with SSE: [electrahub-jmeter][full][013] http POST /session/api/v1/sessions/start status=409 elapsedMs=99
2026-07-02 01:20:04,288 INFO o.a.j.p.j.s.J.Full charging journey with SSE: [electrahub-jmeter][full][013] start skipped EH-US-CHG-0016/CON-US-0016 HTTP 409; trying next connector
2026-07-02 01:20:05,289 INFO o.a.j.p.j.s.J.Full charging journey with SSE: [electrahub-jmeter][full][013] step=start charging attempt 5
2026-07-02 01:20:05,388 INFO o.a.j.p.j.s.J.Full charging journey with SSE: [electrahub-jmeter][full][013] http POST /session/api/v1/sessions/start status=409 elapsedMs=98
2026-07-02 01:20:05,388 INFO o.a.j.p.j.s.J.Full charging journey with SSE: [electrahub-jmeter][full][013] start skipped EH-US-CHG-0017/CON-US-0017 HTTP 409; trying next connector
2026-07-02 01:20:05,686 INFO o.a.j.t.JMeterThread: Thread started: 100 driver charging journeys 1-14
2026-07-02 01:20:05,690 INFO o.a.j.p.j.s.J.Full charging journey with SSE: [electrahub-jmeter][full][014] step=register
2026-07-02 01:20:05,917 INFO o.a.j.p.j.s.J.Full charging journey with SSE: [electrahub-jmeter][full][014] http POST /auth/api/auth/register status=200 elapsedMs=226
2026-07-02 01:20:05,918 INFO o.a.j.p.j.s.J.Full charging journey with SSE: [electrahub-jmeter][full][014] registered uid=c18be234-dfca-424a-a8d2-0994fd67ea8d
2026-07-02 01:20:05,925 INFO o.a.j.p.j.s.J.Full charging journey with SSE: [electrahub-jmeter][full][014] step=payment state before setup
2026-07-02 01:20:05,981 INFO o.a.j.p.j.s.J.Full charging journey with SSE: [electrahub-jmeter][full][014] http GET /payment/api/v1/payment/state status=451 elapsedMs=54
2026-07-02 01:20:05,981 INFO o.a.j.p.j.s.J.Full charging journey with SSE: [electrahub-jmeter][full][014] step=accept terms
2026-07-02 01:20:06,042 INFO o.a.j.p.j.s.J.Full charging journey with SSE: [electrahub-jmeter][full][014] http POST /auth/api/terms/accept status=201 elapsedMs=60
2026-07-02 01:20:06,042 INFO o.a.j.p.j.s.J.Full charging journey with SSE: [electrahub-jmeter][full][014] accepted terms; refreshing token through login
2026-07-02 01:20:06,043 INFO o.a.j.p.j.s.J.Full charging journey with SSE: [electrahub-jmeter][full][014] step=login
2026-07-02 01:20:06,188 INFO o.a.j.p.j.s.J.Full charging journey with SSE: [electrahub-jmeter][full][014] http POST /auth/api/auth/login status=200 elapsedMs=144
2026-07-02 01:20:06,189 INFO o.a.j.p.j.s.J.Full charging journey with SSE: [electrahub-jmeter][full][014] logged in uid=c18be234-dfca-424a-a8d2-0994fd67ea8d
2026-07-02 01:20:06,189 INFO o.a.j.p.j.s.J.Full charging journey with SSE: [electrahub-jmeter][full][014] step=payment state after terms
2026-07-02 01:20:06,246 INFO o.a.j.p.j.s.J.Full charging journey with SSE: [electrahub-jmeter][full][014] http GET /payment/api/v1/payment/state status=200 elapsedMs=56
2026-07-02 01:20:06,246 INFO o.a.j.p.j.s.J.Full charging journey with SSE: [electrahub-jmeter][full][014] step=add card
2026-07-02 01:20:06,310 INFO o.a.j.p.j.s.J.Full charging journey with SSE: [electrahub-jmeter][full][014] http POST /payment/api/v1/payment/cards status=201 elapsedMs=63
2026-07-02 01:20:06,311 INFO o.a.j.p.j.s.J.Full charging journey with SSE: [electrahub-jmeter][full][014] step=wallet topup
2026-07-02 01:20:06,368 INFO o.a.j.p.j.s.J.Full charging journey with SSE: [electrahub-jmeter][full][014] http POST /payment/api/v1/payment/wallet/topups status=201 elapsedMs=56
2026-07-02 01:20:06,369 INFO o.a.j.p.j.s.J.Full charging journey with SSE: [electrahub-jmeter][full][014] step=payment state after setup
2026-07-02 01:20:06,389 INFO o.a.j.p.j.s.J.Full charging journey with SSE: [electrahub-jmeter][full][013] step=start charging attempt 6
2026-07-02 01:20:06,428 INFO o.a.j.p.j.s.J.Full charging journey with SSE: [electrahub-jmeter][full][014] http GET /payment/api/v1/payment/state status=200 elapsedMs=57
2026-07-02 01:20:06,429 INFO o.a.j.p.j.s.J.Full charging journey with SSE: [electrahub-jmeter][full][014] payment ready wallet=120.00
2026-07-02 01:20:06,430 INFO o.a.j.p.j.s.J.Full charging journey with SSE: [electrahub-jmeter][full][014] step=charger graphql list
2026-07-02 01:20:06,542 INFO o.a.j.p.j.s.J.Full charging journey with SSE: [electrahub-jmeter][full][014] http POST /charger/graphql status=200 elapsedMs=111
2026-07-02 01:20:06,544 INFO o.a.j.p.j.s.J.Full charging journey with SSE: [electrahub-jmeter][full][014] dynamic connector selection found no available connector; using CSV connector
2026-07-02 01:20:06,544 INFO o.a.j.p.j.s.J.Full charging journey with SSE: [electrahub-jmeter][full][014] step=charger graphql view
2026-07-02 01:20:06,597 INFO o.a.j.p.j.s.J.Full charging journey with SSE: [electrahub-jmeter][full][003] sse ok connected=1 snapshot=2 updates=29 receipts=0 heartbeats=0
2026-07-02 01:20:06,598 INFO o.a.j.p.j.s.J.Full charging journey with SSE: [electrahub-jmeter][full][003] holding session for 54s before stop
2026-07-02 01:20:06,630 INFO o.a.j.p.j.s.J.Full charging journey with SSE: [electrahub-jmeter][full][014] http POST /charger/graphql status=200 elapsedMs=85
2026-07-02 01:20:06,631 INFO o.a.j.p.j.s.J.Full charging journey with SSE: [electrahub-jmeter][full][014] step=payment state before start
2026-07-02 01:20:06,687 INFO o.a.j.p.j.s.J.Full charging journey with SSE: [electrahub-jmeter][full][014] http GET /payment/api/v1/payment/state status=200 elapsedMs=56
2026-07-02 01:20:06,690 INFO o.a.j.p.j.s.J.Full charging journey with SSE: [electrahub-jmeter][full][014] using connector csv fallback attempts=100 startIndex=14/100
2026-07-02 01:20:06,691 INFO o.a.j.p.j.s.J.Full charging journey with SSE: [electrahub-jmeter][full][014] step=start charging attempt 1
2026-07-02 01:20:06,759 INFO o.a.j.p.j.s.J.Full charging journey with SSE: [electrahub-jmeter][full][014] http POST /session/api/v1/sessions/start status=409 elapsedMs=67
2026-07-02 01:20:06,760 INFO o.a.j.p.j.s.J.Full charging journey with SSE: [electrahub-jmeter][full][014] start skipped EH-US-CHG-0014/CON-US-0014 HTTP 409; trying next connector
2026-07-02 01:20:07,553 INFO o.a.j.p.j.s.J.Full charging journey with SSE: [electrahub-jmeter][full][013] http POST /session/api/v1/sessions/start status=201 elapsedMs=1122
2026-07-02 01:20:07,554 INFO o.a.j.p.j.s.J.Full charging journey with SSE: [electrahub-jmeter][full][013] started session=2d3d085e-dd4e-462f-89c0-0448d8d7ba0a charger=EH-US-CHG-0018/CON-US-0018 status=PREPARING remote=Accepted attempt=6/100
2026-07-02 01:20:07,555 INFO o.a.j.p.j.s.J.Full charging journey with SSE: [electrahub-jmeter][full][013] step=active sessions
2026-07-02 01:20:07,761 INFO o.a.j.p.j.s.J.Full charging journey with SSE: [electrahub-jmeter][full][014] step=start charging attempt 2
2026-07-02 01:20:07,832 INFO o.a.j.p.j.s.J.Full charging journey with SSE: [electrahub-jmeter][full][014] http POST /session/api/v1/sessions/start status=409 elapsedMs=70
2026-07-02 01:20:07,833 INFO o.a.j.p.j.s.J.Full charging journey with SSE: [electrahub-jmeter][full][014] start skipped EH-US-CHG-0015/CON-US-0015 HTTP 409; trying next connector
2026-07-02 01:20:08,561 INFO o.a.j.p.j.s.J.Full charging journey with SSE: [electrahub-jmeter][full][013] http GET /session/api/v1/sessions/active status=200 elapsedMs=1005
2026-07-02 01:20:08,834 INFO o.a.j.p.j.s.J.Full charging journey with SSE: [electrahub-jmeter][full][014] step=start charging attempt 3
2026-07-02 01:20:08,906 INFO o.a.j.p.j.s.J.Full charging journey with SSE: [electrahub-jmeter][full][014] http POST /session/api/v1/sessions/start status=409 elapsedMs=71
2026-07-02 01:20:08,907 INFO o.a.j.p.j.s.J.Full charging journey with SSE: [electrahub-jmeter][full][014] start skipped EH-US-CHG-0016/CON-US-0016 HTTP 409; trying next connector
2026-07-02 01:20:09,908 INFO o.a.j.p.j.s.J.Full charging journey with SSE: [electrahub-jmeter][full][014] step=start charging attempt 4
2026-07-02 01:20:09,981 INFO o.a.j.p.j.s.J.Full charging journey with SSE: [electrahub-jmeter][full][014] http POST /session/api/v1/sessions/start status=409 elapsedMs=72
2026-07-02 01:20:09,982 INFO o.a.j.p.j.s.J.Full charging journey with SSE: [electrahub-jmeter][full][014] start skipped EH-US-CHG-0017/CON-US-0017 HTTP 409; trying next connector
2026-07-02 01:20:10,983 INFO o.a.j.p.j.s.J.Full charging journey with SSE: [electrahub-jmeter][full][014] step=start charging attempt 5
2026-07-02 01:20:11,055 INFO o.a.j.p.j.s.J.Full charging journey with SSE: [electrahub-jmeter][full][014] http POST /session/api/v1/sessions/start status=409 elapsedMs=71
2026-07-02 01:20:11,056 INFO o.a.j.p.j.s.J.Full charging journey with SSE: [electrahub-jmeter][full][014] start skipped EH-US-CHG-0018/CON-US-0018 HTTP 409; trying next connector
2026-07-02 01:20:11,685 INFO o.a.j.t.JMeterThread: Thread started: 100 driver charging journeys 1-15
2026-07-02 01:20:11,692 INFO o.a.j.p.j.s.J.Full charging journey with SSE: [electrahub-jmeter][full][015] step=register
2026-07-02 01:20:11,902 INFO o.a.j.p.j.s.J.Full charging journey with SSE: [electrahub-jmeter][full][015] http POST /auth/api/auth/register status=200 elapsedMs=209
2026-07-02 01:20:11,904 INFO o.a.j.p.j.s.J.Full charging journey with SSE: [electrahub-jmeter][full][015] registered uid=7b25092a-f3c4-4f33-b7c4-82d2c759ee98
2026-07-02 01:20:11,912 INFO o.a.j.p.j.s.J.Full charging journey with SSE: [electrahub-jmeter][full][015] step=payment state before setup
2026-07-02 01:20:11,975 INFO o.a.j.p.j.s.J.Full charging journey with SSE: [electrahub-jmeter][full][015] http GET /payment/api/v1/payment/state status=451 elapsedMs=61
2026-07-02 01:20:11,975 INFO o.a.j.p.j.s.J.Full charging journey with SSE: [electrahub-jmeter][full][015] step=accept terms
2026-07-02 01:20:12,038 INFO o.a.j.p.j.s.J.Full charging journey with SSE: [electrahub-jmeter][full][015] http POST /auth/api/terms/accept status=201 elapsedMs=62
2026-07-02 01:20:12,039 INFO o.a.j.p.j.s.J.Full charging journey with SSE: [electrahub-jmeter][full][015] accepted terms; refreshing token through login
2026-07-02 01:20:12,039 INFO o.a.j.p.j.s.J.Full charging journey with SSE: [electrahub-jmeter][full][015] step=login
2026-07-02 01:20:12,057 INFO o.a.j.p.j.s.J.Full charging journey with SSE: [electrahub-jmeter][full][014] step=start charging attempt 6
2026-07-02 01:20:12,276 INFO o.a.j.p.j.s.J.Full charging journey with SSE: [electrahub-jmeter][full][015] http POST /auth/api/auth/login status=200 elapsedMs=236
2026-07-02 01:20:12,278 INFO o.a.j.p.j.s.J.Full charging journey with SSE: [electrahub-jmeter][full][015] logged in uid=7b25092a-f3c4-4f33-b7c4-82d2c759ee98
2026-07-02 01:20:12,280 INFO o.a.j.p.j.s.J.Full charging journey with SSE: [electrahub-jmeter][full][015] step=payment state after terms
2026-07-02 01:20:12,343 INFO o.a.j.p.j.s.J.Full charging journey with SSE: [electrahub-jmeter][full][015] http GET /payment/api/v1/payment/state status=200 elapsedMs=62
2026-07-02 01:20:12,345 INFO o.a.j.p.j.s.J.Full charging journey with SSE: [electrahub-jmeter][full][015] step=add card
2026-07-02 01:20:12,409 INFO o.a.j.p.j.s.J.Full charging journey with SSE: [electrahub-jmeter][full][015] http POST /payment/api/v1/payment/cards status=201 elapsedMs=61
2026-07-02 01:20:12,410 INFO o.a.j.p.j.s.J.Full charging journey with SSE: [electrahub-jmeter][full][015] step=wallet topup
2026-07-02 01:20:12,473 INFO o.a.j.p.j.s.J.Full charging journey with SSE: [electrahub-jmeter][full][015] http POST /payment/api/v1/payment/wallet/topups status=201 elapsedMs=62
2026-07-02 01:20:12,474 INFO o.a.j.p.j.s.J.Full charging journey with SSE: [electrahub-jmeter][full][015] step=payment state after setup
2026-07-02 01:20:12,534 INFO o.a.j.p.j.s.J.Full charging journey with SSE: [electrahub-jmeter][full][015] http GET /payment/api/v1/payment/state status=200 elapsedMs=58
2026-07-02 01:20:12,534 INFO o.a.j.p.j.s.J.Full charging journey with SSE: [electrahub-jmeter][full][015] payment ready wallet=120.00
2026-07-02 01:20:12,535 INFO o.a.j.p.j.s.J.Full charging journey with SSE: [electrahub-jmeter][full][015] step=charger graphql list
2026-07-02 01:20:13,135 INFO o.a.j.p.j.s.J.Full charging journey with SSE: [electrahub-jmeter][full][004] sse ok connected=1 snapshot=2 updates=25 receipts=0 heartbeats=0
2026-07-02 01:20:13,136 INFO o.a.j.p.j.s.J.Full charging journey with SSE: [electrahub-jmeter][full][004] holding session for 53s before stop
2026-07-02 01:20:13,140 INFO o.a.j.p.j.s.J.Full charging journey with SSE: [electrahub-jmeter][full][014] http POST /session/api/v1/sessions/start status=201 elapsedMs=1042
2026-07-02 01:20:13,142 INFO o.a.j.p.j.s.J.Full charging journey with SSE: [electrahub-jmeter][full][014] started session=af6e56ff-9f24-49e0-9d97-e65d25e1cc7d charger=EH-US-CHG-0019/CON-US-0019 status=PREPARING remote=Accepted attempt=6/100
2026-07-02 01:20:13,143 INFO o.a.j.p.j.s.J.Full charging journey with SSE: [electrahub-jmeter][full][014] step=active sessions
2026-07-02 01:20:14,045 INFO o.a.j.p.j.s.J.Full charging journey with SSE: [electrahub-jmeter][full][015] http POST /charger/graphql status=200 elapsedMs=1509
2026-07-02 01:20:14,048 INFO o.a.j.p.j.s.J.Full charging journey with SSE: [electrahub-jmeter][full][015] dynamic connector selection found no available connector; using CSV connector
2026-07-02 01:20:14,052 INFO o.a.j.p.j.s.J.Full charging journey with SSE: [electrahub-jmeter][full][015] step=charger graphql view
2026-07-02 01:20:14,134 INFO o.a.j.p.j.s.J.Full charging journey with SSE: [electrahub-jmeter][full][015] http POST /charger/graphql status=200 elapsedMs=79
2026-07-02 01:20:14,135 INFO o.a.j.p.j.s.J.Full charging journey with SSE: [electrahub-jmeter][full][015] step=payment state before start
2026-07-02 01:20:14,191 INFO o.a.j.p.j.s.J.Full charging journey with SSE: [electrahub-jmeter][full][015] http GET /payment/api/v1/payment/state status=200 elapsedMs=56
2026-07-02 01:20:14,194 INFO o.a.j.p.j.s.J.Full charging journey with SSE: [electrahub-jmeter][full][015] using connector csv fallback attempts=100 startIndex=15/100
2026-07-02 01:20:14,194 INFO o.a.j.p.j.s.J.Full charging journey with SSE: [electrahub-jmeter][full][015] step=start charging attempt 1
2026-07-02 01:20:14,263 INFO o.a.j.p.j.s.J.Full charging journey with SSE: [electrahub-jmeter][full][015] http POST /session/api/v1/sessions/start status=409 elapsedMs=68
2026-07-02 01:20:14,264 INFO o.a.j.p.j.s.J.Full charging journey with SSE: [electrahub-jmeter][full][015] start skipped EH-US-CHG-0015/CON-US-0015 HTTP 409; trying next connector
2026-07-02 01:20:14,915 INFO o.a.j.p.j.s.J.Full charging journey with SSE: [electrahub-jmeter][full][014] http GET /session/api/v1/sessions/active status=200 elapsedMs=1771
2026-07-02 01:20:15,265 INFO o.a.j.p.j.s.J.Full charging journey with SSE: [electrahub-jmeter][full][015] step=start charging attempt 2
2026-07-02 01:20:15,350 INFO o.a.j.p.j.s.J.Full charging journey with SSE: [electrahub-jmeter][full][015] http POST /session/api/v1/sessions/start status=409 elapsedMs=84
2026-07-02 01:20:15,351 INFO o.a.j.p.j.s.J.Full charging journey with SSE: [electrahub-jmeter][full][015] start skipped EH-US-CHG-0016/CON-US-0016 HTTP 409; trying next connector
2026-07-02 01:20:16,352 INFO o.a.j.p.j.s.J.Full charging journey with SSE: [electrahub-jmeter][full][015] step=start charging attempt 3
2026-07-02 01:20:16,428 INFO o.a.j.p.j.s.J.Full charging journey with SSE: [electrahub-jmeter][full][015] http POST /session/api/v1/sessions/start status=409 elapsedMs=75
2026-07-02 01:20:16,429 INFO o.a.j.p.j.s.J.Full charging journey with SSE: [electrahub-jmeter][full][015] start skipped EH-US-CHG-0017/CON-US-0017 HTTP 409; trying next connector
2026-07-02 01:20:17,430 INFO o.a.j.p.j.s.J.Full charging journey with SSE: [electrahub-jmeter][full][015] step=start charging attempt 4
2026-07-02 01:20:17,504 INFO o.a.j.p.j.s.J.Full charging journey with SSE: [electrahub-jmeter][full][015] http POST /session/api/v1/sessions/start status=409 elapsedMs=73
2026-07-02 01:20:17,506 INFO o.a.j.p.j.s.J.Full charging journey with SSE: [electrahub-jmeter][full][015] start skipped EH-US-CHG-0018/CON-US-0018 HTTP 409; trying next connector
2026-07-02 01:20:17,684 INFO o.a.j.t.JMeterThread: Thread started: 100 driver charging journeys 1-16
2026-07-02 01:20:17,691 INFO o.a.j.p.j.s.J.Full charging journey with SSE: [electrahub-jmeter][full][016] step=register
2026-07-02 01:20:17,917 INFO o.a.j.p.j.s.J.Full charging journey with SSE: [electrahub-jmeter][full][016] http POST /auth/api/auth/register status=200 elapsedMs=225
2026-07-02 01:20:17,918 INFO o.a.j.p.j.s.J.Full charging journey with SSE: [electrahub-jmeter][full][016] registered uid=2aff83e0-7c7d-498e-9968-94ae275dc462
2026-07-02 01:20:17,929 INFO o.a.j.p.j.s.J.Full charging journey with SSE: [electrahub-jmeter][full][016] step=payment state before setup
2026-07-02 01:20:17,990 INFO o.a.j.p.j.s.J.Full charging journey with SSE: [electrahub-jmeter][full][016] http GET /payment/api/v1/payment/state status=451 elapsedMs=59
2026-07-02 01:20:17,991 INFO o.a.j.p.j.s.J.Full charging journey with SSE: [electrahub-jmeter][full][016] step=accept terms
2026-07-02 01:20:18,053 INFO o.a.j.p.j.s.J.Full charging journey with SSE: [electrahub-jmeter][full][016] http POST /auth/api/terms/accept status=201 elapsedMs=60
2026-07-02 01:20:18,054 INFO o.a.j.p.j.s.J.Full charging journey with SSE: [electrahub-jmeter][full][016] accepted terms; refreshing token through login
2026-07-02 01:20:18,055 INFO o.a.j.p.j.s.J.Full charging journey with SSE: [electrahub-jmeter][full][016] step=login
2026-07-02 01:20:18,203 INFO o.a.j.p.j.s.J.Full charging journey with SSE: [electrahub-jmeter][full][016] http POST /auth/api/auth/login status=200 elapsedMs=146
2026-07-02 01:20:18,204 INFO o.a.j.p.j.s.J.Full charging journey with SSE: [electrahub-jmeter][full][016] logged in uid=2aff83e0-7c7d-498e-9968-94ae275dc462
2026-07-02 01:20:18,205 INFO o.a.j.p.j.s.J.Full charging journey with SSE: [electrahub-jmeter][full][016] step=payment state after terms
2026-07-02 01:20:18,267 INFO o.a.j.p.j.s.J.Full charging journey with SSE: [electrahub-jmeter][full][016] http GET /payment/api/v1/payment/state status=200 elapsedMs=61
2026-07-02 01:20:18,269 INFO o.a.j.p.j.s.J.Full charging journey with SSE: [electrahub-jmeter][full][016] step=add card
2026-07-02 01:20:18,329 INFO o.a.j.p.j.s.J.Full charging journey with SSE: [electrahub-jmeter][full][016] http POST /payment/api/v1/payment/cards status=201 elapsedMs=58
2026-07-02 01:20:18,330 INFO o.a.j.p.j.s.J.Full charging journey with SSE: [electrahub-jmeter][full][016] step=wallet topup
2026-07-02 01:20:18,390 INFO o.a.j.p.j.s.J.Full charging journey with SSE: [electrahub-jmeter][full][016] http POST /payment/api/v1/payment/wallet/topups status=201 elapsedMs=59
2026-07-02 01:20:18,391 INFO o.a.j.p.j.s.J.Full charging journey with SSE: [electrahub-jmeter][full][016] step=payment state after setup
2026-07-02 01:20:18,451 INFO o.a.j.p.j.s.J.Full charging journey with SSE: [electrahub-jmeter][full][016] http GET /payment/api/v1/payment/state status=200 elapsedMs=58
2026-07-02 01:20:18,451 INFO o.a.j.p.j.s.J.Full charging journey with SSE: [electrahub-jmeter][full][016] payment ready wallet=120.00
2026-07-02 01:20:18,452 INFO o.a.j.p.j.s.J.Full charging journey with SSE: [electrahub-jmeter][full][016] step=charger graphql list
2026-07-02 01:20:18,507 INFO o.a.j.p.j.s.J.Full charging journey with SSE: [electrahub-jmeter][full][015] step=start charging attempt 5
2026-07-02 01:20:18,557 INFO o.a.j.p.j.s.J.Full charging journey with SSE: [electrahub-jmeter][full][016] http POST /charger/graphql status=200 elapsedMs=102
2026-07-02 01:20:18,559 INFO o.a.j.p.j.s.J.Full charging journey with SSE: [electrahub-jmeter][full][016] dynamic connector selection found no available connector; using CSV connector
2026-07-02 01:20:18,560 INFO o.a.j.p.j.s.J.Full charging journey with SSE: [electrahub-jmeter][full][016] step=charger graphql view
2026-07-02 01:20:18,647 INFO o.a.j.p.j.s.J.Full charging journey with SSE: [electrahub-jmeter][full][016] http POST /charger/graphql status=200 elapsedMs=85
2026-07-02 01:20:18,648 INFO o.a.j.p.j.s.J.Full charging journey with SSE: [electrahub-jmeter][full][016] step=payment state before start
2026-07-02 01:20:18,672 INFO o.a.j.p.j.s.J.Full charging journey with SSE: [electrahub-jmeter][full][015] http POST /session/api/v1/sessions/start status=409 elapsedMs=122
2026-07-02 01:20:18,673 INFO o.a.j.p.j.s.J.Full charging journey with SSE: [electrahub-jmeter][full][015] start skipped EH-US-CHG-0019/CON-US-0019 HTTP 409; trying next connector
2026-07-02 01:20:18,711 INFO o.a.j.p.j.s.J.Full charging journey with SSE: [electrahub-jmeter][full][016] http GET /payment/api/v1/payment/state status=200 elapsedMs=62
2026-07-02 01:20:18,715 INFO o.a.j.p.j.s.J.Full charging journey with SSE: [electrahub-jmeter][full][016] using connector csv fallback attempts=100 startIndex=16/100
2026-07-02 01:20:18,716 INFO o.a.j.p.j.s.J.Full charging journey with SSE: [electrahub-jmeter][full][016] step=start charging attempt 1
2026-07-02 01:20:18,788 INFO o.a.j.p.j.s.J.Full charging journey with SSE: [electrahub-jmeter][full][016] http POST /session/api/v1/sessions/start status=409 elapsedMs=72
2026-07-02 01:20:18,788 INFO o.a.j.p.j.s.J.Full charging journey with SSE: [electrahub-jmeter][full][016] start skipped EH-US-CHG-0016/CON-US-0016 HTTP 409; trying next connector
2026-07-02 01:20:19,674 INFO o.a.j.p.j.s.J.Full charging journey with SSE: [electrahub-jmeter][full][015] step=start charging attempt 6
2026-07-02 01:20:19,789 INFO o.a.j.p.j.s.J.Full charging journey with SSE: [electrahub-jmeter][full][016] step=start charging attempt 2
2026-07-02 01:20:19,883 INFO o.a.j.p.j.s.J.Full charging journey with SSE: [electrahub-jmeter][full][016] http POST /session/api/v1/sessions/start status=409 elapsedMs=93
2026-07-02 01:20:19,884 INFO o.a.j.p.j.s.J.Full charging journey with SSE: [electrahub-jmeter][full][016] start skipped EH-US-CHG-0017/CON-US-0017 HTTP 409; trying next connector
2026-07-02 01:20:19,962 INFO o.a.j.p.j.s.J.Full charging journey with SSE: [electrahub-jmeter][full][015] http POST /session/api/v1/sessions/start status=201 elapsedMs=287
2026-07-02 01:20:19,963 INFO o.a.j.p.j.s.J.Full charging journey with SSE: [electrahub-jmeter][full][015] started session=46080c40-7a7e-4f55-8117-fa6994df82e2 charger=EH-US-CHG-0020/CON-US-0020 status=PREPARING remote=Accepted attempt=6/100
2026-07-02 01:20:19,964 INFO o.a.j.p.j.s.J.Full charging journey with SSE: [electrahub-jmeter][full][015] step=active sessions
2026-07-02 01:20:20,885 INFO o.a.j.p.j.s.J.Full charging journey with SSE: [electrahub-jmeter][full][016] step=start charging attempt 3
2026-07-02 01:20:20,968 INFO o.a.j.p.j.s.J.Full charging journey with SSE: [electrahub-jmeter][full][016] http POST /session/api/v1/sessions/start status=409 elapsedMs=82
2026-07-02 01:20:20,968 INFO o.a.j.p.j.s.J.Full charging journey with SSE: [electrahub-jmeter][full][015] http GET /session/api/v1/sessions/active status=200 elapsedMs=1003
2026-07-02 01:20:20,970 INFO o.a.j.p.j.s.J.Full charging journey with SSE: [electrahub-jmeter][full][005] sse ok connected=1 snapshot=2 updates=23 receipts=0 heartbeats=0
2026-07-02 01:20:20,969 INFO o.a.j.p.j.s.J.Full charging journey with SSE: [electrahub-jmeter][full][016] start skipped EH-US-CHG-0018/CON-US-0018 HTTP 409; trying next connector
2026-07-02 01:20:20,971 INFO o.a.j.p.j.s.J.Full charging journey with SSE: [electrahub-jmeter][full][005] holding session for 51s before stop
2026-07-02 01:20:21,972 INFO o.a.j.p.j.s.J.Full charging journey with SSE: [electrahub-jmeter][full][016] step=start charging attempt 4
2026-07-02 01:20:22,048 INFO o.a.j.p.j.s.J.Full charging journey with SSE: [electrahub-jmeter][full][016] http POST /session/api/v1/sessions/start status=409 elapsedMs=75
2026-07-02 01:20:22,048 INFO o.a.j.p.j.s.J.Full charging journey with SSE: [electrahub-jmeter][full][016] start skipped EH-US-CHG-0019/CON-US-0019 HTTP 409; trying next connector
2026-07-02 01:20:23,049 INFO o.a.j.p.j.s.J.Full charging journey with SSE: [electrahub-jmeter][full][016] step=start charging attempt 5
2026-07-02 01:20:23,122 INFO o.a.j.p.j.s.J.Full charging journey with SSE: [electrahub-jmeter][full][016] http POST /session/api/v1/sessions/start status=409 elapsedMs=70
2026-07-02 01:20:23,124 INFO o.a.j.p.j.s.J.Full charging journey with SSE: [electrahub-jmeter][full][016] start skipped EH-US-CHG-0020/CON-US-0020 HTTP 409; trying next connector
2026-07-02 01:20:23,684 INFO o.a.j.t.JMeterThread: Thread started: 100 driver charging journeys 1-17
2026-07-02 01:20:23,690 INFO o.a.j.p.j.s.J.Full charging journey with SSE: [electrahub-jmeter][full][017] step=register
2026-07-02 01:20:23,898 INFO o.a.j.p.j.s.J.Full charging journey with SSE: [electrahub-jmeter][full][017] http POST /auth/api/auth/register status=200 elapsedMs=207
2026-07-02 01:20:23,899 INFO o.a.j.p.j.s.J.Full charging journey with SSE: [electrahub-jmeter][full][017] registered uid=450497d5-6e25-46d1-a405-0ead501fd001
2026-07-02 01:20:23,907 INFO o.a.j.p.j.s.J.Full charging journey with SSE: [electrahub-jmeter][full][017] step=payment state before setup
2026-07-02 01:20:23,965 INFO o.a.j.p.j.s.J.Full charging journey with SSE: [electrahub-jmeter][full][017] http GET /payment/api/v1/payment/state status=451 elapsedMs=57
2026-07-02 01:20:23,966 INFO o.a.j.p.j.s.J.Full charging journey with SSE: [electrahub-jmeter][full][017] step=accept terms
2026-07-02 01:20:24,029 INFO o.a.j.p.j.s.J.Full charging journey with SSE: [electrahub-jmeter][full][017] http POST /auth/api/terms/accept status=201 elapsedMs=61
2026-07-02 01:20:24,030 INFO o.a.j.p.j.s.J.Full charging journey with SSE: [electrahub-jmeter][full][017] accepted terms; refreshing token through login
2026-07-02 01:20:24,031 INFO o.a.j.p.j.s.J.Full charging journey with SSE: [electrahub-jmeter][full][017] step=login
2026-07-02 01:20:24,125 INFO o.a.j.p.j.s.J.Full charging journey with SSE: [electrahub-jmeter][full][016] step=start charging attempt 6
2026-07-02 01:20:24,180 INFO o.a.j.p.j.s.J.Full charging journey with SSE: [electrahub-jmeter][full][017] http POST /auth/api/auth/login status=200 elapsedMs=148
2026-07-02 01:20:24,181 INFO o.a.j.p.j.s.J.Full charging journey with SSE: [electrahub-jmeter][full][017] logged in uid=450497d5-6e25-46d1-a405-0ead501fd001
2026-07-02 01:20:24,182 INFO o.a.j.p.j.s.J.Full charging journey with SSE: [electrahub-jmeter][full][017] step=payment state after terms
2026-07-02 01:20:24,243 INFO o.a.j.p.j.s.J.Full charging journey with SSE: [electrahub-jmeter][full][017] http GET /payment/api/v1/payment/state status=200 elapsedMs=60
2026-07-02 01:20:24,245 INFO o.a.j.p.j.s.J.Full charging journey with SSE: [electrahub-jmeter][full][017] step=add card
2026-07-02 01:20:24,319 INFO o.a.j.p.j.s.J.Full charging journey with SSE: [electrahub-jmeter][full][017] http POST /payment/api/v1/payment/cards status=201 elapsedMs=73
2026-07-02 01:20:24,320 INFO o.a.j.p.j.s.J.Full charging journey with SSE: [electrahub-jmeter][full][017] step=wallet topup
2026-07-02 01:20:24,377 INFO o.a.j.p.j.s.J.Full charging journey with SSE: [electrahub-jmeter][full][017] http POST /payment/api/v1/payment/wallet/topups status=201 elapsedMs=56
2026-07-02 01:20:24,378 INFO o.a.j.p.j.s.J.Full charging journey with SSE: [electrahub-jmeter][full][017] step=payment state after setup
2026-07-02 01:20:24,432 INFO o.a.j.p.j.s.J.Full charging journey with SSE: [electrahub-jmeter][full][017] http GET /payment/api/v1/payment/state status=200 elapsedMs=54
2026-07-02 01:20:24,433 INFO o.a.j.p.j.s.J.Full charging journey with SSE: [electrahub-jmeter][full][017] payment ready wallet=120.00
2026-07-02 01:20:24,434 INFO o.a.j.p.j.s.J.Full charging journey with SSE: [electrahub-jmeter][full][017] step=charger graphql list
2026-07-02 01:20:24,544 INFO o.a.j.p.j.s.J.Full charging journey with SSE: [electrahub-jmeter][full][017] http POST /charger/graphql status=200 elapsedMs=109
2026-07-02 01:20:24,546 INFO o.a.j.p.j.s.J.Full charging journey with SSE: [electrahub-jmeter][full][017] dynamic connector selection found no available connector; using CSV connector
2026-07-02 01:20:24,547 INFO o.a.j.p.j.s.J.Full charging journey with SSE: [electrahub-jmeter][full][017] step=charger graphql view
2026-07-02 01:20:24,620 INFO o.a.j.p.j.s.J.Full charging journey with SSE: [electrahub-jmeter][full][017] http POST /charger/graphql status=200 elapsedMs=72
2026-07-02 01:20:24,621 INFO o.a.j.p.j.s.J.Full charging journey with SSE: [electrahub-jmeter][full][017] step=payment state before start
2026-07-02 01:20:24,676 INFO o.a.j.p.j.s.J.Full charging journey with SSE: [electrahub-jmeter][full][017] http GET /payment/api/v1/payment/state status=200 elapsedMs=54
2026-07-02 01:20:24,679 INFO o.a.j.p.j.s.J.Full charging journey with SSE: [electrahub-jmeter][full][017] using connector csv fallback attempts=100 startIndex=17/100
2026-07-02 01:20:24,680 INFO o.a.j.p.j.s.J.Full charging journey with SSE: [electrahub-jmeter][full][017] step=start charging attempt 1
2026-07-02 01:20:24,753 INFO o.a.j.p.j.s.J.Full charging journey with SSE: [electrahub-jmeter][full][017] http POST /session/api/v1/sessions/start status=409 elapsedMs=72
2026-07-02 01:20:24,754 INFO o.a.j.p.j.s.J.Full charging journey with SSE: [electrahub-jmeter][full][017] start skipped EH-US-CHG-0017/CON-US-0017 HTTP 409; trying next connector
2026-07-02 01:20:25,002 INFO o.a.j.p.j.s.J.Full charging journey with SSE: [electrahub-jmeter][full][016] http POST /session/api/v1/sessions/start status=201 elapsedMs=819
2026-07-02 01:20:25,003 INFO o.a.j.p.j.s.J.Full charging journey with SSE: [electrahub-jmeter][full][016] started session=99932faa-ab36-4b2b-88a0-f99b335e01b3 charger=EH-US-CHG-0021/CON-US-0021 status=PREPARING remote=Accepted attempt=6/100
2026-07-02 01:20:25,004 INFO o.a.j.p.j.s.J.Full charging journey with SSE: [electrahub-jmeter][full][016] step=active sessions
2026-07-02 01:20:25,755 INFO o.a.j.p.j.s.J.Full charging journey with SSE: [electrahub-jmeter][full][017] step=start charging attempt 2
2026-07-02 01:20:25,839 INFO o.a.j.p.j.s.J.Full charging journey with SSE: [electrahub-jmeter][full][017] http POST /session/api/v1/sessions/start status=409 elapsedMs=80
2026-07-02 01:20:25,839 INFO o.a.j.p.j.s.J.Full charging journey with SSE: [electrahub-jmeter][full][017] start skipped EH-US-CHG-0018/CON-US-0018 HTTP 409; trying next connector
2026-07-02 01:20:26,015 INFO o.a.j.p.j.s.J.Full charging journey with SSE: [electrahub-jmeter][full][016] http GET /session/api/v1/sessions/active status=200 elapsedMs=1010
2026-07-02 01:20:26,840 INFO o.a.j.p.j.s.J.Full charging journey with SSE: [electrahub-jmeter][full][017] step=start charging attempt 3
2026-07-02 01:20:26,913 INFO o.a.j.p.j.s.J.Full charging journey with SSE: [electrahub-jmeter][full][017] http POST /session/api/v1/sessions/start status=409 elapsedMs=71
2026-07-02 01:20:26,914 INFO o.a.j.p.j.s.J.Full charging journey with SSE: [electrahub-jmeter][full][017] start skipped EH-US-CHG-0019/CON-US-0019 HTTP 409; trying next connector
2026-07-02 01:20:27,026 INFO o.a.j.p.j.s.J.Full charging journey with SSE: [electrahub-jmeter][full][006] sse ok connected=1 snapshot=2 updates=31 receipts=0 heartbeats=0
2026-07-02 01:20:27,027 INFO o.a.j.p.j.s.J.Full charging journey with SSE: [electrahub-jmeter][full][006] holding session for 51s before stop
2026-07-02 01:20:27,914 INFO o.a.j.p.j.s.J.Full charging journey with SSE: [electrahub-jmeter][full][017] step=start charging attempt 4
2026-07-02 01:20:27,988 INFO o.a.j.p.j.s.J.Full charging journey with SSE: [electrahub-jmeter][full][017] http POST /session/api/v1/sessions/start status=409 elapsedMs=73
2026-07-02 01:20:27,989 INFO o.a.j.p.j.s.J.Full charging journey with SSE: [electrahub-jmeter][full][017] start skipped EH-US-CHG-0020/CON-US-0020 HTTP 409; trying next connector
2026-07-02 01:20:28,990 INFO o.a.j.p.j.s.J.Full charging journey with SSE: [electrahub-jmeter][full][017] step=start charging attempt 5
2026-07-02 01:20:29,061 INFO o.a.j.p.j.s.J.Full charging journey with SSE: [electrahub-jmeter][full][017] http POST /session/api/v1/sessions/start status=409 elapsedMs=70
2026-07-02 01:20:29,062 INFO o.a.j.p.j.s.J.Full charging journey with SSE: [electrahub-jmeter][full][017] start skipped EH-US-CHG-0021/CON-US-0021 HTTP 409; trying next connector
2026-07-02 01:20:29,684 INFO o.a.j.t.JMeterThread: Thread started: 100 driver charging journeys 1-18
2026-07-02 01:20:29,690 INFO o.a.j.p.j.s.J.Full charging journey with SSE: [electrahub-jmeter][full][018] step=register
2026-07-02 01:20:29,897 INFO o.a.j.p.j.s.J.Full charging journey with SSE: [electrahub-jmeter][full][018] http POST /auth/api/auth/register status=200 elapsedMs=206
2026-07-02 01:20:29,898 INFO o.a.j.p.j.s.J.Full charging journey with SSE: [electrahub-jmeter][full][018] registered uid=eb38067b-018e-4e29-b8ee-6a80cfd1a2b6
2026-07-02 01:20:29,905 INFO o.a.j.p.j.s.J.Full charging journey with SSE: [electrahub-jmeter][full][018] step=payment state before setup
2026-07-02 01:20:29,960 INFO o.a.j.p.j.s.J.Full charging journey with SSE: [electrahub-jmeter][full][018] http GET /payment/api/v1/payment/state status=451 elapsedMs=54
2026-07-02 01:20:29,962 INFO o.a.j.p.j.s.J.Full charging journey with SSE: [electrahub-jmeter][full][018] step=accept terms
2026-07-02 01:20:30,042 INFO o.a.j.p.j.s.J.Full charging journey with SSE: [electrahub-jmeter][full][018] http POST /auth/api/terms/accept status=201 elapsedMs=79
2026-07-02 01:20:30,042 INFO o.a.j.p.j.s.J.Full charging journey with SSE: [electrahub-jmeter][full][018] accepted terms; refreshing token through login
2026-07-02 01:20:30,043 INFO o.a.j.p.j.s.J.Full charging journey with SSE: [electrahub-jmeter][full][018] step=login
2026-07-02 01:20:30,063 INFO o.a.j.p.j.s.J.Full charging journey with SSE: [electrahub-jmeter][full][017] step=start charging attempt 6
2026-07-02 01:20:30,199 INFO o.a.j.p.j.s.J.Full charging journey with SSE: [electrahub-jmeter][full][018] http POST /auth/api/auth/login status=200 elapsedMs=155
2026-07-02 01:20:30,201 INFO o.a.j.p.j.s.J.Full charging journey with SSE: [electrahub-jmeter][full][018] logged in uid=eb38067b-018e-4e29-b8ee-6a80cfd1a2b6
2026-07-02 01:20:30,201 INFO o.a.j.p.j.s.J.Full charging journey with SSE: [electrahub-jmeter][full][018] step=payment state after terms
2026-07-02 01:20:30,260 INFO o.a.j.p.j.s.J.Full charging journey with SSE: [electrahub-jmeter][full][018] http GET /payment/api/v1/payment/state status=200 elapsedMs=58
2026-07-02 01:20:30,261 INFO o.a.j.p.j.s.J.Full charging journey with SSE: [electrahub-jmeter][full][018] step=add card
2026-07-02 01:20:30,319 INFO o.a.j.p.j.s.J.Full charging journey with SSE: [electrahub-jmeter][full][018] http POST /payment/api/v1/payment/cards status=201 elapsedMs=57
2026-07-02 01:20:30,320 INFO o.a.j.p.j.s.J.Full charging journey with SSE: [electrahub-jmeter][full][018] step=wallet topup
2026-07-02 01:20:30,384 INFO o.a.j.p.j.s.J.Full charging journey with SSE: [electrahub-jmeter][full][018] http POST /payment/api/v1/payment/wallet/topups status=201 elapsedMs=63
2026-07-02 01:20:30,385 INFO o.a.j.p.j.s.J.Full charging journey with SSE: [electrahub-jmeter][full][018] step=payment state after setup
2026-07-02 01:20:30,438 INFO o.a.j.p.j.s.J.Full charging journey with SSE: [electrahub-jmeter][full][018] http GET /payment/api/v1/payment/state status=200 elapsedMs=52
2026-07-02 01:20:30,439 INFO o.a.j.p.j.s.J.Full charging journey with SSE: [electrahub-jmeter][full][018] payment ready wallet=120.00
2026-07-02 01:20:30,440 INFO o.a.j.p.j.s.J.Full charging journey with SSE: [electrahub-jmeter][full][018] step=charger graphql list
2026-07-02 01:20:30,548 INFO o.a.j.p.j.s.J.Full charging journey with SSE: [electrahub-jmeter][full][018] http POST /charger/graphql status=200 elapsedMs=107
2026-07-02 01:20:30,551 INFO o.a.j.p.j.s.J.Full charging journey with SSE: [electrahub-jmeter][full][018] dynamic connector selection found no available connector; using CSV connector
2026-07-02 01:20:30,551 INFO o.a.j.p.j.s.J.Full charging journey with SSE: [electrahub-jmeter][full][018] step=charger graphql view
2026-07-02 01:20:30,629 INFO o.a.j.p.j.s.J.Full charging journey with SSE: [electrahub-jmeter][full][018] http POST /charger/graphql status=200 elapsedMs=77
2026-07-02 01:20:30,629 INFO o.a.j.p.j.s.J.Full charging journey with SSE: [electrahub-jmeter][full][018] step=payment state before start
2026-07-02 01:20:30,684 INFO o.a.j.p.j.s.J.Full charging journey with SSE: [electrahub-jmeter][full][018] http GET /payment/api/v1/payment/state status=200 elapsedMs=54
2026-07-02 01:20:30,688 INFO o.a.j.p.j.s.J.Full charging journey with SSE: [electrahub-jmeter][full][018] using connector csv fallback attempts=100 startIndex=18/100
2026-07-02 01:20:30,688 INFO o.a.j.p.j.s.J.Full charging journey with SSE: [electrahub-jmeter][full][018] step=start charging attempt 1
2026-07-02 01:20:30,763 INFO o.a.j.p.j.s.J.Full charging journey with SSE: [electrahub-jmeter][full][018] http POST /session/api/v1/sessions/start status=409 elapsedMs=73
2026-07-02 01:20:30,763 INFO o.a.j.p.j.s.J.Full charging journey with SSE: [electrahub-jmeter][full][018] start skipped EH-US-CHG-0018/CON-US-0018 HTTP 409; trying next connector
2026-07-02 01:20:31,062 INFO o.a.j.p.j.s.J.Full charging journey with SSE: [electrahub-jmeter][full][017] http POST /session/api/v1/sessions/start status=201 elapsedMs=956
2026-07-02 01:20:31,063 INFO o.a.j.p.j.s.J.Full charging journey with SSE: [electrahub-jmeter][full][017] started session=3e1cbe15-5700-4851-a3d5-c64d8ce5b897 charger=EH-US-CHG-0022/CON-US-0022 status=PREPARING remote=Accepted attempt=6/100
2026-07-02 01:20:31,064 INFO o.a.j.p.j.s.J.Full charging journey with SSE: [electrahub-jmeter][full][017] step=active sessions
2026-07-02 01:20:31,764 INFO o.a.j.p.j.s.J.Full charging journey with SSE: [electrahub-jmeter][full][018] step=start charging attempt 2
2026-07-02 01:20:31,834 INFO o.a.j.p.j.s.J.Full charging journey with SSE: [electrahub-jmeter][full][018] http POST /session/api/v1/sessions/start status=409 elapsedMs=67
2026-07-02 01:20:31,834 INFO o.a.j.p.j.s.J.Full charging journey with SSE: [electrahub-jmeter][full][018] start skipped EH-US-CHG-0019/CON-US-0019 HTTP 409; trying next connector
2026-07-02 01:20:32,064 INFO o.a.j.p.j.s.J.Full charging journey with SSE: [electrahub-jmeter][full][017] http GET /session/api/v1/sessions/active status=200 elapsedMs=999
2026-07-02 01:20:32,835 INFO o.a.j.p.j.s.J.Full charging journey with SSE: [electrahub-jmeter][full][018] step=start charging attempt 3
2026-07-02 01:20:32,905 INFO o.a.j.p.j.s.J.Full charging journey with SSE: [electrahub-jmeter][full][018] http POST /session/api/v1/sessions/start status=409 elapsedMs=69
2026-07-02 01:20:32,907 INFO o.a.j.p.j.s.J.Full charging journey with SSE: [electrahub-jmeter][full][018] start skipped EH-US-CHG-0020/CON-US-0020 HTTP 409; trying next connector
2026-07-02 01:20:33,908 INFO o.a.j.p.j.s.J.Full charging journey with SSE: [electrahub-jmeter][full][018] step=start charging attempt 4
2026-07-02 01:20:33,980 INFO o.a.j.p.j.s.J.Full charging journey with SSE: [electrahub-jmeter][full][018] http POST /session/api/v1/sessions/start status=409 elapsedMs=71
2026-07-02 01:20:33,981 INFO o.a.j.p.j.s.J.Full charging journey with SSE: [electrahub-jmeter][full][018] start skipped EH-US-CHG-0021/CON-US-0021 HTTP 409; trying next connector
2026-07-02 01:20:34,077 INFO o.a.j.p.j.s.J.Full charging journey with SSE: [electrahub-jmeter][full][007] sse ok connected=1 snapshot=2 updates=29 receipts=0 heartbeats=0
2026-07-02 01:20:34,078 INFO o.a.j.p.j.s.J.Full charging journey with SSE: [electrahub-jmeter][full][007] holding session for 50s before stop
2026-07-02 01:20:34,982 INFO o.a.j.p.j.s.J.Full charging journey with SSE: [electrahub-jmeter][full][018] step=start charging attempt 5
2026-07-02 01:20:35,060 INFO o.a.j.p.j.s.J.Full charging journey with SSE: [electrahub-jmeter][full][018] http POST /session/api/v1/sessions/start status=409 elapsedMs=76
2026-07-02 01:20:35,062 INFO o.a.j.p.j.s.J.Full charging journey with SSE: [electrahub-jmeter][full][018] start skipped EH-US-CHG-0022/CON-US-0022 HTTP 409; trying next connector
2026-07-02 01:20:35,683 INFO o.a.j.t.JMeterThread: Thread started: 100 driver charging journeys 1-19
2026-07-02 01:20:35,689 INFO o.a.j.p.j.s.J.Full charging journey with SSE: [electrahub-jmeter][full][019] step=register
2026-07-02 01:20:35,908 INFO o.a.j.p.j.s.J.Full charging journey with SSE: [electrahub-jmeter][full][019] http POST /auth/api/auth/register status=200 elapsedMs=218
2026-07-02 01:20:35,909 INFO o.a.j.p.j.s.J.Full charging journey with SSE: [electrahub-jmeter][full][019] registered uid=74dc360b-4151-4f1a-9069-82d6580c0409
2026-07-02 01:20:35,916 INFO o.a.j.p.j.s.J.Full charging journey with SSE: [electrahub-jmeter][full][019] step=payment state before setup
2026-07-02 01:20:35,968 INFO o.a.j.p.j.s.J.Full charging journey with SSE: [electrahub-jmeter][full][019] http GET /payment/api/v1/payment/state status=451 elapsedMs=51
2026-07-02 01:20:35,970 INFO o.a.j.p.j.s.J.Full charging journey with SSE: [electrahub-jmeter][full][019] step=accept terms
2026-07-02 01:20:36,028 INFO o.a.j.p.j.s.J.Full charging journey with SSE: [electrahub-jmeter][full][019] http POST /auth/api/terms/accept status=201 elapsedMs=57
2026-07-02 01:20:36,028 INFO o.a.j.p.j.s.J.Full charging journey with SSE: [electrahub-jmeter][full][019] accepted terms; refreshing token through login
2026-07-02 01:20:36,030 INFO o.a.j.p.j.s.J.Full charging journey with SSE: [electrahub-jmeter][full][019] step=login
2026-07-02 01:20:36,063 INFO o.a.j.p.j.s.J.Full charging journey with SSE: [electrahub-jmeter][full][018] step=start charging attempt 6
2026-07-02 01:20:36,197 INFO o.a.j.p.j.s.J.Full charging journey with SSE: [electrahub-jmeter][full][019] http POST /auth/api/auth/login status=200 elapsedMs=166
2026-07-02 01:20:36,198 INFO o.a.j.p.j.s.J.Full charging journey with SSE: [electrahub-jmeter][full][019] logged in uid=74dc360b-4151-4f1a-9069-82d6580c0409
2026-07-02 01:20:36,198 INFO o.a.j.p.j.s.J.Full charging journey with SSE: [electrahub-jmeter][full][019] step=payment state after terms
2026-07-02 01:20:36,220 INFO o.a.j.p.j.s.J.Full charging journey with SSE: [electrahub-jmeter][full][018] http POST /session/api/v1/sessions/start status=409 elapsedMs=107
2026-07-02 01:20:36,221 INFO o.a.j.p.j.s.J.Full charging journey with SSE: [electrahub-jmeter][full][018] start skipped EH-US-CHG-0023/CON-US-0023 HTTP 409; trying next connector
2026-07-02 01:20:36,262 INFO o.a.j.p.j.s.J.Full charging journey with SSE: [electrahub-jmeter][full][019] http GET /payment/api/v1/payment/state status=200 elapsedMs=63
2026-07-02 01:20:36,263 INFO o.a.j.p.j.s.J.Full charging journey with SSE: [electrahub-jmeter][full][019] step=add card
2026-07-02 01:20:36,320 INFO o.a.j.p.j.s.J.Full charging journey with SSE: [electrahub-jmeter][full][019] http POST /payment/api/v1/payment/cards status=201 elapsedMs=56
2026-07-02 01:20:36,321 INFO o.a.j.p.j.s.J.Full charging journey with SSE: [electrahub-jmeter][full][019] step=wallet topup
2026-07-02 01:20:36,379 INFO o.a.j.p.j.s.J.Full charging journey with SSE: [electrahub-jmeter][full][019] http POST /payment/api/v1/payment/wallet/topups status=201 elapsedMs=56
2026-07-02 01:20:36,380 INFO o.a.j.p.j.s.J.Full charging journey with SSE: [electrahub-jmeter][full][019] step=payment state after setup
2026-07-02 01:20:36,439 INFO o.a.j.p.j.s.J.Full charging journey with SSE: [electrahub-jmeter][full][019] http GET /payment/api/v1/payment/state status=200 elapsedMs=58
2026-07-02 01:20:36,440 INFO o.a.j.p.j.s.J.Full charging journey with SSE: [electrahub-jmeter][full][019] payment ready wallet=120.00
2026-07-02 01:20:36,440 INFO o.a.j.p.j.s.J.Full charging journey with SSE: [electrahub-jmeter][full][019] step=charger graphql list
2026-07-02 01:20:36,555 INFO o.a.j.p.j.s.J.Full charging journey with SSE: [electrahub-jmeter][full][019] http POST /charger/graphql status=200 elapsedMs=114
2026-07-02 01:20:36,563 INFO o.a.j.p.j.s.J.Full charging journey with SSE: [electrahub-jmeter][full][019] dynamic connector selection found no available connector; using CSV connector
2026-07-02 01:20:36,563 INFO o.a.j.p.j.s.J.Full charging journey with SSE: [electrahub-jmeter][full][019] step=charger graphql view
2026-07-02 01:20:36,649 INFO o.a.j.p.j.s.J.Full charging journey with SSE: [electrahub-jmeter][full][019] http POST /charger/graphql status=200 elapsedMs=84
2026-07-02 01:20:36,650 INFO o.a.j.p.j.s.J.Full charging journey with SSE: [electrahub-jmeter][full][019] step=payment state before start
2026-07-02 01:20:36,710 INFO o.a.j.p.j.s.J.Full charging journey with SSE: [electrahub-jmeter][full][019] http GET /payment/api/v1/payment/state status=200 elapsedMs=58
2026-07-02 01:20:36,718 INFO o.a.j.p.j.s.J.Full charging journey with SSE: [electrahub-jmeter][full][019] using connector csv fallback attempts=100 startIndex=19/100
2026-07-02 01:20:36,718 INFO o.a.j.p.j.s.J.Full charging journey with SSE: [electrahub-jmeter][full][019] step=start charging attempt 1
2026-07-02 01:20:36,792 INFO o.a.j.p.j.s.J.Full charging journey with SSE: [electrahub-jmeter][full][019] http POST /session/api/v1/sessions/start status=409 elapsedMs=73
2026-07-02 01:20:36,793 INFO o.a.j.p.j.s.J.Full charging journey with SSE: [electrahub-jmeter][full][019] start skipped EH-US-CHG-0019/CON-US-0019 HTTP 409; trying next connector
2026-07-02 01:20:37,222 INFO o.a.j.p.j.s.J.Full charging journey with SSE: [electrahub-jmeter][full][018] step=start charging attempt 7
2026-07-02 01:20:37,296 INFO o.a.j.p.j.s.J.Full charging journey with SSE: [electrahub-jmeter][full][018] http POST /session/api/v1/sessions/start status=409 elapsedMs=73
2026-07-02 01:20:37,297 INFO o.a.j.p.j.s.J.Full charging journey with SSE: [electrahub-jmeter][full][018] start skipped EH-US-CHG-0024/CON-US-0024 HTTP 409; trying next connector
2026-07-02 01:20:37,794 INFO o.a.j.p.j.s.J.Full charging journey with SSE: [electrahub-jmeter][full][019] step=start charging attempt 2
2026-07-02 01:20:37,864 INFO o.a.j.p.j.s.J.Full charging journey with SSE: [electrahub-jmeter][full][019] http POST /session/api/v1/sessions/start status=409 elapsedMs=69
2026-07-02 01:20:37,865 INFO o.a.j.p.j.s.J.Full charging journey with SSE: [electrahub-jmeter][full][019] start skipped EH-US-CHG-0020/CON-US-0020 HTTP 409; trying next connector
2026-07-02 01:20:38,298 INFO o.a.j.p.j.s.J.Full charging journey with SSE: [electrahub-jmeter][full][018] step=start charging attempt 8
2026-07-02 01:20:38,866 INFO o.a.j.p.j.s.J.Full charging journey with SSE: [electrahub-jmeter][full][019] step=start charging attempt 3
2026-07-02 01:20:38,942 INFO o.a.j.p.j.s.J.Full charging journey with SSE: [electrahub-jmeter][full][019] http POST /session/api/v1/sessions/start status=409 elapsedMs=75
2026-07-02 01:20:38,942 INFO o.a.j.p.j.s.J.Full charging journey with SSE: [electrahub-jmeter][full][019] start skipped EH-US-CHG-0021/CON-US-0021 HTTP 409; trying next connector
2026-07-02 01:20:39,119 INFO o.a.j.p.j.s.J.Full charging journey with SSE: [electrahub-jmeter][full][018] http POST /session/api/v1/sessions/start status=201 elapsedMs=820
2026-07-02 01:20:39,120 INFO o.a.j.p.j.s.J.Full charging journey with SSE: [electrahub-jmeter][full][018] started session=83a78f0b-d896-46da-8d93-b20452f605a5 charger=EH-US-CHG-0025/CON-US-0025 status=PREPARING remote=Accepted attempt=8/100
2026-07-02 01:20:39,120 INFO o.a.j.p.j.s.J.Full charging journey with SSE: [electrahub-jmeter][full][018] step=active sessions
2026-07-02 01:20:39,943 INFO o.a.j.p.j.s.J.Full charging journey with SSE: [electrahub-jmeter][full][019] step=start charging attempt 4
2026-07-02 01:20:40,011 INFO o.a.j.p.j.s.J.Full charging journey with SSE: [electrahub-jmeter][full][019] http POST /session/api/v1/sessions/start status=409 elapsedMs=67
2026-07-02 01:20:40,012 INFO o.a.j.p.j.s.J.Full charging journey with SSE: [electrahub-jmeter][full][019] start skipped EH-US-CHG-0022/CON-US-0022 HTTP 409; trying next connector
2026-07-02 01:20:40,126 INFO o.a.j.p.j.s.J.Full charging journey with SSE: [electrahub-jmeter][full][018] http GET /session/api/v1/sessions/active status=200 elapsedMs=1005
2026-07-02 01:20:40,126 INFO o.a.j.p.j.s.J.Full charging journey with SSE: [electrahub-jmeter][full][008] sse ok connected=1 snapshot=2 updates=25 receipts=0 heartbeats=0
2026-07-02 01:20:40,127 INFO o.a.j.p.j.s.J.Full charging journey with SSE: [electrahub-jmeter][full][008] holding session for 50s before stop
2026-07-02 01:20:41,013 INFO o.a.j.p.j.s.J.Full charging journey with SSE: [electrahub-jmeter][full][019] step=start charging attempt 5
2026-07-02 01:20:41,098 INFO o.a.j.p.j.s.J.Full charging journey with SSE: [electrahub-jmeter][full][019] http POST /session/api/v1/sessions/start status=409 elapsedMs=84
2026-07-02 01:20:41,099 INFO o.a.j.p.j.s.J.Full charging journey with SSE: [electrahub-jmeter][full][019] start skipped EH-US-CHG-0023/CON-US-0023 HTTP 409; trying next connector
2026-07-02 01:20:41,684 INFO o.a.j.t.JMeterThread: Thread started: 100 driver charging journeys 1-20
2026-07-02 01:20:41,691 INFO o.a.j.p.j.s.J.Full charging journey with SSE: [electrahub-jmeter][full][020] step=register
2026-07-02 01:20:41,932 INFO o.a.j.p.j.s.J.Full charging journey with SSE: [electrahub-jmeter][full][020] http POST /auth/api/auth/register status=200 elapsedMs=240
2026-07-02 01:20:41,933 INFO o.a.j.p.j.s.J.Full charging journey with SSE: [electrahub-jmeter][full][020] registered uid=b11e7c42-6d85-431d-89ca-29b1f7996c20
2026-07-02 01:20:41,941 INFO o.a.j.p.j.s.J.Full charging journey with SSE: [electrahub-jmeter][full][020] step=payment state before setup
2026-07-02 01:20:41,998 INFO o.a.j.p.j.s.J.Full charging journey with SSE: [electrahub-jmeter][full][020] http GET /payment/api/v1/payment/state status=451 elapsedMs=56
2026-07-02 01:20:42,001 INFO o.a.j.p.j.s.J.Full charging journey with SSE: [electrahub-jmeter][full][020] step=accept terms
2026-07-02 01:20:42,068 INFO o.a.j.p.j.s.J.Full charging journey with SSE: [electrahub-jmeter][full][020] http POST /auth/api/terms/accept status=201 elapsedMs=66
2026-07-02 01:20:42,069 INFO o.a.j.p.j.s.J.Full charging journey with SSE: [electrahub-jmeter][full][020] accepted terms; refreshing token through login
2026-07-02 01:20:42,070 INFO o.a.j.p.j.s.J.Full charging journey with SSE: [electrahub-jmeter][full][020] step=login
2026-07-02 01:20:42,100 INFO o.a.j.p.j.s.J.Full charging journey with SSE: [electrahub-jmeter][full][019] step=start charging attempt 6
2026-07-02 01:20:42,274 INFO o.a.j.p.j.s.J.Full charging journey with SSE: [electrahub-jmeter][full][019] http POST /session/api/v1/sessions/start status=409 elapsedMs=100
2026-07-02 01:20:42,275 INFO o.a.j.p.j.s.J.Full charging journey with SSE: [electrahub-jmeter][full][019] start skipped EH-US-CHG-0024/CON-US-0024 HTTP 409; trying next connector
2026-07-02 01:20:42,289 INFO o.a.j.p.j.s.J.Full charging journey with SSE: [electrahub-jmeter][full][020] http POST /auth/api/auth/login status=200 elapsedMs=218
2026-07-02 01:20:42,290 INFO o.a.j.p.j.s.J.Full charging journey with SSE: [electrahub-jmeter][full][020] logged in uid=b11e7c42-6d85-431d-89ca-29b1f7996c20
2026-07-02 01:20:42,291 INFO o.a.j.p.j.s.J.Full charging journey with SSE: [electrahub-jmeter][full][020] step=payment state after terms
2026-07-02 01:20:42,382 INFO o.a.j.p.j.s.J.Full charging journey with SSE: [electrahub-jmeter][full][020] http GET /payment/api/v1/payment/state status=200 elapsedMs=90
2026-07-02 01:20:42,383 INFO o.a.j.p.j.s.J.Full charging journey with SSE: [electrahub-jmeter][full][020] step=add card
2026-07-02 01:20:42,439 INFO o.a.j.p.j.s.J.Full charging journey with SSE: [electrahub-jmeter][full][020] http POST /payment/api/v1/payment/cards status=201 elapsedMs=55
2026-07-02 01:20:42,440 INFO o.a.j.p.j.s.J.Full charging journey with SSE: [electrahub-jmeter][full][020] step=wallet topup
2026-07-02 01:20:42,517 INFO o.a.j.p.j.s.J.Full charging journey with SSE: [electrahub-jmeter][full][020] http POST /payment/api/v1/payment/wallet/topups status=201 elapsedMs=75
2026-07-02 01:20:42,517 INFO o.a.j.p.j.s.J.Full charging journey with SSE: [electrahub-jmeter][full][020] step=payment state after setup
2026-07-02 01:20:42,579 INFO o.a.j.p.j.s.J.Full charging journey with SSE: [electrahub-jmeter][full][020] http GET /payment/api/v1/payment/state status=200 elapsedMs=61
2026-07-02 01:20:42,579 INFO o.a.j.p.j.s.J.Full charging journey with SSE: [electrahub-jmeter][full][020] payment ready wallet=120.00
2026-07-02 01:20:42,580 INFO o.a.j.p.j.s.J.Full charging journey with SSE: [electrahub-jmeter][full][020] step=charger graphql list
2026-07-02 01:20:42,686 INFO o.a.j.p.j.s.J.Full charging journey with SSE: [electrahub-jmeter][full][020] http POST /charger/graphql status=200 elapsedMs=105
2026-07-02 01:20:42,688 INFO o.a.j.p.j.s.J.Full charging journey with SSE: [electrahub-jmeter][full][020] dynamic connector selection found no available connector; using CSV connector
2026-07-02 01:20:42,689 INFO o.a.j.p.j.s.J.Full charging journey with SSE: [electrahub-jmeter][full][020] step=charger graphql view
2026-07-02 01:20:42,773 INFO o.a.j.p.j.s.J.Full charging journey with SSE: [electrahub-jmeter][full][020] http POST /charger/graphql status=200 elapsedMs=83
2026-07-02 01:20:42,774 INFO o.a.j.p.j.s.J.Full charging journey with SSE: [electrahub-jmeter][full][020] step=payment state before start
2026-07-02 01:20:42,834 INFO o.a.j.p.j.s.J.Full charging journey with SSE: [electrahub-jmeter][full][020] http GET /payment/api/v1/payment/state status=200 elapsedMs=59
2026-07-02 01:20:42,837 INFO o.a.j.p.j.s.J.Full charging journey with SSE: [electrahub-jmeter][full][020] using connector csv fallback attempts=100 startIndex=20/100
2026-07-02 01:20:42,838 INFO o.a.j.p.j.s.J.Full charging journey with SSE: [electrahub-jmeter][full][020] step=start charging attempt 1
2026-07-02 01:20:42,910 INFO o.a.j.p.j.s.J.Full charging journey with SSE: [electrahub-jmeter][full][020] http POST /session/api/v1/sessions/start status=409 elapsedMs=72
2026-07-02 01:20:42,911 INFO o.a.j.p.j.s.J.Full charging journey with SSE: [electrahub-jmeter][full][020] start skipped EH-US-CHG-0020/CON-US-0020 HTTP 409; trying next connector
2026-07-02 01:20:43,277 INFO o.a.j.p.j.s.J.Full charging journey with SSE: [electrahub-jmeter][full][019] step=start charging attempt 7
2026-07-02 01:20:43,352 INFO o.a.j.p.j.s.J.Full charging journey with SSE: [electrahub-jmeter][full][019] http POST /session/api/v1/sessions/start status=409 elapsedMs=74
2026-07-02 01:20:43,352 INFO o.a.j.p.j.s.J.Full charging journey with SSE: [electrahub-jmeter][full][019] start skipped EH-US-CHG-0025/CON-US-0025 HTTP 409; trying next connector
2026-07-02 01:20:45,074 INFO o.a.j.p.j.s.J.Full charging journey with SSE: [electrahub-jmeter][full][020] step=start charging attempt 2
2026-07-02 01:20:46,750 INFO o.a.j.p.j.s.J.Full charging journey with SSE: [electrahub-jmeter][full][020] http POST /session/api/v1/sessions/start status=409 elapsedMs=1675
2026-07-02 01:20:46,751 INFO o.a.j.p.j.s.J.Full charging journey with SSE: [electrahub-jmeter][full][020] start skipped EH-US-CHG-0021/CON-US-0021 HTTP 409; trying next connector
2026-07-02 01:20:47,109 INFO o.a.j.p.j.s.J.Full charging journey with SSE: [electrahub-jmeter][full][019] step=start charging attempt 8
2026-07-02 01:20:47,177 INFO o.a.j.p.j.s.J.Full charging journey with SSE: [electrahub-jmeter][full][019] http POST /session/api/v1/sessions/start status=409 elapsedMs=67
2026-07-02 01:20:47,178 INFO o.a.j.p.j.s.J.Full charging journey with SSE: [electrahub-jmeter][full][019] start skipped EH-US-CHG-0026/CON-US-0026 HTTP 409; trying next connector
2026-07-02 01:20:47,682 INFO o.a.j.t.JMeterThread: Thread started: 100 driver charging journeys 1-21
2026-07-02 01:20:47,690 INFO o.a.j.p.j.s.J.Full charging journey with SSE: [electrahub-jmeter][full][021] step=register
2026-07-02 01:20:47,752 INFO o.a.j.p.j.s.J.Full charging journey with SSE: [electrahub-jmeter][full][020] step=start charging attempt 3
2026-07-02 01:20:47,889 INFO o.a.j.p.j.s.J.Full charging journey with SSE: [electrahub-jmeter][full][021] http POST /auth/api/auth/register status=200 elapsedMs=199
2026-07-02 01:20:47,890 INFO o.a.j.p.j.s.J.Full charging journey with SSE: [electrahub-jmeter][full][021] registered uid=f0ca34eb-97f1-4ce8-aa12-91c686cc257d
2026-07-02 01:20:47,894 INFO o.a.j.p.j.s.J.Full charging journey with SSE: [electrahub-jmeter][full][020] http POST /session/api/v1/sessions/start status=409 elapsedMs=93
2026-07-02 01:20:47,895 INFO o.a.j.p.j.s.J.Full charging journey with SSE: [electrahub-jmeter][full][020] start skipped EH-US-CHG-0022/CON-US-0022 HTTP 409; trying next connector
2026-07-02 01:20:47,899 INFO o.a.j.p.j.s.J.Full charging journey with SSE: [electrahub-jmeter][full][021] step=payment state before setup
2026-07-02 01:20:47,962 INFO o.a.j.p.j.s.J.Full charging journey with SSE: [electrahub-jmeter][full][021] http GET /payment/api/v1/payment/state status=451 elapsedMs=62
2026-07-02 01:20:47,963 INFO o.a.j.p.j.s.J.Full charging journey with SSE: [electrahub-jmeter][full][021] step=accept terms
2026-07-02 01:20:48,047 INFO o.a.j.p.j.s.J.Full charging journey with SSE: [electrahub-jmeter][full][021] http POST /auth/api/terms/accept status=201 elapsedMs=83
2026-07-02 01:20:48,050 INFO o.a.j.p.j.s.J.Full charging journey with SSE: [electrahub-jmeter][full][021] accepted terms; refreshing token through login
2026-07-02 01:20:48,050 INFO o.a.j.p.j.s.J.Full charging journey with SSE: [electrahub-jmeter][full][021] step=login
2026-07-02 01:20:48,179 INFO o.a.j.p.j.s.J.Full charging journey with SSE: [electrahub-jmeter][full][019] step=start charging attempt 9
2026-07-02 01:20:48,242 INFO o.a.j.p.j.s.J.Full charging journey with SSE: [electrahub-jmeter][full][021] http POST /auth/api/auth/login status=200 elapsedMs=191
2026-07-02 01:20:48,243 INFO o.a.j.p.j.s.J.Full charging journey with SSE: [electrahub-jmeter][full][021] logged in uid=f0ca34eb-97f1-4ce8-aa12-91c686cc257d
2026-07-02 01:20:48,244 INFO o.a.j.p.j.s.J.Full charging journey with SSE: [electrahub-jmeter][full][021] step=payment state after terms
2026-07-02 01:20:48,272 INFO o.a.j.p.j.s.J.Full charging journey with SSE: [electrahub-jmeter][full][019] http POST /session/api/v1/sessions/start status=409 elapsedMs=87
2026-07-02 01:20:48,273 INFO o.a.j.p.j.s.J.Full charging journey with SSE: [electrahub-jmeter][full][019] start skipped EH-US-CHG-0027/CON-US-0027 HTTP 409; trying next connector
2026-07-02 01:20:48,336 INFO o.a.j.p.j.s.J.Full charging journey with SSE: [electrahub-jmeter][full][021] http GET /payment/api/v1/payment/state status=200 elapsedMs=92
2026-07-02 01:20:48,337 INFO o.a.j.p.j.s.J.Full charging journey with SSE: [electrahub-jmeter][full][021] step=add card
2026-07-02 01:20:48,394 INFO o.a.j.p.j.s.J.Full charging journey with SSE: [electrahub-jmeter][full][021] http POST /payment/api/v1/payment/cards status=201 elapsedMs=56
2026-07-02 01:20:48,395 INFO o.a.j.p.j.s.J.Full charging journey with SSE: [electrahub-jmeter][full][021] step=wallet topup
2026-07-02 01:20:48,455 INFO o.a.j.p.j.s.J.Full charging journey with SSE: [electrahub-jmeter][full][021] http POST /payment/api/v1/payment/wallet/topups status=201 elapsedMs=59
2026-07-02 01:20:48,455 INFO o.a.j.p.j.s.J.Full charging journey with SSE: [electrahub-jmeter][full][021] step=payment state after setup
2026-07-02 01:20:48,509 INFO o.a.j.p.j.s.J.Full charging journey with SSE: [electrahub-jmeter][full][021] http GET /payment/api/v1/payment/state status=200 elapsedMs=53
2026-07-02 01:20:48,514 INFO o.a.j.p.j.s.J.Full charging journey with SSE: [electrahub-jmeter][full][021] payment ready wallet=120.00
2026-07-02 01:20:48,514 INFO o.a.j.p.j.s.J.Full charging journey with SSE: [electrahub-jmeter][full][021] step=charger graphql list
2026-07-02 01:20:48,650 INFO o.a.j.p.j.s.J.Full charging journey with SSE: [electrahub-jmeter][full][021] http POST /charger/graphql status=200 elapsedMs=135
2026-07-02 01:20:48,652 INFO o.a.j.p.j.s.J.Full charging journey with SSE: [electrahub-jmeter][full][021] dynamic connector selection found no available connector; using CSV connector
2026-07-02 01:20:48,653 INFO o.a.j.p.j.s.J.Full charging journey with SSE: [electrahub-jmeter][full][021] step=charger graphql view
2026-07-02 01:20:48,724 INFO o.a.j.p.j.s.J.Full charging journey with SSE: [electrahub-jmeter][full][021] http POST /charger/graphql status=200 elapsedMs=70
2026-07-02 01:20:48,730 INFO o.a.j.p.j.s.J.Full charging journey with SSE: [electrahub-jmeter][full][021] step=payment state before start
2026-07-02 01:20:48,787 INFO o.a.j.p.j.s.J.Full charging journey with SSE: [electrahub-jmeter][full][021] http GET /payment/api/v1/payment/state status=200 elapsedMs=56
2026-07-02 01:20:48,790 INFO o.a.j.p.j.s.J.Full charging journey with SSE: [electrahub-jmeter][full][021] using connector csv fallback attempts=100 startIndex=21/100
2026-07-02 01:20:48,791 INFO o.a.j.p.j.s.J.Full charging journey with SSE: [electrahub-jmeter][full][021] step=start charging attempt 1
2026-07-02 01:20:48,891 INFO o.a.j.p.j.s.J.Full charging journey with SSE: [electrahub-jmeter][full][021] http POST /session/api/v1/sessions/start status=409 elapsedMs=99
2026-07-02 01:20:48,892 INFO o.a.j.p.j.s.J.Full charging journey with SSE: [electrahub-jmeter][full][021] start skipped EH-US-CHG-0021/CON-US-0021 HTTP 409; trying next connector
2026-07-02 01:20:48,895 INFO o.a.j.p.j.s.J.Full charging journey with SSE: [electrahub-jmeter][full][020] step=start charging attempt 4
2026-07-02 01:20:48,948 INFO o.a.j.p.j.s.J.Full charging journey with SSE: [electrahub-jmeter][full][009] sse ok connected=1 snapshot=2 updates=29 receipts=0 heartbeats=0
2026-07-02 01:20:48,949 INFO o.a.j.p.j.s.J.Full charging journey with SSE: [electrahub-jmeter][full][009] holding session for 47s before stop
2026-07-02 01:20:48,990 INFO o.a.j.p.j.s.J.Full charging journey with SSE: [electrahub-jmeter][full][020] http POST /session/api/v1/sessions/start status=409 elapsedMs=94
2026-07-02 01:20:48,991 INFO o.a.j.p.j.s.J.Full charging journey with SSE: [electrahub-jmeter][full][020] start skipped EH-US-CHG-0023/CON-US-0023 HTTP 409; trying next connector
2026-07-02 01:20:49,273 INFO o.a.j.p.j.s.J.Full charging journey with SSE: [electrahub-jmeter][full][019] step=start charging attempt 10
2026-07-02 01:20:49,347 INFO o.a.j.p.j.s.J.Full charging journey with SSE: [electrahub-jmeter][full][019] http POST /session/api/v1/sessions/start status=409 elapsedMs=72
2026-07-02 01:20:49,348 INFO o.a.j.p.j.s.J.Full charging journey with SSE: [electrahub-jmeter][full][019] start skipped EH-US-CHG-0028/CON-US-0028 HTTP 409; trying next connector
2026-07-02 01:20:49,892 INFO o.a.j.p.j.s.J.Full charging journey with SSE: [electrahub-jmeter][full][021] step=start charging attempt 2
2026-07-02 01:20:49,991 INFO o.a.j.p.j.s.J.Full charging journey with SSE: [electrahub-jmeter][full][020] step=start charging attempt 5
2026-07-02 01:20:49,999 INFO o.a.j.p.j.s.J.Full charging journey with SSE: [electrahub-jmeter][full][021] http POST /session/api/v1/sessions/start status=409 elapsedMs=105
2026-07-02 01:20:50,000 INFO o.a.j.p.j.s.J.Full charging journey with SSE: [electrahub-jmeter][full][021] start skipped EH-US-CHG-0022/CON-US-0022 HTTP 409; trying next connector
2026-07-02 01:20:50,093 INFO o.a.j.p.j.s.J.Full charging journey with SSE: [electrahub-jmeter][full][020] http POST /session/api/v1/sessions/start status=409 elapsedMs=100
2026-07-02 01:20:50,094 INFO o.a.j.p.j.s.J.Full charging journey with SSE: [electrahub-jmeter][full][020] start skipped EH-US-CHG-0024/CON-US-0024 HTTP 409; trying next connector
2026-07-02 01:20:50,349 INFO o.a.j.p.j.s.J.Full charging journey with SSE: [electrahub-jmeter][full][019] step=start charging attempt 11
2026-07-02 01:20:50,414 INFO o.a.j.p.j.s.J.Full charging journey with SSE: [electrahub-jmeter][full][019] http POST /session/api/v1/sessions/start status=409 elapsedMs=64
2026-07-02 01:20:50,415 INFO o.a.j.p.j.s.J.Full charging journey with SSE: [electrahub-jmeter][full][019] start skipped EH-US-CHG-0029/CON-US-0029 HTTP 409; trying next connector
2026-07-02 01:20:51,000 INFO o.a.j.p.j.s.J.Full charging journey with SSE: [electrahub-jmeter][full][021] step=start charging attempt 3
2026-07-02 01:20:51,095 INFO o.a.j.p.j.s.J.Full charging journey with SSE: [electrahub-jmeter][full][020] step=start charging attempt 6
2026-07-02 01:20:51,105 INFO o.a.j.p.j.s.J.Full charging journey with SSE: [electrahub-jmeter][full][021] http POST /session/api/v1/sessions/start status=409 elapsedMs=103
2026-07-02 01:20:51,106 INFO o.a.j.p.j.s.J.Full charging journey with SSE: [electrahub-jmeter][full][021] start skipped EH-US-CHG-0023/CON-US-0023 HTTP 409; trying next connector
2026-07-02 01:20:51,178 INFO o.a.j.p.j.s.J.Full charging journey with SSE: [electrahub-jmeter][full][020] http POST /session/api/v1/sessions/start status=409 elapsedMs=82
2026-07-02 01:20:51,179 INFO o.a.j.p.j.s.J.Full charging journey with SSE: [electrahub-jmeter][full][020] start skipped EH-US-CHG-0025/CON-US-0025 HTTP 409; trying next connector
2026-07-02 01:20:51,416 INFO o.a.j.p.j.s.J.Full charging journey with SSE: [electrahub-jmeter][full][019] step=start charging attempt 12
2026-07-02 01:20:51,525 INFO o.a.j.p.j.s.J.Full charging journey with SSE: [electrahub-jmeter][full][019] http POST /session/api/v1/sessions/start status=409 elapsedMs=103
2026-07-02 01:20:51,526 INFO o.a.j.p.j.s.J.Full charging journey with SSE: [electrahub-jmeter][full][019] start skipped EH-US-CHG-0030/CON-US-0030 HTTP 409; trying next connector
2026-07-02 01:20:52,107 INFO o.a.j.p.j.s.J.Full charging journey with SSE: [electrahub-jmeter][full][021] step=start charging attempt 4
2026-07-02 01:20:52,180 INFO o.a.j.p.j.s.J.Full charging journey with SSE: [electrahub-jmeter][full][020] step=start charging attempt 7
2026-07-02 01:20:52,187 INFO o.a.j.p.j.s.J.Full charging journey with SSE: [electrahub-jmeter][full][021] http POST /session/api/v1/sessions/start status=409 elapsedMs=79
2026-07-02 01:20:52,187 INFO o.a.j.p.j.s.J.Full charging journey with SSE: [electrahub-jmeter][full][021] start skipped EH-US-CHG-0024/CON-US-0024 HTTP 409; trying next connector
2026-07-02 01:20:52,265 INFO o.a.j.p.j.s.J.Full charging journey with SSE: [electrahub-jmeter][full][020] http POST /session/api/v1/sessions/start status=409 elapsedMs=83
2026-07-02 01:20:52,265 INFO o.a.j.p.j.s.J.Full charging journey with SSE: [electrahub-jmeter][full][020] start skipped EH-US-CHG-0026/CON-US-0026 HTTP 409; trying next connector
2026-07-02 01:20:52,527 INFO o.a.j.p.j.s.J.Full charging journey with SSE: [electrahub-jmeter][full][019] step=start charging attempt 13
2026-07-02 01:20:52,598 INFO o.a.j.p.j.s.J.Full charging journey with SSE: [electrahub-jmeter][full][019] http POST /session/api/v1/sessions/start status=409 elapsedMs=70
2026-07-02 01:20:52,599 INFO o.a.j.p.j.s.J.Full charging journey with SSE: [electrahub-jmeter][full][019] start skipped EH-US-CHG-0031/CON-US-0031 HTTP 409; trying next connector
2026-07-02 01:20:53,188 INFO o.a.j.p.j.s.J.Full charging journey with SSE: [electrahub-jmeter][full][021] step=start charging attempt 5
2026-07-02 01:20:53,264 INFO o.a.j.p.j.s.J.Full charging journey with SSE: [electrahub-jmeter][full][021] http POST /session/api/v1/sessions/start status=409 elapsedMs=75
2026-07-02 01:20:53,265 INFO o.a.j.p.j.s.J.Full charging journey with SSE: [electrahub-jmeter][full][021] start skipped EH-US-CHG-0025/CON-US-0025 HTTP 409; trying next connector
2026-07-02 01:20:53,266 INFO o.a.j.p.j.s.J.Full charging journey with SSE: [electrahub-jmeter][full][020] step=start charging attempt 8
2026-07-02 01:20:53,345 INFO o.a.j.p.j.s.J.Full charging journey with SSE: [electrahub-jmeter][full][020] http POST /session/api/v1/sessions/start status=409 elapsedMs=78
2026-07-02 01:20:53,346 INFO o.a.j.p.j.s.J.Full charging journey with SSE: [electrahub-jmeter][full][020] start skipped EH-US-CHG-0027/CON-US-0027 HTTP 409; trying next connector
2026-07-02 01:20:53,503 INFO o.a.j.p.j.s.J.Full charging journey with SSE: [electrahub-jmeter][full][001] step=stop charging session
2026-07-02 01:20:53,600 INFO o.a.j.p.j.s.J.Full charging journey with SSE: [electrahub-jmeter][full][019] step=start charging attempt 14
2026-07-02 01:20:53,683 INFO o.a.j.t.JMeterThread: Thread started: 100 driver charging journeys 1-22
2026-07-02 01:20:53,688 INFO o.a.j.p.j.s.J.Full charging journey with SSE: [electrahub-jmeter][full][022] step=register
2026-07-02 01:20:53,953 INFO o.a.j.p.j.s.J.Full charging journey with SSE: [electrahub-jmeter][full][022] http POST /auth/api/auth/register status=200 elapsedMs=222
2026-07-02 01:20:53,955 INFO o.a.j.p.j.s.J.Full charging journey with SSE: [electrahub-jmeter][full][022] registered uid=65f72895-79d9-47a5-8fb0-1701897eddfa
2026-07-02 01:20:53,966 INFO o.a.j.p.j.s.J.Full charging journey with SSE: [electrahub-jmeter][full][022] step=payment state before setup
2026-07-02 01:20:53,986 INFO o.a.j.p.j.s.J.Full charging journey with SSE: [electrahub-jmeter][full][010] sse ok connected=1 snapshot=2 updates=35 receipts=0 heartbeats=0
2026-07-02 01:20:53,987 INFO o.a.j.p.j.s.J.Full charging journey with SSE: [electrahub-jmeter][full][010] holding session for 49s before stop
2026-07-02 01:20:53,988 INFO o.a.j.p.j.s.J.Full charging journey with SSE: [electrahub-jmeter][full][019] http POST /session/api/v1/sessions/start status=201 elapsedMs=386
2026-07-02 01:20:53,989 INFO o.a.j.p.j.s.J.Full charging journey with SSE: [electrahub-jmeter][full][019] started session=2386c7a1-02bc-49c1-b7dd-6fca8f3828ed charger=EH-US-CHG-0032/CON-US-0032 status=PREPARING remote=Accepted attempt=14/100
2026-07-02 01:20:53,989 INFO o.a.j.p.j.s.J.Full charging journey with SSE: [electrahub-jmeter][full][019] step=active sessions
2026-07-02 01:20:54,025 INFO o.a.j.p.j.s.J.Full charging journey with SSE: [electrahub-jmeter][full][022] http GET /payment/api/v1/payment/state status=451 elapsedMs=58
2026-07-02 01:20:54,026 INFO o.a.j.p.j.s.J.Full charging journey with SSE: [electrahub-jmeter][full][022] step=accept terms
2026-07-02 01:20:54,094 INFO o.a.j.p.j.s.J.Full charging journey with SSE: [electrahub-jmeter][full][022] http POST /auth/api/terms/accept status=201 elapsedMs=67
2026-07-02 01:20:54,095 INFO o.a.j.p.j.s.J.Full charging journey with SSE: [electrahub-jmeter][full][022] accepted terms; refreshing token through login
2026-07-02 01:20:54,095 INFO o.a.j.p.j.s.J.Full charging journey with SSE: [electrahub-jmeter][full][022] step=login
2026-07-02 01:20:54,262 INFO o.a.j.p.j.s.J.Full charging journey with SSE: [electrahub-jmeter][full][022] http POST /auth/api/auth/login status=200 elapsedMs=166
2026-07-02 01:20:54,262 INFO o.a.j.p.j.s.J.Full charging journey with SSE: [electrahub-jmeter][full][022] logged in uid=65f72895-79d9-47a5-8fb0-1701897eddfa
2026-07-02 01:20:54,263 INFO o.a.j.p.j.s.J.Full charging journey with SSE: [electrahub-jmeter][full][022] step=payment state after terms
2026-07-02 01:20:54,266 INFO o.a.j.p.j.s.J.Full charging journey with SSE: [electrahub-jmeter][full][021] step=start charging attempt 6
2026-07-02 01:20:54,342 INFO o.a.j.p.j.s.J.Full charging journey with SSE: [electrahub-jmeter][full][022] http GET /payment/api/v1/payment/state status=200 elapsedMs=78
2026-07-02 01:20:54,343 INFO o.a.j.p.j.s.J.Full charging journey with SSE: [electrahub-jmeter][full][022] step=add card
2026-07-02 01:20:54,347 INFO o.a.j.p.j.s.J.Full charging journey with SSE: [electrahub-jmeter][full][020] step=start charging attempt 9
2026-07-02 01:20:54,411 INFO o.a.j.p.j.s.J.Full charging journey with SSE: [electrahub-jmeter][full][021] http POST /session/api/v1/sessions/start status=409 elapsedMs=94
2026-07-02 01:20:54,411 INFO o.a.j.p.j.s.J.Full charging journey with SSE: [electrahub-jmeter][full][022] http POST /payment/api/v1/payment/cards status=201 elapsedMs=66
2026-07-02 01:20:54,412 INFO o.a.j.p.j.s.J.Full charging journey with SSE: [electrahub-jmeter][full][021] start skipped EH-US-CHG-0026/CON-US-0026 HTTP 409; trying next connector
2026-07-02 01:20:54,413 INFO o.a.j.p.j.s.J.Full charging journey with SSE: [electrahub-jmeter][full][022] step=wallet topup
2026-07-02 01:20:54,483 INFO o.a.j.p.j.s.J.Full charging journey with SSE: [electrahub-jmeter][full][022] http POST /payment/api/v1/payment/wallet/topups status=201 elapsedMs=68
2026-07-02 01:20:54,484 INFO o.a.j.p.j.s.J.Full charging journey with SSE: [electrahub-jmeter][full][022] step=payment state after setup
2026-07-02 01:20:54,486 INFO o.a.j.p.j.s.J.Full charging journey with SSE: [electrahub-jmeter][full][020] http POST /session/api/v1/sessions/start status=409 elapsedMs=84
2026-07-02 01:20:54,487 INFO o.a.j.p.j.s.J.Full charging journey with SSE: [electrahub-jmeter][full][020] start skipped EH-US-CHG-0028/CON-US-0028 HTTP 409; trying next connector
2026-07-02 01:20:54,544 INFO o.a.j.p.j.s.J.Full charging journey with SSE: [electrahub-jmeter][full][022] http GET /payment/api/v1/payment/state status=200 elapsedMs=59
2026-07-02 01:20:54,545 INFO o.a.j.p.j.s.J.Full charging journey with SSE: [electrahub-jmeter][full][022] payment ready wallet=120.00
2026-07-02 01:20:54,546 INFO o.a.j.p.j.s.J.Full charging journey with SSE: [electrahub-jmeter][full][022] step=charger graphql list
2026-07-02 01:20:54,665 INFO o.a.j.p.j.s.J.Full charging journey with SSE: [electrahub-jmeter][full][022] http POST /charger/graphql status=200 elapsedMs=117
2026-07-02 01:20:54,667 INFO o.a.j.p.j.s.J.Full charging journey with SSE: [electrahub-jmeter][full][022] dynamic connector selection found no available connector; using CSV connector
2026-07-02 01:20:54,667 INFO o.a.j.p.j.s.J.Full charging journey with SSE: [electrahub-jmeter][full][022] step=charger graphql view
2026-07-02 01:20:54,744 INFO o.a.j.p.j.s.J.Full charging journey with SSE: [electrahub-jmeter][full][022] http POST /charger/graphql status=200 elapsedMs=76
2026-07-02 01:20:54,745 INFO o.a.j.p.j.s.J.Full charging journey with SSE: [electrahub-jmeter][full][022] step=payment state before start
2026-07-02 01:20:54,801 INFO o.a.j.p.j.s.J.Full charging journey with SSE: [electrahub-jmeter][full][022] http GET /payment/api/v1/payment/state status=200 elapsedMs=55
2026-07-02 01:20:54,805 INFO o.a.j.p.j.s.J.Full charging journey with SSE: [electrahub-jmeter][full][022] using connector csv fallback attempts=100 startIndex=22/100
2026-07-02 01:20:54,806 INFO o.a.j.p.j.s.J.Full charging journey with SSE: [electrahub-jmeter][full][022] step=start charging attempt 1
2026-07-02 01:20:54,986 INFO o.a.j.p.j.s.J.Full charging journey with SSE: [electrahub-jmeter][full][019] http GET /session/api/v1/sessions/active status=200 elapsedMs=995
2026-07-02 01:20:55,098 INFO o.a.j.p.j.s.J.Full charging journey with SSE: [electrahub-jmeter][full][022] http POST /session/api/v1/sessions/start status=409 elapsedMs=292
2026-07-02 01:20:55,099 INFO o.a.j.p.j.s.J.Full charging journey with SSE: [electrahub-jmeter][full][022] start skipped EH-US-CHG-0022/CON-US-0022 HTTP 409; trying next connector
2026-07-02 01:20:55,414 INFO o.a.j.p.j.s.J.Full charging journey with SSE: [electrahub-jmeter][full][021] step=start charging attempt 7
2026-07-02 01:20:55,485 INFO o.a.j.p.j.s.J.Full charging journey with SSE: [electrahub-jmeter][full][021] http POST /session/api/v1/sessions/start status=409 elapsedMs=70
2026-07-02 01:20:55,486 INFO o.a.j.p.j.s.J.Full charging journey with SSE: [electrahub-jmeter][full][021] start skipped EH-US-CHG-0027/CON-US-0027 HTTP 409; trying next connector
2026-07-02 01:20:55,488 INFO o.a.j.p.j.s.J.Full charging journey with SSE: [electrahub-jmeter][full][020] step=start charging attempt 10
2026-07-02 01:20:55,564 INFO o.a.j.p.j.s.J.Full charging journey with SSE: [electrahub-jmeter][full][020] http POST /session/api/v1/sessions/start status=409 elapsedMs=75
2026-07-02 01:20:55,564 INFO o.a.j.p.j.s.J.Full charging journey with SSE: [electrahub-jmeter][full][020] start skipped EH-US-CHG-0029/CON-US-0029 HTTP 409; trying next connector
2026-07-02 01:20:56,100 INFO o.a.j.p.j.s.J.Full charging journey with SSE: [electrahub-jmeter][full][022] step=start charging attempt 2
2026-07-02 01:20:56,175 INFO o.a.j.p.j.s.J.Full charging journey with SSE: [electrahub-jmeter][full][022] http POST /session/api/v1/sessions/start status=409 elapsedMs=74
2026-07-02 01:20:56,175 INFO o.a.j.p.j.s.J.Full charging journey with SSE: [electrahub-jmeter][full][022] start skipped EH-US-CHG-0023/CON-US-0023 HTTP 409; trying next connector
2026-07-02 01:20:56,487 INFO o.a.j.p.j.s.J.Full charging journey with SSE: [electrahub-jmeter][full][021] step=start charging attempt 8
2026-07-02 01:20:56,566 INFO o.a.j.p.j.s.J.Full charging journey with SSE: [electrahub-jmeter][full][020] step=start charging attempt 11
2026-07-02 01:20:56,574 INFO o.a.j.p.j.s.J.Full charging journey with SSE: [electrahub-jmeter][full][021] http POST /session/api/v1/sessions/start status=409 elapsedMs=85
2026-07-02 01:20:56,575 INFO o.a.j.p.j.s.J.Full charging journey with SSE: [electrahub-jmeter][full][021] start skipped EH-US-CHG-0028/CON-US-0028 HTTP 409; trying next connector
2026-07-02 01:20:56,661 INFO o.a.j.p.j.s.J.Full charging journey with SSE: [electrahub-jmeter][full][020] http POST /session/api/v1/sessions/start status=409 elapsedMs=94
2026-07-02 01:20:56,662 INFO o.a.j.p.j.s.J.Full charging journey with SSE: [electrahub-jmeter][full][020] start skipped EH-US-CHG-0030/CON-US-0030 HTTP 409; trying next connector
2026-07-02 01:20:57,006 INFO o.a.j.p.j.s.J.Full charging journey with SSE: [electrahub-jmeter][full][001] http POST /session/api/v1/sessions/95ea233a-fc8e-409e-a540-fc5a6a9b4732/stop status=204 elapsedMs=3502
2026-07-02 01:20:57,008 INFO o.a.j.p.j.s.J.Full charging journey with SSE: [electrahub-jmeter][full][001] stop requested session=95ea233a-fc8e-409e-a540-fc5a6a9b4732
2026-07-02 01:20:57,009 INFO o.a.j.p.j.s.J.Full charging journey with SSE: [electrahub-jmeter][full][001] step=active sessions
2026-07-02 01:20:57,177 INFO o.a.j.p.j.s.J.Full charging journey with SSE: [electrahub-jmeter][full][022] step=start charging attempt 3
2026-07-02 01:20:57,255 INFO o.a.j.p.j.s.J.Full charging journey with SSE: [electrahub-jmeter][full][022] http POST /session/api/v1/sessions/start status=409 elapsedMs=77
2026-07-02 01:20:57,257 INFO o.a.j.p.j.s.J.Full charging journey with SSE: [electrahub-jmeter][full][022] start skipped EH-US-CHG-0024/CON-US-0024 HTTP 409; trying next connector
2026-07-02 01:20:57,576 INFO o.a.j.p.j.s.J.Full charging journey with SSE: [electrahub-jmeter][full][021] step=start charging attempt 9
2026-07-02 01:20:57,645 INFO o.a.j.p.j.s.J.Full charging journey with SSE: [electrahub-jmeter][full][021] http POST /session/api/v1/sessions/start status=409 elapsedMs=68
2026-07-02 01:20:57,646 INFO o.a.j.p.j.s.J.Full charging journey with SSE: [electrahub-jmeter][full][021] start skipped EH-US-CHG-0029/CON-US-0029 HTTP 409; trying next connector
2026-07-02 01:20:57,662 INFO o.a.j.p.j.s.J.Full charging journey with SSE: [electrahub-jmeter][full][020] step=start charging attempt 12
2026-07-02 01:20:57,733 INFO o.a.j.p.j.s.J.Full charging journey with SSE: [electrahub-jmeter][full][020] http POST /session/api/v1/sessions/start status=409 elapsedMs=69
2026-07-02 01:20:57,734 INFO o.a.j.p.j.s.J.Full charging journey with SSE: [electrahub-jmeter][full][020] start skipped EH-US-CHG-0031/CON-US-0031 HTTP 409; trying next connector
2026-07-02 01:20:58,011 INFO o.a.j.p.j.s.J.Full charging journey with SSE: [electrahub-jmeter][full][001] http GET /session/api/v1/sessions/active status=200 elapsedMs=1000
2026-07-02 01:20:58,258 INFO o.a.j.p.j.s.J.Full charging journey with SSE: [electrahub-jmeter][full][022] step=start charging attempt 4
2026-07-02 01:20:58,369 INFO o.a.j.p.j.s.J.Full charging journey with SSE: [electrahub-jmeter][full][022] http POST /session/api/v1/sessions/start status=409 elapsedMs=110
2026-07-02 01:20:58,370 INFO o.a.j.p.j.s.J.Full charging journey with SSE: [electrahub-jmeter][full][022] start skipped EH-US-CHG-0025/CON-US-0025 HTTP 409; trying next connector
2026-07-02 01:20:58,603 INFO o.a.j.p.j.s.J.Full charging journey with SSE: [electrahub-jmeter][full][002] step=stop charging session
2026-07-02 01:20:58,647 INFO o.a.j.p.j.s.J.Full charging journey with SSE: [electrahub-jmeter][full][021] step=start charging attempt 10
2026-07-02 01:20:58,721 INFO o.a.j.p.j.s.J.Full charging journey with SSE: [electrahub-jmeter][full][021] http POST /session/api/v1/sessions/start status=409 elapsedMs=73
2026-07-02 01:20:58,722 INFO o.a.j.p.j.s.J.Full charging journey with SSE: [electrahub-jmeter][full][021] start skipped EH-US-CHG-0030/CON-US-0030 HTTP 409; trying next connector
2026-07-02 01:20:58,734 INFO o.a.j.p.j.s.J.Full charging journey with SSE: [electrahub-jmeter][full][020] step=start charging attempt 13
2026-07-02 01:20:58,804 INFO o.a.j.p.j.s.J.Full charging journey with SSE: [electrahub-jmeter][full][020] http POST /session/api/v1/sessions/start status=409 elapsedMs=68
2026-07-02 01:20:58,805 INFO o.a.j.p.j.s.J.Full charging journey with SSE: [electrahub-jmeter][full][020] start skipped EH-US-CHG-0032/CON-US-0032 HTTP 409; trying next connector
2026-07-02 01:20:59,092 INFO o.a.j.p.j.s.J.Full charging journey with SSE: [electrahub-jmeter][full][011] sse ok connected=1 snapshot=2 updates=31 receipts=0 heartbeats=0
2026-07-02 01:20:59,093 INFO o.a.j.p.j.s.J.Full charging journey with SSE: [electrahub-jmeter][full][011] holding session for 49s before stop
2026-07-02 01:20:59,371 INFO o.a.j.p.j.s.J.Full charging journey with SSE: [electrahub-jmeter][full][022] step=start charging attempt 5
2026-07-02 01:20:59,458 INFO o.a.j.p.j.s.J.Full charging journey with SSE: [electrahub-jmeter][full][022] http POST /session/api/v1/sessions/start status=409 elapsedMs=86
2026-07-02 01:20:59,459 INFO o.a.j.p.j.s.J.Full charging journey with SSE: [electrahub-jmeter][full][022] start skipped EH-US-CHG-0026/CON-US-0026 HTTP 409; trying next connector
2026-07-02 01:20:59,683 INFO o.a.j.t.JMeterThread: Thread started: 100 driver charging journeys 1-23
2026-07-02 01:20:59,689 INFO o.a.j.p.j.s.J.Full charging journey with SSE: [electrahub-jmeter][full][023] step=register
2026-07-02 01:20:59,723 INFO o.a.j.p.j.s.J.Full charging journey with SSE: [electrahub-jmeter][full][021] step=start charging attempt 11
2026-07-02 01:20:59,793 INFO o.a.j.p.j.s.J.Full charging journey with SSE: [electrahub-jmeter][full][021] http POST /session/api/v1/sessions/start status=409 elapsedMs=69
2026-07-02 01:20:59,794 INFO o.a.j.p.j.s.J.Full charging journey with SSE: [electrahub-jmeter][full][021] start skipped EH-US-CHG-0031/CON-US-0031 HTTP 409; trying next connector
2026-07-02 01:20:59,806 INFO o.a.j.p.j.s.J.Full charging journey with SSE: [electrahub-jmeter][full][020] step=start charging attempt 14
2026-07-02 01:21:00,036 INFO o.a.j.p.j.s.J.Full charging journey with SSE: [electrahub-jmeter][full][020] http POST /session/api/v1/sessions/start status=201 elapsedMs=229
2026-07-02 01:21:00,037 INFO o.a.j.p.j.s.J.Full charging journey with SSE: [electrahub-jmeter][full][020] started session=0006889d-7463-453c-8234-ef03024132d4 charger=EH-US-CHG-0033/CON-US-0033 status=PREPARING remote=Accepted attempt=14/100
2026-07-02 01:21:00,037 INFO o.a.j.p.j.s.J.Full charging journey with SSE: [electrahub-jmeter][full][020] step=active sessions
2026-07-02 01:21:00,274 INFO o.a.j.p.j.s.J.Full charging journey with SSE: [electrahub-jmeter][full][023] http POST /auth/api/auth/register status=200 elapsedMs=585
2026-07-02 01:21:00,275 INFO o.a.j.p.j.s.J.Full charging journey with SSE: [electrahub-jmeter][full][023] registered uid=95638aab-be0d-4e8d-bc87-1d0d3d7d9227
2026-07-02 01:21:00,285 INFO o.a.j.p.j.s.J.Full charging journey with SSE: [electrahub-jmeter][full][023] step=payment state before setup
2026-07-02 01:21:00,350 INFO o.a.j.p.j.s.J.Full charging journey with SSE: [electrahub-jmeter][full][023] http GET /payment/api/v1/payment/state status=451 elapsedMs=63
2026-07-02 01:21:00,350 INFO o.a.j.p.j.s.J.Full charging journey with SSE: [electrahub-jmeter][full][023] step=accept terms
2026-07-02 01:21:00,454 INFO o.a.j.p.j.s.J.Full charging journey with SSE: [electrahub-jmeter][full][023] http POST /auth/api/terms/accept status=201 elapsedMs=103
2026-07-02 01:21:00,455 INFO o.a.j.p.j.s.J.Full charging journey with SSE: [electrahub-jmeter][full][023] accepted terms; refreshing token through login
2026-07-02 01:21:00,456 INFO o.a.j.p.j.s.J.Full charging journey with SSE: [electrahub-jmeter][full][023] step=login
2026-07-02 01:21:00,460 INFO o.a.j.p.j.s.J.Full charging journey with SSE: [electrahub-jmeter][full][022] step=start charging attempt 6
2026-07-02 01:21:00,589 INFO o.a.j.p.j.s.J.Full charging journey with SSE: [electrahub-jmeter][full][022] http POST /session/api/v1/sessions/start status=409 elapsedMs=84
2026-07-02 01:21:00,590 INFO o.a.j.p.j.s.J.Full charging journey with SSE: [electrahub-jmeter][full][022] start skipped EH-US-CHG-0027/CON-US-0027 HTTP 409; trying next connector
2026-07-02 01:21:00,657 INFO o.a.j.p.j.s.J.Full charging journey with SSE: [electrahub-jmeter][full][023] http POST /auth/api/auth/login status=200 elapsedMs=200
2026-07-02 01:21:00,658 INFO o.a.j.p.j.s.J.Full charging journey with SSE: [electrahub-jmeter][full][023] logged in uid=95638aab-be0d-4e8d-bc87-1d0d3d7d9227
2026-07-02 01:21:00,658 INFO o.a.j.p.j.s.J.Full charging journey with SSE: [electrahub-jmeter][full][023] step=payment state after terms
2026-07-02 01:21:00,720 INFO o.a.j.p.j.s.J.Full charging journey with SSE: [electrahub-jmeter][full][023] http GET /payment/api/v1/payment/state status=200 elapsedMs=61
2026-07-02 01:21:00,721 INFO o.a.j.p.j.s.J.Full charging journey with SSE: [electrahub-jmeter][full][023] step=add card
2026-07-02 01:21:00,795 INFO o.a.j.p.j.s.J.Full charging journey with SSE: [electrahub-jmeter][full][021] step=start charging attempt 12
2026-07-02 01:21:00,795 INFO o.a.j.p.j.s.J.Full charging journey with SSE: [electrahub-jmeter][full][023] http POST /payment/api/v1/payment/cards status=201 elapsedMs=73
2026-07-02 01:21:00,796 INFO o.a.j.p.j.s.J.Full charging journey with SSE: [electrahub-jmeter][full][023] step=wallet topup
2026-07-02 01:21:00,870 INFO o.a.j.p.j.s.J.Full charging journey with SSE: [electrahub-jmeter][full][023] http POST /payment/api/v1/payment/wallet/topups status=201 elapsedMs=73
2026-07-02 01:21:00,871 INFO o.a.j.p.j.s.J.Full charging journey with SSE: [electrahub-jmeter][full][023] step=payment state after setup
2026-07-02 01:21:00,882 INFO o.a.j.p.j.s.J.Full charging journey with SSE: [electrahub-jmeter][full][021] http POST /session/api/v1/sessions/start status=409 elapsedMs=86
2026-07-02 01:21:00,883 INFO o.a.j.p.j.s.J.Full charging journey with SSE: [electrahub-jmeter][full][021] start skipped EH-US-CHG-0032/CON-US-0032 HTTP 409; trying next connector
2026-07-02 01:21:00,940 INFO o.a.j.p.j.s.J.Full charging journey with SSE: [electrahub-jmeter][full][023] http GET /payment/api/v1/payment/state status=200 elapsedMs=68
2026-07-02 01:21:00,941 INFO o.a.j.p.j.s.J.Full charging journey with SSE: [electrahub-jmeter][full][023] payment ready wallet=120.00
2026-07-02 01:21:00,942 INFO o.a.j.p.j.s.J.Full charging journey with SSE: [electrahub-jmeter][full][023] step=charger graphql list
2026-07-02 01:21:01,047 INFO o.a.j.p.j.s.J.Full charging journey with SSE: [electrahub-jmeter][full][020] http GET /session/api/v1/sessions/active status=200 elapsedMs=1009
2026-07-02 01:21:01,049 INFO o.a.j.p.j.s.J.Full charging journey with SSE: [electrahub-jmeter][full][023] http POST /charger/graphql status=200 elapsedMs=106
2026-07-02 01:21:01,051 INFO o.a.j.p.j.s.J.Full charging journey with SSE: [electrahub-jmeter][full][023] dynamic connector selection found no available connector; using CSV connector
2026-07-02 01:21:01,058 INFO o.a.j.p.j.s.J.Full charging journey with SSE: [electrahub-jmeter][full][023] step=charger graphql view
2026-07-02 01:21:01,139 INFO o.a.j.p.j.s.J.Full charging journey with SSE: [electrahub-jmeter][full][023] http POST /charger/graphql status=200 elapsedMs=80
2026-07-02 01:21:01,140 INFO o.a.j.p.j.s.J.Full charging journey with SSE: [electrahub-jmeter][full][023] step=payment state before start
2026-07-02 01:21:01,203 INFO o.a.j.p.j.s.J.Full charging journey with SSE: [electrahub-jmeter][full][023] http GET /payment/api/v1/payment/state status=200 elapsedMs=62
2026-07-02 01:21:01,207 INFO o.a.j.p.j.s.J.Full charging journey with SSE: [electrahub-jmeter][full][023] using connector csv fallback attempts=100 startIndex=23/100
2026-07-02 01:21:01,208 INFO o.a.j.p.j.s.J.Full charging journey with SSE: [electrahub-jmeter][full][023] step=start charging attempt 1
2026-07-02 01:21:01,275 INFO o.a.j.p.j.s.J.Full charging journey with SSE: [electrahub-jmeter][full][023] http POST /session/api/v1/sessions/start status=409 elapsedMs=66
2026-07-02 01:21:01,276 INFO o.a.j.p.j.s.J.Full charging journey with SSE: [electrahub-jmeter][full][023] start skipped EH-US-CHG-0023/CON-US-0023 HTTP 409; trying next connector
2026-07-02 01:21:01,591 INFO o.a.j.p.j.s.J.Full charging journey with SSE: [electrahub-jmeter][full][022] step=start charging attempt 7
2026-07-02 01:21:01,663 INFO o.a.j.p.j.s.J.Full charging journey with SSE: [electrahub-jmeter][full][022] http POST /session/api/v1/sessions/start status=409 elapsedMs=71
2026-07-02 01:21:01,665 INFO o.a.j.p.j.s.J.Full charging journey with SSE: [electrahub-jmeter][full][022] start skipped EH-US-CHG-0028/CON-US-0028 HTTP 409; trying next connector
2026-07-02 01:21:01,884 INFO o.a.j.p.j.s.J.Full charging journey with SSE: [electrahub-jmeter][full][021] step=start charging attempt 13
2026-07-02 01:21:01,957 INFO o.a.j.p.j.s.J.Full charging journey with SSE: [electrahub-jmeter][full][021] http POST /session/api/v1/sessions/start status=409 elapsedMs=72
2026-07-02 01:21:01,958 INFO o.a.j.p.j.s.J.Full charging journey with SSE: [electrahub-jmeter][full][021] start skipped EH-US-CHG-0033/CON-US-0033 HTTP 409; trying next connector
2026-07-02 01:21:02,050 INFO o.a.j.p.j.s.J.Full charging journey with SSE: [electrahub-jmeter][full][002] http POST /session/api/v1/sessions/596b8f35-9039-41f7-9ac4-d7e9a0e1f605/stop status=204 elapsedMs=3446
2026-07-02 01:21:02,051 INFO o.a.j.p.j.s.J.Full charging journey with SSE: [electrahub-jmeter][full][002] stop requested session=596b8f35-9039-41f7-9ac4-d7e9a0e1f605
2026-07-02 01:21:02,051 INFO o.a.j.p.j.s.J.Full charging journey with SSE: [electrahub-jmeter][full][002] step=active sessions
2026-07-02 01:21:02,277 INFO o.a.j.p.j.s.J.Full charging journey with SSE: [electrahub-jmeter][full][023] step=start charging attempt 2
2026-07-02 01:21:02,346 INFO o.a.j.p.j.s.J.Full charging journey with SSE: [electrahub-jmeter][full][023] http POST /session/api/v1/sessions/start status=409 elapsedMs=67
2026-07-02 01:21:02,347 INFO o.a.j.p.j.s.J.Full charging journey with SSE: [electrahub-jmeter][full][023] start skipped EH-US-CHG-0024/CON-US-0024 HTTP 409; trying next connector
2026-07-02 01:21:02,666 INFO o.a.j.p.j.s.J.Full charging journey with SSE: [electrahub-jmeter][full][022] step=start charging attempt 8
2026-07-02 01:21:02,737 INFO o.a.j.p.j.s.J.Full charging journey with SSE: [electrahub-jmeter][full][022] http POST /session/api/v1/sessions/start status=409 elapsedMs=70
2026-07-02 01:21:02,738 INFO o.a.j.p.j.s.J.Full charging journey with SSE: [electrahub-jmeter][full][022] start skipped EH-US-CHG-0029/CON-US-0029 HTTP 409; trying next connector
2026-07-02 01:21:02,958 INFO o.a.j.p.j.s.J.Full charging journey with SSE: [electrahub-jmeter][full][021] step=start charging attempt 14
2026-07-02 01:21:03,012 INFO o.a.j.p.j.s.J.Full charging journey with SSE: [electrahub-jmeter][full][001] step=active sessions
2026-07-02 01:21:03,092 INFO o.a.j.p.j.s.J.Full charging journey with SSE: [electrahub-jmeter][full][002] http GET /session/api/v1/sessions/active status=200 elapsedMs=1040
2026-07-02 01:21:03,095 INFO o.a.j.p.j.s.J.Full charging journey with SSE: [electrahub-jmeter][full][001] http GET /session/api/v1/sessions/active status=200 elapsedMs=82
2026-07-02 01:21:03,097 INFO o.a.j.p.j.s.J.Full charging journey with SSE: [electrahub-jmeter][full][001] step=receipt
2026-07-02 01:21:03,190 INFO o.a.j.p.j.s.J.Full charging journey with SSE: [electrahub-jmeter][full][001] http GET /session/api/v1/sessions/95ea233a-fc8e-409e-a540-fc5a6a9b4732/receipt status=200 elapsedMs=92
2026-07-02 01:21:03,191 INFO o.a.j.p.j.s.J.Full charging journey with SSE: [electrahub-jmeter][full][001] step=session history
2026-07-02 01:21:03,286 INFO o.a.j.p.j.s.J.Full charging journey with SSE: [electrahub-jmeter][full][001] http GET /session/api/v1/sessions/history?page=0&size=10 status=200 elapsedMs=94
2026-07-02 01:21:03,288 INFO o.a.j.p.j.s.J.Full charging journey with SSE: [electrahub-jmeter][full][001] step=dashboard stats
2026-07-02 01:21:03,348 INFO o.a.j.p.j.s.J.Full charging journey with SSE: [electrahub-jmeter][full][023] step=start charging attempt 3
2026-07-02 01:21:03,359 INFO o.a.j.p.j.s.J.Full charging journey with SSE: [electrahub-jmeter][full][001] http GET /session/api/v1/sessions/dashboard-stats status=200 elapsedMs=71
2026-07-02 01:21:03,359 INFO o.a.j.p.j.s.J.Full charging journey with SSE: [electrahub-jmeter][full][001] receipt ok session=95ea233a-fc8e-409e-a540-fc5a6a9b4732 status=Completed total=1.8745
2026-07-02 01:21:03,382 INFO o.a.j.r.Summariser: summary +      1 in 00:02:16 =    0.0/s Avg: 127529 Min: 127529 Max: 127529 Err:     0 (0.00%) Active: 23 Started: 23 Finished: 0
2026-07-02 01:21:03,383 INFO o.a.j.t.JMeterThread: Thread is done: 100 driver charging journeys 1-1
2026-07-02 01:21:03,384 INFO o.a.j.t.JMeterThread: Thread finished: 100 driver charging journeys 1-1
2026-07-02 01:21:03,500 INFO o.a.j.p.j.s.J.Full charging journey with SSE: [electrahub-jmeter][full][023] http POST /session/api/v1/sessions/start status=409 elapsedMs=151
2026-07-02 01:21:03,501 INFO o.a.j.p.j.s.J.Full charging journey with SSE: [electrahub-jmeter][full][023] start skipped EH-US-CHG-0025/CON-US-0025 HTTP 409; trying next connector
2026-07-02 01:21:03,739 INFO o.a.j.p.j.s.J.Full charging journey with SSE: [electrahub-jmeter][full][022] step=start charging attempt 9
2026-07-02 01:21:03,826 INFO o.a.j.p.j.s.J.Full charging journey with SSE: [electrahub-jmeter][full][022] http POST /session/api/v1/sessions/start status=409 elapsedMs=86
2026-07-02 01:21:03,827 INFO o.a.j.p.j.s.J.Full charging journey with SSE: [electrahub-jmeter][full][022] start skipped EH-US-CHG-0030/CON-US-0030 HTTP 409; trying next connector
2026-07-02 01:21:04,157 INFO o.a.j.p.j.s.J.Full charging journey with SSE: [electrahub-jmeter][full][021] http POST /session/api/v1/sessions/start status=201 elapsedMs=1198
2026-07-02 01:21:04,158 INFO o.a.j.p.j.s.J.Full charging journey with SSE: [electrahub-jmeter][full][021] started session=9ccbf833-4d7d-4373-9e8f-4a7914c5c2e3 charger=EH-US-CHG-0034/CON-US-0034 status=PREPARING remote=Accepted attempt=14/100
2026-07-02 01:21:04,158 INFO o.a.j.p.j.s.J.Full charging journey with SSE: [electrahub-jmeter][full][021] step=active sessions
2026-07-02 01:21:04,502 INFO o.a.j.p.j.s.J.Full charging journey with SSE: [electrahub-jmeter][full][023] step=start charging attempt 4
2026-07-02 01:21:04,604 INFO o.a.j.p.j.s.J.Full charging journey with SSE: [electrahub-jmeter][full][023] http POST /session/api/v1/sessions/start status=409 elapsedMs=101
2026-07-02 01:21:04,606 INFO o.a.j.p.j.s.J.Full charging journey with SSE: [electrahub-jmeter][full][023] start skipped EH-US-CHG-0026/CON-US-0026 HTTP 409; trying next connector
2026-07-02 01:21:04,659 INFO o.a.j.p.j.s.J.Full charging journey with SSE: [electrahub-jmeter][full][003] step=stop charging session
2026-07-02 01:21:04,829 INFO o.a.j.p.j.s.J.Full charging journey with SSE: [electrahub-jmeter][full][022] step=start charging attempt 10
2026-07-02 01:21:04,909 INFO o.a.j.p.j.s.J.Full charging journey with SSE: [electrahub-jmeter][full][022] http POST /session/api/v1/sessions/start status=409 elapsedMs=77
2026-07-02 01:21:04,910 INFO o.a.j.p.j.s.J.Full charging journey with SSE: [electrahub-jmeter][full][022] start skipped EH-US-CHG-0031/CON-US-0031 HTTP 409; trying next connector
2026-07-02 01:21:05,092 INFO o.a.j.p.j.s.J.Full charging journey with SSE: [electrahub-jmeter][full][021] http GET /session/api/v1/sessions/active status=200 elapsedMs=933
2026-07-02 01:21:05,246 INFO o.a.j.p.j.s.J.Full charging journey with SSE: [electrahub-jmeter][full][012] sse ok connected=1 snapshot=2 updates=25 receipts=0 heartbeats=0
2026-07-02 01:21:05,247 INFO o.a.j.p.j.s.J.Full charging journey with SSE: [electrahub-jmeter][full][012] holding session for 49s before stop
2026-07-02 01:21:05,607 INFO o.a.j.p.j.s.J.Full charging journey with SSE: [electrahub-jmeter][full][023] step=start charging attempt 5
2026-07-02 01:21:05,682 INFO o.a.j.t.JMeterThread: Thread started: 100 driver charging journeys 1-24
2026-07-02 01:21:05,683 INFO o.a.j.p.j.s.J.Full charging journey with SSE: [electrahub-jmeter][full][023] http POST /session/api/v1/sessions/start status=409 elapsedMs=75
2026-07-02 01:21:05,684 INFO o.a.j.p.j.s.J.Full charging journey with SSE: [electrahub-jmeter][full][023] start skipped EH-US-CHG-0027/CON-US-0027 HTTP 409; trying next connector
2026-07-02 01:21:05,688 INFO o.a.j.p.j.s.J.Full charging journey with SSE: [electrahub-jmeter][full][024] step=register
2026-07-02 01:21:05,859 INFO o.a.j.p.j.s.J.Full charging journey with SSE: [electrahub-jmeter][full][024] http POST /auth/api/auth/register status=200 elapsedMs=171
2026-07-02 01:21:05,860 INFO o.a.j.p.j.s.J.Full charging journey with SSE: [electrahub-jmeter][full][024] registered uid=c99bf176-0ef8-4f26-b336-8e9c67b08cb1
2026-07-02 01:21:05,870 INFO o.a.j.p.j.s.J.Full charging journey with SSE: [electrahub-jmeter][full][024] step=payment state before setup
2026-07-02 01:21:05,911 INFO o.a.j.p.j.s.J.Full charging journey with SSE: [electrahub-jmeter][full][022] step=start charging attempt 11
2026-07-02 01:21:05,925 INFO o.a.j.p.j.s.J.Full charging journey with SSE: [electrahub-jmeter][full][024] http GET /payment/api/v1/payment/state status=451 elapsedMs=54
2026-07-02 01:21:05,926 INFO o.a.j.p.j.s.J.Full charging journey with SSE: [electrahub-jmeter][full][024] step=accept terms
2026-07-02 01:21:05,984 INFO o.a.j.p.j.s.J.Full charging journey with SSE: [electrahub-jmeter][full][024] http POST /auth/api/terms/accept status=201 elapsedMs=57
2026-07-02 01:21:05,984 INFO o.a.j.p.j.s.J.Full charging journey with SSE: [electrahub-jmeter][full][024] accepted terms; refreshing token through login
2026-07-02 01:21:05,985 INFO o.a.j.p.j.s.J.Full charging journey with SSE: [electrahub-jmeter][full][024] step=login
2026-07-02 01:21:06,045 INFO o.a.j.p.j.s.J.Full charging journey with SSE: [electrahub-jmeter][full][022] http POST /session/api/v1/sessions/start status=409 elapsedMs=84
2026-07-02 01:21:06,046 INFO o.a.j.p.j.s.J.Full charging journey with SSE: [electrahub-jmeter][full][022] start skipped EH-US-CHG-0032/CON-US-0032 HTTP 409; trying next connector
2026-07-02 01:21:06,132 INFO o.a.j.p.j.s.J.Full charging journey with SSE: [electrahub-jmeter][full][024] http POST /auth/api/auth/login status=200 elapsedMs=146
2026-07-02 01:21:06,133 INFO o.a.j.p.j.s.J.Full charging journey with SSE: [electrahub-jmeter][full][024] logged in uid=c99bf176-0ef8-4f26-b336-8e9c67b08cb1
2026-07-02 01:21:06,134 INFO o.a.j.p.j.s.J.Full charging journey with SSE: [electrahub-jmeter][full][024] step=payment state after terms
2026-07-02 01:21:06,204 INFO o.a.j.p.j.s.J.Full charging journey with SSE: [electrahub-jmeter][full][024] http GET /payment/api/v1/payment/state status=200 elapsedMs=70
2026-07-02 01:21:06,205 INFO o.a.j.p.j.s.J.Full charging journey with SSE: [electrahub-jmeter][full][024] step=add card
2026-07-02 01:21:06,270 INFO o.a.j.p.j.s.J.Full charging journey with SSE: [electrahub-jmeter][full][024] http POST /payment/api/v1/payment/cards status=201 elapsedMs=64
2026-07-02 01:21:06,270 INFO o.a.j.p.j.s.J.Full charging journey with SSE: [electrahub-jmeter][full][024] step=wallet topup
2026-07-02 01:21:06,333 INFO o.a.j.p.j.s.J.Full charging journey with SSE: [electrahub-jmeter][full][024] http POST /payment/api/v1/payment/wallet/topups status=201 elapsedMs=62
2026-07-02 01:21:06,333 INFO o.a.j.p.j.s.J.Full charging journey with SSE: [electrahub-jmeter][full][024] step=payment state after setup
2026-07-02 01:21:06,395 INFO o.a.j.p.j.s.J.Full charging journey with SSE: [electrahub-jmeter][full][024] http GET /payment/api/v1/payment/state status=200 elapsedMs=61
2026-07-02 01:21:06,396 INFO o.a.j.p.j.s.J.Full charging journey with SSE: [electrahub-jmeter][full][024] payment ready wallet=120.00
2026-07-02 01:21:06,397 INFO o.a.j.p.j.s.J.Full charging journey with SSE: [electrahub-jmeter][full][024] step=charger graphql list
2026-07-02 01:21:06,497 INFO o.a.j.p.j.s.J.Full charging journey with SSE: [electrahub-jmeter][full][024] http POST /charger/graphql status=200 elapsedMs=99
2026-07-02 01:21:06,499 INFO o.a.j.p.j.s.J.Full charging journey with SSE: [electrahub-jmeter][full][024] dynamic connector selection found no available connector; using CSV connector
2026-07-02 01:21:06,499 INFO o.a.j.p.j.s.J.Full charging journey with SSE: [electrahub-jmeter][full][024] step=charger graphql view
2026-07-02 01:21:06,565 INFO o.a.j.p.j.s.J.Full charging journey with SSE: [electrahub-jmeter][full][024] http POST /charger/graphql status=200 elapsedMs=65
2026-07-02 01:21:06,566 INFO o.a.j.p.j.s.J.Full charging journey with SSE: [electrahub-jmeter][full][024] step=payment state before start
2026-07-02 01:21:06,619 INFO o.a.j.p.j.s.J.Full charging journey with SSE: [electrahub-jmeter][full][024] http GET /payment/api/v1/payment/state status=200 elapsedMs=52
2026-07-02 01:21:06,623 INFO o.a.j.p.j.s.J.Full charging journey with SSE: [electrahub-jmeter][full][024] using connector csv fallback attempts=100 startIndex=24/100
2026-07-02 01:21:06,624 INFO o.a.j.p.j.s.J.Full charging journey with SSE: [electrahub-jmeter][full][024] step=start charging attempt 1
2026-07-02 01:21:06,685 INFO o.a.j.p.j.s.J.Full charging journey with SSE: [electrahub-jmeter][full][023] step=start charging attempt 6
2026-07-02 01:21:06,695 INFO o.a.j.p.j.s.J.Full charging journey with SSE: [electrahub-jmeter][full][024] http POST /session/api/v1/sessions/start status=409 elapsedMs=71
2026-07-02 01:21:06,695 INFO o.a.j.p.j.s.J.Full charging journey with SSE: [electrahub-jmeter][full][024] start skipped EH-US-CHG-0024/CON-US-0024 HTTP 409; trying next connector
2026-07-02 01:21:06,752 INFO o.a.j.p.j.s.J.Full charging journey with SSE: [electrahub-jmeter][full][023] http POST /session/api/v1/sessions/start status=409 elapsedMs=66
2026-07-02 01:21:06,753 INFO o.a.j.p.j.s.J.Full charging journey with SSE: [electrahub-jmeter][full][023] start skipped EH-US-CHG-0028/CON-US-0028 HTTP 409; trying next connector
2026-07-02 01:21:07,047 INFO o.a.j.p.j.s.J.Full charging journey with SSE: [electrahub-jmeter][full][022] step=start charging attempt 12
2026-07-02 01:21:07,129 INFO o.a.j.p.j.s.J.Full charging journey with SSE: [electrahub-jmeter][full][022] http POST /session/api/v1/sessions/start status=409 elapsedMs=81
2026-07-02 01:21:07,130 INFO o.a.j.p.j.s.J.Full charging journey with SSE: [electrahub-jmeter][full][022] start skipped EH-US-CHG-0033/CON-US-0033 HTTP 409; trying next connector
2026-07-02 01:21:07,696 INFO o.a.j.p.j.s.J.Full charging journey with SSE: [electrahub-jmeter][full][024] step=start charging attempt 2
2026-07-02 01:21:07,754 INFO o.a.j.p.j.s.J.Full charging journey with SSE: [electrahub-jmeter][full][023] step=start charging attempt 7
2026-07-02 01:21:07,765 INFO o.a.j.p.j.s.J.Full charging journey with SSE: [electrahub-jmeter][full][024] http POST /session/api/v1/sessions/start status=409 elapsedMs=68
2026-07-02 01:21:07,766 INFO o.a.j.p.j.s.J.Full charging journey with SSE: [electrahub-jmeter][full][024] start skipped EH-US-CHG-0025/CON-US-0025 HTTP 409; trying next connector
2026-07-02 01:21:07,818 INFO o.a.j.p.j.s.J.Full charging journey with SSE: [electrahub-jmeter][full][023] http POST /session/api/v1/sessions/start status=409 elapsedMs=63
2026-07-02 01:21:07,819 INFO o.a.j.p.j.s.J.Full charging journey with SSE: [electrahub-jmeter][full][023] start skipped EH-US-CHG-0029/CON-US-0029 HTTP 409; trying next connector
2026-07-02 01:21:08,093 INFO o.a.j.p.j.s.J.Full charging journey with SSE: [electrahub-jmeter][full][002] step=active sessions
2026-07-02 01:21:08,126 INFO o.a.j.p.j.s.J.Full charging journey with SSE: [electrahub-jmeter][full][003] http POST /session/api/v1/sessions/93802c52-76e3-41f9-9adc-5c2e195be18b/stop status=204 elapsedMs=3466
2026-07-02 01:21:08,127 INFO o.a.j.p.j.s.J.Full charging journey with SSE: [electrahub-jmeter][full][003] stop requested session=93802c52-76e3-41f9-9adc-5c2e195be18b
2026-07-02 01:21:08,128 INFO o.a.j.p.j.s.J.Full charging journey with SSE: [electrahub-jmeter][full][003] step=active sessions
2026-07-02 01:21:08,130 INFO o.a.j.p.j.s.J.Full charging journey with SSE: [electrahub-jmeter][full][022] step=start charging attempt 13
2026-07-02 01:21:08,187 INFO o.a.j.p.j.s.J.Full charging journey with SSE: [electrahub-jmeter][full][002] http GET /session/api/v1/sessions/active status=200 elapsedMs=93
2026-07-02 01:21:08,188 INFO o.a.j.p.j.s.J.Full charging journey with SSE: [electrahub-jmeter][full][002] step=receipt
2026-07-02 01:21:08,239 INFO o.a.j.p.j.s.J.Full charging journey with SSE: [electrahub-jmeter][full][022] http POST /session/api/v1/sessions/start status=409 elapsedMs=108
2026-07-02 01:21:08,240 INFO o.a.j.p.j.s.J.Full charging journey with SSE: [electrahub-jmeter][full][022] start skipped EH-US-CHG-0034/CON-US-0034 HTTP 409; trying next connector
2026-07-02 01:21:08,254 INFO o.a.j.p.j.s.J.Full charging journey with SSE: [electrahub-jmeter][full][002] http GET /session/api/v1/sessions/596b8f35-9039-41f7-9ac4-d7e9a0e1f605/receipt status=200 elapsedMs=66
2026-07-02 01:21:08,255 INFO o.a.j.p.j.s.J.Full charging journey with SSE: [electrahub-jmeter][full][002] step=session history
2026-07-02 01:21:08,313 INFO o.a.j.p.j.s.J.Full charging journey with SSE: [electrahub-jmeter][full][002] http GET /session/api/v1/sessions/history?page=0&size=10 status=200 elapsedMs=57
2026-07-02 01:21:08,314 INFO o.a.j.p.j.s.J.Full charging journey with SSE: [electrahub-jmeter][full][002] step=dashboard stats
2026-07-02 01:21:08,369 INFO o.a.j.p.j.s.J.Full charging journey with SSE: [electrahub-jmeter][full][002] http GET /session/api/v1/sessions/dashboard-stats status=200 elapsedMs=54
2026-07-02 01:21:08,370 INFO o.a.j.p.j.s.J.Full charging journey with SSE: [electrahub-jmeter][full][002] receipt ok session=596b8f35-9039-41f7-9ac4-d7e9a0e1f605 status=Completed total=1.8753
2026-07-02 01:21:08,372 INFO o.a.j.t.JMeterThread: Thread is done: 100 driver charging journeys 1-2
2026-07-02 01:21:08,372 INFO o.a.j.t.JMeterThread: Thread finished: 100 driver charging journeys 1-2
2026-07-02 01:21:08,767 INFO o.a.j.p.j.s.J.Full charging journey with SSE: [electrahub-jmeter][full][024] step=start charging attempt 3
2026-07-02 01:21:08,820 INFO o.a.j.p.j.s.J.Full charging journey with SSE: [electrahub-jmeter][full][023] step=start charging attempt 8
2026-07-02 01:21:08,828 INFO o.a.j.p.j.s.J.Full charging journey with SSE: [electrahub-jmeter][full][024] http POST /session/api/v1/sessions/start status=409 elapsedMs=60
2026-07-02 01:21:08,829 INFO o.a.j.p.j.s.J.Full charging journey with SSE: [electrahub-jmeter][full][024] start skipped EH-US-CHG-0026/CON-US-0026 HTTP 409; trying next connector
2026-07-02 01:21:08,889 INFO o.a.j.p.j.s.J.Full charging journey with SSE: [electrahub-jmeter][full][023] http POST /session/api/v1/sessions/start status=409 elapsedMs=68
2026-07-02 01:21:08,890 INFO o.a.j.p.j.s.J.Full charging journey with SSE: [electrahub-jmeter][full][023] start skipped EH-US-CHG-0030/CON-US-0030 HTTP 409; trying next connector
2026-07-02 01:21:09,141 INFO o.a.j.p.j.s.J.Full charging journey with SSE: [electrahub-jmeter][full][003] http GET /session/api/v1/sessions/active status=200 elapsedMs=1012
2026-07-02 01:21:09,241 INFO o.a.j.p.j.s.J.Full charging journey with SSE: [electrahub-jmeter][full][022] step=start charging attempt 14
2026-07-02 01:21:09,314 INFO o.a.j.p.j.s.J.Full charging journey with SSE: [electrahub-jmeter][full][022] http POST /session/api/v1/sessions/start status=409 elapsedMs=72
2026-07-02 01:21:09,315 INFO o.a.j.p.j.s.J.Full charging journey with SSE: [electrahub-jmeter][full][022] start skipped EH-US-CHG-0035/CON-US-0035 HTTP 409; trying next connector
2026-07-02 01:21:09,687 INFO o.a.j.p.j.s.J.Full charging journey with SSE: [electrahub-jmeter][full][004] step=stop charging session
2026-07-02 01:21:09,830 INFO o.a.j.p.j.s.J.Full charging journey with SSE: [electrahub-jmeter][full][024] step=start charging attempt 4
2026-07-02 01:21:09,891 INFO o.a.j.p.j.s.J.Full charging journey with SSE: [electrahub-jmeter][full][023] step=start charging attempt 9
2026-07-02 01:21:09,898 INFO o.a.j.p.j.s.J.Full charging journey with SSE: [electrahub-jmeter][full][024] http POST /session/api/v1/sessions/start status=409 elapsedMs=66
2026-07-02 01:21:09,899 INFO o.a.j.p.j.s.J.Full charging journey with SSE: [electrahub-jmeter][full][024] start skipped EH-US-CHG-0027/CON-US-0027 HTTP 409; trying next connector
2026-07-02 01:21:09,968 INFO o.a.j.p.j.s.J.Full charging journey with SSE: [electrahub-jmeter][full][023] http POST /session/api/v1/sessions/start status=409 elapsedMs=76
2026-07-02 01:21:09,969 INFO o.a.j.p.j.s.J.Full charging journey with SSE: [electrahub-jmeter][full][023] start skipped EH-US-CHG-0031/CON-US-0031 HTTP 409; trying next connector
2026-07-02 01:21:10,316 INFO o.a.j.p.j.s.J.Full charging journey with SSE: [electrahub-jmeter][full][022] step=start charging attempt 15
2026-07-02 01:21:10,391 INFO o.a.j.p.j.s.J.Full charging journey with SSE: [electrahub-jmeter][full][022] http POST /session/api/v1/sessions/start status=409 elapsedMs=74
2026-07-02 01:21:10,392 INFO o.a.j.p.j.s.J.Full charging journey with SSE: [electrahub-jmeter][full][022] start skipped EH-US-CHG-0036/CON-US-0036 HTTP 409; trying next connector
2026-07-02 01:21:10,900 INFO o.a.j.p.j.s.J.Full charging journey with SSE: [electrahub-jmeter][full][024] step=start charging attempt 5
2026-07-02 01:21:10,970 INFO o.a.j.p.j.s.J.Full charging journey with SSE: [electrahub-jmeter][full][024] http POST /session/api/v1/sessions/start status=409 elapsedMs=69
2026-07-02 01:21:10,970 INFO o.a.j.p.j.s.J.Full charging journey with SSE: [electrahub-jmeter][full][023] step=start charging attempt 10
2026-07-02 01:21:10,971 INFO o.a.j.p.j.s.J.Full charging journey with SSE: [electrahub-jmeter][full][024] start skipped EH-US-CHG-0028/CON-US-0028 HTTP 409; trying next connector
2026-07-02 01:21:11,045 INFO o.a.j.p.j.s.J.Full charging journey with SSE: [electrahub-jmeter][full][023] http POST /session/api/v1/sessions/start status=409 elapsedMs=74
2026-07-02 01:21:11,046 INFO o.a.j.p.j.s.J.Full charging journey with SSE: [electrahub-jmeter][full][023] start skipped EH-US-CHG-0032/CON-US-0032 HTTP 409; trying next connector
2026-07-02 01:21:11,393 INFO o.a.j.p.j.s.J.Full charging journey with SSE: [electrahub-jmeter][full][022] step=start charging attempt 16
2026-07-02 01:21:11,682 INFO o.a.j.t.JMeterThread: Thread started: 100 driver charging journeys 1-25
2026-07-02 01:21:11,689 INFO o.a.j.p.j.s.J.Full charging journey with SSE: [electrahub-jmeter][full][025] step=register
2026-07-02 01:21:11,844 INFO o.a.j.p.j.s.J.Full charging journey with SSE: [electrahub-jmeter][full][025] http POST /auth/api/auth/register status=200 elapsedMs=154
2026-07-02 01:21:11,845 INFO o.a.j.p.j.s.J.Full charging journey with SSE: [electrahub-jmeter][full][025] registered uid=094ac81c-93f3-4a91-be36-cc711f644e70
2026-07-02 01:21:11,855 INFO o.a.j.p.j.s.J.Full charging journey with SSE: [electrahub-jmeter][full][025] step=payment state before setup
2026-07-02 01:21:11,908 INFO o.a.j.p.j.s.J.Full charging journey with SSE: [electrahub-jmeter][full][025] http GET /payment/api/v1/payment/state status=451 elapsedMs=52
2026-07-02 01:21:11,909 INFO o.a.j.p.j.s.J.Full charging journey with SSE: [electrahub-jmeter][full][025] step=accept terms
2026-07-02 01:21:11,972 INFO o.a.j.p.j.s.J.Full charging journey with SSE: [electrahub-jmeter][full][024] step=start charging attempt 6
2026-07-02 01:21:11,988 INFO o.a.j.p.j.s.J.Full charging journey with SSE: [electrahub-jmeter][full][025] http POST /auth/api/terms/accept status=201 elapsedMs=78
2026-07-02 01:21:11,989 INFO o.a.j.p.j.s.J.Full charging journey with SSE: [electrahub-jmeter][full][025] accepted terms; refreshing token through login
2026-07-02 01:21:11,990 INFO o.a.j.p.j.s.J.Full charging journey with SSE: [electrahub-jmeter][full][025] step=login
2026-07-02 01:21:12,047 INFO o.a.j.p.j.s.J.Full charging journey with SSE: [electrahub-jmeter][full][023] step=start charging attempt 11
2026-07-02 01:21:12,096 INFO o.a.j.p.j.s.J.Full charging journey with SSE: [electrahub-jmeter][full][024] http POST /session/api/v1/sessions/start status=409 elapsedMs=79
2026-07-02 01:21:12,097 INFO o.a.j.p.j.s.J.Full charging journey with SSE: [electrahub-jmeter][full][024] start skipped EH-US-CHG-0029/CON-US-0029 HTTP 409; trying next connector
2026-07-02 01:21:12,133 INFO o.a.j.p.j.s.J.Full charging journey with SSE: [electrahub-jmeter][full][025] http POST /auth/api/auth/login status=200 elapsedMs=143
2026-07-02 01:21:12,134 INFO o.a.j.p.j.s.J.Full charging journey with SSE: [electrahub-jmeter][full][025] logged in uid=094ac81c-93f3-4a91-be36-cc711f644e70
2026-07-02 01:21:12,134 INFO o.a.j.p.j.s.J.Full charging journey with SSE: [electrahub-jmeter][full][025] step=payment state after terms
2026-07-02 01:21:12,171 INFO o.a.j.p.j.s.J.Full charging journey with SSE: [electrahub-jmeter][full][023] http POST /session/api/v1/sessions/start status=409 elapsedMs=74
2026-07-02 01:21:12,172 INFO o.a.j.p.j.s.J.Full charging journey with SSE: [electrahub-jmeter][full][023] start skipped EH-US-CHG-0033/CON-US-0033 HTTP 409; trying next connector
2026-07-02 01:21:12,173 INFO o.a.j.p.j.s.J.Full charging journey with SSE: [electrahub-jmeter][full][013] sse ok connected=1 snapshot=2 updates=29 receipts=0 heartbeats=0
2026-07-02 01:21:12,174 INFO o.a.j.p.j.s.J.Full charging journey with SSE: [electrahub-jmeter][full][013] holding session for 48s before stop
2026-07-02 01:21:12,196 INFO o.a.j.p.j.s.J.Full charging journey with SSE: [electrahub-jmeter][full][022] http POST /session/api/v1/sessions/start status=201 elapsedMs=801
2026-07-02 01:21:12,196 INFO o.a.j.p.j.s.J.Full charging journey with SSE: [electrahub-jmeter][full][022] started session=4bb5fa1d-4548-49b1-bc3d-558b7c6e7ecb charger=EH-US-CHG-0037/CON-US-0037 status=PREPARING remote=Accepted attempt=16/100
2026-07-02 01:21:12,197 INFO o.a.j.p.j.s.J.Full charging journey with SSE: [electrahub-jmeter][full][022] step=active sessions
2026-07-02 01:21:12,201 INFO o.a.j.p.j.s.J.Full charging journey with SSE: [electrahub-jmeter][full][025] http GET /payment/api/v1/payment/state status=200 elapsedMs=66
2026-07-02 01:21:12,202 INFO o.a.j.p.j.s.J.Full charging journey with SSE: [electrahub-jmeter][full][025] step=add card
2026-07-02 01:21:12,262 INFO o.a.j.p.j.s.J.Full charging journey with SSE: [electrahub-jmeter][full][025] http POST /payment/api/v1/payment/cards status=201 elapsedMs=59
2026-07-02 01:21:12,263 INFO o.a.j.p.j.s.J.Full charging journey with SSE: [electrahub-jmeter][full][025] step=wallet topup
2026-07-02 01:21:12,322 INFO o.a.j.p.j.s.J.Full charging journey with SSE: [electrahub-jmeter][full][025] http POST /payment/api/v1/payment/wallet/topups status=201 elapsedMs=57
2026-07-02 01:21:12,323 INFO o.a.j.p.j.s.J.Full charging journey with SSE: [electrahub-jmeter][full][025] step=payment state after setup
2026-07-02 01:21:12,381 INFO o.a.j.p.j.s.J.Full charging journey with SSE: [electrahub-jmeter][full][025] http GET /payment/api/v1/payment/state status=200 elapsedMs=57
2026-07-02 01:21:12,382 INFO o.a.j.p.j.s.J.Full charging journey with SSE: [electrahub-jmeter][full][025] payment ready wallet=120.00
2026-07-02 01:21:12,383 INFO o.a.j.p.j.s.J.Full charging journey with SSE: [electrahub-jmeter][full][025] step=charger graphql list
2026-07-02 01:21:12,548 INFO o.a.j.p.j.s.J.Full charging journey with SSE: [electrahub-jmeter][full][025] http POST /charger/graphql status=200 elapsedMs=164
2026-07-02 01:21:12,549 INFO o.a.j.p.j.s.J.Full charging journey with SSE: [electrahub-jmeter][full][025] dynamic connector selection found no available connector; using CSV connector
2026-07-02 01:21:12,550 INFO o.a.j.p.j.s.J.Full charging journey with SSE: [electrahub-jmeter][full][025] step=charger graphql view
2026-07-02 01:21:12,900 INFO o.a.j.p.j.s.J.Full charging journey with SSE: [electrahub-jmeter][full][025] http POST /charger/graphql status=200 elapsedMs=349
2026-07-02 01:21:12,901 INFO o.a.j.p.j.s.J.Full charging journey with SSE: [electrahub-jmeter][full][025] step=payment state before start
2026-07-02 01:21:12,956 INFO o.a.j.p.j.s.J.Full charging journey with SSE: [electrahub-jmeter][full][025] http GET /payment/api/v1/payment/state status=200 elapsedMs=55
2026-07-02 01:21:12,960 INFO o.a.j.p.j.s.J.Full charging journey with SSE: [electrahub-jmeter][full][025] using connector csv fallback attempts=100 startIndex=25/100
2026-07-02 01:21:12,965 INFO o.a.j.p.j.s.J.Full charging journey with SSE: [electrahub-jmeter][full][025] step=start charging attempt 1
2026-07-02 01:21:13,040 INFO o.a.j.p.j.s.J.Full charging journey with SSE: [electrahub-jmeter][full][025] http POST /session/api/v1/sessions/start status=409 elapsedMs=74
2026-07-02 01:21:13,041 INFO o.a.j.p.j.s.J.Full charging journey with SSE: [electrahub-jmeter][full][025] start skipped EH-US-CHG-0025/CON-US-0025 HTTP 409; trying next connector
2026-07-02 01:21:13,098 INFO o.a.j.p.j.s.J.Full charging journey with SSE: [electrahub-jmeter][full][024] step=start charging attempt 7
2026-07-02 01:21:13,173 INFO o.a.j.p.j.s.J.Full charging journey with SSE: [electrahub-jmeter][full][023] step=start charging attempt 12
2026-07-02 01:21:13,175 INFO o.a.j.p.j.s.J.Full charging journey with SSE: [electrahub-jmeter][full][024] http POST /session/api/v1/sessions/start status=409 elapsedMs=76
2026-07-02 01:21:13,176 INFO o.a.j.p.j.s.J.Full charging journey with SSE: [electrahub-jmeter][full][024] start skipped EH-US-CHG-0030/CON-US-0030 HTTP 409; trying next connector
2026-07-02 01:21:13,190 INFO o.a.j.p.j.s.J.Full charging journey with SSE: [electrahub-jmeter][full][022] http GET /session/api/v1/sessions/active status=200 elapsedMs=992
2026-07-02 01:21:13,192 INFO o.a.j.p.j.s.J.Full charging journey with SSE: [electrahub-jmeter][full][004] http POST /session/api/v1/sessions/313870e6-ecb6-4f80-8d04-2422f20dbe9a/stop status=204 elapsedMs=3504
2026-07-02 01:21:13,192 INFO o.a.j.p.j.s.J.Full charging journey with SSE: [electrahub-jmeter][full][004] stop requested session=313870e6-ecb6-4f80-8d04-2422f20dbe9a
2026-07-02 01:21:13,193 INFO o.a.j.p.j.s.J.Full charging journey with SSE: [electrahub-jmeter][full][004] step=active sessions
2026-07-02 01:21:13,292 INFO o.a.j.p.j.s.J.Full charging journey with SSE: [electrahub-jmeter][full][023] http POST /session/api/v1/sessions/start status=409 elapsedMs=118
2026-07-02 01:21:13,293 INFO o.a.j.p.j.s.J.Full charging journey with SSE: [electrahub-jmeter][full][023] start skipped EH-US-CHG-0034/CON-US-0034 HTTP 409; trying next connector
2026-07-02 01:21:14,043 INFO o.a.j.p.j.s.J.Full charging journey with SSE: [electrahub-jmeter][full][025] step=start charging attempt 2
2026-07-02 01:21:14,142 INFO o.a.j.p.j.s.J.Full charging journey with SSE: [electrahub-jmeter][full][003] step=active sessions
2026-07-02 01:21:14,173 INFO o.a.j.p.j.s.J.Full charging journey with SSE: [electrahub-jmeter][full][025] http POST /session/api/v1/sessions/start status=409 elapsedMs=129
2026-07-02 01:21:14,174 INFO o.a.j.p.j.s.J.Full charging journey with SSE: [electrahub-jmeter][full][025] start skipped EH-US-CHG-0026/CON-US-0026 HTTP 409; trying next connector
2026-07-02 01:21:14,177 INFO o.a.j.p.j.s.J.Full charging journey with SSE: [electrahub-jmeter][full][024] step=start charging attempt 8
2026-07-02 01:21:14,260 INFO o.a.j.p.j.s.J.Full charging journey with SSE: [electrahub-jmeter][full][004] http GET /session/api/v1/sessions/active status=200 elapsedMs=1066
2026-07-02 01:21:14,294 INFO o.a.j.p.j.s.J.Full charging journey with SSE: [electrahub-jmeter][full][023] step=start charging attempt 13
2026-07-02 01:21:14,365 INFO o.a.j.p.j.s.J.Full charging journey with SSE: [electrahub-jmeter][full][003] http GET /session/api/v1/sessions/active status=200 elapsedMs=222
2026-07-02 01:21:14,366 INFO o.a.j.p.j.s.J.Full charging journey with SSE: [electrahub-jmeter][full][003] step=receipt
2026-07-02 01:21:14,458 INFO o.a.j.p.j.s.J.Full charging journey with SSE: [electrahub-jmeter][full][024] http POST /session/api/v1/sessions/start status=409 elapsedMs=278
2026-07-02 01:21:14,458 INFO o.a.j.p.j.s.J.Full charging journey with SSE: [electrahub-jmeter][full][003] http GET /session/api/v1/sessions/93802c52-76e3-41f9-9adc-5c2e195be18b/receipt status=200 elapsedMs=92
2026-07-02 01:21:14,459 INFO o.a.j.p.j.s.J.Full charging journey with SSE: [electrahub-jmeter][full][024] start skipped EH-US-CHG-0031/CON-US-0031 HTTP 409; trying next connector
2026-07-02 01:21:14,459 INFO o.a.j.p.j.s.J.Full charging journey with SSE: [electrahub-jmeter][full][003] step=session history
2026-07-02 01:21:14,463 INFO o.a.j.p.j.s.J.Full charging journey with SSE: [electrahub-jmeter][full][023] http POST /session/api/v1/sessions/start status=409 elapsedMs=168
2026-07-02 01:21:14,464 INFO o.a.j.p.j.s.J.Full charging journey with SSE: [electrahub-jmeter][full][023] start skipped EH-US-CHG-0035/CON-US-0035 HTTP 409; trying next connector
2026-07-02 01:21:14,515 INFO o.a.j.p.j.s.J.Full charging journey with SSE: [electrahub-jmeter][full][003] http GET /session/api/v1/sessions/history?page=0&size=10 status=200 elapsedMs=55
2026-07-02 01:21:14,516 INFO o.a.j.p.j.s.J.Full charging journey with SSE: [electrahub-jmeter][full][003] step=dashboard stats
2026-07-02 01:21:14,577 INFO o.a.j.p.j.s.J.Full charging journey with SSE: [electrahub-jmeter][full][003] http GET /session/api/v1/sessions/dashboard-stats status=200 elapsedMs=60
2026-07-02 01:21:14,578 INFO o.a.j.p.j.s.J.Full charging journey with SSE: [electrahub-jmeter][full][003] receipt ok session=93802c52-76e3-41f9-9adc-5c2e195be18b status=Completed total=1.8753
2026-07-02 01:21:14,579 INFO o.a.j.t.JMeterThread: Thread is done: 100 driver charging journeys 1-3
2026-07-02 01:21:14,580 INFO o.a.j.t.JMeterThread: Thread finished: 100 driver charging journeys 1-3
2026-07-02 01:21:14,728 INFO o.a.j.p.j.s.J.Full charging journey with SSE: [electrahub-jmeter][full][005] step=stop charging session
2026-07-02 01:21:15,175 INFO o.a.j.p.j.s.J.Full charging journey with SSE: [electrahub-jmeter][full][025] step=start charging attempt 3
2026-07-02 01:21:15,290 INFO o.a.j.p.j.s.J.Full charging journey with SSE: [electrahub-jmeter][full][025] http POST /session/api/v1/sessions/start status=409 elapsedMs=114
2026-07-02 01:21:15,291 INFO o.a.j.p.j.s.J.Full charging journey with SSE: [electrahub-jmeter][full][025] start skipped EH-US-CHG-0027/CON-US-0027 HTTP 409; trying next connector
2026-07-02 01:21:15,460 INFO o.a.j.p.j.s.J.Full charging journey with SSE: [electrahub-jmeter][full][024] step=start charging attempt 9
2026-07-02 01:21:15,464 INFO o.a.j.p.j.s.J.Full charging journey with SSE: [electrahub-jmeter][full][023] step=start charging attempt 14
2026-07-02 01:21:15,527 INFO o.a.j.p.j.s.J.Full charging journey with SSE: [electrahub-jmeter][full][024] http POST /session/api/v1/sessions/start status=409 elapsedMs=66
2026-07-02 01:21:15,527 INFO o.a.j.p.j.s.J.Full charging journey with SSE: [electrahub-jmeter][full][023] http POST /session/api/v1/sessions/start status=409 elapsedMs=62
2026-07-02 01:21:15,528 INFO o.a.j.p.j.s.J.Full charging journey with SSE: [electrahub-jmeter][full][024] start skipped EH-US-CHG-0032/CON-US-0032 HTTP 409; trying next connector
2026-07-02 01:21:15,528 INFO o.a.j.p.j.s.J.Full charging journey with SSE: [electrahub-jmeter][full][023] start skipped EH-US-CHG-0036/CON-US-0036 HTTP 409; trying next connector
2026-07-02 01:21:16,292 INFO o.a.j.p.j.s.J.Full charging journey with SSE: [electrahub-jmeter][full][025] step=start charging attempt 4
2026-07-02 01:21:16,389 INFO o.a.j.p.j.s.J.Full charging journey with SSE: [electrahub-jmeter][full][025] http POST /session/api/v1/sessions/start status=409 elapsedMs=95
2026-07-02 01:21:16,389 INFO o.a.j.p.j.s.J.Full charging journey with SSE: [electrahub-jmeter][full][025] start skipped EH-US-CHG-0028/CON-US-0028 HTTP 409; trying next connector
2026-07-02 01:21:16,529 INFO o.a.j.p.j.s.J.Full charging journey with SSE: [electrahub-jmeter][full][024] step=start charging attempt 10
2026-07-02 01:21:16,530 INFO o.a.j.p.j.s.J.Full charging journey with SSE: [electrahub-jmeter][full][023] step=start charging attempt 15
2026-07-02 01:21:16,602 INFO o.a.j.p.j.s.J.Full charging journey with SSE: [electrahub-jmeter][full][023] http POST /session/api/v1/sessions/start status=409 elapsedMs=71
2026-07-02 01:21:16,602 INFO o.a.j.p.j.s.J.Full charging journey with SSE: [electrahub-jmeter][full][024] http POST /session/api/v1/sessions/start status=409 elapsedMs=72
2026-07-02 01:21:16,602 INFO o.a.j.p.j.s.J.Full charging journey with SSE: [electrahub-jmeter][full][023] start skipped EH-US-CHG-0037/CON-US-0037 HTTP 409; trying next connector
2026-07-02 01:21:16,603 INFO o.a.j.p.j.s.J.Full charging journey with SSE: [electrahub-jmeter][full][024] start skipped EH-US-CHG-0033/CON-US-0033 HTTP 409; trying next connector
2026-07-02 01:21:17,999 INFO o.a.j.t.JMeterThread: Thread started: 100 driver charging journeys 1-26
2026-07-02 01:21:18,004 INFO o.a.j.p.j.s.J.Full charging journey with SSE: [electrahub-jmeter][full][026] step=register
2026-07-02 01:21:18,222 INFO o.a.j.p.j.s.J.Full charging journey with SSE: [electrahub-jmeter][full][026] http POST /auth/api/auth/register status=200 elapsedMs=217
2026-07-02 01:21:18,223 INFO o.a.j.p.j.s.J.Full charging journey with SSE: [electrahub-jmeter][full][026] registered uid=eada4be9-d9ac-4a7c-aba0-57214030f039
2026-07-02 01:21:18,232 INFO o.a.j.p.j.s.J.Full charging journey with SSE: [electrahub-jmeter][full][026] step=payment state before setup
2026-07-02 01:21:18,288 INFO o.a.j.p.j.s.J.Full charging journey with SSE: [electrahub-jmeter][full][026] http GET /payment/api/v1/payment/state status=451 elapsedMs=55
2026-07-02 01:21:18,289 INFO o.a.j.p.j.s.J.Full charging journey with SSE: [electrahub-jmeter][full][026] step=accept terms
2026-07-02 01:21:18,356 INFO o.a.j.p.j.s.J.Full charging journey with SSE: [electrahub-jmeter][full][026] http POST /auth/api/terms/accept status=201 elapsedMs=66
2026-07-02 01:21:18,357 INFO o.a.j.p.j.s.J.Full charging journey with SSE: [electrahub-jmeter][full][026] accepted terms; refreshing token through login
2026-07-02 01:21:18,357 INFO o.a.j.p.j.s.J.Full charging journey with SSE: [electrahub-jmeter][full][026] step=login
2026-07-02 01:21:18,504 INFO o.a.j.p.j.s.J.Full charging journey with SSE: [electrahub-jmeter][full][026] http POST /auth/api/auth/login status=200 elapsedMs=145
2026-07-02 01:21:18,505 INFO o.a.j.p.j.s.J.Full charging journey with SSE: [electrahub-jmeter][full][026] logged in uid=eada4be9-d9ac-4a7c-aba0-57214030f039
2026-07-02 01:21:18,506 INFO o.a.j.p.j.s.J.Full charging journey with SSE: [electrahub-jmeter][full][026] step=payment state after terms
2026-07-02 01:21:18,560 INFO o.a.j.p.j.s.J.Full charging journey with SSE: [electrahub-jmeter][full][025] step=start charging attempt 5
2026-07-02 01:21:18,568 INFO o.a.j.p.j.s.J.Full charging journey with SSE: [electrahub-jmeter][full][026] http GET /payment/api/v1/payment/state status=200 elapsedMs=62
2026-07-02 01:21:18,568 INFO o.a.j.p.j.s.J.Full charging journey with SSE: [electrahub-jmeter][full][026] step=add card
2026-07-02 01:21:18,636 INFO o.a.j.p.j.s.J.Full charging journey with SSE: [electrahub-jmeter][full][025] http POST /session/api/v1/sessions/start status=409 elapsedMs=75
2026-07-02 01:21:18,636 INFO o.a.j.p.j.s.J.Full charging journey with SSE: [electrahub-jmeter][full][026] http POST /payment/api/v1/payment/cards status=201 elapsedMs=67
2026-07-02 01:21:18,637 INFO o.a.j.p.j.s.J.Full charging journey with SSE: [electrahub-jmeter][full][025] start skipped EH-US-CHG-0029/CON-US-0029 HTTP 409; trying next connector
2026-07-02 01:21:18,637 INFO o.a.j.p.j.s.J.Full charging journey with SSE: [electrahub-jmeter][full][026] step=wallet topup
2026-07-02 01:21:18,696 INFO o.a.j.p.j.s.J.Full charging journey with SSE: [electrahub-jmeter][full][026] http POST /payment/api/v1/payment/wallet/topups status=201 elapsedMs=58
2026-07-02 01:21:18,697 INFO o.a.j.p.j.s.J.Full charging journey with SSE: [electrahub-jmeter][full][026] step=payment state after setup
2026-07-02 01:21:18,756 INFO o.a.j.p.j.s.J.Full charging journey with SSE: [electrahub-jmeter][full][026] http GET /payment/api/v1/payment/state status=200 elapsedMs=59
2026-07-02 01:21:18,757 INFO o.a.j.p.j.s.J.Full charging journey with SSE: [electrahub-jmeter][full][026] payment ready wallet=120.00
2026-07-02 01:21:18,758 INFO o.a.j.p.j.s.J.Full charging journey with SSE: [electrahub-jmeter][full][026] step=charger graphql list
2026-07-02 01:21:18,773 INFO o.a.j.p.j.s.J.Full charging journey with SSE: [electrahub-jmeter][full][023] step=start charging attempt 16
2026-07-02 01:21:18,773 INFO o.a.j.p.j.s.J.Full charging journey with SSE: [electrahub-jmeter][full][024] step=start charging attempt 11
2026-07-02 01:21:18,868 INFO o.a.j.p.j.s.J.Full charging journey with SSE: [electrahub-jmeter][full][023] http POST /session/api/v1/sessions/start status=409 elapsedMs=94
2026-07-02 01:21:18,868 INFO o.a.j.p.j.s.J.Full charging journey with SSE: [electrahub-jmeter][full][026] http POST /charger/graphql status=200 elapsedMs=110
2026-07-02 01:21:18,868 INFO o.a.j.p.j.s.J.Full charging journey with SSE: [electrahub-jmeter][full][023] start skipped EH-US-CHG-0038/CON-US-0038 HTTP 409; trying next connector
2026-07-02 01:21:18,870 INFO o.a.j.p.j.s.J.Full charging journey with SSE: [electrahub-jmeter][full][026] dynamic connector selection found no available connector; using CSV connector
2026-07-02 01:21:18,871 INFO o.a.j.p.j.s.J.Full charging journey with SSE: [electrahub-jmeter][full][026] step=charger graphql view
2026-07-02 01:21:18,919 INFO o.a.j.p.j.s.J.Full charging journey with SSE: [electrahub-jmeter][full][024] http POST /session/api/v1/sessions/start status=409 elapsedMs=90
2026-07-02 01:21:18,920 INFO o.a.j.p.j.s.J.Full charging journey with SSE: [electrahub-jmeter][full][024] start skipped EH-US-CHG-0034/CON-US-0034 HTTP 409; trying next connector
2026-07-02 01:21:18,947 INFO o.a.j.p.j.s.J.Full charging journey with SSE: [electrahub-jmeter][full][026] http POST /charger/graphql status=200 elapsedMs=75
2026-07-02 01:21:18,948 INFO o.a.j.p.j.s.J.Full charging journey with SSE: [electrahub-jmeter][full][026] step=payment state before start
2026-07-02 01:21:19,008 INFO o.a.j.p.j.s.J.Full charging journey with SSE: [electrahub-jmeter][full][026] http GET /payment/api/v1/payment/state status=200 elapsedMs=60
2026-07-02 01:21:19,011 INFO o.a.j.p.j.s.J.Full charging journey with SSE: [electrahub-jmeter][full][026] using connector csv fallback attempts=100 startIndex=26/100
2026-07-02 01:21:19,011 INFO o.a.j.p.j.s.J.Full charging journey with SSE: [electrahub-jmeter][full][026] step=start charging attempt 1
2026-07-02 01:21:19,134 INFO o.a.j.p.j.s.J.Full charging journey with SSE: [electrahub-jmeter][full][026] http POST /session/api/v1/sessions/start status=409 elapsedMs=122
2026-07-02 01:21:19,135 INFO o.a.j.p.j.s.J.Full charging journey with SSE: [electrahub-jmeter][full][026] start skipped EH-US-CHG-0026/CON-US-0026 HTTP 409; trying next connector
2026-07-02 01:21:19,400 INFO o.a.j.p.j.s.J.Full charging journey with SSE: [electrahub-jmeter][full][005] http POST /session/api/v1/sessions/8591bd5b-e5c8-4bf5-a109-a822b6e8494b/stop status=204 elapsedMs=4671
2026-07-02 01:21:19,401 INFO o.a.j.p.j.s.J.Full charging journey with SSE: [electrahub-jmeter][full][005] stop requested session=8591bd5b-e5c8-4bf5-a109-a822b6e8494b
2026-07-02 01:21:19,402 INFO o.a.j.p.j.s.J.Full charging journey with SSE: [electrahub-jmeter][full][005] step=active sessions
2026-07-02 01:21:19,402 INFO o.a.j.p.j.s.J.Full charging journey with SSE: [electrahub-jmeter][full][014] sse ok connected=1 snapshot=2 updates=29 receipts=0 heartbeats=0
2026-07-02 01:21:19,404 INFO o.a.j.p.j.s.J.Full charging journey with SSE: [electrahub-jmeter][full][014] holding session for 47s before stop
2026-07-02 01:21:19,461 INFO o.a.j.p.j.s.J.Full charging journey with SSE: [electrahub-jmeter][full][005] http GET /session/api/v1/sessions/active status=200 elapsedMs=57
2026-07-02 01:21:19,462 INFO o.a.j.p.j.s.J.Full charging journey with SSE: [electrahub-jmeter][full][005] step=receipt
2026-07-02 01:21:19,528 INFO o.a.j.p.j.s.J.Full charging journey with SSE: [electrahub-jmeter][full][005] http GET /session/api/v1/sessions/8591bd5b-e5c8-4bf5-a109-a822b6e8494b/receipt status=200 elapsedMs=66
2026-07-02 01:21:19,529 INFO o.a.j.p.j.s.J.Full charging journey with SSE: [electrahub-jmeter][full][005] step=session history
2026-07-02 01:21:19,589 INFO o.a.j.p.j.s.J.Full charging journey with SSE: [electrahub-jmeter][full][005] http GET /session/api/v1/sessions/history?page=0&size=10 status=200 elapsedMs=60
2026-07-02 01:21:19,590 INFO o.a.j.p.j.s.J.Full charging journey with SSE: [electrahub-jmeter][full][005] step=dashboard stats
2026-07-02 01:21:19,638 INFO o.a.j.p.j.s.J.Full charging journey with SSE: [electrahub-jmeter][full][025] step=start charging attempt 6
2026-07-02 01:21:19,659 INFO o.a.j.p.j.s.J.Full charging journey with SSE: [electrahub-jmeter][full][005] http GET /session/api/v1/sessions/dashboard-stats status=200 elapsedMs=68
2026-07-02 01:21:19,660 INFO o.a.j.p.j.s.J.Full charging journey with SSE: [electrahub-jmeter][full][005] receipt ok session=8591bd5b-e5c8-4bf5-a109-a822b6e8494b status=In Progress total=1.867
2026-07-02 01:21:19,661 INFO o.a.j.t.JMeterThread: Thread is done: 100 driver charging journeys 1-5
2026-07-02 01:21:19,662 INFO o.a.j.t.JMeterThread: Thread finished: 100 driver charging journeys 1-5
2026-07-02 01:21:19,705 INFO o.a.j.p.j.s.J.Full charging journey with SSE: [electrahub-jmeter][full][025] http POST /session/api/v1/sessions/start status=409 elapsedMs=65
2026-07-02 01:21:19,706 INFO o.a.j.p.j.s.J.Full charging journey with SSE: [electrahub-jmeter][full][025] start skipped EH-US-CHG-0030/CON-US-0030 HTTP 409; trying next connector
2026-07-02 01:21:19,870 INFO o.a.j.p.j.s.J.Full charging journey with SSE: [electrahub-jmeter][full][023] step=start charging attempt 17
2026-07-02 01:21:19,921 INFO o.a.j.p.j.s.J.Full charging journey with SSE: [electrahub-jmeter][full][024] step=start charging attempt 12
2026-07-02 01:21:19,955 INFO o.a.j.p.j.s.J.Full charging journey with SSE: [electrahub-jmeter][full][023] http POST /session/api/v1/sessions/start status=409 elapsedMs=84
2026-07-02 01:21:19,956 INFO o.a.j.p.j.s.J.Full charging journey with SSE: [electrahub-jmeter][full][023] start skipped EH-US-CHG-0039/CON-US-0039 HTTP 409; trying next connector
2026-07-02 01:21:19,994 INFO o.a.j.p.j.s.J.Full charging journey with SSE: [electrahub-jmeter][full][024] http POST /session/api/v1/sessions/start status=409 elapsedMs=72
2026-07-02 01:21:19,995 INFO o.a.j.p.j.s.J.Full charging journey with SSE: [electrahub-jmeter][full][024] start skipped EH-US-CHG-0035/CON-US-0035 HTTP 409; trying next connector
2026-07-02 01:21:20,136 INFO o.a.j.p.j.s.J.Full charging journey with SSE: [electrahub-jmeter][full][026] step=start charging attempt 2
2026-07-02 01:21:20,211 INFO o.a.j.p.j.s.J.Full charging journey with SSE: [electrahub-jmeter][full][026] http POST /session/api/v1/sessions/start status=409 elapsedMs=74
2026-07-02 01:21:20,212 INFO o.a.j.p.j.s.J.Full charging journey with SSE: [electrahub-jmeter][full][026] start skipped EH-US-CHG-0027/CON-US-0027 HTTP 409; trying next connector
2026-07-02 01:21:20,431 INFO o.a.j.p.j.s.J.Full charging journey with SSE: [electrahub-jmeter][full][004] step=active sessions
2026-07-02 01:21:20,493 INFO o.a.j.p.j.s.J.Full charging journey with SSE: [electrahub-jmeter][full][004] http GET /session/api/v1/sessions/active status=200 elapsedMs=62
2026-07-02 01:21:20,494 INFO o.a.j.p.j.s.J.Full charging journey with SSE: [electrahub-jmeter][full][004] step=receipt
2026-07-02 01:21:20,560 INFO o.a.j.p.j.s.J.Full charging journey with SSE: [electrahub-jmeter][full][004] http GET /session/api/v1/sessions/313870e6-ecb6-4f80-8d04-2422f20dbe9a/receipt status=200 elapsedMs=65
2026-07-02 01:21:20,561 INFO o.a.j.p.j.s.J.Full charging journey with SSE: [electrahub-jmeter][full][004] step=session history
2026-07-02 01:21:20,622 INFO o.a.j.p.j.s.J.Full charging journey with SSE: [electrahub-jmeter][full][004] http GET /session/api/v1/sessions/history?page=0&size=10 status=200 elapsedMs=60
2026-07-02 01:21:20,622 INFO o.a.j.p.j.s.J.Full charging journey with SSE: [electrahub-jmeter][full][004] step=dashboard stats
2026-07-02 01:21:20,689 INFO o.a.j.p.j.s.J.Full charging journey with SSE: [electrahub-jmeter][full][004] http GET /session/api/v1/sessions/dashboard-stats status=200 elapsedMs=66
2026-07-02 01:21:20,690 INFO o.a.j.p.j.s.J.Full charging journey with SSE: [electrahub-jmeter][full][004] receipt ok session=313870e6-ecb6-4f80-8d04-2422f20dbe9a status=Completed total=1.8745
2026-07-02 01:21:20,691 INFO o.a.j.t.JMeterThread: Thread is done: 100 driver charging journeys 1-4
2026-07-02 01:21:20,692 INFO o.a.j.t.JMeterThread: Thread finished: 100 driver charging journeys 1-4
2026-07-02 01:21:20,707 INFO o.a.j.p.j.s.J.Full charging journey with SSE: [electrahub-jmeter][full][025] step=start charging attempt 7
2026-07-02 01:21:20,770 INFO o.a.j.p.j.s.J.Full charging journey with SSE: [electrahub-jmeter][full][025] http POST /session/api/v1/sessions/start status=409 elapsedMs=62
2026-07-02 01:21:20,771 INFO o.a.j.p.j.s.J.Full charging journey with SSE: [electrahub-jmeter][full][025] start skipped EH-US-CHG-0031/CON-US-0031 HTTP 409; trying next connector
2026-07-02 01:21:20,956 INFO o.a.j.p.j.s.J.Full charging journey with SSE: [electrahub-jmeter][full][023] step=start charging attempt 18
2026-07-02 01:21:20,997 INFO o.a.j.p.j.s.J.Full charging journey with SSE: [electrahub-jmeter][full][024] step=start charging attempt 13
2026-07-02 01:21:21,074 INFO o.a.j.p.j.s.J.Full charging journey with SSE: [electrahub-jmeter][full][024] http POST /session/api/v1/sessions/start status=409 elapsedMs=76
2026-07-02 01:21:21,075 INFO o.a.j.p.j.s.J.Full charging journey with SSE: [electrahub-jmeter][full][024] start skipped EH-US-CHG-0036/CON-US-0036 HTTP 409; trying next connector
2026-07-02 01:21:21,212 INFO o.a.j.p.j.s.J.Full charging journey with SSE: [electrahub-jmeter][full][026] step=start charging attempt 3
2026-07-02 01:21:21,278 INFO o.a.j.p.j.s.J.Full charging journey with SSE: [electrahub-jmeter][full][026] http POST /session/api/v1/sessions/start status=409 elapsedMs=64
2026-07-02 01:21:21,279 INFO o.a.j.p.j.s.J.Full charging journey with SSE: [electrahub-jmeter][full][026] start skipped EH-US-CHG-0028/CON-US-0028 HTTP 409; trying next connector
2026-07-02 01:21:21,426 INFO o.a.j.p.j.s.J.Full charging journey with SSE: [electrahub-jmeter][full][023] http POST /session/api/v1/sessions/start status=201 elapsedMs=469
2026-07-02 01:21:21,427 INFO o.a.j.p.j.s.J.Full charging journey with SSE: [electrahub-jmeter][full][023] started session=b3deafcf-d623-4669-a416-b09f1ce98065 charger=EH-US-CHG-0040/CON-US-0040 status=PREPARING remote=Accepted attempt=18/100
2026-07-02 01:21:21,427 INFO o.a.j.p.j.s.J.Full charging journey with SSE: [electrahub-jmeter][full][023] step=active sessions
2026-07-02 01:21:21,772 INFO o.a.j.p.j.s.J.Full charging journey with SSE: [electrahub-jmeter][full][025] step=start charging attempt 8
2026-07-02 01:21:21,844 INFO o.a.j.p.j.s.J.Full charging journey with SSE: [electrahub-jmeter][full][025] http POST /session/api/v1/sessions/start status=409 elapsedMs=71
2026-07-02 01:21:21,845 INFO o.a.j.p.j.s.J.Full charging journey with SSE: [electrahub-jmeter][full][025] start skipped EH-US-CHG-0032/CON-US-0032 HTTP 409; trying next connector
2026-07-02 01:21:21,953 INFO o.a.j.p.j.s.J.Full charging journey with SSE: [electrahub-jmeter][full][006] step=stop charging session
2026-07-02 01:21:22,076 INFO o.a.j.p.j.s.J.Full charging journey with SSE: [electrahub-jmeter][full][024] step=start charging attempt 14
2026-07-02 01:21:22,147 INFO o.a.j.p.j.s.J.Full charging journey with SSE: [electrahub-jmeter][full][024] http POST /session/api/v1/sessions/start status=409 elapsedMs=70
2026-07-02 01:21:22,148 INFO o.a.j.p.j.s.J.Full charging journey with SSE: [electrahub-jmeter][full][024] start skipped EH-US-CHG-0037/CON-US-0037 HTTP 409; trying next connector
2026-07-02 01:21:22,280 INFO o.a.j.p.j.s.J.Full charging journey with SSE: [electrahub-jmeter][full][026] step=start charging attempt 4
2026-07-02 01:21:22,355 INFO o.a.j.p.j.s.J.Full charging journey with SSE: [electrahub-jmeter][full][026] http POST /session/api/v1/sessions/start status=409 elapsedMs=75
2026-07-02 01:21:22,356 INFO o.a.j.p.j.s.J.Full charging journey with SSE: [electrahub-jmeter][full][026] start skipped EH-US-CHG-0029/CON-US-0029 HTTP 409; trying next connector
2026-07-02 01:21:22,429 INFO o.a.j.p.j.s.J.Full charging journey with SSE: [electrahub-jmeter][full][023] http GET /session/api/v1/sessions/active status=200 elapsedMs=1001
2026-07-02 01:21:22,846 INFO o.a.j.p.j.s.J.Full charging journey with SSE: [electrahub-jmeter][full][025] step=start charging attempt 9
2026-07-02 01:21:22,924 INFO o.a.j.p.j.s.J.Full charging journey with SSE: [electrahub-jmeter][full][025] http POST /session/api/v1/sessions/start status=409 elapsedMs=77
2026-07-02 01:21:22,924 INFO o.a.j.p.j.s.J.Full charging journey with SSE: [electrahub-jmeter][full][025] start skipped EH-US-CHG-0033/CON-US-0033 HTTP 409; trying next connector
2026-07-02 01:21:23,149 INFO o.a.j.p.j.s.J.Full charging journey with SSE: [electrahub-jmeter][full][024] step=start charging attempt 15
2026-07-02 01:21:23,219 INFO o.a.j.p.j.s.J.Full charging journey with SSE: [electrahub-jmeter][full][024] http POST /session/api/v1/sessions/start status=409 elapsedMs=69
2026-07-02 01:21:23,220 INFO o.a.j.p.j.s.J.Full charging journey with SSE: [electrahub-jmeter][full][024] start skipped EH-US-CHG-0038/CON-US-0038 HTTP 409; trying next connector
2026-07-02 01:21:23,356 INFO o.a.j.p.j.s.J.Full charging journey with SSE: [electrahub-jmeter][full][026] step=start charging attempt 5
2026-07-02 01:21:23,429 INFO o.a.j.p.j.s.J.Full charging journey with SSE: [electrahub-jmeter][full][026] http POST /session/api/v1/sessions/start status=409 elapsedMs=71
2026-07-02 01:21:23,430 INFO o.a.j.p.j.s.J.Full charging journey with SSE: [electrahub-jmeter][full][026] start skipped EH-US-CHG-0030/CON-US-0030 HTTP 409; trying next connector
2026-07-02 01:21:23,682 INFO o.a.j.t.JMeterThread: Thread started: 100 driver charging journeys 1-27
2026-07-02 01:21:23,688 INFO o.a.j.p.j.s.J.Full charging journey with SSE: [electrahub-jmeter][full][027] step=register
2026-07-02 01:21:23,846 INFO o.a.j.p.j.s.J.Full charging journey with SSE: [electrahub-jmeter][full][027] http POST /auth/api/auth/register status=200 elapsedMs=157
2026-07-02 01:21:23,847 INFO o.a.j.p.j.s.J.Full charging journey with SSE: [electrahub-jmeter][full][027] registered uid=e039f4a1-1742-4400-855c-b0927b67d74b
2026-07-02 01:21:23,854 INFO o.a.j.p.j.s.J.Full charging journey with SSE: [electrahub-jmeter][full][027] step=payment state before setup
2026-07-02 01:21:23,915 INFO o.a.j.p.j.s.J.Full charging journey with SSE: [electrahub-jmeter][full][027] http GET /payment/api/v1/payment/state status=451 elapsedMs=60
2026-07-02 01:21:23,917 INFO o.a.j.p.j.s.J.Full charging journey with SSE: [electrahub-jmeter][full][027] step=accept terms
2026-07-02 01:21:23,925 INFO o.a.j.p.j.s.J.Full charging journey with SSE: [electrahub-jmeter][full][025] step=start charging attempt 10
2026-07-02 01:21:23,975 INFO o.a.j.p.j.s.J.Full charging journey with SSE: [electrahub-jmeter][full][027] http POST /auth/api/terms/accept status=201 elapsedMs=57
2026-07-02 01:21:23,976 INFO o.a.j.p.j.s.J.Full charging journey with SSE: [electrahub-jmeter][full][027] accepted terms; refreshing token through login
2026-07-02 01:21:23,977 INFO o.a.j.p.j.s.J.Full charging journey with SSE: [electrahub-jmeter][full][027] step=login
2026-07-02 01:21:24,062 INFO o.a.j.p.j.s.J.Full charging journey with SSE: [electrahub-jmeter][full][025] http POST /session/api/v1/sessions/start status=409 elapsedMs=83
2026-07-02 01:21:24,063 INFO o.a.j.p.j.s.J.Full charging journey with SSE: [electrahub-jmeter][full][025] start skipped EH-US-CHG-0034/CON-US-0034 HTTP 409; trying next connector
2026-07-02 01:21:24,129 INFO o.a.j.p.j.s.J.Full charging journey with SSE: [electrahub-jmeter][full][027] http POST /auth/api/auth/login status=200 elapsedMs=152
2026-07-02 01:21:24,130 INFO o.a.j.p.j.s.J.Full charging journey with SSE: [electrahub-jmeter][full][027] logged in uid=e039f4a1-1742-4400-855c-b0927b67d74b
2026-07-02 01:21:24,130 INFO o.a.j.p.j.s.J.Full charging journey with SSE: [electrahub-jmeter][full][027] step=payment state after terms
2026-07-02 01:21:24,186 INFO o.a.j.p.j.s.J.Full charging journey with SSE: [electrahub-jmeter][full][027] http GET /payment/api/v1/payment/state status=200 elapsedMs=54
2026-07-02 01:21:24,186 INFO o.a.j.p.j.s.J.Full charging journey with SSE: [electrahub-jmeter][full][027] step=add card
2026-07-02 01:21:24,221 INFO o.a.j.p.j.s.J.Full charging journey with SSE: [electrahub-jmeter][full][024] step=start charging attempt 16
2026-07-02 01:21:24,253 INFO o.a.j.p.j.s.J.Full charging journey with SSE: [electrahub-jmeter][full][027] http POST /payment/api/v1/payment/cards status=201 elapsedMs=66
2026-07-02 01:21:24,254 INFO o.a.j.p.j.s.J.Full charging journey with SSE: [electrahub-jmeter][full][027] step=wallet topup
2026-07-02 01:21:24,299 INFO o.a.j.p.j.s.J.Full charging journey with SSE: [electrahub-jmeter][full][024] http POST /session/api/v1/sessions/start status=409 elapsedMs=77
2026-07-02 01:21:24,299 INFO o.a.j.p.j.s.J.Full charging journey with SSE: [electrahub-jmeter][full][024] start skipped EH-US-CHG-0039/CON-US-0039 HTTP 409; trying next connector
2026-07-02 01:21:24,316 INFO o.a.j.p.j.s.J.Full charging journey with SSE: [electrahub-jmeter][full][027] http POST /payment/api/v1/payment/wallet/topups status=201 elapsedMs=61
2026-07-02 01:21:24,317 INFO o.a.j.p.j.s.J.Full charging journey with SSE: [electrahub-jmeter][full][027] step=payment state after setup
2026-07-02 01:21:24,372 INFO o.a.j.p.j.s.J.Full charging journey with SSE: [electrahub-jmeter][full][027] http GET /payment/api/v1/payment/state status=200 elapsedMs=55
2026-07-02 01:21:24,373 INFO o.a.j.p.j.s.J.Full charging journey with SSE: [electrahub-jmeter][full][027] payment ready wallet=120.00
2026-07-02 01:21:24,374 INFO o.a.j.p.j.s.J.Full charging journey with SSE: [electrahub-jmeter][full][027] step=charger graphql list
2026-07-02 01:21:24,431 INFO o.a.j.p.j.s.J.Full charging journey with SSE: [electrahub-jmeter][full][026] step=start charging attempt 6
2026-07-02 01:21:24,482 INFO o.a.j.p.j.s.J.Full charging journey with SSE: [electrahub-jmeter][full][027] http POST /charger/graphql status=200 elapsedMs=107
2026-07-02 01:21:24,484 INFO o.a.j.p.j.s.J.Full charging journey with SSE: [electrahub-jmeter][full][027] dynamic connector selection found no available connector; using CSV connector
2026-07-02 01:21:24,485 INFO o.a.j.p.j.s.J.Full charging journey with SSE: [electrahub-jmeter][full][027] step=charger graphql view
2026-07-02 01:21:24,532 INFO o.a.j.p.j.s.J.Full charging journey with SSE: [electrahub-jmeter][full][026] http POST /session/api/v1/sessions/start status=409 elapsedMs=100
2026-07-02 01:21:24,533 INFO o.a.j.p.j.s.J.Full charging journey with SSE: [electrahub-jmeter][full][026] start skipped EH-US-CHG-0031/CON-US-0031 HTTP 409; trying next connector
2026-07-02 01:21:24,558 INFO o.a.j.p.j.s.J.Full charging journey with SSE: [electrahub-jmeter][full][027] http POST /charger/graphql status=200 elapsedMs=72
2026-07-02 01:21:24,559 INFO o.a.j.p.j.s.J.Full charging journey with SSE: [electrahub-jmeter][full][027] step=payment state before start
2026-07-02 01:21:24,613 INFO o.a.j.p.j.s.J.Full charging journey with SSE: [electrahub-jmeter][full][027] http GET /payment/api/v1/payment/state status=200 elapsedMs=54
2026-07-02 01:21:24,617 INFO o.a.j.p.j.s.J.Full charging journey with SSE: [electrahub-jmeter][full][027] using connector csv fallback attempts=100 startIndex=27/100
2026-07-02 01:21:24,617 INFO o.a.j.p.j.s.J.Full charging journey with SSE: [electrahub-jmeter][full][027] step=start charging attempt 1
2026-07-02 01:21:24,682 INFO o.a.j.p.j.s.J.Full charging journey with SSE: [electrahub-jmeter][full][027] http POST /session/api/v1/sessions/start status=409 elapsedMs=63
2026-07-02 01:21:24,682 INFO o.a.j.p.j.s.J.Full charging journey with SSE: [electrahub-jmeter][full][027] start skipped EH-US-CHG-0027/CON-US-0027 HTTP 409; trying next connector
2026-07-02 01:21:25,064 INFO o.a.j.p.j.s.J.Full charging journey with SSE: [electrahub-jmeter][full][025] step=start charging attempt 11
2026-07-02 01:21:25,141 INFO o.a.j.p.j.s.J.Full charging journey with SSE: [electrahub-jmeter][full][025] http POST /session/api/v1/sessions/start status=409 elapsedMs=76
2026-07-02 01:21:25,142 INFO o.a.j.p.j.s.J.Full charging journey with SSE: [electrahub-jmeter][full][025] start skipped EH-US-CHG-0035/CON-US-0035 HTTP 409; trying next connector
2026-07-02 01:21:25,300 INFO o.a.j.p.j.s.J.Full charging journey with SSE: [electrahub-jmeter][full][024] step=start charging attempt 17
2026-07-02 01:21:25,379 INFO o.a.j.p.j.s.J.Full charging journey with SSE: [electrahub-jmeter][full][024] http POST /session/api/v1/sessions/start status=409 elapsedMs=78
2026-07-02 01:21:25,380 INFO o.a.j.p.j.s.J.Full charging journey with SSE: [electrahub-jmeter][full][024] start skipped EH-US-CHG-0040/CON-US-0040 HTTP 409; trying next connector
2026-07-02 01:21:25,466 INFO o.a.j.p.j.s.J.Full charging journey with SSE: [electrahub-jmeter][full][015] sse ok connected=1 snapshot=2 updates=25 receipts=0 heartbeats=0
2026-07-02 01:21:25,466 INFO o.a.j.p.j.s.J.Full charging journey with SSE: [electrahub-jmeter][full][006] http POST /session/api/v1/sessions/3154ead7-fe84-4f51-a6a5-01c31778a39b/stop status=204 elapsedMs=3512
2026-07-02 01:21:25,467 INFO o.a.j.p.j.s.J.Full charging journey with SSE: [electrahub-jmeter][full][015] holding session for 47s before stop
2026-07-02 01:21:25,467 INFO o.a.j.p.j.s.J.Full charging journey with SSE: [electrahub-jmeter][full][006] stop requested session=3154ead7-fe84-4f51-a6a5-01c31778a39b
2026-07-02 01:21:25,468 INFO o.a.j.p.j.s.J.Full charging journey with SSE: [electrahub-jmeter][full][006] step=active sessions
2026-07-02 01:21:25,534 INFO o.a.j.p.j.s.J.Full charging journey with SSE: [electrahub-jmeter][full][026] step=start charging attempt 7
2026-07-02 01:21:25,625 INFO o.a.j.p.j.s.J.Full charging journey with SSE: [electrahub-jmeter][full][026] http POST /session/api/v1/sessions/start status=409 elapsedMs=90
2026-07-02 01:21:25,626 INFO o.a.j.p.j.s.J.Full charging journey with SSE: [electrahub-jmeter][full][026] start skipped EH-US-CHG-0032/CON-US-0032 HTTP 409; trying next connector
2026-07-02 01:21:25,683 INFO o.a.j.p.j.s.J.Full charging journey with SSE: [electrahub-jmeter][full][027] step=start charging attempt 2
2026-07-02 01:21:25,775 INFO o.a.j.p.j.s.J.Full charging journey with SSE: [electrahub-jmeter][full][027] http POST /session/api/v1/sessions/start status=409 elapsedMs=90
2026-07-02 01:21:25,775 INFO o.a.j.p.j.s.J.Full charging journey with SSE: [electrahub-jmeter][full][027] start skipped EH-US-CHG-0028/CON-US-0028 HTTP 409; trying next connector
2026-07-02 01:21:26,143 INFO o.a.j.p.j.s.J.Full charging journey with SSE: [electrahub-jmeter][full][025] step=start charging attempt 12
2026-07-02 01:21:26,207 INFO o.a.j.p.j.s.J.Full charging journey with SSE: [electrahub-jmeter][full][025] http POST /session/api/v1/sessions/start status=409 elapsedMs=63
2026-07-02 01:21:26,208 INFO o.a.j.p.j.s.J.Full charging journey with SSE: [electrahub-jmeter][full][025] start skipped EH-US-CHG-0036/CON-US-0036 HTTP 409; trying next connector
2026-07-02 01:21:26,381 INFO o.a.j.p.j.s.J.Full charging journey with SSE: [electrahub-jmeter][full][024] step=start charging attempt 18
2026-07-02 01:21:26,460 INFO o.a.j.p.j.s.J.Full charging journey with SSE: [electrahub-jmeter][full][006] http GET /session/api/v1/sessions/active status=200 elapsedMs=991
2026-07-02 01:21:26,627 INFO o.a.j.p.j.s.J.Full charging journey with SSE: [electrahub-jmeter][full][026] step=start charging attempt 8
2026-07-02 01:21:26,697 INFO o.a.j.p.j.s.J.Full charging journey with SSE: [electrahub-jmeter][full][026] http POST /session/api/v1/sessions/start status=409 elapsedMs=69
2026-07-02 01:21:26,698 INFO o.a.j.p.j.s.J.Full charging journey with SSE: [electrahub-jmeter][full][026] start skipped EH-US-CHG-0033/CON-US-0033 HTTP 409; trying next connector
2026-07-02 01:21:26,777 INFO o.a.j.p.j.s.J.Full charging journey with SSE: [electrahub-jmeter][full][027] step=start charging attempt 3
2026-07-02 01:21:26,842 INFO o.a.j.p.j.s.J.Full charging journey with SSE: [electrahub-jmeter][full][027] http POST /session/api/v1/sessions/start status=409 elapsedMs=65
2026-07-02 01:21:26,843 INFO o.a.j.p.j.s.J.Full charging journey with SSE: [electrahub-jmeter][full][027] start skipped EH-US-CHG-0029/CON-US-0029 HTTP 409; trying next connector
2026-07-02 01:21:27,209 INFO o.a.j.p.j.s.J.Full charging journey with SSE: [electrahub-jmeter][full][025] step=start charging attempt 13
2026-07-02 01:21:27,280 INFO o.a.j.p.j.s.J.Full charging journey with SSE: [electrahub-jmeter][full][025] http POST /session/api/v1/sessions/start status=409 elapsedMs=70
2026-07-02 01:21:27,281 INFO o.a.j.p.j.s.J.Full charging journey with SSE: [electrahub-jmeter][full][025] start skipped EH-US-CHG-0037/CON-US-0037 HTTP 409; trying next connector
2026-07-02 01:21:27,482 INFO o.a.j.p.j.s.J.Full charging journey with SSE: [electrahub-jmeter][full][024] http POST /session/api/v1/sessions/start status=201 elapsedMs=1100
2026-07-02 01:21:27,483 INFO o.a.j.p.j.s.J.Full charging journey with SSE: [electrahub-jmeter][full][024] started session=ffd1416e-3b3b-4b9e-8d18-85b5e77f1f71 charger=EH-US-CHG-0041/CON-US-0041 status=PREPARING remote=Accepted attempt=18/100
2026-07-02 01:21:27,483 INFO o.a.j.p.j.s.J.Full charging journey with SSE: [electrahub-jmeter][full][024] step=active sessions
2026-07-02 01:21:27,699 INFO o.a.j.p.j.s.J.Full charging journey with SSE: [electrahub-jmeter][full][026] step=start charging attempt 9
2026-07-02 01:21:27,773 INFO o.a.j.p.j.s.J.Full charging journey with SSE: [electrahub-jmeter][full][026] http POST /session/api/v1/sessions/start status=409 elapsedMs=73
2026-07-02 01:21:27,774 INFO o.a.j.p.j.s.J.Full charging journey with SSE: [electrahub-jmeter][full][026] start skipped EH-US-CHG-0034/CON-US-0034 HTTP 409; trying next connector
2026-07-02 01:21:27,843 INFO o.a.j.p.j.s.J.Full charging journey with SSE: [electrahub-jmeter][full][027] step=start charging attempt 4
2026-07-02 01:21:27,920 INFO o.a.j.p.j.s.J.Full charging journey with SSE: [electrahub-jmeter][full][027] http POST /session/api/v1/sessions/start status=409 elapsedMs=75
2026-07-02 01:21:27,922 INFO o.a.j.p.j.s.J.Full charging journey with SSE: [electrahub-jmeter][full][027] start skipped EH-US-CHG-0030/CON-US-0030 HTTP 409; trying next connector
2026-07-02 01:21:28,004 INFO o.a.j.p.j.s.J.Full charging journey with SSE: [electrahub-jmeter][full][007] step=stop charging session
2026-07-02 01:21:28,282 INFO o.a.j.p.j.s.J.Full charging journey with SSE: [electrahub-jmeter][full][025] step=start charging attempt 14
2026-07-02 01:21:28,353 INFO o.a.j.p.j.s.J.Full charging journey with SSE: [electrahub-jmeter][full][025] http POST /session/api/v1/sessions/start status=409 elapsedMs=70
2026-07-02 01:21:28,354 INFO o.a.j.p.j.s.J.Full charging journey with SSE: [electrahub-jmeter][full][025] start skipped EH-US-CHG-0038/CON-US-0038 HTTP 409; trying next connector
2026-07-02 01:21:28,480 INFO o.a.j.p.j.s.J.Full charging journey with SSE: [electrahub-jmeter][full][024] http GET /session/api/v1/sessions/active status=200 elapsedMs=996
2026-07-02 01:21:28,775 INFO o.a.j.p.j.s.J.Full charging journey with SSE: [electrahub-jmeter][full][026] step=start charging attempt 10
2026-07-02 01:21:28,839 INFO o.a.j.p.j.s.J.Full charging journey with SSE: [electrahub-jmeter][full][026] http POST /session/api/v1/sessions/start status=409 elapsedMs=63
2026-07-02 01:21:28,840 INFO o.a.j.p.j.s.J.Full charging journey with SSE: [electrahub-jmeter][full][026] start skipped EH-US-CHG-0035/CON-US-0035 HTTP 409; trying next connector
2026-07-02 01:21:28,922 INFO o.a.j.p.j.s.J.Full charging journey with SSE: [electrahub-jmeter][full][027] step=start charging attempt 5
2026-07-02 01:21:28,991 INFO o.a.j.p.j.s.J.Full charging journey with SSE: [electrahub-jmeter][full][027] http POST /session/api/v1/sessions/start status=409 elapsedMs=67
2026-07-02 01:21:28,992 INFO o.a.j.p.j.s.J.Full charging journey with SSE: [electrahub-jmeter][full][027] start skipped EH-US-CHG-0031/CON-US-0031 HTTP 409; trying next connector
2026-07-02 01:21:29,355 INFO o.a.j.p.j.s.J.Full charging journey with SSE: [electrahub-jmeter][full][025] step=start charging attempt 15
2026-07-02 01:21:29,420 INFO o.a.j.p.j.s.J.Full charging journey with SSE: [electrahub-jmeter][full][025] http POST /session/api/v1/sessions/start status=409 elapsedMs=64
2026-07-02 01:21:29,421 INFO o.a.j.p.j.s.J.Full charging journey with SSE: [electrahub-jmeter][full][025] start skipped EH-US-CHG-0039/CON-US-0039 HTTP 409; trying next connector
2026-07-02 01:21:29,501 INFO o.a.j.p.j.s.J.Full charging journey with SSE: [electrahub-jmeter][full][016] sse ok connected=1 snapshot=2 updates=29 receipts=0 heartbeats=0
2026-07-02 01:21:29,502 INFO o.a.j.p.j.s.J.Full charging journey with SSE: [electrahub-jmeter][full][016] holding session for 49s before stop
2026-07-02 01:21:29,682 INFO o.a.j.t.JMeterThread: Thread started: 100 driver charging journeys 1-28
2026-07-02 01:21:29,687 INFO o.a.j.p.j.s.J.Full charging journey with SSE: [electrahub-jmeter][full][028] step=register
2026-07-02 01:21:29,841 INFO o.a.j.p.j.s.J.Full charging journey with SSE: [electrahub-jmeter][full][026] step=start charging attempt 11
2026-07-02 01:21:29,912 INFO o.a.j.p.j.s.J.Full charging journey with SSE: [electrahub-jmeter][full][028] http POST /auth/api/auth/register status=200 elapsedMs=224
2026-07-02 01:21:29,913 INFO o.a.j.p.j.s.J.Full charging journey with SSE: [electrahub-jmeter][full][028] registered uid=395f8751-f07d-4ce7-9381-ed434257b2dc
2026-07-02 01:21:29,922 INFO o.a.j.p.j.s.J.Full charging journey with SSE: [electrahub-jmeter][full][028] step=payment state before setup
2026-07-02 01:21:29,970 INFO o.a.j.p.j.s.J.Full charging journey with SSE: [electrahub-jmeter][full][026] http POST /session/api/v1/sessions/start status=409 elapsedMs=81
2026-07-02 01:21:29,971 INFO o.a.j.p.j.s.J.Full charging journey with SSE: [electrahub-jmeter][full][026] start skipped EH-US-CHG-0036/CON-US-0036 HTTP 409; trying next connector
2026-07-02 01:21:29,993 INFO o.a.j.p.j.s.J.Full charging journey with SSE: [electrahub-jmeter][full][027] step=start charging attempt 6
2026-07-02 01:21:30,000 INFO o.a.j.p.j.s.J.Full charging journey with SSE: [electrahub-jmeter][full][028] http GET /payment/api/v1/payment/state status=451 elapsedMs=77
2026-07-02 01:21:30,001 INFO o.a.j.p.j.s.J.Full charging journey with SSE: [electrahub-jmeter][full][028] step=accept terms
2026-07-02 01:21:30,059 INFO o.a.j.p.j.s.J.Full charging journey with SSE: [electrahub-jmeter][full][027] http POST /session/api/v1/sessions/start status=409 elapsedMs=65
2026-07-02 01:21:30,060 INFO o.a.j.p.j.s.J.Full charging journey with SSE: [electrahub-jmeter][full][027] start skipped EH-US-CHG-0032/CON-US-0032 HTTP 409; trying next connector
2026-07-02 01:21:30,074 INFO o.a.j.p.j.s.J.Full charging journey with SSE: [electrahub-jmeter][full][028] http POST /auth/api/terms/accept status=201 elapsedMs=72
2026-07-02 01:21:30,075 INFO o.a.j.p.j.s.J.Full charging journey with SSE: [electrahub-jmeter][full][028] accepted terms; refreshing token through login
2026-07-02 01:21:30,076 INFO o.a.j.p.j.s.J.Full charging journey with SSE: [electrahub-jmeter][full][028] step=login
2026-07-02 01:21:30,235 INFO o.a.j.p.j.s.J.Full charging journey with SSE: [electrahub-jmeter][full][028] http POST /auth/api/auth/login status=200 elapsedMs=159
2026-07-02 01:21:30,236 INFO o.a.j.p.j.s.J.Full charging journey with SSE: [electrahub-jmeter][full][028] logged in uid=395f8751-f07d-4ce7-9381-ed434257b2dc
2026-07-02 01:21:30,237 INFO o.a.j.p.j.s.J.Full charging journey with SSE: [electrahub-jmeter][full][028] step=payment state after terms
2026-07-02 01:21:30,303 INFO o.a.j.p.j.s.J.Full charging journey with SSE: [electrahub-jmeter][full][028] http GET /payment/api/v1/payment/state status=200 elapsedMs=65
2026-07-02 01:21:30,304 INFO o.a.j.p.j.s.J.Full charging journey with SSE: [electrahub-jmeter][full][028] step=add card
2026-07-02 01:21:30,362 INFO o.a.j.p.j.s.J.Full charging journey with SSE: [electrahub-jmeter][full][028] http POST /payment/api/v1/payment/cards status=201 elapsedMs=57
2026-07-02 01:21:30,363 INFO o.a.j.p.j.s.J.Full charging journey with SSE: [electrahub-jmeter][full][028] step=wallet topup
2026-07-02 01:21:30,421 INFO o.a.j.p.j.s.J.Full charging journey with SSE: [electrahub-jmeter][full][028] http POST /payment/api/v1/payment/wallet/topups status=201 elapsedMs=57
2026-07-02 01:21:30,421 INFO o.a.j.p.j.s.J.Full charging journey with SSE: [electrahub-jmeter][full][028] step=payment state after setup
2026-07-02 01:21:30,422 INFO o.a.j.p.j.s.J.Full charging journey with SSE: [electrahub-jmeter][full][025] step=start charging attempt 16
2026-07-02 01:21:30,477 INFO o.a.j.p.j.s.J.Full charging journey with SSE: [electrahub-jmeter][full][028] http GET /payment/api/v1/payment/state status=200 elapsedMs=55
2026-07-02 01:21:30,478 INFO o.a.j.p.j.s.J.Full charging journey with SSE: [electrahub-jmeter][full][028] payment ready wallet=120.00
2026-07-02 01:21:30,479 INFO o.a.j.p.j.s.J.Full charging journey with SSE: [electrahub-jmeter][full][028] step=charger graphql list
2026-07-02 01:21:30,488 INFO o.a.j.p.j.s.J.Full charging journey with SSE: [electrahub-jmeter][full][025] http POST /session/api/v1/sessions/start status=409 elapsedMs=65
2026-07-02 01:21:30,489 INFO o.a.j.p.j.s.J.Full charging journey with SSE: [electrahub-jmeter][full][025] start skipped EH-US-CHG-0040/CON-US-0040 HTTP 409; trying next connector
2026-07-02 01:21:30,596 INFO o.a.j.p.j.s.J.Full charging journey with SSE: [electrahub-jmeter][full][028] http POST /charger/graphql status=200 elapsedMs=115
2026-07-02 01:21:30,597 INFO o.a.j.p.j.s.J.Full charging journey with SSE: [electrahub-jmeter][full][028] dynamic connector selection found no available connector; using CSV connector
2026-07-02 01:21:30,598 INFO o.a.j.p.j.s.J.Full charging journey with SSE: [electrahub-jmeter][full][028] step=charger graphql view
2026-07-02 01:21:30,669 INFO o.a.j.p.j.s.J.Full charging journey with SSE: [electrahub-jmeter][full][028] http POST /charger/graphql status=200 elapsedMs=70
2026-07-02 01:21:30,671 INFO o.a.j.p.j.s.J.Full charging journey with SSE: [electrahub-jmeter][full][028] step=payment state before start
2026-07-02 01:21:30,727 INFO o.a.j.p.j.s.J.Full charging journey with SSE: [electrahub-jmeter][full][028] http GET /payment/api/v1/payment/state status=200 elapsedMs=56
2026-07-02 01:21:30,730 INFO o.a.j.p.j.s.J.Full charging journey with SSE: [electrahub-jmeter][full][028] using connector csv fallback attempts=100 startIndex=28/100
2026-07-02 01:21:30,731 INFO o.a.j.p.j.s.J.Full charging journey with SSE: [electrahub-jmeter][full][028] step=start charging attempt 1
2026-07-02 01:21:30,799 INFO o.a.j.p.j.s.J.Full charging journey with SSE: [electrahub-jmeter][full][028] http POST /session/api/v1/sessions/start status=409 elapsedMs=68
2026-07-02 01:21:30,801 INFO o.a.j.p.j.s.J.Full charging journey with SSE: [electrahub-jmeter][full][028] start skipped EH-US-CHG-0028/CON-US-0028 HTTP 409; trying next connector
2026-07-02 01:21:30,972 INFO o.a.j.p.j.s.J.Full charging journey with SSE: [electrahub-jmeter][full][026] step=start charging attempt 12
2026-07-02 01:21:31,045 INFO o.a.j.p.j.s.J.Full charging journey with SSE: [electrahub-jmeter][full][026] http POST /session/api/v1/sessions/start status=409 elapsedMs=72
2026-07-02 01:21:31,045 INFO o.a.j.p.j.s.J.Full charging journey with SSE: [electrahub-jmeter][full][026] start skipped EH-US-CHG-0037/CON-US-0037 HTTP 409; trying next connector
2026-07-02 01:21:31,061 INFO o.a.j.p.j.s.J.Full charging journey with SSE: [electrahub-jmeter][full][027] step=start charging attempt 7
2026-07-02 01:21:31,133 INFO o.a.j.p.j.s.J.Full charging journey with SSE: [electrahub-jmeter][full][027] http POST /session/api/v1/sessions/start status=409 elapsedMs=71
2026-07-02 01:21:31,134 INFO o.a.j.p.j.s.J.Full charging journey with SSE: [electrahub-jmeter][full][027] start skipped EH-US-CHG-0033/CON-US-0033 HTTP 409; trying next connector
2026-07-02 01:21:31,461 INFO o.a.j.p.j.s.J.Full charging journey with SSE: [electrahub-jmeter][full][006] step=active sessions
2026-07-02 01:21:31,491 INFO o.a.j.p.j.s.J.Full charging journey with SSE: [electrahub-jmeter][full][025] step=start charging attempt 17
2026-07-02 01:21:31,515 INFO o.a.j.p.j.s.J.Full charging journey with SSE: [electrahub-jmeter][full][007] http POST /session/api/v1/sessions/13aa9242-b488-4f73-b68b-a8f7c7f23f3f/stop status=204 elapsedMs=3510
2026-07-02 01:21:31,516 INFO o.a.j.p.j.s.J.Full charging journey with SSE: [electrahub-jmeter][full][007] stop requested session=13aa9242-b488-4f73-b68b-a8f7c7f23f3f
2026-07-02 01:21:31,516 INFO o.a.j.p.j.s.J.Full charging journey with SSE: [electrahub-jmeter][full][007] step=active sessions
2026-07-02 01:21:31,525 INFO o.a.j.p.j.s.J.Full charging journey with SSE: [electrahub-jmeter][full][006] http GET /session/api/v1/sessions/active status=200 elapsedMs=63
2026-07-02 01:21:31,527 INFO o.a.j.p.j.s.J.Full charging journey with SSE: [electrahub-jmeter][full][006] step=receipt
2026-07-02 01:21:31,630 INFO o.a.j.p.j.s.J.Full charging journey with SSE: [electrahub-jmeter][full][006] http GET /session/api/v1/sessions/3154ead7-fe84-4f51-a6a5-01c31778a39b/receipt status=200 elapsedMs=102
2026-07-02 01:21:31,631 INFO o.a.j.p.j.s.J.Full charging journey with SSE: [electrahub-jmeter][full][025] http POST /session/api/v1/sessions/start status=409 elapsedMs=138
2026-07-02 01:21:31,631 INFO o.a.j.p.j.s.J.Full charging journey with SSE: [electrahub-jmeter][full][006] step=session history
2026-07-02 01:21:31,631 INFO o.a.j.p.j.s.J.Full charging journey with SSE: [electrahub-jmeter][full][025] start skipped EH-US-CHG-0041/CON-US-0041 HTTP 409; trying next connector
2026-07-02 01:21:31,727 INFO o.a.j.p.j.s.J.Full charging journey with SSE: [electrahub-jmeter][full][006] http GET /session/api/v1/sessions/history?page=0&size=10 status=200 elapsedMs=95
2026-07-02 01:21:31,728 INFO o.a.j.p.j.s.J.Full charging journey with SSE: [electrahub-jmeter][full][006] step=dashboard stats
2026-07-02 01:21:31,785 INFO o.a.j.p.j.s.J.Full charging journey with SSE: [electrahub-jmeter][full][006] http GET /session/api/v1/sessions/dashboard-stats status=200 elapsedMs=56
2026-07-02 01:21:31,786 INFO o.a.j.p.j.s.J.Full charging journey with SSE: [electrahub-jmeter][full][006] receipt ok session=3154ead7-fe84-4f51-a6a5-01c31778a39b status=Completed total=1.8723
2026-07-02 01:21:31,787 INFO o.a.j.r.Summariser: summary +      5 in 00:00:28 =    0.2/s Avg: 125300 Min: 120669 Max: 126796 Err:     0 (0.00%) Active: 23 Started: 28 Finished: 5
2026-07-02 01:21:31,788 INFO o.a.j.r.Summariser: summary =      6 in 00:02:44 =    0.0/s Avg: 125671 Min: 120669 Max: 127529 Err:     0 (0.00%)
2026-07-02 01:21:31,788 INFO o.a.j.t.JMeterThread: Thread is done: 100 driver charging journeys 1-6
2026-07-02 01:21:31,789 INFO o.a.j.t.JMeterThread: Thread finished: 100 driver charging journeys 1-6
2026-07-02 01:21:31,802 INFO o.a.j.p.j.s.J.Full charging journey with SSE: [electrahub-jmeter][full][028] step=start charging attempt 2
2026-07-02 01:21:31,868 INFO o.a.j.p.j.s.J.Full charging journey with SSE: [electrahub-jmeter][full][028] http POST /session/api/v1/sessions/start status=409 elapsedMs=65
2026-07-02 01:21:31,869 INFO o.a.j.p.j.s.J.Full charging journey with SSE: [electrahub-jmeter][full][028] start skipped EH-US-CHG-0029/CON-US-0029 HTTP 409; trying next connector
2026-07-02 01:21:32,047 INFO o.a.j.p.j.s.J.Full charging journey with SSE: [electrahub-jmeter][full][026] step=start charging attempt 13
2026-07-02 01:21:32,134 INFO o.a.j.p.j.s.J.Full charging journey with SSE: [electrahub-jmeter][full][027] step=start charging attempt 8
2026-07-02 01:21:32,160 INFO o.a.j.p.j.s.J.Full charging journey with SSE: [electrahub-jmeter][full][026] http POST /session/api/v1/sessions/start status=409 elapsedMs=112
2026-07-02 01:21:32,161 INFO o.a.j.p.j.s.J.Full charging journey with SSE: [electrahub-jmeter][full][026] start skipped EH-US-CHG-0038/CON-US-0038 HTTP 409; trying next connector
2026-07-02 01:21:32,213 INFO o.a.j.p.j.s.J.Full charging journey with SSE: [electrahub-jmeter][full][027] http POST /session/api/v1/sessions/start status=409 elapsedMs=78
2026-07-02 01:21:32,220 INFO o.a.j.p.j.s.J.Full charging journey with SSE: [electrahub-jmeter][full][027] start skipped EH-US-CHG-0034/CON-US-0034 HTTP 409; trying next connector
2026-07-02 01:21:32,523 INFO o.a.j.p.j.s.J.Full charging journey with SSE: [electrahub-jmeter][full][007] http GET /session/api/v1/sessions/active status=200 elapsedMs=1006
2026-07-02 01:21:32,633 INFO o.a.j.p.j.s.J.Full charging journey with SSE: [electrahub-jmeter][full][025] step=start charging attempt 18
2026-07-02 01:21:32,870 INFO o.a.j.p.j.s.J.Full charging journey with SSE: [electrahub-jmeter][full][028] step=start charging attempt 3
2026-07-02 01:21:32,951 INFO o.a.j.p.j.s.J.Full charging journey with SSE: [electrahub-jmeter][full][028] http POST /session/api/v1/sessions/start status=409 elapsedMs=80
2026-07-02 01:21:32,952 INFO o.a.j.p.j.s.J.Full charging journey with SSE: [electrahub-jmeter][full][028] start skipped EH-US-CHG-0030/CON-US-0030 HTTP 409; trying next connector
2026-07-02 01:21:33,162 INFO o.a.j.p.j.s.J.Full charging journey with SSE: [electrahub-jmeter][full][026] step=start charging attempt 14
2026-07-02 01:21:33,227 INFO o.a.j.p.j.s.J.Full charging journey with SSE: [electrahub-jmeter][full][027] step=start charging attempt 9
2026-07-02 01:21:33,231 INFO o.a.j.p.j.s.J.Full charging journey with SSE: [electrahub-jmeter][full][026] http POST /session/api/v1/sessions/start status=409 elapsedMs=68
2026-07-02 01:21:33,232 INFO o.a.j.p.j.s.J.Full charging journey with SSE: [electrahub-jmeter][full][026] start skipped EH-US-CHG-0039/CON-US-0039 HTTP 409; trying next connector
2026-07-02 01:21:33,304 INFO o.a.j.p.j.s.J.Full charging journey with SSE: [electrahub-jmeter][full][027] http POST /session/api/v1/sessions/start status=409 elapsedMs=76
2026-07-02 01:21:33,305 INFO o.a.j.p.j.s.J.Full charging journey with SSE: [electrahub-jmeter][full][027] start skipped EH-US-CHG-0035/CON-US-0035 HTTP 409; trying next connector
2026-07-02 01:21:33,561 INFO o.a.j.p.j.s.J.Full charging journey with SSE: [electrahub-jmeter][full][025] http POST /session/api/v1/sessions/start status=201 elapsedMs=927
2026-07-02 01:21:33,562 INFO o.a.j.p.j.s.J.Full charging journey with SSE: [electrahub-jmeter][full][025] started session=a3bf42c0-3539-4031-a368-4fdc4bb0adae charger=EH-US-CHG-0042/CON-US-0042 status=PREPARING remote=Accepted attempt=18/100
2026-07-02 01:21:33,563 INFO o.a.j.p.j.s.J.Full charging journey with SSE: [electrahub-jmeter][full][025] step=active sessions
2026-07-02 01:21:33,954 INFO o.a.j.p.j.s.J.Full charging journey with SSE: [electrahub-jmeter][full][028] step=start charging attempt 4
2026-07-02 01:21:34,018 INFO o.a.j.p.j.s.J.Full charging journey with SSE: [electrahub-jmeter][full][028] http POST /session/api/v1/sessions/start status=409 elapsedMs=63
2026-07-02 01:21:34,019 INFO o.a.j.p.j.s.J.Full charging journey with SSE: [electrahub-jmeter][full][028] start skipped EH-US-CHG-0031/CON-US-0031 HTTP 409; trying next connector
2026-07-02 01:21:34,053 INFO o.a.j.p.j.s.J.Full charging journey with SSE: [electrahub-jmeter][full][008] step=stop charging session
2026-07-02 01:21:34,233 INFO o.a.j.p.j.s.J.Full charging journey with SSE: [electrahub-jmeter][full][026] step=start charging attempt 15
2026-07-02 01:21:34,306 INFO o.a.j.p.j.s.J.Full charging journey with SSE: [electrahub-jmeter][full][027] step=start charging attempt 10
2026-07-02 01:21:34,315 INFO o.a.j.p.j.s.J.Full charging journey with SSE: [electrahub-jmeter][full][026] http POST /session/api/v1/sessions/start status=409 elapsedMs=80
2026-07-02 01:21:34,315 INFO o.a.j.p.j.s.J.Full charging journey with SSE: [electrahub-jmeter][full][026] start skipped EH-US-CHG-0040/CON-US-0040 HTTP 409; trying next connector
2026-07-02 01:21:34,468 INFO o.a.j.p.j.s.J.Full charging journey with SSE: [electrahub-jmeter][full][027] http POST /session/api/v1/sessions/start status=409 elapsedMs=113
2026-07-02 01:21:34,469 INFO o.a.j.p.j.s.J.Full charging journey with SSE: [electrahub-jmeter][full][027] start skipped EH-US-CHG-0036/CON-US-0036 HTTP 409; trying next connector
2026-07-02 01:21:34,541 INFO o.a.j.p.j.s.J.Full charging journey with SSE: [electrahub-jmeter][full][025] http GET /session/api/v1/sessions/active status=200 elapsedMs=978
2026-07-02 01:21:35,020 INFO o.a.j.p.j.s.J.Full charging journey with SSE: [electrahub-jmeter][full][028] step=start charging attempt 5
2026-07-02 01:21:35,112 INFO o.a.j.p.j.s.J.Full charging journey with SSE: [electrahub-jmeter][full][028] http POST /session/api/v1/sessions/start status=409 elapsedMs=91
2026-07-02 01:21:35,113 INFO o.a.j.p.j.s.J.Full charging journey with SSE: [electrahub-jmeter][full][028] start skipped EH-US-CHG-0032/CON-US-0032 HTTP 409; trying next connector
2026-07-02 01:21:35,316 INFO o.a.j.p.j.s.J.Full charging journey with SSE: [electrahub-jmeter][full][026] step=start charging attempt 16
2026-07-02 01:21:35,381 INFO o.a.j.p.j.s.J.Full charging journey with SSE: [electrahub-jmeter][full][026] http POST /session/api/v1/sessions/start status=409 elapsedMs=64
2026-07-02 01:21:35,382 INFO o.a.j.p.j.s.J.Full charging journey with SSE: [electrahub-jmeter][full][026] start skipped EH-US-CHG-0041/CON-US-0041 HTTP 409; trying next connector
2026-07-02 01:21:35,470 INFO o.a.j.p.j.s.J.Full charging journey with SSE: [electrahub-jmeter][full][027] step=start charging attempt 11
2026-07-02 01:21:35,548 INFO o.a.j.p.j.s.J.Full charging journey with SSE: [electrahub-jmeter][full][027] http POST /session/api/v1/sessions/start status=409 elapsedMs=77
2026-07-02 01:21:35,550 INFO o.a.j.p.j.s.J.Full charging journey with SSE: [electrahub-jmeter][full][027] start skipped EH-US-CHG-0037/CON-US-0037 HTTP 409; trying next connector
2026-07-02 01:21:35,553 INFO o.a.j.p.j.s.J.Full charging journey with SSE: [electrahub-jmeter][full][017] sse ok connected=1 snapshot=2 updates=33 receipts=0 heartbeats=0
2026-07-02 01:21:35,554 INFO o.a.j.p.j.s.J.Full charging journey with SSE: [electrahub-jmeter][full][017] holding session for 49s before stop
2026-07-02 01:21:35,682 INFO o.a.j.t.JMeterThread: Thread started: 100 driver charging journeys 1-29
2026-07-02 01:21:35,686 INFO o.a.j.p.j.s.J.Full charging journey with SSE: [electrahub-jmeter][full][029] step=register
2026-07-02 01:21:35,916 INFO o.a.j.p.j.s.J.Full charging journey with SSE: [electrahub-jmeter][full][029] http POST /auth/api/auth/register status=200 elapsedMs=229
2026-07-02 01:21:35,917 INFO o.a.j.p.j.s.J.Full charging journey with SSE: [electrahub-jmeter][full][029] registered uid=adc65f49-d1f2-4542-8907-5f7350f0bcd9
2026-07-02 01:21:35,925 INFO o.a.j.p.j.s.J.Full charging journey with SSE: [electrahub-jmeter][full][029] step=payment state before setup
2026-07-02 01:21:35,982 INFO o.a.j.p.j.s.J.Full charging journey with SSE: [electrahub-jmeter][full][029] http GET /payment/api/v1/payment/state status=451 elapsedMs=56
2026-07-02 01:21:35,982 INFO o.a.j.p.j.s.J.Full charging journey with SSE: [electrahub-jmeter][full][029] step=accept terms
2026-07-02 01:21:36,041 INFO o.a.j.p.j.s.J.Full charging journey with SSE: [electrahub-jmeter][full][029] http POST /auth/api/terms/accept status=201 elapsedMs=58
2026-07-02 01:21:36,042 INFO o.a.j.p.j.s.J.Full charging journey with SSE: [electrahub-jmeter][full][029] accepted terms; refreshing token through login
2026-07-02 01:21:36,043 INFO o.a.j.p.j.s.J.Full charging journey with SSE: [electrahub-jmeter][full][029] step=login
2026-07-02 01:21:36,115 INFO o.a.j.p.j.s.J.Full charging journey with SSE: [electrahub-jmeter][full][028] step=start charging attempt 6
2026-07-02 01:21:36,186 INFO o.a.j.p.j.s.J.Full charging journey with SSE: [electrahub-jmeter][full][028] http POST /session/api/v1/sessions/start status=409 elapsedMs=70
2026-07-02 01:21:36,187 INFO o.a.j.p.j.s.J.Full charging journey with SSE: [electrahub-jmeter][full][028] start skipped EH-US-CHG-0033/CON-US-0033 HTTP 409; trying next connector
2026-07-02 01:21:36,213 INFO o.a.j.p.j.s.J.Full charging journey with SSE: [electrahub-jmeter][full][029] http POST /auth/api/auth/login status=200 elapsedMs=169
2026-07-02 01:21:36,214 INFO o.a.j.p.j.s.J.Full charging journey with SSE: [electrahub-jmeter][full][029] logged in uid=adc65f49-d1f2-4542-8907-5f7350f0bcd9
2026-07-02 01:21:36,215 INFO o.a.j.p.j.s.J.Full charging journey with SSE: [electrahub-jmeter][full][029] step=payment state after terms
2026-07-02 01:21:36,278 INFO o.a.j.p.j.s.J.Full charging journey with SSE: [electrahub-jmeter][full][029] http GET /payment/api/v1/payment/state status=200 elapsedMs=62
2026-07-02 01:21:36,279 INFO o.a.j.p.j.s.J.Full charging journey with SSE: [electrahub-jmeter][full][029] step=add card
2026-07-02 01:21:36,342 INFO o.a.j.p.j.s.J.Full charging journey with SSE: [electrahub-jmeter][full][029] http POST /payment/api/v1/payment/cards status=201 elapsedMs=61
2026-07-02 01:21:36,343 INFO o.a.j.p.j.s.J.Full charging journey with SSE: [electrahub-jmeter][full][029] step=wallet topup
2026-07-02 01:21:36,383 INFO o.a.j.p.j.s.J.Full charging journey with SSE: [electrahub-jmeter][full][026] step=start charging attempt 17
2026-07-02 01:21:36,402 INFO o.a.j.p.j.s.J.Full charging journey with SSE: [electrahub-jmeter][full][029] http POST /payment/api/v1/payment/wallet/topups status=201 elapsedMs=58
2026-07-02 01:21:36,403 INFO o.a.j.p.j.s.J.Full charging journey with SSE: [electrahub-jmeter][full][029] step=payment state after setup
2026-07-02 01:21:36,446 INFO o.a.j.p.j.s.J.Full charging journey with SSE: [electrahub-jmeter][full][026] http POST /session/api/v1/sessions/start status=409 elapsedMs=62
2026-07-02 01:21:36,447 INFO o.a.j.p.j.s.J.Full charging journey with SSE: [electrahub-jmeter][full][026] start skipped EH-US-CHG-0042/CON-US-0042 HTTP 409; trying next connector
2026-07-02 01:21:36,463 INFO o.a.j.p.j.s.J.Full charging journey with SSE: [electrahub-jmeter][full][029] http GET /payment/api/v1/payment/state status=200 elapsedMs=59
2026-07-02 01:21:36,464 INFO o.a.j.p.j.s.J.Full charging journey with SSE: [electrahub-jmeter][full][029] payment ready wallet=120.00
2026-07-02 01:21:36,464 INFO o.a.j.p.j.s.J.Full charging journey with SSE: [electrahub-jmeter][full][029] step=charger graphql list
2026-07-02 01:21:36,551 INFO o.a.j.p.j.s.J.Full charging journey with SSE: [electrahub-jmeter][full][027] step=start charging attempt 12
2026-07-02 01:21:36,580 INFO o.a.j.p.j.s.J.Full charging journey with SSE: [electrahub-jmeter][full][029] http POST /charger/graphql status=200 elapsedMs=115
2026-07-02 01:21:36,582 INFO o.a.j.p.j.s.J.Full charging journey with SSE: [electrahub-jmeter][full][029] dynamic connector selection found no available connector; using CSV connector
2026-07-02 01:21:36,583 INFO o.a.j.p.j.s.J.Full charging journey with SSE: [electrahub-jmeter][full][029] step=charger graphql view
2026-07-02 01:21:36,629 INFO o.a.j.p.j.s.J.Full charging journey with SSE: [electrahub-jmeter][full][027] http POST /session/api/v1/sessions/start status=409 elapsedMs=75
2026-07-02 01:21:36,629 INFO o.a.j.p.j.s.J.Full charging journey with SSE: [electrahub-jmeter][full][027] start skipped EH-US-CHG-0038/CON-US-0038 HTTP 409; trying next connector
2026-07-02 01:21:36,656 INFO o.a.j.p.j.s.J.Full charging journey with SSE: [electrahub-jmeter][full][029] http POST /charger/graphql status=200 elapsedMs=71
2026-07-02 01:21:36,657 INFO o.a.j.p.j.s.J.Full charging journey with SSE: [electrahub-jmeter][full][029] step=payment state before start
2026-07-02 01:21:36,719 INFO o.a.j.p.j.s.J.Full charging journey with SSE: [electrahub-jmeter][full][029] http GET /payment/api/v1/payment/state status=200 elapsedMs=61
2026-07-02 01:21:36,722 INFO o.a.j.p.j.s.J.Full charging journey with SSE: [electrahub-jmeter][full][029] using connector csv fallback attempts=100 startIndex=29/100
2026-07-02 01:21:36,723 INFO o.a.j.p.j.s.J.Full charging journey with SSE: [electrahub-jmeter][full][029] step=start charging attempt 1
2026-07-02 01:21:36,787 INFO o.a.j.p.j.s.J.Full charging journey with SSE: [electrahub-jmeter][full][029] http POST /session/api/v1/sessions/start status=409 elapsedMs=63
2026-07-02 01:21:36,787 INFO o.a.j.p.j.s.J.Full charging journey with SSE: [electrahub-jmeter][full][029] start skipped EH-US-CHG-0029/CON-US-0029 HTTP 409; trying next connector
2026-07-02 01:21:37,119 INFO o.a.j.p.j.s.J.Full charging journey with SSE: [electrahub-jmeter][full][009] step=stop charging session
2026-07-02 01:21:37,188 INFO o.a.j.p.j.s.J.Full charging journey with SSE: [electrahub-jmeter][full][028] step=start charging attempt 7
2026-07-02 01:21:37,258 INFO o.a.j.p.j.s.J.Full charging journey with SSE: [electrahub-jmeter][full][028] http POST /session/api/v1/sessions/start status=409 elapsedMs=69
2026-07-02 01:21:37,259 INFO o.a.j.p.j.s.J.Full charging journey with SSE: [electrahub-jmeter][full][028] start skipped EH-US-CHG-0034/CON-US-0034 HTTP 409; trying next connector
2026-07-02 01:21:37,448 INFO o.a.j.p.j.s.J.Full charging journey with SSE: [electrahub-jmeter][full][026] step=start charging attempt 18
2026-07-02 01:21:37,524 INFO o.a.j.p.j.s.J.Full charging journey with SSE: [electrahub-jmeter][full][007] step=active sessions
2026-07-02 01:21:37,570 INFO o.a.j.p.j.s.J.Full charging journey with SSE: [electrahub-jmeter][full][008] http POST /session/api/v1/sessions/108ad9ce-3e2b-4d2c-bcdc-2fc5107b0283/stop status=204 elapsedMs=3516
2026-07-02 01:21:37,571 INFO o.a.j.p.j.s.J.Full charging journey with SSE: [electrahub-jmeter][full][008] stop requested session=108ad9ce-3e2b-4d2c-bcdc-2fc5107b0283
2026-07-02 01:21:37,571 INFO o.a.j.p.j.s.J.Full charging journey with SSE: [electrahub-jmeter][full][008] step=active sessions
2026-07-02 01:21:37,631 INFO o.a.j.p.j.s.J.Full charging journey with SSE: [electrahub-jmeter][full][027] step=start charging attempt 13
2026-07-02 01:21:37,632 INFO o.a.j.p.j.s.J.Full charging journey with SSE: [electrahub-jmeter][full][008] http GET /session/api/v1/sessions/active status=200 elapsedMs=60
2026-07-02 01:21:37,633 INFO o.a.j.p.j.s.J.Full charging journey with SSE: [electrahub-jmeter][full][008] step=receipt
2026-07-02 01:21:37,676 INFO o.a.j.p.j.s.J.Full charging journey with SSE: [electrahub-jmeter][full][007] http GET /session/api/v1/sessions/active status=200 elapsedMs=151
2026-07-02 01:21:37,677 INFO o.a.j.p.j.s.J.Full charging journey with SSE: [electrahub-jmeter][full][007] step=receipt
2026-07-02 01:21:37,699 INFO o.a.j.p.j.s.J.Full charging journey with SSE: [electrahub-jmeter][full][027] http POST /session/api/v1/sessions/start status=409 elapsedMs=67
2026-07-02 01:21:37,700 INFO o.a.j.p.j.s.J.Full charging journey with SSE: [electrahub-jmeter][full][027] start skipped EH-US-CHG-0039/CON-US-0039 HTTP 409; trying next connector
2026-07-02 01:21:37,779 INFO o.a.j.p.j.s.J.Full charging journey with SSE: [electrahub-jmeter][full][008] http GET /session/api/v1/sessions/108ad9ce-3e2b-4d2c-bcdc-2fc5107b0283/receipt status=200 elapsedMs=145
2026-07-02 01:21:37,780 INFO o.a.j.p.j.s.J.Full charging journey with SSE: [electrahub-jmeter][full][008] step=session history
2026-07-02 01:21:37,780 INFO o.a.j.p.j.s.J.Full charging journey with SSE: [electrahub-jmeter][full][007] http GET /session/api/v1/sessions/13aa9242-b488-4f73-b68b-a8f7c7f23f3f/receipt status=200 elapsedMs=102
2026-07-02 01:21:37,782 INFO o.a.j.p.j.s.J.Full charging journey with SSE: [electrahub-jmeter][full][007] step=session history
2026-07-02 01:21:37,788 INFO o.a.j.p.j.s.J.Full charging journey with SSE: [electrahub-jmeter][full][029] step=start charging attempt 2
2026-07-02 01:21:37,872 INFO o.a.j.p.j.s.J.Full charging journey with SSE: [electrahub-jmeter][full][008] http GET /session/api/v1/sessions/history?page=0&size=10 status=200 elapsedMs=91
2026-07-02 01:21:37,873 INFO o.a.j.p.j.s.J.Full charging journey with SSE: [electrahub-jmeter][full][008] step=dashboard stats
2026-07-02 01:21:37,892 INFO o.a.j.p.j.s.J.Full charging journey with SSE: [electrahub-jmeter][full][029] http POST /session/api/v1/sessions/start status=409 elapsedMs=103
2026-07-02 01:21:37,893 INFO o.a.j.p.j.s.J.Full charging journey with SSE: [electrahub-jmeter][full][007] http GET /session/api/v1/sessions/history?page=0&size=10 status=200 elapsedMs=110
2026-07-02 01:21:37,893 INFO o.a.j.p.j.s.J.Full charging journey with SSE: [electrahub-jmeter][full][029] start skipped EH-US-CHG-0030/CON-US-0030 HTTP 409; trying next connector
2026-07-02 01:21:37,894 INFO o.a.j.p.j.s.J.Full charging journey with SSE: [electrahub-jmeter][full][007] step=dashboard stats
2026-07-02 01:21:37,931 INFO o.a.j.p.j.s.J.Full charging journey with SSE: [electrahub-jmeter][full][008] http GET /session/api/v1/sessions/dashboard-stats status=200 elapsedMs=57
2026-07-02 01:21:37,931 INFO o.a.j.p.j.s.J.Full charging journey with SSE: [electrahub-jmeter][full][008] receipt ok session=108ad9ce-3e2b-4d2c-bcdc-2fc5107b0283 status=In Progress total=1.8685
2026-07-02 01:21:37,933 INFO o.a.j.t.JMeterThread: Thread is done: 100 driver charging journeys 1-8
2026-07-02 01:21:37,933 INFO o.a.j.t.JMeterThread: Thread finished: 100 driver charging journeys 1-8
2026-07-02 01:21:38,011 INFO o.a.j.p.j.s.J.Full charging journey with SSE: [electrahub-jmeter][full][007] http GET /session/api/v1/sessions/dashboard-stats status=200 elapsedMs=116
2026-07-02 01:21:38,013 INFO o.a.j.p.j.s.J.Full charging journey with SSE: [electrahub-jmeter][full][007] receipt ok session=13aa9242-b488-4f73-b68b-a8f7c7f23f3f status=Completed total=1.8715
2026-07-02 01:21:38,014 INFO o.a.j.t.JMeterThread: Thread is done: 100 driver charging journeys 1-7
2026-07-02 01:21:38,014 INFO o.a.j.t.JMeterThread: Thread finished: 100 driver charging journeys 1-7
2026-07-02 01:21:38,260 INFO o.a.j.p.j.s.J.Full charging journey with SSE: [electrahub-jmeter][full][028] step=start charging attempt 8
2026-07-02 01:21:38,333 INFO o.a.j.p.j.s.J.Full charging journey with SSE: [electrahub-jmeter][full][028] http POST /session/api/v1/sessions/start status=409 elapsedMs=72
2026-07-02 01:21:38,334 INFO o.a.j.p.j.s.J.Full charging journey with SSE: [electrahub-jmeter][full][028] start skipped EH-US-CHG-0035/CON-US-0035 HTTP 409; trying next connector
2026-07-02 01:21:38,583 INFO o.a.j.p.j.s.J.Full charging journey with SSE: [electrahub-jmeter][full][026] http POST /session/api/v1/sessions/start status=201 elapsedMs=1134
2026-07-02 01:21:38,584 INFO o.a.j.p.j.s.J.Full charging journey with SSE: [electrahub-jmeter][full][026] started session=cc66d509-69fc-40ef-a293-3138df93fbde charger=EH-US-CHG-0043/CON-US-0043 status=PREPARING remote=Accepted attempt=18/100
2026-07-02 01:21:38,585 INFO o.a.j.p.j.s.J.Full charging journey with SSE: [electrahub-jmeter][full][026] step=active sessions
2026-07-02 01:21:38,701 INFO o.a.j.p.j.s.J.Full charging journey with SSE: [electrahub-jmeter][full][027] step=start charging attempt 14
2026-07-02 01:21:38,773 INFO o.a.j.p.j.s.J.Full charging journey with SSE: [electrahub-jmeter][full][027] http POST /session/api/v1/sessions/start status=409 elapsedMs=71
2026-07-02 01:21:38,774 INFO o.a.j.p.j.s.J.Full charging journey with SSE: [electrahub-jmeter][full][027] start skipped EH-US-CHG-0040/CON-US-0040 HTTP 409; trying next connector
2026-07-02 01:21:38,895 INFO o.a.j.p.j.s.J.Full charging journey with SSE: [electrahub-jmeter][full][029] step=start charging attempt 3
2026-07-02 01:21:38,966 INFO o.a.j.p.j.s.J.Full charging journey with SSE: [electrahub-jmeter][full][029] http POST /session/api/v1/sessions/start status=409 elapsedMs=70
2026-07-02 01:21:38,967 INFO o.a.j.p.j.s.J.Full charging journey with SSE: [electrahub-jmeter][full][029] start skipped EH-US-CHG-0031/CON-US-0031 HTTP 409; trying next connector
2026-07-02 01:21:39,335 INFO o.a.j.p.j.s.J.Full charging journey with SSE: [electrahub-jmeter][full][028] step=start charging attempt 9
2026-07-02 01:21:39,414 INFO o.a.j.p.j.s.J.Full charging journey with SSE: [electrahub-jmeter][full][028] http POST /session/api/v1/sessions/start status=409 elapsedMs=78
2026-07-02 01:21:39,415 INFO o.a.j.p.j.s.J.Full charging journey with SSE: [electrahub-jmeter][full][028] start skipped EH-US-CHG-0036/CON-US-0036 HTTP 409; trying next connector
2026-07-02 01:21:39,601 INFO o.a.j.p.j.s.J.Full charging journey with SSE: [electrahub-jmeter][full][026] http GET /session/api/v1/sessions/active status=200 elapsedMs=1015
2026-07-02 01:21:39,775 INFO o.a.j.p.j.s.J.Full charging journey with SSE: [electrahub-jmeter][full][027] step=start charging attempt 15
2026-07-02 01:21:39,845 INFO o.a.j.p.j.s.J.Full charging journey with SSE: [electrahub-jmeter][full][027] http POST /session/api/v1/sessions/start status=409 elapsedMs=69
2026-07-02 01:21:39,845 INFO o.a.j.p.j.s.J.Full charging journey with SSE: [electrahub-jmeter][full][027] start skipped EH-US-CHG-0041/CON-US-0041 HTTP 409; trying next connector
2026-07-02 01:21:39,968 INFO o.a.j.p.j.s.J.Full charging journey with SSE: [electrahub-jmeter][full][029] step=start charging attempt 4
2026-07-02 01:21:40,039 INFO o.a.j.p.j.s.J.Full charging journey with SSE: [electrahub-jmeter][full][029] http POST /session/api/v1/sessions/start status=409 elapsedMs=69
2026-07-02 01:21:40,039 INFO o.a.j.p.j.s.J.Full charging journey with SSE: [electrahub-jmeter][full][029] start skipped EH-US-CHG-0032/CON-US-0032 HTTP 409; trying next connector
2026-07-02 01:21:40,416 INFO o.a.j.p.j.s.J.Full charging journey with SSE: [electrahub-jmeter][full][028] step=start charging attempt 10
2026-07-02 01:21:40,602 INFO o.a.j.p.j.s.J.Full charging journey with SSE: [electrahub-jmeter][full][009] http POST /session/api/v1/sessions/d2df5e41-501a-46db-8db8-1ce223c04274/stop status=204 elapsedMs=3482
2026-07-02 01:21:40,603 INFO o.a.j.p.j.s.J.Full charging journey with SSE: [electrahub-jmeter][full][009] stop requested session=d2df5e41-501a-46db-8db8-1ce223c04274
2026-07-02 01:21:40,604 INFO o.a.j.p.j.s.J.Full charging journey with SSE: [electrahub-jmeter][full][009] step=active sessions
2026-07-02 01:21:40,666 INFO o.a.j.p.j.s.J.Full charging journey with SSE: [electrahub-jmeter][full][009] http GET /session/api/v1/sessions/active status=200 elapsedMs=61
2026-07-02 01:21:40,847 INFO o.a.j.p.j.s.J.Full charging journey with SSE: [electrahub-jmeter][full][027] step=start charging attempt 16
2026-07-02 01:21:40,880 INFO o.a.j.p.j.s.J.Full charging journey with SSE: [electrahub-jmeter][full][028] http POST /session/api/v1/sessions/start status=409 elapsedMs=464
2026-07-02 01:21:40,881 INFO o.a.j.p.j.s.J.Full charging journey with SSE: [electrahub-jmeter][full][028] start skipped EH-US-CHG-0037/CON-US-0037 HTTP 409; trying next connector
2026-07-02 01:21:40,921 INFO o.a.j.p.j.s.J.Full charging journey with SSE: [electrahub-jmeter][full][027] http POST /session/api/v1/sessions/start status=409 elapsedMs=73
2026-07-02 01:21:40,922 INFO o.a.j.p.j.s.J.Full charging journey with SSE: [electrahub-jmeter][full][027] start skipped EH-US-CHG-0042/CON-US-0042 HTTP 409; trying next connector
2026-07-02 01:21:41,040 INFO o.a.j.p.j.s.J.Full charging journey with SSE: [electrahub-jmeter][full][029] step=start charging attempt 5
2026-07-02 01:21:41,107 INFO o.a.j.p.j.s.J.Full charging journey with SSE: [electrahub-jmeter][full][029] http POST /session/api/v1/sessions/start status=409 elapsedMs=66
2026-07-02 01:21:41,108 INFO o.a.j.p.j.s.J.Full charging journey with SSE: [electrahub-jmeter][full][029] start skipped EH-US-CHG-0033/CON-US-0033 HTTP 409; trying next connector
2026-07-02 01:21:41,682 INFO o.a.j.t.JMeterThread: Thread started: 100 driver charging journeys 1-30
2026-07-02 01:21:41,686 INFO o.a.j.p.j.s.J.Full charging journey with SSE: [electrahub-jmeter][full][030] step=register
2026-07-02 01:21:41,882 INFO o.a.j.p.j.s.J.Full charging journey with SSE: [electrahub-jmeter][full][028] step=start charging attempt 11
2026-07-02 01:21:41,921 INFO o.a.j.p.j.s.J.Full charging journey with SSE: [electrahub-jmeter][full][030] http POST /auth/api/auth/register status=200 elapsedMs=234
2026-07-02 01:21:41,922 INFO o.a.j.p.j.s.J.Full charging journey with SSE: [electrahub-jmeter][full][030] registered uid=296856e7-e7b0-465d-b029-5541671367ae
2026-07-02 01:21:41,923 INFO o.a.j.p.j.s.J.Full charging journey with SSE: [electrahub-jmeter][full][027] step=start charging attempt 17
2026-07-02 01:21:41,930 INFO o.a.j.p.j.s.J.Full charging journey with SSE: [electrahub-jmeter][full][030] step=payment state before setup
2026-07-02 01:21:41,953 INFO o.a.j.p.j.s.J.Full charging journey with SSE: [electrahub-jmeter][full][028] http POST /session/api/v1/sessions/start status=409 elapsedMs=70
2026-07-02 01:21:41,953 INFO o.a.j.p.j.s.J.Full charging journey with SSE: [electrahub-jmeter][full][028] start skipped EH-US-CHG-0038/CON-US-0038 HTTP 409; trying next connector
2026-07-02 01:21:41,983 INFO o.a.j.p.j.s.J.Full charging journey with SSE: [electrahub-jmeter][full][030] http GET /payment/api/v1/payment/state status=451 elapsedMs=52
2026-07-02 01:21:41,984 INFO o.a.j.p.j.s.J.Full charging journey with SSE: [electrahub-jmeter][full][030] step=accept terms
2026-07-02 01:21:42,002 INFO o.a.j.p.j.s.J.Full charging journey with SSE: [electrahub-jmeter][full][027] http POST /session/api/v1/sessions/start status=409 elapsedMs=78
2026-07-02 01:21:42,002 INFO o.a.j.p.j.s.J.Full charging journey with SSE: [electrahub-jmeter][full][027] start skipped EH-US-CHG-0043/CON-US-0043 HTTP 409; trying next connector
2026-07-02 01:21:42,039 INFO o.a.j.p.j.s.J.Full charging journey with SSE: [electrahub-jmeter][full][030] http POST /auth/api/terms/accept status=201 elapsedMs=54
2026-07-02 01:21:42,040 INFO o.a.j.p.j.s.J.Full charging journey with SSE: [electrahub-jmeter][full][030] accepted terms; refreshing token through login
2026-07-02 01:21:42,041 INFO o.a.j.p.j.s.J.Full charging journey with SSE: [electrahub-jmeter][full][030] step=login
2026-07-02 01:21:42,109 INFO o.a.j.p.j.s.J.Full charging journey with SSE: [electrahub-jmeter][full][029] step=start charging attempt 6
2026-07-02 01:21:42,186 INFO o.a.j.p.j.s.J.Full charging journey with SSE: [electrahub-jmeter][full][029] http POST /session/api/v1/sessions/start status=409 elapsedMs=76
2026-07-02 01:21:42,187 INFO o.a.j.p.j.s.J.Full charging journey with SSE: [electrahub-jmeter][full][029] start skipped EH-US-CHG-0034/CON-US-0034 HTTP 409; trying next connector
2026-07-02 01:21:42,206 INFO o.a.j.p.j.s.J.Full charging journey with SSE: [electrahub-jmeter][full][030] http POST /auth/api/auth/login status=200 elapsedMs=164
2026-07-02 01:21:42,207 INFO o.a.j.p.j.s.J.Full charging journey with SSE: [electrahub-jmeter][full][030] logged in uid=296856e7-e7b0-465d-b029-5541671367ae
2026-07-02 01:21:42,207 INFO o.a.j.p.j.s.J.Full charging journey with SSE: [electrahub-jmeter][full][030] step=payment state after terms
2026-07-02 01:21:42,520 INFO o.a.j.p.j.s.J.Full charging journey with SSE: [electrahub-jmeter][full][030] http GET /payment/api/v1/payment/state status=200 elapsedMs=312
2026-07-02 01:21:42,521 INFO o.a.j.p.j.s.J.Full charging journey with SSE: [electrahub-jmeter][full][030] step=add card
2026-07-02 01:21:42,599 INFO o.a.j.p.j.s.J.Full charging journey with SSE: [electrahub-jmeter][full][030] http POST /payment/api/v1/payment/cards status=201 elapsedMs=77
2026-07-02 01:21:42,601 INFO o.a.j.p.j.s.J.Full charging journey with SSE: [electrahub-jmeter][full][030] step=wallet topup
2026-07-02 01:21:42,664 INFO o.a.j.p.j.s.J.Full charging journey with SSE: [electrahub-jmeter][full][030] http POST /payment/api/v1/payment/wallet/topups status=201 elapsedMs=58
2026-07-02 01:21:42,664 INFO o.a.j.p.j.s.J.Full charging journey with SSE: [electrahub-jmeter][full][030] step=payment state after setup
2026-07-02 01:21:42,727 INFO o.a.j.p.j.s.J.Full charging journey with SSE: [electrahub-jmeter][full][030] http GET /payment/api/v1/payment/state status=200 elapsedMs=62
2026-07-02 01:21:42,728 INFO o.a.j.p.j.s.J.Full charging journey with SSE: [electrahub-jmeter][full][030] payment ready wallet=120.00
2026-07-02 01:21:42,729 INFO o.a.j.p.j.s.J.Full charging journey with SSE: [electrahub-jmeter][full][030] step=charger graphql list
2026-07-02 01:21:42,837 INFO o.a.j.p.j.s.J.Full charging journey with SSE: [electrahub-jmeter][full][030] http POST /charger/graphql status=200 elapsedMs=107
2026-07-02 01:21:42,850 INFO o.a.j.p.j.s.J.Full charging journey with SSE: [electrahub-jmeter][full][030] dynamic connector selection found no available connector; using CSV connector
2026-07-02 01:21:42,851 INFO o.a.j.p.j.s.J.Full charging journey with SSE: [electrahub-jmeter][full][030] step=charger graphql view
2026-07-02 01:21:42,918 INFO o.a.j.p.j.s.J.Full charging journey with SSE: [electrahub-jmeter][full][030] http POST /charger/graphql status=200 elapsedMs=66
2026-07-02 01:21:42,919 INFO o.a.j.p.j.s.J.Full charging journey with SSE: [electrahub-jmeter][full][030] step=payment state before start
2026-07-02 01:21:42,954 INFO o.a.j.p.j.s.J.Full charging journey with SSE: [electrahub-jmeter][full][028] step=start charging attempt 12
2026-07-02 01:21:42,981 INFO o.a.j.p.j.s.J.Full charging journey with SSE: [electrahub-jmeter][full][030] http GET /payment/api/v1/payment/state status=200 elapsedMs=62
2026-07-02 01:21:42,984 INFO o.a.j.p.j.s.J.Full charging journey with SSE: [electrahub-jmeter][full][030] using connector csv fallback attempts=100 startIndex=30/100
2026-07-02 01:21:42,984 INFO o.a.j.p.j.s.J.Full charging journey with SSE: [electrahub-jmeter][full][030] step=start charging attempt 1
2026-07-02 01:21:43,003 INFO o.a.j.p.j.s.J.Full charging journey with SSE: [electrahub-jmeter][full][027] step=start charging attempt 18
2026-07-02 01:21:43,051 INFO o.a.j.p.j.s.J.Full charging journey with SSE: [electrahub-jmeter][full][030] http POST /session/api/v1/sessions/start status=409 elapsedMs=66
2026-07-02 01:21:43,054 INFO o.a.j.p.j.s.J.Full charging journey with SSE: [electrahub-jmeter][full][030] start skipped EH-US-CHG-0030/CON-US-0030 HTTP 409; trying next connector
2026-07-02 01:21:43,188 INFO o.a.j.p.j.s.J.Full charging journey with SSE: [electrahub-jmeter][full][029] step=start charging attempt 7
2026-07-02 01:21:43,258 INFO o.a.j.p.j.s.J.Full charging journey with SSE: [electrahub-jmeter][full][029] http POST /session/api/v1/sessions/start status=409 elapsedMs=69
2026-07-02 01:21:43,259 INFO o.a.j.p.j.s.J.Full charging journey with SSE: [electrahub-jmeter][full][029] start skipped EH-US-CHG-0035/CON-US-0035 HTTP 409; trying next connector
2026-07-02 01:21:43,263 INFO o.a.j.p.j.s.J.Full charging journey with SSE: [electrahub-jmeter][full][028] http POST /session/api/v1/sessions/start status=409 elapsedMs=308
2026-07-02 01:21:43,265 INFO o.a.j.p.j.s.J.Full charging journey with SSE: [electrahub-jmeter][full][028] start skipped EH-US-CHG-0039/CON-US-0039 HTTP 409; trying next connector
2026-07-02 01:21:43,628 INFO o.a.j.p.j.s.J.Full charging journey with SSE: [electrahub-jmeter][full][018] sse ok connected=1 snapshot=2 updates=29 receipts=0 heartbeats=0
2026-07-02 01:21:43,629 INFO o.a.j.p.j.s.J.Full charging journey with SSE: [electrahub-jmeter][full][018] holding session for 47s before stop
2026-07-02 01:21:43,637 INFO o.a.j.p.j.s.J.Full charging journey with SSE: [electrahub-jmeter][full][027] http POST /session/api/v1/sessions/start status=201 elapsedMs=633
2026-07-02 01:21:43,638 INFO o.a.j.p.j.s.J.Full charging journey with SSE: [electrahub-jmeter][full][027] started session=d1488ac0-bb62-4926-8c87-6fa0e1aac45e charger=EH-US-CHG-0044/CON-US-0044 status=PREPARING remote=Accepted attempt=18/100
2026-07-02 01:21:43,638 INFO o.a.j.p.j.s.J.Full charging journey with SSE: [electrahub-jmeter][full][027] step=active sessions
2026-07-02 01:21:44,056 INFO o.a.j.p.j.s.J.Full charging journey with SSE: [electrahub-jmeter][full][030] step=start charging attempt 2
2026-07-02 01:21:44,143 INFO o.a.j.p.j.s.J.Full charging journey with SSE: [electrahub-jmeter][full][030] http POST /session/api/v1/sessions/start status=409 elapsedMs=86
2026-07-02 01:21:44,143 INFO o.a.j.p.j.s.J.Full charging journey with SSE: [electrahub-jmeter][full][030] start skipped EH-US-CHG-0031/CON-US-0031 HTTP 409; trying next connector
2026-07-02 01:21:44,157 INFO o.a.j.p.j.s.J.Full charging journey with SSE: [electrahub-jmeter][full][010] step=stop charging session
2026-07-02 01:21:44,260 INFO o.a.j.p.j.s.J.Full charging journey with SSE: [electrahub-jmeter][full][029] step=start charging attempt 8
2026-07-02 01:21:44,266 INFO o.a.j.p.j.s.J.Full charging journey with SSE: [electrahub-jmeter][full][028] step=start charging attempt 13
2026-07-02 01:21:44,326 INFO o.a.j.p.j.s.J.Full charging journey with SSE: [electrahub-jmeter][full][029] http POST /session/api/v1/sessions/start status=409 elapsedMs=65
2026-07-02 01:21:44,327 INFO o.a.j.p.j.s.J.Full charging journey with SSE: [electrahub-jmeter][full][029] start skipped EH-US-CHG-0036/CON-US-0036 HTTP 409; trying next connector
2026-07-02 01:21:44,450 INFO o.a.j.p.j.s.J.Full charging journey with SSE: [electrahub-jmeter][full][028] http POST /session/api/v1/sessions/start status=409 elapsedMs=78
2026-07-02 01:21:44,451 INFO o.a.j.p.j.s.J.Full charging journey with SSE: [electrahub-jmeter][full][028] start skipped EH-US-CHG-0040/CON-US-0040 HTTP 409; trying next connector
2026-07-02 01:21:44,644 INFO o.a.j.p.j.s.J.Full charging journey with SSE: [electrahub-jmeter][full][027] http GET /session/api/v1/sessions/active status=200 elapsedMs=1005
2026-07-02 01:21:45,144 INFO o.a.j.p.j.s.J.Full charging journey with SSE: [electrahub-jmeter][full][030] step=start charging attempt 3
2026-07-02 01:21:45,210 INFO o.a.j.p.j.s.J.Full charging journey with SSE: [electrahub-jmeter][full][030] http POST /session/api/v1/sessions/start status=409 elapsedMs=65
2026-07-02 01:21:45,211 INFO o.a.j.p.j.s.J.Full charging journey with SSE: [electrahub-jmeter][full][030] start skipped EH-US-CHG-0032/CON-US-0032 HTTP 409; trying next connector
2026-07-02 01:21:45,327 INFO o.a.j.p.j.s.J.Full charging journey with SSE: [electrahub-jmeter][full][029] step=start charging attempt 9
2026-07-02 01:21:45,389 INFO o.a.j.p.j.s.J.Full charging journey with SSE: [electrahub-jmeter][full][029] http POST /session/api/v1/sessions/start status=409 elapsedMs=60
2026-07-02 01:21:45,389 INFO o.a.j.p.j.s.J.Full charging journey with SSE: [electrahub-jmeter][full][029] start skipped EH-US-CHG-0037/CON-US-0037 HTTP 409; trying next connector
2026-07-02 01:21:45,452 INFO o.a.j.p.j.s.J.Full charging journey with SSE: [electrahub-jmeter][full][028] step=start charging attempt 14
2026-07-02 01:21:45,528 INFO o.a.j.p.j.s.J.Full charging journey with SSE: [electrahub-jmeter][full][028] http POST /session/api/v1/sessions/start status=409 elapsedMs=74
2026-07-02 01:21:45,529 INFO o.a.j.p.j.s.J.Full charging journey with SSE: [electrahub-jmeter][full][028] start skipped EH-US-CHG-0041/CON-US-0041 HTTP 409; trying next connector
2026-07-02 01:21:45,667 INFO o.a.j.p.j.s.J.Full charging journey with SSE: [electrahub-jmeter][full][009] step=active sessions
2026-07-02 01:21:45,731 INFO o.a.j.p.j.s.J.Full charging journey with SSE: [electrahub-jmeter][full][009] http GET /session/api/v1/sessions/active status=200 elapsedMs=63
2026-07-02 01:21:45,731 INFO o.a.j.p.j.s.J.Full charging journey with SSE: [electrahub-jmeter][full][009] step=receipt
2026-07-02 01:21:45,785 INFO o.a.j.p.j.s.J.Full charging journey with SSE: [electrahub-jmeter][full][009] http GET /session/api/v1/sessions/d2df5e41-501a-46db-8db8-1ce223c04274/receipt status=200 elapsedMs=53
2026-07-02 01:21:45,786 INFO o.a.j.p.j.s.J.Full charging journey with SSE: [electrahub-jmeter][full][009] step=session history
2026-07-02 01:21:45,848 INFO o.a.j.p.j.s.J.Full charging journey with SSE: [electrahub-jmeter][full][009] http GET /session/api/v1/sessions/history?page=0&size=10 status=200 elapsedMs=61
2026-07-02 01:21:45,848 INFO o.a.j.p.j.s.J.Full charging journey with SSE: [electrahub-jmeter][full][009] step=dashboard stats
2026-07-02 01:21:45,903 INFO o.a.j.p.j.s.J.Full charging journey with SSE: [electrahub-jmeter][full][009] http GET /session/api/v1/sessions/dashboard-stats status=200 elapsedMs=54
2026-07-02 01:21:45,904 INFO o.a.j.p.j.s.J.Full charging journey with SSE: [electrahub-jmeter][full][009] receipt ok session=d2df5e41-501a-46db-8db8-1ce223c04274 status=Completed total=1.8678
2026-07-02 01:21:45,905 INFO o.a.j.t.JMeterThread: Thread is done: 100 driver charging journeys 1-9
2026-07-02 01:21:45,906 INFO o.a.j.t.JMeterThread: Thread finished: 100 driver charging journeys 1-9
2026-07-02 01:21:46,213 INFO o.a.j.p.j.s.J.Full charging journey with SSE: [electrahub-jmeter][full][030] step=start charging attempt 4
2026-07-02 01:21:46,276 INFO o.a.j.p.j.s.J.Full charging journey with SSE: [electrahub-jmeter][full][030] http POST /session/api/v1/sessions/start status=409 elapsedMs=62
2026-07-02 01:21:46,277 INFO o.a.j.p.j.s.J.Full charging journey with SSE: [electrahub-jmeter][full][030] start skipped EH-US-CHG-0033/CON-US-0033 HTTP 409; trying next connector
2026-07-02 01:21:46,391 INFO o.a.j.p.j.s.J.Full charging journey with SSE: [electrahub-jmeter][full][029] step=start charging attempt 10
2026-07-02 01:21:46,458 INFO o.a.j.p.j.s.J.Full charging journey with SSE: [electrahub-jmeter][full][029] http POST /session/api/v1/sessions/start status=409 elapsedMs=66
2026-07-02 01:21:46,459 INFO o.a.j.p.j.s.J.Full charging journey with SSE: [electrahub-jmeter][full][029] start skipped EH-US-CHG-0038/CON-US-0038 HTTP 409; trying next connector
2026-07-02 01:21:46,531 INFO o.a.j.p.j.s.J.Full charging journey with SSE: [electrahub-jmeter][full][028] step=start charging attempt 15
2026-07-02 01:21:46,608 INFO o.a.j.p.j.s.J.Full charging journey with SSE: [electrahub-jmeter][full][028] http POST /session/api/v1/sessions/start status=409 elapsedMs=76
2026-07-02 01:21:46,609 INFO o.a.j.p.j.s.J.Full charging journey with SSE: [electrahub-jmeter][full][028] start skipped EH-US-CHG-0042/CON-US-0042 HTTP 409; trying next connector
2026-07-02 01:21:47,277 INFO o.a.j.p.j.s.J.Full charging journey with SSE: [electrahub-jmeter][full][030] step=start charging attempt 5
2026-07-02 01:21:47,357 INFO o.a.j.p.j.s.J.Full charging journey with SSE: [electrahub-jmeter][full][030] http POST /session/api/v1/sessions/start status=409 elapsedMs=78
2026-07-02 01:21:47,358 INFO o.a.j.p.j.s.J.Full charging journey with SSE: [electrahub-jmeter][full][030] start skipped EH-US-CHG-0034/CON-US-0034 HTTP 409; trying next connector
2026-07-02 01:21:47,460 INFO o.a.j.p.j.s.J.Full charging journey with SSE: [electrahub-jmeter][full][029] step=start charging attempt 11
2026-07-02 01:21:47,536 INFO o.a.j.p.j.s.J.Full charging journey with SSE: [electrahub-jmeter][full][029] http POST /session/api/v1/sessions/start status=409 elapsedMs=75
2026-07-02 01:21:47,537 INFO o.a.j.p.j.s.J.Full charging journey with SSE: [electrahub-jmeter][full][029] start skipped EH-US-CHG-0039/CON-US-0039 HTTP 409; trying next connector
2026-07-02 01:21:47,610 INFO o.a.j.p.j.s.J.Full charging journey with SSE: [electrahub-jmeter][full][028] step=start charging attempt 16
2026-07-02 01:21:47,672 INFO o.a.j.p.j.s.J.Full charging journey with SSE: [electrahub-jmeter][full][010] http POST /session/api/v1/sessions/387780b7-2339-4fc1-95f1-024e35b02ee5/stop status=204 elapsedMs=3514
2026-07-02 01:21:47,673 INFO o.a.j.p.j.s.J.Full charging journey with SSE: [electrahub-jmeter][full][010] stop requested session=387780b7-2339-4fc1-95f1-024e35b02ee5
2026-07-02 01:21:47,674 INFO o.a.j.p.j.s.J.Full charging journey with SSE: [electrahub-jmeter][full][010] step=active sessions
2026-07-02 01:21:47,682 INFO o.a.j.t.JMeterThread: Thread started: 100 driver charging journeys 1-31
2026-07-02 01:21:47,687 INFO o.a.j.p.j.s.J.Full charging journey with SSE: [electrahub-jmeter][full][031] step=register
2026-07-02 01:21:47,690 INFO o.a.j.p.j.s.J.Full charging journey with SSE: [electrahub-jmeter][full][028] http POST /session/api/v1/sessions/start status=409 elapsedMs=79
2026-07-02 01:21:47,691 INFO o.a.j.p.j.s.J.Full charging journey with SSE: [electrahub-jmeter][full][028] start skipped EH-US-CHG-0043/CON-US-0043 HTTP 409; trying next connector
2026-07-02 01:21:49,833 INFO o.a.j.p.j.s.J.Full charging journey with SSE: [electrahub-jmeter][full][031] http POST /auth/api/auth/register status=200 elapsedMs=2145
2026-07-02 01:21:49,834 INFO o.a.j.p.j.s.J.Full charging journey with SSE: [electrahub-jmeter][full][031] registered uid=57331a30-3037-4272-bac6-f84f8c97b8b1
2026-07-02 01:21:49,842 INFO o.a.j.p.j.s.J.Full charging journey with SSE: [electrahub-jmeter][full][031] step=payment state before setup
2026-07-02 01:21:49,898 INFO o.a.j.p.j.s.J.Full charging journey with SSE: [electrahub-jmeter][full][031] http GET /payment/api/v1/payment/state status=451 elapsedMs=55
2026-07-02 01:21:49,899 INFO o.a.j.p.j.s.J.Full charging journey with SSE: [electrahub-jmeter][full][031] step=accept terms
2026-07-02 01:21:49,967 INFO o.a.j.p.j.s.J.Full charging journey with SSE: [electrahub-jmeter][full][031] http POST /auth/api/terms/accept status=201 elapsedMs=67
2026-07-02 01:21:49,967 INFO o.a.j.p.j.s.J.Full charging journey with SSE: [electrahub-jmeter][full][031] accepted terms; refreshing token through login
2026-07-02 01:21:49,968 INFO o.a.j.p.j.s.J.Full charging journey with SSE: [electrahub-jmeter][full][031] step=login
2026-07-02 01:21:50,109 INFO o.a.j.p.j.s.J.Full charging journey with SSE: [electrahub-jmeter][full][031] http POST /auth/api/auth/login status=200 elapsedMs=140
2026-07-02 01:21:50,110 INFO o.a.j.p.j.s.J.Full charging journey with SSE: [electrahub-jmeter][full][031] logged in uid=57331a30-3037-4272-bac6-f84f8c97b8b1
2026-07-02 01:21:50,110 INFO o.a.j.p.j.s.J.Full charging journey with SSE: [electrahub-jmeter][full][031] step=payment state after terms
2026-07-02 01:21:50,169 INFO o.a.j.p.j.s.J.Full charging journey with SSE: [electrahub-jmeter][full][031] http GET /payment/api/v1/payment/state status=200 elapsedMs=58
2026-07-02 01:21:50,169 INFO o.a.j.p.j.s.J.Full charging journey with SSE: [electrahub-jmeter][full][031] step=add card
2026-07-02 01:21:50,227 INFO o.a.j.p.j.s.J.Full charging journey with SSE: [electrahub-jmeter][full][031] http POST /payment/api/v1/payment/cards status=201 elapsedMs=57
2026-07-02 01:21:50,229 INFO o.a.j.p.j.s.J.Full charging journey with SSE: [electrahub-jmeter][full][031] step=wallet topup
2026-07-02 01:21:50,279 INFO o.a.j.p.j.s.J.Full charging journey with SSE: [electrahub-jmeter][full][030] step=start charging attempt 6
2026-07-02 01:21:50,289 INFO o.a.j.p.j.s.J.Full charging journey with SSE: [electrahub-jmeter][full][031] http POST /payment/api/v1/payment/wallet/topups status=201 elapsedMs=59
2026-07-02 01:21:50,290 INFO o.a.j.p.j.s.J.Full charging journey with SSE: [electrahub-jmeter][full][031] step=payment state after setup
2026-07-02 01:21:50,350 INFO o.a.j.p.j.s.J.Full charging journey with SSE: [electrahub-jmeter][full][031] http GET /payment/api/v1/payment/state status=200 elapsedMs=59
2026-07-02 01:21:50,350 INFO o.a.j.p.j.s.J.Full charging journey with SSE: [electrahub-jmeter][full][031] payment ready wallet=120.00
2026-07-02 01:21:50,351 INFO o.a.j.p.j.s.J.Full charging journey with SSE: [electrahub-jmeter][full][031] step=charger graphql list
2026-07-02 01:21:50,351 INFO o.a.j.p.j.s.J.Full charging journey with SSE: [electrahub-jmeter][full][030] http POST /session/api/v1/sessions/start status=409 elapsedMs=71
2026-07-02 01:21:50,352 INFO o.a.j.p.j.s.J.Full charging journey with SSE: [electrahub-jmeter][full][030] start skipped EH-US-CHG-0035/CON-US-0035 HTTP 409; trying next connector
2026-07-02 01:21:50,454 INFO o.a.j.p.j.s.J.Full charging journey with SSE: [electrahub-jmeter][full][031] http POST /charger/graphql status=200 elapsedMs=102
2026-07-02 01:21:50,455 INFO o.a.j.p.j.s.J.Full charging journey with SSE: [electrahub-jmeter][full][031] dynamic connector selection found no available connector; using CSV connector
2026-07-02 01:21:50,456 INFO o.a.j.p.j.s.J.Full charging journey with SSE: [electrahub-jmeter][full][031] step=charger graphql view
2026-07-02 01:21:50,459 INFO o.a.j.p.j.s.J.Full charging journey with SSE: [electrahub-jmeter][full][029] step=start charging attempt 12
2026-07-02 01:21:50,528 INFO o.a.j.p.j.s.J.Full charging journey with SSE: [electrahub-jmeter][full][031] http POST /charger/graphql status=200 elapsedMs=71
2026-07-02 01:21:50,529 INFO o.a.j.p.j.s.J.Full charging journey with SSE: [electrahub-jmeter][full][031] step=payment state before start
2026-07-02 01:21:50,533 INFO o.a.j.p.j.s.J.Full charging journey with SSE: [electrahub-jmeter][full][029] http POST /session/api/v1/sessions/start status=409 elapsedMs=73
2026-07-02 01:21:50,533 INFO o.a.j.p.j.s.J.Full charging journey with SSE: [electrahub-jmeter][full][029] start skipped EH-US-CHG-0040/CON-US-0040 HTTP 409; trying next connector
2026-07-02 01:21:50,585 INFO o.a.j.p.j.s.J.Full charging journey with SSE: [electrahub-jmeter][full][031] http GET /payment/api/v1/payment/state status=200 elapsedMs=56
2026-07-02 01:21:50,588 INFO o.a.j.p.j.s.J.Full charging journey with SSE: [electrahub-jmeter][full][031] using connector csv fallback attempts=100 startIndex=31/100
2026-07-02 01:21:50,588 INFO o.a.j.p.j.s.J.Full charging journey with SSE: [electrahub-jmeter][full][010] http GET /session/api/v1/sessions/active status=200 elapsedMs=2914
2026-07-02 01:21:50,589 INFO o.a.j.p.j.s.J.Full charging journey with SSE: [electrahub-jmeter][full][031] step=start charging attempt 1
2026-07-02 01:21:50,613 INFO o.a.j.p.j.s.J.Full charging journey with SSE: [electrahub-jmeter][full][028] step=start charging attempt 17
2026-07-02 01:21:50,664 INFO o.a.j.p.j.s.J.Full charging journey with SSE: [electrahub-jmeter][full][031] http POST /session/api/v1/sessions/start status=409 elapsedMs=74
2026-07-02 01:21:50,665 INFO o.a.j.p.j.s.J.Full charging journey with SSE: [electrahub-jmeter][full][031] start skipped EH-US-CHG-0031/CON-US-0031 HTTP 409; trying next connector
2026-07-02 01:21:50,683 INFO o.a.j.p.j.s.J.Full charging journey with SSE: [electrahub-jmeter][full][028] http POST /session/api/v1/sessions/start status=409 elapsedMs=69
2026-07-02 01:21:50,684 INFO o.a.j.p.j.s.J.Full charging journey with SSE: [electrahub-jmeter][full][028] start skipped EH-US-CHG-0044/CON-US-0044 HTTP 409; trying next connector
2026-07-02 01:21:51,185 INFO o.a.j.p.j.s.J.Full charging journey with SSE: [electrahub-jmeter][full][011] step=stop charging session
2026-07-02 01:21:51,353 INFO o.a.j.p.j.s.J.Full charging journey with SSE: [electrahub-jmeter][full][030] step=start charging attempt 7
2026-07-02 01:21:51,422 INFO o.a.j.p.j.s.J.Full charging journey with SSE: [electrahub-jmeter][full][030] http POST /session/api/v1/sessions/start status=409 elapsedMs=68
2026-07-02 01:21:51,424 INFO o.a.j.p.j.s.J.Full charging journey with SSE: [electrahub-jmeter][full][030] start skipped EH-US-CHG-0036/CON-US-0036 HTTP 409; trying next connector
2026-07-02 01:21:51,534 INFO o.a.j.p.j.s.J.Full charging journey with SSE: [electrahub-jmeter][full][029] step=start charging attempt 13
2026-07-02 01:21:51,608 INFO o.a.j.p.j.s.J.Full charging journey with SSE: [electrahub-jmeter][full][029] http POST /session/api/v1/sessions/start status=409 elapsedMs=73
2026-07-02 01:21:51,609 INFO o.a.j.p.j.s.J.Full charging journey with SSE: [electrahub-jmeter][full][029] start skipped EH-US-CHG-0041/CON-US-0041 HTTP 409; trying next connector
2026-07-02 01:21:51,666 INFO o.a.j.p.j.s.J.Full charging journey with SSE: [electrahub-jmeter][full][031] step=start charging attempt 2
2026-07-02 01:21:51,685 INFO o.a.j.p.j.s.J.Full charging journey with SSE: [electrahub-jmeter][full][028] step=start charging attempt 18
2026-07-02 01:21:51,735 INFO o.a.j.p.j.s.J.Full charging journey with SSE: [electrahub-jmeter][full][031] http POST /session/api/v1/sessions/start status=409 elapsedMs=67
2026-07-02 01:21:51,735 INFO o.a.j.p.j.s.J.Full charging journey with SSE: [electrahub-jmeter][full][031] start skipped EH-US-CHG-0032/CON-US-0032 HTTP 409; trying next connector
2026-07-02 01:21:52,424 INFO o.a.j.p.j.s.J.Full charging journey with SSE: [electrahub-jmeter][full][030] step=start charging attempt 8
2026-07-02 01:21:52,493 INFO o.a.j.p.j.s.J.Full charging journey with SSE: [electrahub-jmeter][full][030] http POST /session/api/v1/sessions/start status=409 elapsedMs=68
2026-07-02 01:21:52,493 INFO o.a.j.p.j.s.J.Full charging journey with SSE: [electrahub-jmeter][full][030] start skipped EH-US-CHG-0037/CON-US-0037 HTTP 409; trying next connector
2026-07-02 01:21:52,610 INFO o.a.j.p.j.s.J.Full charging journey with SSE: [electrahub-jmeter][full][029] step=start charging attempt 14
2026-07-02 01:21:52,617 INFO o.a.j.p.j.s.J.Full charging journey with SSE: [electrahub-jmeter][full][028] http POST /session/api/v1/sessions/start status=201 elapsedMs=931
2026-07-02 01:21:52,617 INFO o.a.j.p.j.s.J.Full charging journey with SSE: [electrahub-jmeter][full][028] started session=25f218b5-da35-4c6a-90da-93bbcf64dd27 charger=EH-US-CHG-0045/CON-US-0045 status=PREPARING remote=Accepted attempt=18/100
2026-07-02 01:21:52,618 INFO o.a.j.p.j.s.J.Full charging journey with SSE: [electrahub-jmeter][full][028] step=active sessions
2026-07-02 01:21:52,690 INFO o.a.j.p.j.s.J.Full charging journey with SSE: [electrahub-jmeter][full][029] http POST /session/api/v1/sessions/start status=409 elapsedMs=79
2026-07-02 01:21:52,691 INFO o.a.j.p.j.s.J.Full charging journey with SSE: [electrahub-jmeter][full][029] start skipped EH-US-CHG-0042/CON-US-0042 HTTP 409; trying next connector
2026-07-02 01:21:52,736 INFO o.a.j.p.j.s.J.Full charging journey with SSE: [electrahub-jmeter][full][031] step=start charging attempt 3
2026-07-02 01:21:52,808 INFO o.a.j.p.j.s.J.Full charging journey with SSE: [electrahub-jmeter][full][031] http POST /session/api/v1/sessions/start status=409 elapsedMs=71
2026-07-02 01:21:52,809 INFO o.a.j.p.j.s.J.Full charging journey with SSE: [electrahub-jmeter][full][031] start skipped EH-US-CHG-0033/CON-US-0033 HTTP 409; trying next connector
2026-07-02 01:21:53,494 INFO o.a.j.p.j.s.J.Full charging journey with SSE: [electrahub-jmeter][full][030] step=start charging attempt 9
2026-07-02 01:21:53,576 INFO o.a.j.p.j.s.J.Full charging journey with SSE: [electrahub-jmeter][full][030] http POST /session/api/v1/sessions/start status=409 elapsedMs=80
2026-07-02 01:21:53,577 INFO o.a.j.p.j.s.J.Full charging journey with SSE: [electrahub-jmeter][full][030] start skipped EH-US-CHG-0038/CON-US-0038 HTTP 409; trying next connector
2026-07-02 01:21:53,614 INFO o.a.j.p.j.s.J.Full charging journey with SSE: [electrahub-jmeter][full][028] http GET /session/api/v1/sessions/active status=200 elapsedMs=994
2026-07-02 01:21:53,682 INFO o.a.j.t.JMeterThread: Thread started: 100 driver charging journeys 1-32
2026-07-02 01:21:53,688 INFO o.a.j.p.j.s.J.Full charging journey with SSE: [electrahub-jmeter][full][032] step=register
2026-07-02 01:21:53,692 INFO o.a.j.p.j.s.J.Full charging journey with SSE: [electrahub-jmeter][full][029] step=start charging attempt 15
2026-07-02 01:21:53,810 INFO o.a.j.p.j.s.J.Full charging journey with SSE: [electrahub-jmeter][full][031] step=start charging attempt 4
2026-07-02 01:21:53,825 INFO o.a.j.p.j.s.J.Full charging journey with SSE: [electrahub-jmeter][full][029] http POST /session/api/v1/sessions/start status=409 elapsedMs=88
2026-07-02 01:21:53,826 INFO o.a.j.p.j.s.J.Full charging journey with SSE: [electrahub-jmeter][full][029] start skipped EH-US-CHG-0043/CON-US-0043 HTTP 409; trying next connector
2026-07-02 01:21:53,880 INFO o.a.j.p.j.s.J.Full charging journey with SSE: [electrahub-jmeter][full][032] http POST /auth/api/auth/register status=200 elapsedMs=191
2026-07-02 01:21:53,881 INFO o.a.j.p.j.s.J.Full charging journey with SSE: [electrahub-jmeter][full][032] registered uid=c7dd8f15-3c05-4ce2-a28e-0e3e0b01e892
2026-07-02 01:21:53,890 INFO o.a.j.p.j.s.J.Full charging journey with SSE: [electrahub-jmeter][full][032] step=payment state before setup
2026-07-02 01:21:53,921 INFO o.a.j.p.j.s.J.Full charging journey with SSE: [electrahub-jmeter][full][031] http POST /session/api/v1/sessions/start status=409 elapsedMs=72
2026-07-02 01:21:53,922 INFO o.a.j.p.j.s.J.Full charging journey with SSE: [electrahub-jmeter][full][031] start skipped EH-US-CHG-0034/CON-US-0034 HTTP 409; trying next connector
2026-07-02 01:21:53,947 INFO o.a.j.p.j.s.J.Full charging journey with SSE: [electrahub-jmeter][full][032] http GET /payment/api/v1/payment/state status=451 elapsedMs=57
2026-07-02 01:21:53,948 INFO o.a.j.p.j.s.J.Full charging journey with SSE: [electrahub-jmeter][full][032] step=accept terms
2026-07-02 01:21:54,008 INFO o.a.j.p.j.s.J.Full charging journey with SSE: [electrahub-jmeter][full][032] http POST /auth/api/terms/accept status=201 elapsedMs=59
2026-07-02 01:21:54,009 INFO o.a.j.p.j.s.J.Full charging journey with SSE: [electrahub-jmeter][full][032] accepted terms; refreshing token through login
2026-07-02 01:21:54,009 INFO o.a.j.p.j.s.J.Full charging journey with SSE: [electrahub-jmeter][full][032] step=login
2026-07-02 01:21:54,165 INFO o.a.j.p.j.s.J.Full charging journey with SSE: [electrahub-jmeter][full][032] http POST /auth/api/auth/login status=200 elapsedMs=155
2026-07-02 01:21:54,166 INFO o.a.j.p.j.s.J.Full charging journey with SSE: [electrahub-jmeter][full][032] logged in uid=c7dd8f15-3c05-4ce2-a28e-0e3e0b01e892
2026-07-02 01:21:54,166 INFO o.a.j.p.j.s.J.Full charging journey with SSE: [electrahub-jmeter][full][032] step=payment state after terms
2026-07-02 01:21:54,227 INFO o.a.j.p.j.s.J.Full charging journey with SSE: [electrahub-jmeter][full][032] http GET /payment/api/v1/payment/state status=200 elapsedMs=60
2026-07-02 01:21:54,228 INFO o.a.j.p.j.s.J.Full charging journey with SSE: [electrahub-jmeter][full][032] step=add card
2026-07-02 01:21:54,287 INFO o.a.j.p.j.s.J.Full charging journey with SSE: [electrahub-jmeter][full][032] http POST /payment/api/v1/payment/cards status=201 elapsedMs=58
2026-07-02 01:21:54,288 INFO o.a.j.p.j.s.J.Full charging journey with SSE: [electrahub-jmeter][full][032] step=wallet topup
2026-07-02 01:21:54,344 INFO o.a.j.p.j.s.J.Full charging journey with SSE: [electrahub-jmeter][full][032] http POST /payment/api/v1/payment/wallet/topups status=201 elapsedMs=55
2026-07-02 01:21:54,345 INFO o.a.j.p.j.s.J.Full charging journey with SSE: [electrahub-jmeter][full][032] step=payment state after setup
2026-07-02 01:21:54,406 INFO o.a.j.p.j.s.J.Full charging journey with SSE: [electrahub-jmeter][full][032] http GET /payment/api/v1/payment/state status=200 elapsedMs=60
2026-07-02 01:21:54,406 INFO o.a.j.p.j.s.J.Full charging journey with SSE: [electrahub-jmeter][full][032] payment ready wallet=120.00
2026-07-02 01:21:54,407 INFO o.a.j.p.j.s.J.Full charging journey with SSE: [electrahub-jmeter][full][032] step=charger graphql list
2026-07-02 01:21:54,509 INFO o.a.j.p.j.s.J.Full charging journey with SSE: [electrahub-jmeter][full][032] http POST /charger/graphql status=200 elapsedMs=101
2026-07-02 01:21:54,511 INFO o.a.j.p.j.s.J.Full charging journey with SSE: [electrahub-jmeter][full][032] dynamic connector selection found no available connector; using CSV connector
2026-07-02 01:21:54,512 INFO o.a.j.p.j.s.J.Full charging journey with SSE: [electrahub-jmeter][full][032] step=charger graphql view
2026-07-02 01:21:54,578 INFO o.a.j.p.j.s.J.Full charging journey with SSE: [electrahub-jmeter][full][030] step=start charging attempt 10
2026-07-02 01:21:54,589 INFO o.a.j.p.j.s.J.Full charging journey with SSE: [electrahub-jmeter][full][032] http POST /charger/graphql status=200 elapsedMs=77
2026-07-02 01:21:54,592 INFO o.a.j.p.j.s.J.Full charging journey with SSE: [electrahub-jmeter][full][032] step=payment state before start
2026-07-02 01:21:54,629 INFO o.a.j.p.j.s.J.Full charging journey with SSE: [electrahub-jmeter][full][011] http POST /session/api/v1/sessions/0d80ad03-0bfb-4191-bf2d-4d63fa7da528/stop status=204 elapsedMs=3443
2026-07-02 01:21:54,630 INFO o.a.j.p.j.s.J.Full charging journey with SSE: [electrahub-jmeter][full][011] stop requested session=0d80ad03-0bfb-4191-bf2d-4d63fa7da528
2026-07-02 01:21:54,630 INFO o.a.j.p.j.s.J.Full charging journey with SSE: [electrahub-jmeter][full][011] step=active sessions
2026-07-02 01:21:54,650 INFO o.a.j.p.j.s.J.Full charging journey with SSE: [electrahub-jmeter][full][032] http GET /payment/api/v1/payment/state status=200 elapsedMs=58
2026-07-02 01:21:54,653 INFO o.a.j.p.j.s.J.Full charging journey with SSE: [electrahub-jmeter][full][030] http POST /session/api/v1/sessions/start status=409 elapsedMs=74
2026-07-02 01:21:54,653 INFO o.a.j.p.j.s.J.Full charging journey with SSE: [electrahub-jmeter][full][032] using connector csv fallback attempts=100 startIndex=32/100
2026-07-02 01:21:54,654 INFO o.a.j.p.j.s.J.Full charging journey with SSE: [electrahub-jmeter][full][030] start skipped EH-US-CHG-0039/CON-US-0039 HTTP 409; trying next connector
2026-07-02 01:21:54,654 INFO o.a.j.p.j.s.J.Full charging journey with SSE: [electrahub-jmeter][full][032] step=start charging attempt 1
2026-07-02 01:21:54,726 INFO o.a.j.p.j.s.J.Full charging journey with SSE: [electrahub-jmeter][full][032] http POST /session/api/v1/sessions/start status=409 elapsedMs=70
2026-07-02 01:21:54,727 INFO o.a.j.p.j.s.J.Full charging journey with SSE: [electrahub-jmeter][full][032] start skipped EH-US-CHG-0032/CON-US-0032 HTTP 409; trying next connector
2026-07-02 01:21:54,827 INFO o.a.j.p.j.s.J.Full charging journey with SSE: [electrahub-jmeter][full][029] step=start charging attempt 16
2026-07-02 01:21:54,907 INFO o.a.j.p.j.s.J.Full charging journey with SSE: [electrahub-jmeter][full][029] http POST /session/api/v1/sessions/start status=409 elapsedMs=79
2026-07-02 01:21:54,908 INFO o.a.j.p.j.s.J.Full charging journey with SSE: [electrahub-jmeter][full][029] start skipped EH-US-CHG-0044/CON-US-0044 HTTP 409; trying next connector
2026-07-02 01:21:54,923 INFO o.a.j.p.j.s.J.Full charging journey with SSE: [electrahub-jmeter][full][031] step=start charging attempt 5
2026-07-02 01:21:54,988 INFO o.a.j.p.j.s.J.Full charging journey with SSE: [electrahub-jmeter][full][031] http POST /session/api/v1/sessions/start status=409 elapsedMs=64
2026-07-02 01:21:54,989 INFO o.a.j.p.j.s.J.Full charging journey with SSE: [electrahub-jmeter][full][031] start skipped EH-US-CHG-0035/CON-US-0035 HTTP 409; trying next connector
2026-07-02 01:21:55,590 INFO o.a.j.p.j.s.J.Full charging journey with SSE: [electrahub-jmeter][full][010] step=active sessions
2026-07-02 01:21:55,632 INFO o.a.j.p.j.s.J.Full charging journey with SSE: [electrahub-jmeter][full][011] http GET /session/api/v1/sessions/active status=200 elapsedMs=1001
2026-07-02 01:21:55,654 INFO o.a.j.p.j.s.J.Full charging journey with SSE: [electrahub-jmeter][full][010] http GET /session/api/v1/sessions/active status=200 elapsedMs=63
2026-07-02 01:21:55,654 INFO o.a.j.p.j.s.J.Full charging journey with SSE: [electrahub-jmeter][full][010] step=receipt
2026-07-02 01:21:55,655 INFO o.a.j.p.j.s.J.Full charging journey with SSE: [electrahub-jmeter][full][030] step=start charging attempt 11
2026-07-02 01:21:55,724 INFO o.a.j.p.j.s.J.Full charging journey with SSE: [electrahub-jmeter][full][030] http POST /session/api/v1/sessions/start status=409 elapsedMs=68
2026-07-02 01:21:55,725 INFO o.a.j.p.j.s.J.Full charging journey with SSE: [electrahub-jmeter][full][030] start skipped EH-US-CHG-0040/CON-US-0040 HTTP 409; trying next connector
2026-07-02 01:21:55,728 INFO o.a.j.p.j.s.J.Full charging journey with SSE: [electrahub-jmeter][full][032] step=start charging attempt 2
2026-07-02 01:21:55,732 INFO o.a.j.p.j.s.J.Full charging journey with SSE: [electrahub-jmeter][full][010] http GET /session/api/v1/sessions/387780b7-2339-4fc1-95f1-024e35b02ee5/receipt status=200 elapsedMs=77
2026-07-02 01:21:55,732 INFO o.a.j.p.j.s.J.Full charging journey with SSE: [electrahub-jmeter][full][010] step=session history
2026-07-02 01:21:55,793 INFO o.a.j.p.j.s.J.Full charging journey with SSE: [electrahub-jmeter][full][010] http GET /session/api/v1/sessions/history?page=0&size=10 status=200 elapsedMs=60
2026-07-02 01:21:55,794 INFO o.a.j.p.j.s.J.Full charging journey with SSE: [electrahub-jmeter][full][010] step=dashboard stats
2026-07-02 01:21:55,803 INFO o.a.j.p.j.s.J.Full charging journey with SSE: [electrahub-jmeter][full][032] http POST /session/api/v1/sessions/start status=409 elapsedMs=74
2026-07-02 01:21:55,804 INFO o.a.j.p.j.s.J.Full charging journey with SSE: [electrahub-jmeter][full][032] start skipped EH-US-CHG-0033/CON-US-0033 HTTP 409; trying next connector
2026-07-02 01:21:55,850 INFO o.a.j.p.j.s.J.Full charging journey with SSE: [electrahub-jmeter][full][010] http GET /session/api/v1/sessions/dashboard-stats status=200 elapsedMs=55
2026-07-02 01:21:55,850 INFO o.a.j.p.j.s.J.Full charging journey with SSE: [electrahub-jmeter][full][010] receipt ok session=387780b7-2339-4fc1-95f1-024e35b02ee5 status=Completed total=1.8708
2026-07-02 01:21:55,851 INFO o.a.j.t.JMeterThread: Thread is done: 100 driver charging journeys 1-10
2026-07-02 01:21:55,852 INFO o.a.j.t.JMeterThread: Thread finished: 100 driver charging journeys 1-10
2026-07-02 01:21:55,909 INFO o.a.j.p.j.s.J.Full charging journey with SSE: [electrahub-jmeter][full][029] step=start charging attempt 17
2026-07-02 01:21:55,990 INFO o.a.j.p.j.s.J.Full charging journey with SSE: [electrahub-jmeter][full][031] step=start charging attempt 6
2026-07-02 01:21:55,996 INFO o.a.j.p.j.s.J.Full charging journey with SSE: [electrahub-jmeter][full][029] http POST /session/api/v1/sessions/start status=409 elapsedMs=86
2026-07-02 01:21:55,997 INFO o.a.j.p.j.s.J.Full charging journey with SSE: [electrahub-jmeter][full][029] start skipped EH-US-CHG-0045/CON-US-0045 HTTP 409; trying next connector
2026-07-02 01:21:56,054 INFO o.a.j.p.j.s.J.Full charging journey with SSE: [electrahub-jmeter][full][031] http POST /session/api/v1/sessions/start status=409 elapsedMs=63
2026-07-02 01:21:56,055 INFO o.a.j.p.j.s.J.Full charging journey with SSE: [electrahub-jmeter][full][031] start skipped EH-US-CHG-0036/CON-US-0036 HTTP 409; trying next connector
2026-07-02 01:21:56,726 INFO o.a.j.p.j.s.J.Full charging journey with SSE: [electrahub-jmeter][full][030] step=start charging attempt 12
2026-07-02 01:21:56,793 INFO o.a.j.p.j.s.J.Full charging journey with SSE: [electrahub-jmeter][full][030] http POST /session/api/v1/sessions/start status=409 elapsedMs=66
2026-07-02 01:21:56,794 INFO o.a.j.p.j.s.J.Full charging journey with SSE: [electrahub-jmeter][full][030] start skipped EH-US-CHG-0041/CON-US-0041 HTTP 409; trying next connector
2026-07-02 01:21:56,805 INFO o.a.j.p.j.s.J.Full charging journey with SSE: [electrahub-jmeter][full][032] step=start charging attempt 3
2026-07-02 01:21:56,879 INFO o.a.j.p.j.s.J.Full charging journey with SSE: [electrahub-jmeter][full][032] http POST /session/api/v1/sessions/start status=409 elapsedMs=72
2026-07-02 01:21:56,880 INFO o.a.j.p.j.s.J.Full charging journey with SSE: [electrahub-jmeter][full][032] start skipped EH-US-CHG-0034/CON-US-0034 HTTP 409; trying next connector
2026-07-02 01:21:56,998 INFO o.a.j.p.j.s.J.Full charging journey with SSE: [electrahub-jmeter][full][029] step=start charging attempt 18
2026-07-02 01:21:57,056 INFO o.a.j.p.j.s.J.Full charging journey with SSE: [electrahub-jmeter][full][031] step=start charging attempt 7
2026-07-02 01:21:57,123 INFO o.a.j.p.j.s.J.Full charging journey with SSE: [electrahub-jmeter][full][031] http POST /session/api/v1/sessions/start status=409 elapsedMs=66
2026-07-02 01:21:57,124 INFO o.a.j.p.j.s.J.Full charging journey with SSE: [electrahub-jmeter][full][031] start skipped EH-US-CHG-0037/CON-US-0037 HTTP 409; trying next connector
2026-07-02 01:21:57,338 INFO o.a.j.p.j.s.J.Full charging journey with SSE: [electrahub-jmeter][full][012] step=stop charging session
2026-07-02 01:21:57,660 INFO o.a.j.p.j.s.J.Full charging journey with SSE: [electrahub-jmeter][full][029] http POST /session/api/v1/sessions/start status=201 elapsedMs=660
2026-07-02 01:21:57,661 INFO o.a.j.p.j.s.J.Full charging journey with SSE: [electrahub-jmeter][full][029] started session=02a4ac2f-1375-4c77-b423-10df569c6455 charger=EH-US-CHG-0046/CON-US-0046 status=PREPARING remote=Accepted attempt=18/100
2026-07-02 01:21:57,661 INFO o.a.j.p.j.s.J.Full charging journey with SSE: [electrahub-jmeter][full][029] step=active sessions
2026-07-02 01:21:57,795 INFO o.a.j.p.j.s.J.Full charging journey with SSE: [electrahub-jmeter][full][030] step=start charging attempt 13
2026-07-02 01:21:57,864 INFO o.a.j.p.j.s.J.Full charging journey with SSE: [electrahub-jmeter][full][030] http POST /session/api/v1/sessions/start status=409 elapsedMs=68
2026-07-02 01:21:57,865 INFO o.a.j.p.j.s.J.Full charging journey with SSE: [electrahub-jmeter][full][030] start skipped EH-US-CHG-0042/CON-US-0042 HTTP 409; trying next connector
2026-07-02 01:21:57,881 INFO o.a.j.p.j.s.J.Full charging journey with SSE: [electrahub-jmeter][full][032] step=start charging attempt 4
2026-07-02 01:21:57,958 INFO o.a.j.p.j.s.J.Full charging journey with SSE: [electrahub-jmeter][full][032] http POST /session/api/v1/sessions/start status=409 elapsedMs=76
2026-07-02 01:21:57,959 INFO o.a.j.p.j.s.J.Full charging journey with SSE: [electrahub-jmeter][full][032] start skipped EH-US-CHG-0035/CON-US-0035 HTTP 409; trying next connector
2026-07-02 01:21:58,125 INFO o.a.j.p.j.s.J.Full charging journey with SSE: [electrahub-jmeter][full][031] step=start charging attempt 8
2026-07-02 01:21:58,194 INFO o.a.j.p.j.s.J.Full charging journey with SSE: [electrahub-jmeter][full][031] http POST /session/api/v1/sessions/start status=409 elapsedMs=68
2026-07-02 01:21:58,195 INFO o.a.j.p.j.s.J.Full charging journey with SSE: [electrahub-jmeter][full][031] start skipped EH-US-CHG-0038/CON-US-0038 HTTP 409; trying next connector
2026-07-02 01:21:58,667 INFO o.a.j.p.j.s.J.Full charging journey with SSE: [electrahub-jmeter][full][019] sse ok connected=1 snapshot=2 updates=25 receipts=0 heartbeats=0
2026-07-02 01:21:58,667 INFO o.a.j.p.j.s.J.Full charging journey with SSE: [electrahub-jmeter][full][029] http GET /session/api/v1/sessions/active status=200 elapsedMs=1005
2026-07-02 01:21:58,668 INFO o.a.j.p.j.s.J.Full charging journey with SSE: [electrahub-jmeter][full][019] holding session for 38s before stop
2026-07-02 01:21:58,866 INFO o.a.j.p.j.s.J.Full charging journey with SSE: [electrahub-jmeter][full][030] step=start charging attempt 14
2026-07-02 01:21:58,940 INFO o.a.j.p.j.s.J.Full charging journey with SSE: [electrahub-jmeter][full][030] http POST /session/api/v1/sessions/start status=409 elapsedMs=73
2026-07-02 01:21:58,943 INFO o.a.j.p.j.s.J.Full charging journey with SSE: [electrahub-jmeter][full][030] start skipped EH-US-CHG-0043/CON-US-0043 HTTP 409; trying next connector
2026-07-02 01:21:58,960 INFO o.a.j.p.j.s.J.Full charging journey with SSE: [electrahub-jmeter][full][032] step=start charging attempt 5
2026-07-02 01:21:59,029 INFO o.a.j.p.j.s.J.Full charging journey with SSE: [electrahub-jmeter][full][032] http POST /session/api/v1/sessions/start status=409 elapsedMs=68
2026-07-02 01:21:59,030 INFO o.a.j.p.j.s.J.Full charging journey with SSE: [electrahub-jmeter][full][032] start skipped EH-US-CHG-0036/CON-US-0036 HTTP 409; trying next connector
2026-07-02 01:21:59,196 INFO o.a.j.p.j.s.J.Full charging journey with SSE: [electrahub-jmeter][full][031] step=start charging attempt 9
2026-07-02 01:21:59,269 INFO o.a.j.p.j.s.J.Full charging journey with SSE: [electrahub-jmeter][full][031] http POST /session/api/v1/sessions/start status=409 elapsedMs=72
2026-07-02 01:21:59,270 INFO o.a.j.p.j.s.J.Full charging journey with SSE: [electrahub-jmeter][full][031] start skipped EH-US-CHG-0039/CON-US-0039 HTTP 409; trying next connector
2026-07-02 01:21:59,682 INFO o.a.j.t.JMeterThread: Thread started: 100 driver charging journeys 1-33
2026-07-02 01:21:59,688 INFO o.a.j.p.j.s.J.Full charging journey with SSE: [electrahub-jmeter][full][033] step=register
2026-07-02 01:21:59,860 INFO o.a.j.p.j.s.J.Full charging journey with SSE: [electrahub-jmeter][full][033] http POST /auth/api/auth/register status=200 elapsedMs=172
2026-07-02 01:21:59,861 INFO o.a.j.p.j.s.J.Full charging journey with SSE: [electrahub-jmeter][full][033] registered uid=e8d63ed1-738b-4e15-802c-b274f2e7c005
2026-07-02 01:21:59,868 INFO o.a.j.p.j.s.J.Full charging journey with SSE: [electrahub-jmeter][full][033] step=payment state before setup
2026-07-02 01:21:59,924 INFO o.a.j.p.j.s.J.Full charging journey with SSE: [electrahub-jmeter][full][033] http GET /payment/api/v1/payment/state status=451 elapsedMs=56
2026-07-02 01:21:59,925 INFO o.a.j.p.j.s.J.Full charging journey with SSE: [electrahub-jmeter][full][033] step=accept terms
2026-07-02 01:21:59,945 INFO o.a.j.p.j.s.J.Full charging journey with SSE: [electrahub-jmeter][full][030] step=start charging attempt 15
2026-07-02 01:21:59,995 INFO o.a.j.p.j.s.J.Full charging journey with SSE: [electrahub-jmeter][full][033] http POST /auth/api/terms/accept status=201 elapsedMs=69
2026-07-02 01:21:59,995 INFO o.a.j.p.j.s.J.Full charging journey with SSE: [electrahub-jmeter][full][033] accepted terms; refreshing token through login
2026-07-02 01:21:59,996 INFO o.a.j.p.j.s.J.Full charging journey with SSE: [electrahub-jmeter][full][033] step=login
2026-07-02 01:22:00,031 INFO o.a.j.p.j.s.J.Full charging journey with SSE: [electrahub-jmeter][full][032] step=start charging attempt 6
2026-07-02 01:22:00,075 INFO o.a.j.p.j.s.J.Full charging journey with SSE: [electrahub-jmeter][full][030] http POST /session/api/v1/sessions/start status=409 elapsedMs=92
2026-07-02 01:22:00,080 INFO o.a.j.p.j.s.J.Full charging journey with SSE: [electrahub-jmeter][full][030] start skipped EH-US-CHG-0044/CON-US-0044 HTTP 409; trying next connector
2026-07-02 01:22:00,150 INFO o.a.j.p.j.s.J.Full charging journey with SSE: [electrahub-jmeter][full][032] http POST /session/api/v1/sessions/start status=409 elapsedMs=79
2026-07-02 01:22:00,151 INFO o.a.j.p.j.s.J.Full charging journey with SSE: [electrahub-jmeter][full][032] start skipped EH-US-CHG-0037/CON-US-0037 HTTP 409; trying next connector
2026-07-02 01:22:00,155 INFO o.a.j.p.j.s.J.Full charging journey with SSE: [electrahub-jmeter][full][033] http POST /auth/api/auth/login status=200 elapsedMs=158
2026-07-02 01:22:00,156 INFO o.a.j.p.j.s.J.Full charging journey with SSE: [electrahub-jmeter][full][033] logged in uid=e8d63ed1-738b-4e15-802c-b274f2e7c005
2026-07-02 01:22:00,157 INFO o.a.j.p.j.s.J.Full charging journey with SSE: [electrahub-jmeter][full][033] step=payment state after terms
2026-07-02 01:22:00,221 INFO o.a.j.p.j.s.J.Full charging journey with SSE: [electrahub-jmeter][full][033] http GET /payment/api/v1/payment/state status=200 elapsedMs=64
2026-07-02 01:22:00,222 INFO o.a.j.p.j.s.J.Full charging journey with SSE: [electrahub-jmeter][full][033] step=add card
2026-07-02 01:22:00,271 INFO o.a.j.p.j.s.J.Full charging journey with SSE: [electrahub-jmeter][full][031] step=start charging attempt 10
2026-07-02 01:22:00,281 INFO o.a.j.p.j.s.J.Full charging journey with SSE: [electrahub-jmeter][full][033] http POST /payment/api/v1/payment/cards status=201 elapsedMs=58
2026-07-02 01:22:00,282 INFO o.a.j.p.j.s.J.Full charging journey with SSE: [electrahub-jmeter][full][033] step=wallet topup
2026-07-02 01:22:00,342 INFO o.a.j.p.j.s.J.Full charging journey with SSE: [electrahub-jmeter][full][031] http POST /session/api/v1/sessions/start status=409 elapsedMs=70
2026-07-02 01:22:00,343 INFO o.a.j.p.j.s.J.Full charging journey with SSE: [electrahub-jmeter][full][031] start skipped EH-US-CHG-0040/CON-US-0040 HTTP 409; trying next connector
2026-07-02 01:22:00,347 INFO o.a.j.p.j.s.J.Full charging journey with SSE: [electrahub-jmeter][full][033] http POST /payment/api/v1/payment/wallet/topups status=201 elapsedMs=64
2026-07-02 01:22:00,348 INFO o.a.j.p.j.s.J.Full charging journey with SSE: [electrahub-jmeter][full][033] step=payment state after setup
2026-07-02 01:22:00,403 INFO o.a.j.p.j.s.J.Full charging journey with SSE: [electrahub-jmeter][full][033] http GET /payment/api/v1/payment/state status=200 elapsedMs=54
2026-07-02 01:22:00,404 INFO o.a.j.p.j.s.J.Full charging journey with SSE: [electrahub-jmeter][full][033] payment ready wallet=120.00
2026-07-02 01:22:00,405 INFO o.a.j.p.j.s.J.Full charging journey with SSE: [electrahub-jmeter][full][033] step=charger graphql list
2026-07-02 01:22:00,505 INFO o.a.j.p.j.s.J.Full charging journey with SSE: [electrahub-jmeter][full][033] http POST /charger/graphql status=200 elapsedMs=100
2026-07-02 01:22:00,506 INFO o.a.j.p.j.s.J.Full charging journey with SSE: [electrahub-jmeter][full][033] dynamic connector selection found no available connector; using CSV connector
2026-07-02 01:22:00,507 INFO o.a.j.p.j.s.J.Full charging journey with SSE: [electrahub-jmeter][full][033] step=charger graphql view
2026-07-02 01:22:00,581 INFO o.a.j.p.j.s.J.Full charging journey with SSE: [electrahub-jmeter][full][033] http POST /charger/graphql status=200 elapsedMs=73
2026-07-02 01:22:00,582 INFO o.a.j.p.j.s.J.Full charging journey with SSE: [electrahub-jmeter][full][033] step=payment state before start
2026-07-02 01:22:00,633 INFO o.a.j.p.j.s.J.Full charging journey with SSE: [electrahub-jmeter][full][011] step=active sessions
2026-07-02 01:22:00,634 INFO o.a.j.p.j.s.J.Full charging journey with SSE: [electrahub-jmeter][full][033] http GET /payment/api/v1/payment/state status=200 elapsedMs=52
2026-07-02 01:22:00,637 INFO o.a.j.p.j.s.J.Full charging journey with SSE: [electrahub-jmeter][full][033] using connector csv fallback attempts=100 startIndex=33/100
2026-07-02 01:22:00,638 INFO o.a.j.p.j.s.J.Full charging journey with SSE: [electrahub-jmeter][full][033] step=start charging attempt 1
2026-07-02 01:22:00,681 INFO o.a.j.p.j.s.J.Full charging journey with SSE: [electrahub-jmeter][full][012] http POST /session/api/v1/sessions/67e8951a-42e2-4b8d-b844-596de4d2a515/stop status=204 elapsedMs=3342
2026-07-02 01:22:00,682 INFO o.a.j.p.j.s.J.Full charging journey with SSE: [electrahub-jmeter][full][012] stop requested session=67e8951a-42e2-4b8d-b844-596de4d2a515
2026-07-02 01:22:00,683 INFO o.a.j.p.j.s.J.Full charging journey with SSE: [electrahub-jmeter][full][012] step=active sessions
2026-07-02 01:22:00,707 INFO o.a.j.p.j.s.J.Full charging journey with SSE: [electrahub-jmeter][full][033] http POST /session/api/v1/sessions/start status=409 elapsedMs=68
2026-07-02 01:22:00,712 INFO o.a.j.p.j.s.J.Full charging journey with SSE: [electrahub-jmeter][full][033] start skipped EH-US-CHG-0033/CON-US-0033 HTTP 409; trying next connector
2026-07-02 01:22:00,831 INFO o.a.j.p.j.s.J.Full charging journey with SSE: [electrahub-jmeter][full][011] http GET /session/api/v1/sessions/active status=200 elapsedMs=197
2026-07-02 01:22:00,831 INFO o.a.j.p.j.s.J.Full charging journey with SSE: [electrahub-jmeter][full][011] step=receipt
2026-07-02 01:22:00,891 INFO o.a.j.p.j.s.J.Full charging journey with SSE: [electrahub-jmeter][full][011] http GET /session/api/v1/sessions/0d80ad03-0bfb-4191-bf2d-4d63fa7da528/receipt status=200 elapsedMs=59
2026-07-02 01:22:00,891 INFO o.a.j.p.j.s.J.Full charging journey with SSE: [electrahub-jmeter][full][011] step=session history
2026-07-02 01:22:00,952 INFO o.a.j.p.j.s.J.Full charging journey with SSE: [electrahub-jmeter][full][011] http GET /session/api/v1/sessions/history?page=0&size=10 status=200 elapsedMs=60
2026-07-02 01:22:00,953 INFO o.a.j.p.j.s.J.Full charging journey with SSE: [electrahub-jmeter][full][011] step=dashboard stats
2026-07-02 01:22:01,011 INFO o.a.j.p.j.s.J.Full charging journey with SSE: [electrahub-jmeter][full][011] http GET /session/api/v1/sessions/dashboard-stats status=200 elapsedMs=57
2026-07-02 01:22:01,012 INFO o.a.j.p.j.s.J.Full charging journey with SSE: [electrahub-jmeter][full][011] receipt ok session=0d80ad03-0bfb-4191-bf2d-4d63fa7da528 status=Completed total=1.8708
2026-07-02 01:22:01,014 INFO o.a.j.r.Summariser: summary +      5 in 00:00:29 =    0.2/s Avg: 124598 Min: 120943 Max: 127021 Err:     0 (0.00%) Active: 23 Started: 33 Finished: 10
2026-07-02 01:22:01,016 INFO o.a.j.r.Summariser: summary =     11 in 00:03:13 =    0.1/s Avg: 125184 Min: 120669 Max: 127529 Err:     0 (0.00%)
2026-07-02 01:22:01,017 INFO o.a.j.t.JMeterThread: Thread is done: 100 driver charging journeys 1-11
2026-07-02 01:22:01,018 INFO o.a.j.t.JMeterThread: Thread finished: 100 driver charging journeys 1-11
2026-07-02 01:22:01,081 INFO o.a.j.p.j.s.J.Full charging journey with SSE: [electrahub-jmeter][full][030] step=start charging attempt 16
2026-07-02 01:22:01,152 INFO o.a.j.p.j.s.J.Full charging journey with SSE: [electrahub-jmeter][full][032] step=start charging attempt 7
2026-07-02 01:22:01,154 INFO o.a.j.p.j.s.J.Full charging journey with SSE: [electrahub-jmeter][full][030] http POST /session/api/v1/sessions/start status=409 elapsedMs=71
2026-07-02 01:22:01,154 INFO o.a.j.p.j.s.J.Full charging journey with SSE: [electrahub-jmeter][full][030] start skipped EH-US-CHG-0045/CON-US-0045 HTTP 409; trying next connector
2026-07-02 01:22:01,219 INFO o.a.j.p.j.s.J.Full charging journey with SSE: [electrahub-jmeter][full][032] http POST /session/api/v1/sessions/start status=409 elapsedMs=66
2026-07-02 01:22:01,220 INFO o.a.j.p.j.s.J.Full charging journey with SSE: [electrahub-jmeter][full][032] start skipped EH-US-CHG-0038/CON-US-0038 HTTP 409; trying next connector
2026-07-02 01:22:01,344 INFO o.a.j.p.j.s.J.Full charging journey with SSE: [electrahub-jmeter][full][031] step=start charging attempt 11
2026-07-02 01:22:01,420 INFO o.a.j.p.j.s.J.Full charging journey with SSE: [electrahub-jmeter][full][031] http POST /session/api/v1/sessions/start status=409 elapsedMs=75
2026-07-02 01:22:01,421 INFO o.a.j.p.j.s.J.Full charging journey with SSE: [electrahub-jmeter][full][031] start skipped EH-US-CHG-0041/CON-US-0041 HTTP 409; trying next connector
2026-07-02 01:22:01,693 INFO o.a.j.p.j.s.J.Full charging journey with SSE: [electrahub-jmeter][full][012] http GET /session/api/v1/sessions/active status=200 elapsedMs=1009
2026-07-02 01:22:01,713 INFO o.a.j.p.j.s.J.Full charging journey with SSE: [electrahub-jmeter][full][033] step=start charging attempt 2
2026-07-02 01:22:01,784 INFO o.a.j.p.j.s.J.Full charging journey with SSE: [electrahub-jmeter][full][033] http POST /session/api/v1/sessions/start status=409 elapsedMs=70
2026-07-02 01:22:01,785 INFO o.a.j.p.j.s.J.Full charging journey with SSE: [electrahub-jmeter][full][033] start skipped EH-US-CHG-0034/CON-US-0034 HTTP 409; trying next connector
2026-07-02 01:22:02,155 INFO o.a.j.p.j.s.J.Full charging journey with SSE: [electrahub-jmeter][full][030] step=start charging attempt 17
2026-07-02 01:22:02,221 INFO o.a.j.p.j.s.J.Full charging journey with SSE: [electrahub-jmeter][full][032] step=start charging attempt 8
2026-07-02 01:22:02,221 INFO o.a.j.p.j.s.J.Full charging journey with SSE: [electrahub-jmeter][full][030] http POST /session/api/v1/sessions/start status=409 elapsedMs=65
2026-07-02 01:22:02,222 INFO o.a.j.p.j.s.J.Full charging journey with SSE: [electrahub-jmeter][full][030] start skipped EH-US-CHG-0046/CON-US-0046 HTTP 409; trying next connector
2026-07-02 01:22:02,291 INFO o.a.j.p.j.s.J.Full charging journey with SSE: [electrahub-jmeter][full][032] http POST /session/api/v1/sessions/start status=409 elapsedMs=69
2026-07-02 01:22:02,292 INFO o.a.j.p.j.s.J.Full charging journey with SSE: [electrahub-jmeter][full][032] start skipped EH-US-CHG-0039/CON-US-0039 HTTP 409; trying next connector
2026-07-02 01:22:02,422 INFO o.a.j.p.j.s.J.Full charging journey with SSE: [electrahub-jmeter][full][031] step=start charging attempt 12
2026-07-02 01:22:02,498 INFO o.a.j.p.j.s.J.Full charging journey with SSE: [electrahub-jmeter][full][031] http POST /session/api/v1/sessions/start status=409 elapsedMs=75
2026-07-02 01:22:02,499 INFO o.a.j.p.j.s.J.Full charging journey with SSE: [electrahub-jmeter][full][031] start skipped EH-US-CHG-0042/CON-US-0042 HTTP 409; trying next connector
2026-07-02 01:22:02,786 INFO o.a.j.p.j.s.J.Full charging journey with SSE: [electrahub-jmeter][full][033] step=start charging attempt 3
2026-07-02 01:22:02,851 INFO o.a.j.p.j.s.J.Full charging journey with SSE: [electrahub-jmeter][full][033] http POST /session/api/v1/sessions/start status=409 elapsedMs=64
2026-07-02 01:22:02,852 INFO o.a.j.p.j.s.J.Full charging journey with SSE: [electrahub-jmeter][full][033] start skipped EH-US-CHG-0035/CON-US-0035 HTTP 409; trying next connector
2026-07-02 01:22:03,223 INFO o.a.j.p.j.s.J.Full charging journey with SSE: [electrahub-jmeter][full][030] step=start charging attempt 18
2026-07-02 01:22:03,265 INFO o.a.j.p.j.s.J.Full charging journey with SSE: [electrahub-jmeter][full][013] step=stop charging session
2026-07-02 01:22:03,293 INFO o.a.j.p.j.s.J.Full charging journey with SSE: [electrahub-jmeter][full][032] step=start charging attempt 9
2026-07-02 01:22:03,388 INFO o.a.j.p.j.s.J.Full charging journey with SSE: [electrahub-jmeter][full][032] http POST /session/api/v1/sessions/start status=409 elapsedMs=94
2026-07-02 01:22:03,389 INFO o.a.j.p.j.s.J.Full charging journey with SSE: [electrahub-jmeter][full][032] start skipped EH-US-CHG-0040/CON-US-0040 HTTP 409; trying next connector
2026-07-02 01:22:03,500 INFO o.a.j.p.j.s.J.Full charging journey with SSE: [electrahub-jmeter][full][031] step=start charging attempt 13
2026-07-02 01:22:03,570 INFO o.a.j.p.j.s.J.Full charging journey with SSE: [electrahub-jmeter][full][031] http POST /session/api/v1/sessions/start status=409 elapsedMs=68
2026-07-02 01:22:03,570 INFO o.a.j.p.j.s.J.Full charging journey with SSE: [electrahub-jmeter][full][031] start skipped EH-US-CHG-0043/CON-US-0043 HTTP 409; trying next connector
2026-07-02 01:22:03,709 INFO o.a.j.p.j.s.J.Full charging journey with SSE: [electrahub-jmeter][full][030] http POST /session/api/v1/sessions/start status=201 elapsedMs=485
2026-07-02 01:22:03,710 INFO o.a.j.p.j.s.J.Full charging journey with SSE: [electrahub-jmeter][full][030] started session=1bbd21c1-88e6-42cf-aee1-4ef6bc4fb4f4 charger=EH-US-CHG-0047/CON-US-0047 status=PREPARING remote=Accepted attempt=18/100
2026-07-02 01:22:03,711 INFO o.a.j.p.j.s.J.Full charging journey with SSE: [electrahub-jmeter][full][030] step=active sessions
2026-07-02 01:22:03,853 INFO o.a.j.p.j.s.J.Full charging journey with SSE: [electrahub-jmeter][full][033] step=start charging attempt 4
2026-07-02 01:22:03,922 INFO o.a.j.p.j.s.J.Full charging journey with SSE: [electrahub-jmeter][full][033] http POST /session/api/v1/sessions/start status=409 elapsedMs=68
2026-07-02 01:22:03,923 INFO o.a.j.p.j.s.J.Full charging journey with SSE: [electrahub-jmeter][full][033] start skipped EH-US-CHG-0036/CON-US-0036 HTTP 409; trying next connector
2026-07-02 01:22:04,390 INFO o.a.j.p.j.s.J.Full charging journey with SSE: [electrahub-jmeter][full][032] step=start charging attempt 10
2026-07-02 01:22:04,463 INFO o.a.j.p.j.s.J.Full charging journey with SSE: [electrahub-jmeter][full][032] http POST /session/api/v1/sessions/start status=409 elapsedMs=72
2026-07-02 01:22:04,464 INFO o.a.j.p.j.s.J.Full charging journey with SSE: [electrahub-jmeter][full][032] start skipped EH-US-CHG-0041/CON-US-0041 HTTP 409; trying next connector
2026-07-02 01:22:04,571 INFO o.a.j.p.j.s.J.Full charging journey with SSE: [electrahub-jmeter][full][031] step=start charging attempt 14
2026-07-02 01:22:04,637 INFO o.a.j.p.j.s.J.Full charging journey with SSE: [electrahub-jmeter][full][031] http POST /session/api/v1/sessions/start status=409 elapsedMs=65
2026-07-02 01:22:04,637 INFO o.a.j.p.j.s.J.Full charging journey with SSE: [electrahub-jmeter][full][031] start skipped EH-US-CHG-0044/CON-US-0044 HTTP 409; trying next connector
2026-07-02 01:22:04,715 INFO o.a.j.p.j.s.J.Full charging journey with SSE: [electrahub-jmeter][full][030] http GET /session/api/v1/sessions/active status=200 elapsedMs=1004
2026-07-02 01:22:04,716 INFO o.a.j.p.j.s.J.Full charging journey with SSE: [electrahub-jmeter][full][020] sse ok connected=1 snapshot=2 updates=31 receipts=0 heartbeats=0
2026-07-02 01:22:04,717 INFO o.a.j.p.j.s.J.Full charging journey with SSE: [electrahub-jmeter][full][020] holding session for 37s before stop
2026-07-02 01:22:04,924 INFO o.a.j.p.j.s.J.Full charging journey with SSE: [electrahub-jmeter][full][033] step=start charging attempt 5
2026-07-02 01:22:04,991 INFO o.a.j.p.j.s.J.Full charging journey with SSE: [electrahub-jmeter][full][033] http POST /session/api/v1/sessions/start status=409 elapsedMs=66
2026-07-02 01:22:04,992 INFO o.a.j.p.j.s.J.Full charging journey with SSE: [electrahub-jmeter][full][033] start skipped EH-US-CHG-0037/CON-US-0037 HTTP 409; trying next connector
2026-07-02 01:22:05,464 INFO o.a.j.p.j.s.J.Full charging journey with SSE: [electrahub-jmeter][full][032] step=start charging attempt 11
2026-07-02 01:22:05,532 INFO o.a.j.p.j.s.J.Full charging journey with SSE: [electrahub-jmeter][full][032] http POST /session/api/v1/sessions/start status=409 elapsedMs=67
2026-07-02 01:22:05,533 INFO o.a.j.p.j.s.J.Full charging journey with SSE: [electrahub-jmeter][full][032] start skipped EH-US-CHG-0042/CON-US-0042 HTTP 409; trying next connector
2026-07-02 01:22:05,638 INFO o.a.j.p.j.s.J.Full charging journey with SSE: [electrahub-jmeter][full][031] step=start charging attempt 15
2026-07-02 01:22:05,682 INFO o.a.j.t.JMeterThread: Thread started: 100 driver charging journeys 1-34
2026-07-02 01:22:05,688 INFO o.a.j.p.j.s.J.Full charging journey with SSE: [electrahub-jmeter][full][034] step=register
2026-07-02 01:22:05,711 INFO o.a.j.p.j.s.J.Full charging journey with SSE: [electrahub-jmeter][full][031] http POST /session/api/v1/sessions/start status=409 elapsedMs=72
2026-07-02 01:22:05,713 INFO o.a.j.p.j.s.J.Full charging journey with SSE: [electrahub-jmeter][full][031] start skipped EH-US-CHG-0045/CON-US-0045 HTTP 409; trying next connector
2026-07-02 01:22:05,938 INFO o.a.j.p.j.s.J.Full charging journey with SSE: [electrahub-jmeter][full][034] http POST /auth/api/auth/register status=200 elapsedMs=198
2026-07-02 01:22:05,939 INFO o.a.j.p.j.s.J.Full charging journey with SSE: [electrahub-jmeter][full][034] registered uid=48249e14-f97e-47f1-9a14-7175c6b3cb07
2026-07-02 01:22:05,948 INFO o.a.j.p.j.s.J.Full charging journey with SSE: [electrahub-jmeter][full][034] step=payment state before setup
2026-07-02 01:22:05,993 INFO o.a.j.p.j.s.J.Full charging journey with SSE: [electrahub-jmeter][full][033] step=start charging attempt 6
2026-07-02 01:22:05,996 INFO o.a.j.p.j.s.J.Full charging journey with SSE: [electrahub-jmeter][full][034] http GET /payment/api/v1/payment/state status=451 elapsedMs=47
2026-07-02 01:22:05,997 INFO o.a.j.p.j.s.J.Full charging journey with SSE: [electrahub-jmeter][full][034] step=accept terms
2026-07-02 01:22:06,055 INFO o.a.j.p.j.s.J.Full charging journey with SSE: [electrahub-jmeter][full][034] http POST /auth/api/terms/accept status=201 elapsedMs=56
2026-07-02 01:22:06,056 INFO o.a.j.p.j.s.J.Full charging journey with SSE: [electrahub-jmeter][full][034] accepted terms; refreshing token through login
2026-07-02 01:22:06,056 INFO o.a.j.p.j.s.J.Full charging journey with SSE: [electrahub-jmeter][full][034] step=login
2026-07-02 01:22:06,059 INFO o.a.j.p.j.s.J.Full charging journey with SSE: [electrahub-jmeter][full][033] http POST /session/api/v1/sessions/start status=409 elapsedMs=65
2026-07-02 01:22:06,060 INFO o.a.j.p.j.s.J.Full charging journey with SSE: [electrahub-jmeter][full][033] start skipped EH-US-CHG-0038/CON-US-0038 HTTP 409; trying next connector
2026-07-02 01:22:06,228 INFO o.a.j.p.j.s.J.Full charging journey with SSE: [electrahub-jmeter][full][034] http POST /auth/api/auth/login status=200 elapsedMs=171
2026-07-02 01:22:06,229 INFO o.a.j.p.j.s.J.Full charging journey with SSE: [electrahub-jmeter][full][034] logged in uid=48249e14-f97e-47f1-9a14-7175c6b3cb07
2026-07-02 01:22:06,230 INFO o.a.j.p.j.s.J.Full charging journey with SSE: [electrahub-jmeter][full][034] step=payment state after terms
2026-07-02 01:22:06,289 INFO o.a.j.p.j.s.J.Full charging journey with SSE: [electrahub-jmeter][full][034] http GET /payment/api/v1/payment/state status=200 elapsedMs=59
2026-07-02 01:22:06,290 INFO o.a.j.p.j.s.J.Full charging journey with SSE: [electrahub-jmeter][full][034] step=add card
2026-07-02 01:22:06,345 INFO o.a.j.p.j.s.J.Full charging journey with SSE: [electrahub-jmeter][full][034] http POST /payment/api/v1/payment/cards status=201 elapsedMs=54
2026-07-02 01:22:06,346 INFO o.a.j.p.j.s.J.Full charging journey with SSE: [electrahub-jmeter][full][034] step=wallet topup
2026-07-02 01:22:06,404 INFO o.a.j.p.j.s.J.Full charging journey with SSE: [electrahub-jmeter][full][034] http POST /payment/api/v1/payment/wallet/topups status=201 elapsedMs=58
2026-07-02 01:22:06,405 INFO o.a.j.p.j.s.J.Full charging journey with SSE: [electrahub-jmeter][full][034] step=payment state after setup
2026-07-02 01:22:06,458 INFO o.a.j.p.j.s.J.Full charging journey with SSE: [electrahub-jmeter][full][034] http GET /payment/api/v1/payment/state status=200 elapsedMs=52
2026-07-02 01:22:06,459 INFO o.a.j.p.j.s.J.Full charging journey with SSE: [electrahub-jmeter][full][034] payment ready wallet=120.00
2026-07-02 01:22:06,460 INFO o.a.j.p.j.s.J.Full charging journey with SSE: [electrahub-jmeter][full][034] step=charger graphql list
2026-07-02 01:22:06,534 INFO o.a.j.p.j.s.J.Full charging journey with SSE: [electrahub-jmeter][full][032] step=start charging attempt 12
2026-07-02 01:22:06,560 INFO o.a.j.p.j.s.J.Full charging journey with SSE: [electrahub-jmeter][full][034] http POST /charger/graphql status=200 elapsedMs=99
2026-07-02 01:22:06,562 INFO o.a.j.p.j.s.J.Full charging journey with SSE: [electrahub-jmeter][full][034] dynamic connector selection found no available connector; using CSV connector
2026-07-02 01:22:06,562 INFO o.a.j.p.j.s.J.Full charging journey with SSE: [electrahub-jmeter][full][034] step=charger graphql view
2026-07-02 01:22:06,604 INFO o.a.j.p.j.s.J.Full charging journey with SSE: [electrahub-jmeter][full][032] http POST /session/api/v1/sessions/start status=409 elapsedMs=69
2026-07-02 01:22:06,605 INFO o.a.j.p.j.s.J.Full charging journey with SSE: [electrahub-jmeter][full][032] start skipped EH-US-CHG-0043/CON-US-0043 HTTP 409; trying next connector
2026-07-02 01:22:06,626 INFO o.a.j.p.j.s.J.Full charging journey with SSE: [electrahub-jmeter][full][034] http POST /charger/graphql status=200 elapsedMs=63
2026-07-02 01:22:06,626 INFO o.a.j.p.j.s.J.Full charging journey with SSE: [electrahub-jmeter][full][034] step=payment state before start
2026-07-02 01:22:06,683 INFO o.a.j.p.j.s.J.Full charging journey with SSE: [electrahub-jmeter][full][034] http GET /payment/api/v1/payment/state status=200 elapsedMs=56
2026-07-02 01:22:06,686 INFO o.a.j.p.j.s.J.Full charging journey with SSE: [electrahub-jmeter][full][034] using connector csv fallback attempts=100 startIndex=34/100
2026-07-02 01:22:06,687 INFO o.a.j.p.j.s.J.Full charging journey with SSE: [electrahub-jmeter][full][034] step=start charging attempt 1
2026-07-02 01:22:06,694 INFO o.a.j.p.j.s.J.Full charging journey with SSE: [electrahub-jmeter][full][012] step=active sessions
2026-07-02 01:22:06,715 INFO o.a.j.p.j.s.J.Full charging journey with SSE: [electrahub-jmeter][full][031] step=start charging attempt 16
2026-07-02 01:22:06,748 INFO o.a.j.p.j.s.J.Full charging journey with SSE: [electrahub-jmeter][full][013] http POST /session/api/v1/sessions/2d3d085e-dd4e-462f-89c0-0448d8d7ba0a/stop status=204 elapsedMs=3482
2026-07-02 01:22:06,749 INFO o.a.j.p.j.s.J.Full charging journey with SSE: [electrahub-jmeter][full][013] stop requested session=2d3d085e-dd4e-462f-89c0-0448d8d7ba0a
2026-07-02 01:22:06,749 INFO o.a.j.p.j.s.J.Full charging journey with SSE: [electrahub-jmeter][full][013] step=active sessions
2026-07-02 01:22:06,753 INFO o.a.j.p.j.s.J.Full charging journey with SSE: [electrahub-jmeter][full][034] http POST /session/api/v1/sessions/start status=409 elapsedMs=66
2026-07-02 01:22:06,754 INFO o.a.j.p.j.s.J.Full charging journey with SSE: [electrahub-jmeter][full][034] start skipped EH-US-CHG-0034/CON-US-0034 HTTP 409; trying next connector
2026-07-02 01:22:06,758 INFO o.a.j.p.j.s.J.Full charging journey with SSE: [electrahub-jmeter][full][012] http GET /session/api/v1/sessions/active status=200 elapsedMs=63
2026-07-02 01:22:06,759 INFO o.a.j.p.j.s.J.Full charging journey with SSE: [electrahub-jmeter][full][012] step=receipt
2026-07-02 01:22:06,824 INFO o.a.j.p.j.s.J.Full charging journey with SSE: [electrahub-jmeter][full][031] http POST /session/api/v1/sessions/start status=409 elapsedMs=68
2026-07-02 01:22:06,824 INFO o.a.j.p.j.s.J.Full charging journey with SSE: [electrahub-jmeter][full][031] start skipped EH-US-CHG-0046/CON-US-0046 HTTP 409; trying next connector
2026-07-02 01:22:06,830 INFO o.a.j.p.j.s.J.Full charging journey with SSE: [electrahub-jmeter][full][012] http GET /session/api/v1/sessions/67e8951a-42e2-4b8d-b844-596de4d2a515/receipt status=200 elapsedMs=71
2026-07-02 01:22:06,831 INFO o.a.j.p.j.s.J.Full charging journey with SSE: [electrahub-jmeter][full][012] step=session history
2026-07-02 01:22:06,887 INFO o.a.j.p.j.s.J.Full charging journey with SSE: [electrahub-jmeter][full][012] http GET /session/api/v1/sessions/history?page=0&size=10 status=200 elapsedMs=55
2026-07-02 01:22:06,887 INFO o.a.j.p.j.s.J.Full charging journey with SSE: [electrahub-jmeter][full][012] step=dashboard stats
2026-07-02 01:22:06,943 INFO o.a.j.p.j.s.J.Full charging journey with SSE: [electrahub-jmeter][full][012] http GET /session/api/v1/sessions/dashboard-stats status=200 elapsedMs=55
2026-07-02 01:22:06,944 INFO o.a.j.p.j.s.J.Full charging journey with SSE: [electrahub-jmeter][full][012] receipt ok session=67e8951a-42e2-4b8d-b844-596de4d2a515 status=Completed total=1.8708
2026-07-02 01:22:06,945 INFO o.a.j.t.JMeterThread: Thread is done: 100 driver charging journeys 1-12
2026-07-02 01:22:06,946 INFO o.a.j.t.JMeterThread: Thread finished: 100 driver charging journeys 1-12
2026-07-02 01:22:07,060 INFO o.a.j.p.j.s.J.Full charging journey with SSE: [electrahub-jmeter][full][033] step=start charging attempt 7
2026-07-02 01:22:07,135 INFO o.a.j.p.j.s.J.Full charging journey with SSE: [electrahub-jmeter][full][033] http POST /session/api/v1/sessions/start status=409 elapsedMs=74
2026-07-02 01:22:07,136 INFO o.a.j.p.j.s.J.Full charging journey with SSE: [electrahub-jmeter][full][033] start skipped EH-US-CHG-0039/CON-US-0039 HTTP 409; trying next connector
2026-07-02 01:22:07,606 INFO o.a.j.p.j.s.J.Full charging journey with SSE: [electrahub-jmeter][full][032] step=start charging attempt 13
2026-07-02 01:22:07,685 INFO o.a.j.p.j.s.J.Full charging journey with SSE: [electrahub-jmeter][full][032] http POST /session/api/v1/sessions/start status=409 elapsedMs=78
2026-07-02 01:22:07,685 INFO o.a.j.p.j.s.J.Full charging journey with SSE: [electrahub-jmeter][full][032] start skipped EH-US-CHG-0044/CON-US-0044 HTTP 409; trying next connector
2026-07-02 01:22:07,755 INFO o.a.j.p.j.s.J.Full charging journey with SSE: [electrahub-jmeter][full][034] step=start charging attempt 2
2026-07-02 01:22:07,758 INFO o.a.j.p.j.s.J.Full charging journey with SSE: [electrahub-jmeter][full][013] http GET /session/api/v1/sessions/active status=200 elapsedMs=1008
2026-07-02 01:22:07,796 INFO o.a.j.p.j.s.J.Full charging journey with SSE: [electrahub-jmeter][full][021] sse ok connected=1 snapshot=2 updates=35 receipts=0 heartbeats=0
2026-07-02 01:22:07,797 INFO o.a.j.p.j.s.J.Full charging journey with SSE: [electrahub-jmeter][full][021] holding session for 40s before stop
2026-07-02 01:22:07,825 INFO o.a.j.p.j.s.J.Full charging journey with SSE: [electrahub-jmeter][full][031] step=start charging attempt 17
2026-07-02 01:22:07,908 INFO o.a.j.p.j.s.J.Full charging journey with SSE: [electrahub-jmeter][full][034] http POST /session/api/v1/sessions/start status=409 elapsedMs=151
2026-07-02 01:22:07,909 INFO o.a.j.p.j.s.J.Full charging journey with SSE: [electrahub-jmeter][full][034] start skipped EH-US-CHG-0035/CON-US-0035 HTTP 409; trying next connector
2026-07-02 01:22:07,978 INFO o.a.j.p.j.s.J.Full charging journey with SSE: [electrahub-jmeter][full][031] http POST /session/api/v1/sessions/start status=409 elapsedMs=152
2026-07-02 01:22:07,979 INFO o.a.j.p.j.s.J.Full charging journey with SSE: [electrahub-jmeter][full][031] start skipped EH-US-CHG-0047/CON-US-0047 HTTP 409; trying next connector
2026-07-02 01:22:08,137 INFO o.a.j.p.j.s.J.Full charging journey with SSE: [electrahub-jmeter][full][033] step=start charging attempt 8
2026-07-02 01:22:08,203 INFO o.a.j.p.j.s.J.Full charging journey with SSE: [electrahub-jmeter][full][033] http POST /session/api/v1/sessions/start status=409 elapsedMs=65
2026-07-02 01:22:08,204 INFO o.a.j.p.j.s.J.Full charging journey with SSE: [electrahub-jmeter][full][033] start skipped EH-US-CHG-0040/CON-US-0040 HTTP 409; trying next connector
2026-07-02 01:22:08,326 INFO o.a.j.p.j.s.J.Full charging journey with SSE: [electrahub-jmeter][full][014] step=stop charging session
2026-07-02 01:22:08,686 INFO o.a.j.p.j.s.J.Full charging journey with SSE: [electrahub-jmeter][full][032] step=start charging attempt 14
2026-07-02 01:22:08,753 INFO o.a.j.p.j.s.J.Full charging journey with SSE: [electrahub-jmeter][full][032] http POST /session/api/v1/sessions/start status=409 elapsedMs=66
2026-07-02 01:22:08,754 INFO o.a.j.p.j.s.J.Full charging journey with SSE: [electrahub-jmeter][full][032] start skipped EH-US-CHG-0045/CON-US-0045 HTTP 409; trying next connector
2026-07-02 01:22:08,910 INFO o.a.j.p.j.s.J.Full charging journey with SSE: [electrahub-jmeter][full][034] step=start charging attempt 3
2026-07-02 01:22:08,980 INFO o.a.j.p.j.s.J.Full charging journey with SSE: [electrahub-jmeter][full][031] step=start charging attempt 18
2026-07-02 01:22:09,007 INFO o.a.j.p.j.s.J.Full charging journey with SSE: [electrahub-jmeter][full][034] http POST /session/api/v1/sessions/start status=409 elapsedMs=96
2026-07-02 01:22:09,008 INFO o.a.j.p.j.s.J.Full charging journey with SSE: [electrahub-jmeter][full][034] start skipped EH-US-CHG-0036/CON-US-0036 HTTP 409; trying next connector
2026-07-02 01:22:09,205 INFO o.a.j.p.j.s.J.Full charging journey with SSE: [electrahub-jmeter][full][033] step=start charging attempt 9
2026-07-02 01:22:09,293 INFO o.a.j.p.j.s.J.Full charging journey with SSE: [electrahub-jmeter][full][033] http POST /session/api/v1/sessions/start status=409 elapsedMs=87
2026-07-02 01:22:09,293 INFO o.a.j.p.j.s.J.Full charging journey with SSE: [electrahub-jmeter][full][033] start skipped EH-US-CHG-0041/CON-US-0041 HTTP 409; trying next connector
2026-07-02 01:22:09,755 INFO o.a.j.p.j.s.J.Full charging journey with SSE: [electrahub-jmeter][full][032] step=start charging attempt 15
2026-07-02 01:22:09,792 INFO o.a.j.p.j.s.J.Full charging journey with SSE: [electrahub-jmeter][full][031] http POST /session/api/v1/sessions/start status=201 elapsedMs=810
2026-07-02 01:22:09,794 INFO o.a.j.p.j.s.J.Full charging journey with SSE: [electrahub-jmeter][full][031] started session=7167e74d-6b3e-4826-9d80-de71cc2d7e1e charger=EH-US-CHG-0048/CON-US-0048 status=PREPARING remote=Accepted attempt=18/100
2026-07-02 01:22:09,795 INFO o.a.j.p.j.s.J.Full charging journey with SSE: [electrahub-jmeter][full][031] step=active sessions
2026-07-02 01:22:09,836 INFO o.a.j.p.j.s.J.Full charging journey with SSE: [electrahub-jmeter][full][032] http POST /session/api/v1/sessions/start status=409 elapsedMs=78
2026-07-02 01:22:09,837 INFO o.a.j.p.j.s.J.Full charging journey with SSE: [electrahub-jmeter][full][032] start skipped EH-US-CHG-0046/CON-US-0046 HTTP 409; trying next connector
2026-07-02 01:22:10,009 INFO o.a.j.p.j.s.J.Full charging journey with SSE: [electrahub-jmeter][full][034] step=start charging attempt 4
2026-07-02 01:22:10,081 INFO o.a.j.p.j.s.J.Full charging journey with SSE: [electrahub-jmeter][full][034] http POST /session/api/v1/sessions/start status=409 elapsedMs=71
2026-07-02 01:22:10,082 INFO o.a.j.p.j.s.J.Full charging journey with SSE: [electrahub-jmeter][full][034] start skipped EH-US-CHG-0037/CON-US-0037 HTTP 409; trying next connector
2026-07-02 01:22:10,294 INFO o.a.j.p.j.s.J.Full charging journey with SSE: [electrahub-jmeter][full][033] step=start charging attempt 10
2026-07-02 01:22:10,368 INFO o.a.j.p.j.s.J.Full charging journey with SSE: [electrahub-jmeter][full][033] http POST /session/api/v1/sessions/start status=409 elapsedMs=72
2026-07-02 01:22:10,369 INFO o.a.j.p.j.s.J.Full charging journey with SSE: [electrahub-jmeter][full][033] start skipped EH-US-CHG-0042/CON-US-0042 HTTP 409; trying next connector
2026-07-02 01:22:10,795 INFO o.a.j.p.j.s.J.Full charging journey with SSE: [electrahub-jmeter][full][031] http GET /session/api/v1/sessions/active status=200 elapsedMs=999
2026-07-02 01:22:10,838 INFO o.a.j.p.j.s.J.Full charging journey with SSE: [electrahub-jmeter][full][032] step=start charging attempt 16
2026-07-02 01:22:10,912 INFO o.a.j.p.j.s.J.Full charging journey with SSE: [electrahub-jmeter][full][032] http POST /session/api/v1/sessions/start status=409 elapsedMs=73
2026-07-02 01:22:10,913 INFO o.a.j.p.j.s.J.Full charging journey with SSE: [electrahub-jmeter][full][032] start skipped EH-US-CHG-0047/CON-US-0047 HTTP 409; trying next connector
2026-07-02 01:22:11,083 INFO o.a.j.p.j.s.J.Full charging journey with SSE: [electrahub-jmeter][full][034] step=start charging attempt 5
2026-07-02 01:22:11,167 INFO o.a.j.p.j.s.J.Full charging journey with SSE: [electrahub-jmeter][full][034] http POST /session/api/v1/sessions/start status=409 elapsedMs=83
2026-07-02 01:22:11,168 INFO o.a.j.p.j.s.J.Full charging journey with SSE: [electrahub-jmeter][full][034] start skipped EH-US-CHG-0038/CON-US-0038 HTTP 409; trying next connector
2026-07-02 01:22:11,370 INFO o.a.j.p.j.s.J.Full charging journey with SSE: [electrahub-jmeter][full][033] step=start charging attempt 11
2026-07-02 01:22:11,440 INFO o.a.j.p.j.s.J.Full charging journey with SSE: [electrahub-jmeter][full][033] http POST /session/api/v1/sessions/start status=409 elapsedMs=69
2026-07-02 01:22:11,441 INFO o.a.j.p.j.s.J.Full charging journey with SSE: [electrahub-jmeter][full][033] start skipped EH-US-CHG-0043/CON-US-0043 HTTP 409; trying next connector
2026-07-02 01:22:11,682 INFO o.a.j.t.JMeterThread: Thread started: 100 driver charging journeys 1-35
2026-07-02 01:22:11,689 INFO o.a.j.p.j.s.J.Full charging journey with SSE: [electrahub-jmeter][full][035] step=register
2026-07-02 01:22:11,796 INFO o.a.j.p.j.s.J.Full charging journey with SSE: [electrahub-jmeter][full][014] http POST /session/api/v1/sessions/af6e56ff-9f24-49e0-9d97-e65d25e1cc7d/stop status=204 elapsedMs=3468
2026-07-02 01:22:11,796 INFO o.a.j.p.j.s.J.Full charging journey with SSE: [electrahub-jmeter][full][014] stop requested session=af6e56ff-9f24-49e0-9d97-e65d25e1cc7d
2026-07-02 01:22:11,797 INFO o.a.j.p.j.s.J.Full charging journey with SSE: [electrahub-jmeter][full][014] step=active sessions
2026-07-02 01:22:11,879 INFO o.a.j.p.j.s.J.Full charging journey with SSE: [electrahub-jmeter][full][035] http POST /auth/api/auth/register status=200 elapsedMs=189
2026-07-02 01:22:11,880 INFO o.a.j.p.j.s.J.Full charging journey with SSE: [electrahub-jmeter][full][035] registered uid=8f18df6b-2d52-4b66-a213-7814c7c80fbf
2026-07-02 01:22:11,889 INFO o.a.j.p.j.s.J.Full charging journey with SSE: [electrahub-jmeter][full][035] step=payment state before setup
2026-07-02 01:22:11,914 INFO o.a.j.p.j.s.J.Full charging journey with SSE: [electrahub-jmeter][full][032] step=start charging attempt 17
2026-07-02 01:22:11,950 INFO o.a.j.p.j.s.J.Full charging journey with SSE: [electrahub-jmeter][full][035] http GET /payment/api/v1/payment/state status=451 elapsedMs=60
2026-07-02 01:22:11,950 INFO o.a.j.p.j.s.J.Full charging journey with SSE: [electrahub-jmeter][full][035] step=accept terms
2026-07-02 01:22:12,010 INFO o.a.j.p.j.s.J.Full charging journey with SSE: [electrahub-jmeter][full][035] http POST /auth/api/terms/accept status=201 elapsedMs=59
2026-07-02 01:22:12,011 INFO o.a.j.p.j.s.J.Full charging journey with SSE: [electrahub-jmeter][full][035] accepted terms; refreshing token through login
2026-07-02 01:22:12,012 INFO o.a.j.p.j.s.J.Full charging journey with SSE: [electrahub-jmeter][full][035] step=login
2026-07-02 01:22:12,050 INFO o.a.j.p.j.s.J.Full charging journey with SSE: [electrahub-jmeter][full][032] http POST /session/api/v1/sessions/start status=409 elapsedMs=86
2026-07-02 01:22:12,051 INFO o.a.j.p.j.s.J.Full charging journey with SSE: [electrahub-jmeter][full][032] start skipped EH-US-CHG-0048/CON-US-0048 HTTP 409; trying next connector
2026-07-02 01:22:12,169 INFO o.a.j.p.j.s.J.Full charging journey with SSE: [electrahub-jmeter][full][034] step=start charging attempt 6
2026-07-02 01:22:12,223 INFO o.a.j.p.j.s.J.Full charging journey with SSE: [electrahub-jmeter][full][035] http POST /auth/api/auth/login status=200 elapsedMs=211
2026-07-02 01:22:12,224 INFO o.a.j.p.j.s.J.Full charging journey with SSE: [electrahub-jmeter][full][035] logged in uid=8f18df6b-2d52-4b66-a213-7814c7c80fbf
2026-07-02 01:22:12,225 INFO o.a.j.p.j.s.J.Full charging journey with SSE: [electrahub-jmeter][full][035] step=payment state after terms
2026-07-02 01:22:12,242 INFO o.a.j.p.j.s.J.Full charging journey with SSE: [electrahub-jmeter][full][034] http POST /session/api/v1/sessions/start status=409 elapsedMs=72
2026-07-02 01:22:12,243 INFO o.a.j.p.j.s.J.Full charging journey with SSE: [electrahub-jmeter][full][034] start skipped EH-US-CHG-0039/CON-US-0039 HTTP 409; trying next connector
2026-07-02 01:22:12,284 INFO o.a.j.p.j.s.J.Full charging journey with SSE: [electrahub-jmeter][full][035] http GET /payment/api/v1/payment/state status=200 elapsedMs=59
2026-07-02 01:22:12,287 INFO o.a.j.p.j.s.J.Full charging journey with SSE: [electrahub-jmeter][full][035] step=add card
2026-07-02 01:22:12,347 INFO o.a.j.p.j.s.J.Full charging journey with SSE: [electrahub-jmeter][full][035] http POST /payment/api/v1/payment/cards status=201 elapsedMs=59
2026-07-02 01:22:12,348 INFO o.a.j.p.j.s.J.Full charging journey with SSE: [electrahub-jmeter][full][035] step=wallet topup
2026-07-02 01:22:12,407 INFO o.a.j.p.j.s.J.Full charging journey with SSE: [electrahub-jmeter][full][035] http POST /payment/api/v1/payment/wallet/topups status=201 elapsedMs=59
2026-07-02 01:22:12,408 INFO o.a.j.p.j.s.J.Full charging journey with SSE: [electrahub-jmeter][full][035] step=payment state after setup
2026-07-02 01:22:12,442 INFO o.a.j.p.j.s.J.Full charging journey with SSE: [electrahub-jmeter][full][033] step=start charging attempt 12
2026-07-02 01:22:12,469 INFO o.a.j.p.j.s.J.Full charging journey with SSE: [electrahub-jmeter][full][035] http GET /payment/api/v1/payment/state status=200 elapsedMs=61
2026-07-02 01:22:12,471 INFO o.a.j.p.j.s.J.Full charging journey with SSE: [electrahub-jmeter][full][035] payment ready wallet=120.00
2026-07-02 01:22:12,472 INFO o.a.j.p.j.s.J.Full charging journey with SSE: [electrahub-jmeter][full][035] step=charger graphql list
2026-07-02 01:22:12,524 INFO o.a.j.p.j.s.J.Full charging journey with SSE: [electrahub-jmeter][full][033] http POST /session/api/v1/sessions/start status=409 elapsedMs=81
2026-07-02 01:22:12,525 INFO o.a.j.p.j.s.J.Full charging journey with SSE: [electrahub-jmeter][full][033] start skipped EH-US-CHG-0044/CON-US-0044 HTTP 409; trying next connector
2026-07-02 01:22:12,601 INFO o.a.j.p.j.s.J.Full charging journey with SSE: [electrahub-jmeter][full][035] http POST /charger/graphql status=200 elapsedMs=127
2026-07-02 01:22:12,603 INFO o.a.j.p.j.s.J.Full charging journey with SSE: [electrahub-jmeter][full][035] dynamic connector selection found no available connector; using CSV connector
2026-07-02 01:22:12,603 INFO o.a.j.p.j.s.J.Full charging journey with SSE: [electrahub-jmeter][full][035] step=charger graphql view
2026-07-02 01:22:12,677 INFO o.a.j.p.j.s.J.Full charging journey with SSE: [electrahub-jmeter][full][035] http POST /charger/graphql status=200 elapsedMs=73
2026-07-02 01:22:12,678 INFO o.a.j.p.j.s.J.Full charging journey with SSE: [electrahub-jmeter][full][035] step=payment state before start
2026-07-02 01:22:12,735 INFO o.a.j.p.j.s.J.Full charging journey with SSE: [electrahub-jmeter][full][035] http GET /payment/api/v1/payment/state status=200 elapsedMs=57
2026-07-02 01:22:12,738 INFO o.a.j.p.j.s.J.Full charging journey with SSE: [electrahub-jmeter][full][035] using connector csv fallback attempts=100 startIndex=35/100
2026-07-02 01:22:12,739 INFO o.a.j.p.j.s.J.Full charging journey with SSE: [electrahub-jmeter][full][035] step=start charging attempt 1
2026-07-02 01:22:12,760 INFO o.a.j.p.j.s.J.Full charging journey with SSE: [electrahub-jmeter][full][013] step=active sessions
2026-07-02 01:22:12,807 INFO o.a.j.p.j.s.J.Full charging journey with SSE: [electrahub-jmeter][full][014] http GET /session/api/v1/sessions/active status=200 elapsedMs=1010
2026-07-02 01:22:12,898 INFO o.a.j.p.j.s.J.Full charging journey with SSE: [electrahub-jmeter][full][035] http POST /session/api/v1/sessions/start status=409 elapsedMs=159
2026-07-02 01:22:12,898 INFO o.a.j.p.j.s.J.Full charging journey with SSE: [electrahub-jmeter][full][013] http GET /session/api/v1/sessions/active status=200 elapsedMs=138
2026-07-02 01:22:12,899 INFO o.a.j.p.j.s.J.Full charging journey with SSE: [electrahub-jmeter][full][035] start skipped EH-US-CHG-0035/CON-US-0035 HTTP 409; trying next connector
2026-07-02 01:22:12,899 INFO o.a.j.p.j.s.J.Full charging journey with SSE: [electrahub-jmeter][full][013] step=receipt
2026-07-02 01:22:12,962 INFO o.a.j.p.j.s.J.Full charging journey with SSE: [electrahub-jmeter][full][013] http GET /session/api/v1/sessions/2d3d085e-dd4e-462f-89c0-0448d8d7ba0a/receipt status=200 elapsedMs=62
2026-07-02 01:22:12,963 INFO o.a.j.p.j.s.J.Full charging journey with SSE: [electrahub-jmeter][full][013] step=session history
2026-07-02 01:22:13,020 INFO o.a.j.p.j.s.J.Full charging journey with SSE: [electrahub-jmeter][full][013] http GET /session/api/v1/sessions/history?page=0&size=10 status=200 elapsedMs=57
2026-07-02 01:22:13,020 INFO o.a.j.p.j.s.J.Full charging journey with SSE: [electrahub-jmeter][full][013] step=dashboard stats
2026-07-02 01:22:13,052 INFO o.a.j.p.j.s.J.Full charging journey with SSE: [electrahub-jmeter][full][032] step=start charging attempt 18
2026-07-02 01:22:13,080 INFO o.a.j.p.j.s.J.Full charging journey with SSE: [electrahub-jmeter][full][013] http GET /session/api/v1/sessions/dashboard-stats status=200 elapsedMs=58
2026-07-02 01:22:13,080 INFO o.a.j.p.j.s.J.Full charging journey with SSE: [electrahub-jmeter][full][013] receipt ok session=2d3d085e-dd4e-462f-89c0-0448d8d7ba0a status=Completed total=1.87
2026-07-02 01:22:13,081 INFO o.a.j.t.JMeterThread: Thread is done: 100 driver charging journeys 1-13
2026-07-02 01:22:13,082 INFO o.a.j.t.JMeterThread: Thread finished: 100 driver charging journeys 1-13
2026-07-02 01:22:13,243 INFO o.a.j.p.j.s.J.Full charging journey with SSE: [electrahub-jmeter][full][034] step=start charging attempt 7
2026-07-02 01:22:13,307 INFO o.a.j.p.j.s.J.Full charging journey with SSE: [electrahub-jmeter][full][034] http POST /session/api/v1/sessions/start status=409 elapsedMs=63
2026-07-02 01:22:13,308 INFO o.a.j.p.j.s.J.Full charging journey with SSE: [electrahub-jmeter][full][034] start skipped EH-US-CHG-0040/CON-US-0040 HTTP 409; trying next connector
2026-07-02 01:22:13,526 INFO o.a.j.p.j.s.J.Full charging journey with SSE: [electrahub-jmeter][full][033] step=start charging attempt 13
2026-07-02 01:22:13,594 INFO o.a.j.p.j.s.J.Full charging journey with SSE: [electrahub-jmeter][full][033] http POST /session/api/v1/sessions/start status=409 elapsedMs=67
2026-07-02 01:22:13,596 INFO o.a.j.p.j.s.J.Full charging journey with SSE: [electrahub-jmeter][full][033] start skipped EH-US-CHG-0045/CON-US-0045 HTTP 409; trying next connector
2026-07-02 01:22:13,822 INFO o.a.j.p.j.s.J.Full charging journey with SSE: [electrahub-jmeter][full][032] http POST /session/api/v1/sessions/start status=201 elapsedMs=769
2026-07-02 01:22:13,823 INFO o.a.j.p.j.s.J.Full charging journey with SSE: [electrahub-jmeter][full][032] started session=a1c73214-8001-409a-a1b5-e5dd36908b03 charger=EH-US-CHG-0049/CON-US-0049 status=PREPARING remote=Accepted attempt=18/100
2026-07-02 01:22:13,824 INFO o.a.j.p.j.s.J.Full charging journey with SSE: [electrahub-jmeter][full][032] step=active sessions
2026-07-02 01:22:13,900 INFO o.a.j.p.j.s.J.Full charging journey with SSE: [electrahub-jmeter][full][035] step=start charging attempt 2
2026-07-02 01:22:13,965 INFO o.a.j.p.j.s.J.Full charging journey with SSE: [electrahub-jmeter][full][035] http POST /session/api/v1/sessions/start status=409 elapsedMs=64
2026-07-02 01:22:13,966 INFO o.a.j.p.j.s.J.Full charging journey with SSE: [electrahub-jmeter][full][035] start skipped EH-US-CHG-0036/CON-US-0036 HTTP 409; trying next connector
2026-07-02 01:22:14,309 INFO o.a.j.p.j.s.J.Full charging journey with SSE: [electrahub-jmeter][full][034] step=start charging attempt 8
2026-07-02 01:22:14,371 INFO o.a.j.p.j.s.J.Full charging journey with SSE: [electrahub-jmeter][full][034] http POST /session/api/v1/sessions/start status=409 elapsedMs=61
2026-07-02 01:22:14,372 INFO o.a.j.p.j.s.J.Full charging journey with SSE: [electrahub-jmeter][full][034] start skipped EH-US-CHG-0041/CON-US-0041 HTTP 409; trying next connector
2026-07-02 01:22:14,389 INFO o.a.j.p.j.s.J.Full charging journey with SSE: [electrahub-jmeter][full][015] step=stop charging session
2026-07-02 01:22:14,596 INFO o.a.j.p.j.s.J.Full charging journey with SSE: [electrahub-jmeter][full][033] step=start charging attempt 14
2026-07-02 01:22:14,661 INFO o.a.j.p.j.s.J.Full charging journey with SSE: [electrahub-jmeter][full][033] http POST /session/api/v1/sessions/start status=409 elapsedMs=64
2026-07-02 01:22:14,662 INFO o.a.j.p.j.s.J.Full charging journey with SSE: [electrahub-jmeter][full][033] start skipped EH-US-CHG-0046/CON-US-0046 HTTP 409; trying next connector
2026-07-02 01:22:14,831 INFO o.a.j.p.j.s.J.Full charging journey with SSE: [electrahub-jmeter][full][032] http GET /session/api/v1/sessions/active status=200 elapsedMs=1006
2026-07-02 01:22:14,967 INFO o.a.j.p.j.s.J.Full charging journey with SSE: [electrahub-jmeter][full][035] step=start charging attempt 3
2026-07-02 01:22:15,036 INFO o.a.j.p.j.s.J.Full charging journey with SSE: [electrahub-jmeter][full][035] http POST /session/api/v1/sessions/start status=409 elapsedMs=68
2026-07-02 01:22:15,036 INFO o.a.j.p.j.s.J.Full charging journey with SSE: [electrahub-jmeter][full][035] start skipped EH-US-CHG-0037/CON-US-0037 HTTP 409; trying next connector
2026-07-02 01:22:15,373 INFO o.a.j.p.j.s.J.Full charging journey with SSE: [electrahub-jmeter][full][034] step=start charging attempt 9
2026-07-02 01:22:15,445 INFO o.a.j.p.j.s.J.Full charging journey with SSE: [electrahub-jmeter][full][034] http POST /session/api/v1/sessions/start status=409 elapsedMs=71
2026-07-02 01:22:15,446 INFO o.a.j.p.j.s.J.Full charging journey with SSE: [electrahub-jmeter][full][034] start skipped EH-US-CHG-0042/CON-US-0042 HTTP 409; trying next connector
2026-07-02 01:22:15,663 INFO o.a.j.p.j.s.J.Full charging journey with SSE: [electrahub-jmeter][full][033] step=start charging attempt 15
2026-07-02 01:22:15,736 INFO o.a.j.p.j.s.J.Full charging journey with SSE: [electrahub-jmeter][full][033] http POST /session/api/v1/sessions/start status=409 elapsedMs=71
2026-07-02 01:22:15,737 INFO o.a.j.p.j.s.J.Full charging journey with SSE: [electrahub-jmeter][full][033] start skipped EH-US-CHG-0047/CON-US-0047 HTTP 409; trying next connector
2026-07-02 01:22:15,840 INFO o.a.j.p.j.s.J.Full charging journey with SSE: [electrahub-jmeter][full][022] sse ok connected=1 snapshot=2 updates=29 receipts=0 heartbeats=0
2026-07-02 01:22:15,842 INFO o.a.j.p.j.s.J.Full charging journey with SSE: [electrahub-jmeter][full][022] holding session for 38s before stop
2026-07-02 01:22:16,037 INFO o.a.j.p.j.s.J.Full charging journey with SSE: [electrahub-jmeter][full][035] step=start charging attempt 4
2026-07-02 01:22:16,107 INFO o.a.j.p.j.s.J.Full charging journey with SSE: [electrahub-jmeter][full][035] http POST /session/api/v1/sessions/start status=409 elapsedMs=69
2026-07-02 01:22:16,108 INFO o.a.j.p.j.s.J.Full charging journey with SSE: [electrahub-jmeter][full][035] start skipped EH-US-CHG-0038/CON-US-0038 HTTP 409; trying next connector
2026-07-02 01:22:16,446 INFO o.a.j.p.j.s.J.Full charging journey with SSE: [electrahub-jmeter][full][034] step=start charging attempt 10
2026-07-02 01:22:16,518 INFO o.a.j.p.j.s.J.Full charging journey with SSE: [electrahub-jmeter][full][034] http POST /session/api/v1/sessions/start status=409 elapsedMs=70
2026-07-02 01:22:16,519 INFO o.a.j.p.j.s.J.Full charging journey with SSE: [electrahub-jmeter][full][034] start skipped EH-US-CHG-0043/CON-US-0043 HTTP 409; trying next connector
2026-07-02 01:22:16,738 INFO o.a.j.p.j.s.J.Full charging journey with SSE: [electrahub-jmeter][full][033] step=start charging attempt 16
2026-07-02 01:22:16,814 INFO o.a.j.p.j.s.J.Full charging journey with SSE: [electrahub-jmeter][full][033] http POST /session/api/v1/sessions/start status=409 elapsedMs=75
2026-07-02 01:22:16,815 INFO o.a.j.p.j.s.J.Full charging journey with SSE: [electrahub-jmeter][full][033] start skipped EH-US-CHG-0048/CON-US-0048 HTTP 409; trying next connector
2026-07-02 01:22:17,109 INFO o.a.j.p.j.s.J.Full charging journey with SSE: [electrahub-jmeter][full][035] step=start charging attempt 5
2026-07-02 01:22:17,183 INFO o.a.j.p.j.s.J.Full charging journey with SSE: [electrahub-jmeter][full][035] http POST /session/api/v1/sessions/start status=409 elapsedMs=73
2026-07-02 01:22:17,184 INFO o.a.j.p.j.s.J.Full charging journey with SSE: [electrahub-jmeter][full][035] start skipped EH-US-CHG-0039/CON-US-0039 HTTP 409; trying next connector
2026-07-02 01:22:17,520 INFO o.a.j.p.j.s.J.Full charging journey with SSE: [electrahub-jmeter][full][034] step=start charging attempt 11
2026-07-02 01:22:17,593 INFO o.a.j.p.j.s.J.Full charging journey with SSE: [electrahub-jmeter][full][034] http POST /session/api/v1/sessions/start status=409 elapsedMs=72
2026-07-02 01:22:17,594 INFO o.a.j.p.j.s.J.Full charging journey with SSE: [electrahub-jmeter][full][034] start skipped EH-US-CHG-0044/CON-US-0044 HTTP 409; trying next connector
2026-07-02 01:22:17,683 INFO o.a.j.t.JMeterThread: Thread started: 100 driver charging journeys 1-36
2026-07-02 01:22:17,689 INFO o.a.j.p.j.s.J.Full charging journey with SSE: [electrahub-jmeter][full][036] step=register
2026-07-02 01:22:17,808 INFO o.a.j.p.j.s.J.Full charging journey with SSE: [electrahub-jmeter][full][014] step=active sessions
2026-07-02 01:22:17,815 INFO o.a.j.p.j.s.J.Full charging journey with SSE: [electrahub-jmeter][full][033] step=start charging attempt 17
2026-07-02 01:22:17,854 INFO o.a.j.p.j.s.J.Full charging journey with SSE: [electrahub-jmeter][full][036] http POST /auth/api/auth/register status=200 elapsedMs=164
2026-07-02 01:22:17,855 INFO o.a.j.p.j.s.J.Full charging journey with SSE: [electrahub-jmeter][full][036] registered uid=e8bbc5a7-ca41-4153-9da1-e42f3a55ff5c
2026-07-02 01:22:17,864 INFO o.a.j.p.j.s.J.Full charging journey with SSE: [electrahub-jmeter][full][015] http POST /session/api/v1/sessions/46080c40-7a7e-4f55-8117-fa6994df82e2/stop status=204 elapsedMs=3474
2026-07-02 01:22:17,864 INFO o.a.j.p.j.s.J.Full charging journey with SSE: [electrahub-jmeter][full][015] stop requested session=46080c40-7a7e-4f55-8117-fa6994df82e2
2026-07-02 01:22:17,864 INFO o.a.j.p.j.s.J.Full charging journey with SSE: [electrahub-jmeter][full][036] step=payment state before setup
2026-07-02 01:22:17,865 INFO o.a.j.p.j.s.J.Full charging journey with SSE: [electrahub-jmeter][full][015] step=active sessions
2026-07-02 01:22:17,919 INFO o.a.j.p.j.s.J.Full charging journey with SSE: [electrahub-jmeter][full][036] http GET /payment/api/v1/payment/state status=451 elapsedMs=53
2026-07-02 01:22:17,921 INFO o.a.j.p.j.s.J.Full charging journey with SSE: [electrahub-jmeter][full][036] step=accept terms
2026-07-02 01:22:17,939 INFO o.a.j.p.j.s.J.Full charging journey with SSE: [electrahub-jmeter][full][014] http GET /session/api/v1/sessions/active status=200 elapsedMs=130
2026-07-02 01:22:17,940 INFO o.a.j.p.j.s.J.Full charging journey with SSE: [electrahub-jmeter][full][014] step=receipt
2026-07-02 01:22:17,940 INFO o.a.j.p.j.s.J.Full charging journey with SSE: [electrahub-jmeter][full][033] http POST /session/api/v1/sessions/start status=409 elapsedMs=75
2026-07-02 01:22:17,941 INFO o.a.j.p.j.s.J.Full charging journey with SSE: [electrahub-jmeter][full][033] start skipped EH-US-CHG-0049/CON-US-0049 HTTP 409; trying next connector
2026-07-02 01:22:17,988 INFO o.a.j.p.j.s.J.Full charging journey with SSE: [electrahub-jmeter][full][036] http POST /auth/api/terms/accept status=201 elapsedMs=67
2026-07-02 01:22:17,989 INFO o.a.j.p.j.s.J.Full charging journey with SSE: [electrahub-jmeter][full][036] accepted terms; refreshing token through login
2026-07-02 01:22:17,989 INFO o.a.j.p.j.s.J.Full charging journey with SSE: [electrahub-jmeter][full][036] step=login
2026-07-02 01:22:17,992 INFO o.a.j.p.j.s.J.Full charging journey with SSE: [electrahub-jmeter][full][014] http GET /session/api/v1/sessions/af6e56ff-9f24-49e0-9d97-e65d25e1cc7d/receipt status=200 elapsedMs=52
2026-07-02 01:22:17,993 INFO o.a.j.p.j.s.J.Full charging journey with SSE: [electrahub-jmeter][full][014] step=session history
2026-07-02 01:22:18,054 INFO o.a.j.p.j.s.J.Full charging journey with SSE: [electrahub-jmeter][full][014] http GET /session/api/v1/sessions/history?page=0&size=10 status=200 elapsedMs=61
2026-07-02 01:22:18,054 INFO o.a.j.p.j.s.J.Full charging journey with SSE: [electrahub-jmeter][full][014] step=dashboard stats
2026-07-02 01:22:18,112 INFO o.a.j.p.j.s.J.Full charging journey with SSE: [electrahub-jmeter][full][014] http GET /session/api/v1/sessions/dashboard-stats status=200 elapsedMs=57
2026-07-02 01:22:18,112 INFO o.a.j.p.j.s.J.Full charging journey with SSE: [electrahub-jmeter][full][014] receipt ok session=af6e56ff-9f24-49e0-9d97-e65d25e1cc7d status=Completed total=1.8692
2026-07-02 01:22:18,113 INFO o.a.j.t.JMeterThread: Thread is done: 100 driver charging journeys 1-14
2026-07-02 01:22:18,114 INFO o.a.j.t.JMeterThread: Thread finished: 100 driver charging journeys 1-14
2026-07-02 01:22:18,135 INFO o.a.j.p.j.s.J.Full charging journey with SSE: [electrahub-jmeter][full][036] http POST /auth/api/auth/login status=200 elapsedMs=145
2026-07-02 01:22:18,136 INFO o.a.j.p.j.s.J.Full charging journey with SSE: [electrahub-jmeter][full][036] logged in uid=e8bbc5a7-ca41-4153-9da1-e42f3a55ff5c
2026-07-02 01:22:18,137 INFO o.a.j.p.j.s.J.Full charging journey with SSE: [electrahub-jmeter][full][036] step=payment state after terms
2026-07-02 01:22:18,185 INFO o.a.j.p.j.s.J.Full charging journey with SSE: [electrahub-jmeter][full][035] step=start charging attempt 6
2026-07-02 01:22:18,197 INFO o.a.j.p.j.s.J.Full charging journey with SSE: [electrahub-jmeter][full][036] http GET /payment/api/v1/payment/state status=200 elapsedMs=60
2026-07-02 01:22:18,198 INFO o.a.j.p.j.s.J.Full charging journey with SSE: [electrahub-jmeter][full][036] step=add card
2026-07-02 01:22:18,254 INFO o.a.j.p.j.s.J.Full charging journey with SSE: [electrahub-jmeter][full][036] http POST /payment/api/v1/payment/cards status=201 elapsedMs=54
2026-07-02 01:22:18,255 INFO o.a.j.p.j.s.J.Full charging journey with SSE: [electrahub-jmeter][full][036] step=wallet topup
2026-07-02 01:22:18,257 INFO o.a.j.p.j.s.J.Full charging journey with SSE: [electrahub-jmeter][full][035] http POST /session/api/v1/sessions/start status=409 elapsedMs=71
2026-07-02 01:22:18,258 INFO o.a.j.p.j.s.J.Full charging journey with SSE: [electrahub-jmeter][full][035] start skipped EH-US-CHG-0040/CON-US-0040 HTTP 409; trying next connector
2026-07-02 01:22:18,316 INFO o.a.j.p.j.s.J.Full charging journey with SSE: [electrahub-jmeter][full][036] http POST /payment/api/v1/payment/wallet/topups status=201 elapsedMs=60
2026-07-02 01:22:18,317 INFO o.a.j.p.j.s.J.Full charging journey with SSE: [electrahub-jmeter][full][036] step=payment state after setup
2026-07-02 01:22:18,379 INFO o.a.j.p.j.s.J.Full charging journey with SSE: [electrahub-jmeter][full][036] http GET /payment/api/v1/payment/state status=200 elapsedMs=61
2026-07-02 01:22:18,380 INFO o.a.j.p.j.s.J.Full charging journey with SSE: [electrahub-jmeter][full][036] payment ready wallet=120.00
2026-07-02 01:22:18,381 INFO o.a.j.p.j.s.J.Full charging journey with SSE: [electrahub-jmeter][full][036] step=charger graphql list
2026-07-02 01:22:18,491 INFO o.a.j.p.j.s.J.Full charging journey with SSE: [electrahub-jmeter][full][036] http POST /charger/graphql status=200 elapsedMs=110
2026-07-02 01:22:18,494 INFO o.a.j.p.j.s.J.Full charging journey with SSE: [electrahub-jmeter][full][036] dynamic connector selection found no available connector; using CSV connector
2026-07-02 01:22:18,495 INFO o.a.j.p.j.s.J.Full charging journey with SSE: [electrahub-jmeter][full][036] step=charger graphql view
2026-07-02 01:22:18,567 INFO o.a.j.p.j.s.J.Full charging journey with SSE: [electrahub-jmeter][full][036] http POST /charger/graphql status=200 elapsedMs=71
2026-07-02 01:22:18,568 INFO o.a.j.p.j.s.J.Full charging journey with SSE: [electrahub-jmeter][full][036] step=payment state before start
2026-07-02 01:22:18,594 INFO o.a.j.p.j.s.J.Full charging journey with SSE: [electrahub-jmeter][full][034] step=start charging attempt 12
2026-07-02 01:22:18,621 INFO o.a.j.p.j.s.J.Full charging journey with SSE: [electrahub-jmeter][full][036] http GET /payment/api/v1/payment/state status=200 elapsedMs=52
2026-07-02 01:22:18,624 INFO o.a.j.p.j.s.J.Full charging journey with SSE: [electrahub-jmeter][full][036] using connector csv fallback attempts=100 startIndex=36/100
2026-07-02 01:22:18,625 INFO o.a.j.p.j.s.J.Full charging journey with SSE: [electrahub-jmeter][full][036] step=start charging attempt 1
2026-07-02 01:22:18,665 INFO o.a.j.p.j.s.J.Full charging journey with SSE: [electrahub-jmeter][full][034] http POST /session/api/v1/sessions/start status=409 elapsedMs=70
2026-07-02 01:22:18,666 INFO o.a.j.p.j.s.J.Full charging journey with SSE: [electrahub-jmeter][full][034] start skipped EH-US-CHG-0045/CON-US-0045 HTTP 409; trying next connector
2026-07-02 01:22:18,700 INFO o.a.j.p.j.s.J.Full charging journey with SSE: [electrahub-jmeter][full][036] http POST /session/api/v1/sessions/start status=409 elapsedMs=74
2026-07-02 01:22:18,701 INFO o.a.j.p.j.s.J.Full charging journey with SSE: [electrahub-jmeter][full][036] start skipped EH-US-CHG-0036/CON-US-0036 HTTP 409; trying next connector
2026-07-02 01:22:18,866 INFO o.a.j.p.j.s.J.Full charging journey with SSE: [electrahub-jmeter][full][015] http GET /session/api/v1/sessions/active status=200 elapsedMs=1000
2026-07-02 01:22:18,942 INFO o.a.j.p.j.s.J.Full charging journey with SSE: [electrahub-jmeter][full][033] step=start charging attempt 18
2026-07-02 01:22:19,018 INFO o.a.j.p.j.s.J.Full charging journey with SSE: [electrahub-jmeter][full][033] http POST /session/api/v1/sessions/start status=409 elapsedMs=75
2026-07-02 01:22:19,019 INFO o.a.j.p.j.s.J.Full charging journey with SSE: [electrahub-jmeter][full][033] start skipped EH-US-CHG-0050/CON-US-0050 HTTP 409; trying next connector
2026-07-02 01:22:19,258 INFO o.a.j.p.j.s.J.Full charging journey with SSE: [electrahub-jmeter][full][035] step=start charging attempt 7
2026-07-02 01:22:19,332 INFO o.a.j.p.j.s.J.Full charging journey with SSE: [electrahub-jmeter][full][035] http POST /session/api/v1/sessions/start status=409 elapsedMs=72
2026-07-02 01:22:19,333 INFO o.a.j.p.j.s.J.Full charging journey with SSE: [electrahub-jmeter][full][035] start skipped EH-US-CHG-0041/CON-US-0041 HTTP 409; trying next connector
2026-07-02 01:22:19,666 INFO o.a.j.p.j.s.J.Full charging journey with SSE: [electrahub-jmeter][full][034] step=start charging attempt 13
2026-07-02 01:22:19,702 INFO o.a.j.p.j.s.J.Full charging journey with SSE: [electrahub-jmeter][full][036] step=start charging attempt 2
2026-07-02 01:22:20,903 INFO o.a.j.p.j.s.J.Full charging journey with SSE: [electrahub-jmeter][full][034] http POST /session/api/v1/sessions/start status=409 elapsedMs=1235
2026-07-02 01:22:20,904 INFO o.a.j.p.j.s.J.Full charging journey with SSE: [electrahub-jmeter][full][034] start skipped EH-US-CHG-0046/CON-US-0046 HTTP 409; trying next connector
2026-07-02 01:22:20,939 INFO o.a.j.p.j.s.J.Full charging journey with SSE: [electrahub-jmeter][full][036] http POST /session/api/v1/sessions/start status=409 elapsedMs=1229
2026-07-02 01:22:20,940 INFO o.a.j.p.j.s.J.Full charging journey with SSE: [electrahub-jmeter][full][036] start skipped EH-US-CHG-0037/CON-US-0037 HTTP 409; trying next connector
2026-07-02 01:22:21,975 INFO o.a.j.p.j.s.J.Full charging journey with SSE: [electrahub-jmeter][full][033] step=start charging attempt 19
2026-07-02 01:22:22,289 INFO o.a.j.p.j.s.J.Full charging journey with SSE: [electrahub-jmeter][full][035] step=start charging attempt 8
2026-07-02 01:22:22,354 INFO o.a.j.p.j.s.J.Full charging journey with SSE: [electrahub-jmeter][full][035] http POST /session/api/v1/sessions/start status=409 elapsedMs=64
2026-07-02 01:22:22,355 INFO o.a.j.p.j.s.J.Full charging journey with SSE: [electrahub-jmeter][full][035] start skipped EH-US-CHG-0042/CON-US-0042 HTTP 409; trying next connector
2026-07-02 01:22:22,379 INFO o.a.j.p.j.s.J.Full charging journey with SSE: [electrahub-jmeter][full][016] step=stop charging session
2026-07-02 01:22:22,699 INFO o.a.j.p.j.s.J.Full charging journey with SSE: [electrahub-jmeter][full][034] step=start charging attempt 14
2026-07-02 01:22:22,735 INFO o.a.j.p.j.s.J.Full charging journey with SSE: [electrahub-jmeter][full][036] step=start charging attempt 3
2026-07-02 01:22:22,831 INFO o.a.j.p.j.s.J.Full charging journey with SSE: [electrahub-jmeter][full][034] http POST /session/api/v1/sessions/start status=409 elapsedMs=131
2026-07-02 01:22:22,832 INFO o.a.j.p.j.s.J.Full charging journey with SSE: [electrahub-jmeter][full][034] start skipped EH-US-CHG-0047/CON-US-0047 HTTP 409; trying next connector
2026-07-02 01:22:22,848 INFO o.a.j.p.j.s.J.Full charging journey with SSE: [electrahub-jmeter][full][036] http POST /session/api/v1/sessions/start status=409 elapsedMs=112
2026-07-02 01:22:22,848 INFO o.a.j.p.j.s.J.Full charging journey with SSE: [electrahub-jmeter][full][036] start skipped EH-US-CHG-0038/CON-US-0038 HTTP 409; trying next connector
2026-07-02 01:22:22,889 INFO o.a.j.p.j.s.J.Full charging journey with SSE: [electrahub-jmeter][full][033] http POST /session/api/v1/sessions/start status=201 elapsedMs=913
2026-07-02 01:22:22,890 INFO o.a.j.p.j.s.J.Full charging journey with SSE: [electrahub-jmeter][full][033] started session=494cb92d-6eb0-4beb-b8aa-caf37037c56a charger=EH-US-CHG-0051/CON-US-0051 status=PREPARING remote=Accepted attempt=19/100
2026-07-02 01:22:22,890 INFO o.a.j.p.j.s.J.Full charging journey with SSE: [electrahub-jmeter][full][033] step=active sessions
2026-07-02 01:22:23,356 INFO o.a.j.p.j.s.J.Full charging journey with SSE: [electrahub-jmeter][full][035] step=start charging attempt 9
2026-07-02 01:22:23,428 INFO o.a.j.p.j.s.J.Full charging journey with SSE: [electrahub-jmeter][full][035] http POST /session/api/v1/sessions/start status=409 elapsedMs=70
2026-07-02 01:22:23,429 INFO o.a.j.p.j.s.J.Full charging journey with SSE: [electrahub-jmeter][full][035] start skipped EH-US-CHG-0043/CON-US-0043 HTTP 409; trying next connector
2026-07-02 01:22:23,683 INFO o.a.j.t.JMeterThread: Thread started: 100 driver charging journeys 1-37
2026-07-02 01:22:23,691 INFO o.a.j.p.j.s.J.Full charging journey with SSE: [electrahub-jmeter][full][037] step=register
2026-07-02 01:22:23,833 INFO o.a.j.p.j.s.J.Full charging journey with SSE: [electrahub-jmeter][full][034] step=start charging attempt 15
2026-07-02 01:22:23,850 INFO o.a.j.p.j.s.J.Full charging journey with SSE: [electrahub-jmeter][full][036] step=start charging attempt 4
2026-07-02 01:22:23,855 INFO o.a.j.p.j.s.J.Full charging journey with SSE: [electrahub-jmeter][full][033] http GET /session/api/v1/sessions/active status=200 elapsedMs=964
2026-07-02 01:22:23,917 INFO o.a.j.p.j.s.J.Full charging journey with SSE: [electrahub-jmeter][full][037] http POST /auth/api/auth/register status=200 elapsedMs=224
2026-07-02 01:22:23,918 INFO o.a.j.p.j.s.J.Full charging journey with SSE: [electrahub-jmeter][full][037] registered uid=d758b45e-4e0b-4d10-82da-8245b6de0833
2026-07-02 01:22:23,923 INFO o.a.j.p.j.s.J.Full charging journey with SSE: [electrahub-jmeter][full][034] http POST /session/api/v1/sessions/start status=409 elapsedMs=89
2026-07-02 01:22:23,924 INFO o.a.j.p.j.s.J.Full charging journey with SSE: [electrahub-jmeter][full][034] start skipped EH-US-CHG-0048/CON-US-0048 HTTP 409; trying next connector
2026-07-02 01:22:23,926 INFO o.a.j.p.j.s.J.Full charging journey with SSE: [electrahub-jmeter][full][037] step=payment state before setup
2026-07-02 01:22:23,984 INFO o.a.j.p.j.s.J.Full charging journey with SSE: [electrahub-jmeter][full][037] http GET /payment/api/v1/payment/state status=451 elapsedMs=57
2026-07-02 01:22:23,985 INFO o.a.j.p.j.s.J.Full charging journey with SSE: [electrahub-jmeter][full][037] step=accept terms
2026-07-02 01:22:23,988 INFO o.a.j.p.j.s.J.Full charging journey with SSE: [electrahub-jmeter][full][036] http POST /session/api/v1/sessions/start status=409 elapsedMs=82
2026-07-02 01:22:23,990 INFO o.a.j.p.j.s.J.Full charging journey with SSE: [electrahub-jmeter][full][036] start skipped EH-US-CHG-0039/CON-US-0039 HTTP 409; trying next connector
2026-07-02 01:22:24,050 INFO o.a.j.p.j.s.J.Full charging journey with SSE: [electrahub-jmeter][full][037] http POST /auth/api/terms/accept status=201 elapsedMs=64
2026-07-02 01:22:24,051 INFO o.a.j.p.j.s.J.Full charging journey with SSE: [electrahub-jmeter][full][037] accepted terms; refreshing token through login
2026-07-02 01:22:24,051 INFO o.a.j.p.j.s.J.Full charging journey with SSE: [electrahub-jmeter][full][037] step=login
2026-07-02 01:22:24,213 INFO o.a.j.p.j.s.J.Full charging journey with SSE: [electrahub-jmeter][full][037] http POST /auth/api/auth/login status=200 elapsedMs=160
2026-07-02 01:22:24,213 INFO o.a.j.p.j.s.J.Full charging journey with SSE: [electrahub-jmeter][full][037] logged in uid=d758b45e-4e0b-4d10-82da-8245b6de0833
2026-07-02 01:22:24,214 INFO o.a.j.p.j.s.J.Full charging journey with SSE: [electrahub-jmeter][full][037] step=payment state after terms
2026-07-02 01:22:24,272 INFO o.a.j.p.j.s.J.Full charging journey with SSE: [electrahub-jmeter][full][037] http GET /payment/api/v1/payment/state status=200 elapsedMs=57
2026-07-02 01:22:24,273 INFO o.a.j.p.j.s.J.Full charging journey with SSE: [electrahub-jmeter][full][037] step=add card
2026-07-02 01:22:24,339 INFO o.a.j.p.j.s.J.Full charging journey with SSE: [electrahub-jmeter][full][037] http POST /payment/api/v1/payment/cards status=201 elapsedMs=65
2026-07-02 01:22:24,340 INFO o.a.j.p.j.s.J.Full charging journey with SSE: [electrahub-jmeter][full][037] step=wallet topup
2026-07-02 01:22:24,398 INFO o.a.j.p.j.s.J.Full charging journey with SSE: [electrahub-jmeter][full][037] http POST /payment/api/v1/payment/wallet/topups status=201 elapsedMs=57
2026-07-02 01:22:24,400 INFO o.a.j.p.j.s.J.Full charging journey with SSE: [electrahub-jmeter][full][037] step=payment state after setup
2026-07-02 01:22:24,430 INFO o.a.j.p.j.s.J.Full charging journey with SSE: [electrahub-jmeter][full][035] step=start charging attempt 10
2026-07-02 01:22:24,458 INFO o.a.j.p.j.s.J.Full charging journey with SSE: [electrahub-jmeter][full][037] http GET /payment/api/v1/payment/state status=200 elapsedMs=58
2026-07-02 01:22:24,459 INFO o.a.j.p.j.s.J.Full charging journey with SSE: [electrahub-jmeter][full][037] payment ready wallet=120.00
2026-07-02 01:22:24,460 INFO o.a.j.p.j.s.J.Full charging journey with SSE: [electrahub-jmeter][full][037] step=charger graphql list
2026-07-02 01:22:24,497 INFO o.a.j.p.j.s.J.Full charging journey with SSE: [electrahub-jmeter][full][035] http POST /session/api/v1/sessions/start status=409 elapsedMs=65
2026-07-02 01:22:24,498 INFO o.a.j.p.j.s.J.Full charging journey with SSE: [electrahub-jmeter][full][035] start skipped EH-US-CHG-0044/CON-US-0044 HTTP 409; trying next connector
2026-07-02 01:22:24,568 INFO o.a.j.p.j.s.J.Full charging journey with SSE: [electrahub-jmeter][full][037] http POST /charger/graphql status=200 elapsedMs=107
2026-07-02 01:22:24,569 INFO o.a.j.p.j.s.J.Full charging journey with SSE: [electrahub-jmeter][full][037] dynamic connector selection found no available connector; using CSV connector
2026-07-02 01:22:24,570 INFO o.a.j.p.j.s.J.Full charging journey with SSE: [electrahub-jmeter][full][037] step=charger graphql view
2026-07-02 01:22:24,640 INFO o.a.j.p.j.s.J.Full charging journey with SSE: [electrahub-jmeter][full][037] http POST /charger/graphql status=200 elapsedMs=68
2026-07-02 01:22:24,640 INFO o.a.j.p.j.s.J.Full charging journey with SSE: [electrahub-jmeter][full][037] step=payment state before start
2026-07-02 01:22:24,693 INFO o.a.j.p.j.s.J.Full charging journey with SSE: [electrahub-jmeter][full][037] http GET /payment/api/v1/payment/state status=200 elapsedMs=52
2026-07-02 01:22:24,696 INFO o.a.j.p.j.s.J.Full charging journey with SSE: [electrahub-jmeter][full][037] using connector csv fallback attempts=100 startIndex=37/100
2026-07-02 01:22:24,697 INFO o.a.j.p.j.s.J.Full charging journey with SSE: [electrahub-jmeter][full][037] step=start charging attempt 1
2026-07-02 01:22:24,763 INFO o.a.j.p.j.s.J.Full charging journey with SSE: [electrahub-jmeter][full][037] http POST /session/api/v1/sessions/start status=409 elapsedMs=65
2026-07-02 01:22:24,764 INFO o.a.j.p.j.s.J.Full charging journey with SSE: [electrahub-jmeter][full][037] start skipped EH-US-CHG-0037/CON-US-0037 HTTP 409; trying next connector
2026-07-02 01:22:24,924 INFO o.a.j.p.j.s.J.Full charging journey with SSE: [electrahub-jmeter][full][034] step=start charging attempt 16
2026-07-02 01:22:24,986 INFO o.a.j.p.j.s.J.Full charging journey with SSE: [electrahub-jmeter][full][034] http POST /session/api/v1/sessions/start status=409 elapsedMs=61
2026-07-02 01:22:24,987 INFO o.a.j.p.j.s.J.Full charging journey with SSE: [electrahub-jmeter][full][034] start skipped EH-US-CHG-0049/CON-US-0049 HTTP 409; trying next connector
2026-07-02 01:22:24,991 INFO o.a.j.p.j.s.J.Full charging journey with SSE: [electrahub-jmeter][full][036] step=start charging attempt 5
2026-07-02 01:22:25,054 INFO o.a.j.p.j.s.J.Full charging journey with SSE: [electrahub-jmeter][full][036] http POST /session/api/v1/sessions/start status=409 elapsedMs=62
2026-07-02 01:22:25,055 INFO o.a.j.p.j.s.J.Full charging journey with SSE: [electrahub-jmeter][full][036] start skipped EH-US-CHG-0040/CON-US-0040 HTTP 409; trying next connector
2026-07-02 01:22:25,498 INFO o.a.j.p.j.s.J.Full charging journey with SSE: [electrahub-jmeter][full][035] step=start charging attempt 11
2026-07-02 01:22:25,568 INFO o.a.j.p.j.s.J.Full charging journey with SSE: [electrahub-jmeter][full][035] http POST /session/api/v1/sessions/start status=409 elapsedMs=69
2026-07-02 01:22:25,568 INFO o.a.j.p.j.s.J.Full charging journey with SSE: [electrahub-jmeter][full][035] start skipped EH-US-CHG-0045/CON-US-0045 HTTP 409; trying next connector
2026-07-02 01:22:25,765 INFO o.a.j.p.j.s.J.Full charging journey with SSE: [electrahub-jmeter][full][037] step=start charging attempt 2
2026-07-02 01:22:25,823 INFO o.a.j.p.j.s.J.Full charging journey with SSE: [electrahub-jmeter][full][015] step=active sessions
2026-07-02 01:22:25,829 INFO o.a.j.p.j.s.J.Full charging journey with SSE: [electrahub-jmeter][full][037] http POST /session/api/v1/sessions/start status=409 elapsedMs=63
2026-07-02 01:22:25,830 INFO o.a.j.p.j.s.J.Full charging journey with SSE: [electrahub-jmeter][full][037] start skipped EH-US-CHG-0038/CON-US-0038 HTTP 409; trying next connector
2026-07-02 01:22:25,869 INFO o.a.j.p.j.s.J.Full charging journey with SSE: [electrahub-jmeter][full][016] http POST /session/api/v1/sessions/99932faa-ab36-4b2b-88a0-f99b335e01b3/stop status=204 elapsedMs=3489
2026-07-02 01:22:25,870 INFO o.a.j.p.j.s.J.Full charging journey with SSE: [electrahub-jmeter][full][016] stop requested session=99932faa-ab36-4b2b-88a0-f99b335e01b3
2026-07-02 01:22:25,870 INFO o.a.j.p.j.s.J.Full charging journey with SSE: [electrahub-jmeter][full][016] step=active sessions
2026-07-02 01:22:25,889 INFO o.a.j.p.j.s.J.Full charging journey with SSE: [electrahub-jmeter][full][015] http GET /session/api/v1/sessions/active status=200 elapsedMs=65
2026-07-02 01:22:25,890 INFO o.a.j.p.j.s.J.Full charging journey with SSE: [electrahub-jmeter][full][015] step=receipt
2026-07-02 01:22:25,948 INFO o.a.j.p.j.s.J.Full charging journey with SSE: [electrahub-jmeter][full][015] http GET /session/api/v1/sessions/46080c40-7a7e-4f55-8117-fa6994df82e2/receipt status=200 elapsedMs=58
2026-07-02 01:22:25,949 INFO o.a.j.p.j.s.J.Full charging journey with SSE: [electrahub-jmeter][full][015] step=session history
2026-07-02 01:22:25,988 INFO o.a.j.p.j.s.J.Full charging journey with SSE: [electrahub-jmeter][full][034] step=start charging attempt 17
2026-07-02 01:22:26,006 INFO o.a.j.p.j.s.J.Full charging journey with SSE: [electrahub-jmeter][full][015] http GET /session/api/v1/sessions/history?page=0&size=10 status=200 elapsedMs=57
2026-07-02 01:22:26,006 INFO o.a.j.p.j.s.J.Full charging journey with SSE: [electrahub-jmeter][full][015] step=dashboard stats
2026-07-02 01:22:26,052 INFO o.a.j.p.j.s.J.Full charging journey with SSE: [electrahub-jmeter][full][034] http POST /session/api/v1/sessions/start status=409 elapsedMs=63
2026-07-02 01:22:26,053 INFO o.a.j.p.j.s.J.Full charging journey with SSE: [electrahub-jmeter][full][034] start skipped EH-US-CHG-0050/CON-US-0050 HTTP 409; trying next connector
2026-07-02 01:22:26,055 INFO o.a.j.p.j.s.J.Full charging journey with SSE: [electrahub-jmeter][full][036] step=start charging attempt 6
2026-07-02 01:22:26,060 INFO o.a.j.p.j.s.J.Full charging journey with SSE: [electrahub-jmeter][full][015] http GET /session/api/v1/sessions/dashboard-stats status=200 elapsedMs=53
2026-07-02 01:22:26,061 INFO o.a.j.p.j.s.J.Full charging journey with SSE: [electrahub-jmeter][full][015] receipt ok session=46080c40-7a7e-4f55-8117-fa6994df82e2 status=Completed total=1.8685
2026-07-02 01:22:26,062 INFO o.a.j.t.JMeterThread: Thread is done: 100 driver charging journeys 1-15
2026-07-02 01:22:26,062 INFO o.a.j.t.JMeterThread: Thread finished: 100 driver charging journeys 1-15
2026-07-02 01:22:26,195 INFO o.a.j.p.j.s.J.Full charging journey with SSE: [electrahub-jmeter][full][036] http POST /session/api/v1/sessions/start status=409 elapsedMs=139
2026-07-02 01:22:26,195 INFO o.a.j.p.j.s.J.Full charging journey with SSE: [electrahub-jmeter][full][036] start skipped EH-US-CHG-0041/CON-US-0041 HTTP 409; trying next connector
2026-07-02 01:22:26,569 INFO o.a.j.p.j.s.J.Full charging journey with SSE: [electrahub-jmeter][full][035] step=start charging attempt 12
2026-07-02 01:22:26,643 INFO o.a.j.p.j.s.J.Full charging journey with SSE: [electrahub-jmeter][full][035] http POST /session/api/v1/sessions/start status=409 elapsedMs=73
2026-07-02 01:22:26,644 INFO o.a.j.p.j.s.J.Full charging journey with SSE: [electrahub-jmeter][full][035] start skipped EH-US-CHG-0046/CON-US-0046 HTTP 409; trying next connector
2026-07-02 01:22:26,831 INFO o.a.j.p.j.s.J.Full charging journey with SSE: [electrahub-jmeter][full][037] step=start charging attempt 3
2026-07-02 01:22:26,886 INFO o.a.j.p.j.s.J.Full charging journey with SSE: [electrahub-jmeter][full][016] http GET /session/api/v1/sessions/active status=200 elapsedMs=1015
2026-07-02 01:22:26,887 INFO o.a.j.p.j.s.J.Full charging journey with SSE: [electrahub-jmeter][full][023] sse ok connected=1 snapshot=2 updates=23 receipts=0 heartbeats=0
2026-07-02 01:22:26,888 INFO o.a.j.p.j.s.J.Full charging journey with SSE: [electrahub-jmeter][full][023] holding session for 33s before stop
2026-07-02 01:22:26,898 INFO o.a.j.p.j.s.J.Full charging journey with SSE: [electrahub-jmeter][full][037] http POST /session/api/v1/sessions/start status=409 elapsedMs=66
2026-07-02 01:22:26,899 INFO o.a.j.p.j.s.J.Full charging journey with SSE: [electrahub-jmeter][full][037] start skipped EH-US-CHG-0039/CON-US-0039 HTTP 409; trying next connector
2026-07-02 01:22:27,053 INFO o.a.j.p.j.s.J.Full charging journey with SSE: [electrahub-jmeter][full][034] step=start charging attempt 18
2026-07-02 01:22:27,122 INFO o.a.j.p.j.s.J.Full charging journey with SSE: [electrahub-jmeter][full][034] http POST /session/api/v1/sessions/start status=409 elapsedMs=68
2026-07-02 01:22:27,123 INFO o.a.j.p.j.s.J.Full charging journey with SSE: [electrahub-jmeter][full][034] start skipped EH-US-CHG-0051/CON-US-0051 HTTP 409; trying next connector
2026-07-02 01:22:27,196 INFO o.a.j.p.j.s.J.Full charging journey with SSE: [electrahub-jmeter][full][036] step=start charging attempt 7
2026-07-02 01:22:27,257 INFO o.a.j.p.j.s.J.Full charging journey with SSE: [electrahub-jmeter][full][036] http POST /session/api/v1/sessions/start status=409 elapsedMs=60
2026-07-02 01:22:27,258 INFO o.a.j.p.j.s.J.Full charging journey with SSE: [electrahub-jmeter][full][036] start skipped EH-US-CHG-0042/CON-US-0042 HTTP 409; trying next connector
2026-07-02 01:22:27,645 INFO o.a.j.p.j.s.J.Full charging journey with SSE: [electrahub-jmeter][full][035] step=start charging attempt 13
2026-07-02 01:22:27,714 INFO o.a.j.p.j.s.J.Full charging journey with SSE: [electrahub-jmeter][full][035] http POST /session/api/v1/sessions/start status=409 elapsedMs=68
2026-07-02 01:22:27,715 INFO o.a.j.p.j.s.J.Full charging journey with SSE: [electrahub-jmeter][full][035] start skipped EH-US-CHG-0047/CON-US-0047 HTTP 409; trying next connector
2026-07-02 01:22:27,900 INFO o.a.j.p.j.s.J.Full charging journey with SSE: [electrahub-jmeter][full][037] step=start charging attempt 4
2026-07-02 01:22:27,967 INFO o.a.j.p.j.s.J.Full charging journey with SSE: [electrahub-jmeter][full][037] http POST /session/api/v1/sessions/start status=409 elapsedMs=66
2026-07-02 01:22:27,968 INFO o.a.j.p.j.s.J.Full charging journey with SSE: [electrahub-jmeter][full][037] start skipped EH-US-CHG-0040/CON-US-0040 HTTP 409; trying next connector
2026-07-02 01:22:28,123 INFO o.a.j.p.j.s.J.Full charging journey with SSE: [electrahub-jmeter][full][034] step=start charging attempt 19
2026-07-02 01:22:28,259 INFO o.a.j.p.j.s.J.Full charging journey with SSE: [electrahub-jmeter][full][036] step=start charging attempt 8
2026-07-02 01:22:28,327 INFO o.a.j.p.j.s.J.Full charging journey with SSE: [electrahub-jmeter][full][036] http POST /session/api/v1/sessions/start status=409 elapsedMs=67
2026-07-02 01:22:28,328 INFO o.a.j.p.j.s.J.Full charging journey with SSE: [electrahub-jmeter][full][036] start skipped EH-US-CHG-0043/CON-US-0043 HTTP 409; trying next connector
2026-07-02 01:22:28,431 INFO o.a.j.p.j.s.J.Full charging journey with SSE: [electrahub-jmeter][full][017] step=stop charging session
2026-07-02 01:22:28,717 INFO o.a.j.p.j.s.J.Full charging journey with SSE: [electrahub-jmeter][full][035] step=start charging attempt 14
2026-07-02 01:22:28,782 INFO o.a.j.p.j.s.J.Full charging journey with SSE: [electrahub-jmeter][full][035] http POST /session/api/v1/sessions/start status=409 elapsedMs=64
2026-07-02 01:22:28,783 INFO o.a.j.p.j.s.J.Full charging journey with SSE: [electrahub-jmeter][full][035] start skipped EH-US-CHG-0048/CON-US-0048 HTTP 409; trying next connector
2026-07-02 01:22:28,901 INFO o.a.j.p.j.s.J.Full charging journey with SSE: [electrahub-jmeter][full][034] http POST /session/api/v1/sessions/start status=201 elapsedMs=777
2026-07-02 01:22:28,902 INFO o.a.j.p.j.s.J.Full charging journey with SSE: [electrahub-jmeter][full][034] started session=6196b070-e43d-4a58-98a4-5ecb5458bd1a charger=EH-US-CHG-0052/CON-US-0052 status=PREPARING remote=Accepted attempt=19/100
2026-07-02 01:22:28,903 INFO o.a.j.p.j.s.J.Full charging journey with SSE: [electrahub-jmeter][full][034] step=active sessions
2026-07-02 01:22:28,969 INFO o.a.j.p.j.s.J.Full charging journey with SSE: [electrahub-jmeter][full][037] step=start charging attempt 5
2026-07-02 01:22:29,037 INFO o.a.j.p.j.s.J.Full charging journey with SSE: [electrahub-jmeter][full][037] http POST /session/api/v1/sessions/start status=409 elapsedMs=67
2026-07-02 01:22:29,038 INFO o.a.j.p.j.s.J.Full charging journey with SSE: [electrahub-jmeter][full][037] start skipped EH-US-CHG-0041/CON-US-0041 HTTP 409; trying next connector
2026-07-02 01:22:29,329 INFO o.a.j.p.j.s.J.Full charging journey with SSE: [electrahub-jmeter][full][036] step=start charging attempt 9
2026-07-02 01:22:29,396 INFO o.a.j.p.j.s.J.Full charging journey with SSE: [electrahub-jmeter][full][036] http POST /session/api/v1/sessions/start status=409 elapsedMs=66
2026-07-02 01:22:29,397 INFO o.a.j.p.j.s.J.Full charging journey with SSE: [electrahub-jmeter][full][036] start skipped EH-US-CHG-0044/CON-US-0044 HTTP 409; trying next connector
2026-07-02 01:22:29,682 INFO o.a.j.t.JMeterThread: Thread started: 100 driver charging journeys 1-38
2026-07-02 01:22:29,688 INFO o.a.j.p.j.s.J.Full charging journey with SSE: [electrahub-jmeter][full][038] step=register
2026-07-02 01:22:29,784 INFO o.a.j.p.j.s.J.Full charging journey with SSE: [electrahub-jmeter][full][035] step=start charging attempt 15
2026-07-02 01:22:29,911 INFO o.a.j.p.j.s.J.Full charging journey with SSE: [electrahub-jmeter][full][038] http POST /auth/api/auth/register status=200 elapsedMs=222
2026-07-02 01:22:29,912 INFO o.a.j.p.j.s.J.Full charging journey with SSE: [electrahub-jmeter][full][038] registered uid=d22d7b44-2ffd-4de8-ad6c-431bfa65e1af
2026-07-02 01:22:29,918 INFO o.a.j.p.j.s.J.Full charging journey with SSE: [electrahub-jmeter][full][034] http GET /session/api/v1/sessions/active status=200 elapsedMs=1015
2026-07-02 01:22:29,919 INFO o.a.j.p.j.s.J.Full charging journey with SSE: [electrahub-jmeter][full][038] step=payment state before setup
2026-07-02 01:22:29,973 INFO o.a.j.p.j.s.J.Full charging journey with SSE: [electrahub-jmeter][full][038] http GET /payment/api/v1/payment/state status=451 elapsedMs=53
2026-07-02 01:22:29,974 INFO o.a.j.p.j.s.J.Full charging journey with SSE: [electrahub-jmeter][full][038] step=accept terms
2026-07-02 01:22:30,005 INFO o.a.j.p.j.s.J.Full charging journey with SSE: [electrahub-jmeter][full][035] http POST /session/api/v1/sessions/start status=409 elapsedMs=180
2026-07-02 01:22:30,006 INFO o.a.j.p.j.s.J.Full charging journey with SSE: [electrahub-jmeter][full][035] start skipped EH-US-CHG-0049/CON-US-0049 HTTP 409; trying next connector
2026-07-02 01:22:30,029 INFO o.a.j.p.j.s.J.Full charging journey with SSE: [electrahub-jmeter][full][038] http POST /auth/api/terms/accept status=201 elapsedMs=54
2026-07-02 01:22:30,030 INFO o.a.j.p.j.s.J.Full charging journey with SSE: [electrahub-jmeter][full][038] accepted terms; refreshing token through login
2026-07-02 01:22:30,031 INFO o.a.j.p.j.s.J.Full charging journey with SSE: [electrahub-jmeter][full][038] step=login
2026-07-02 01:22:30,039 INFO o.a.j.p.j.s.J.Full charging journey with SSE: [electrahub-jmeter][full][037] step=start charging attempt 6
2026-07-02 01:22:30,116 INFO o.a.j.p.j.s.J.Full charging journey with SSE: [electrahub-jmeter][full][037] http POST /session/api/v1/sessions/start status=409 elapsedMs=76
2026-07-02 01:22:30,117 INFO o.a.j.p.j.s.J.Full charging journey with SSE: [electrahub-jmeter][full][037] start skipped EH-US-CHG-0042/CON-US-0042 HTTP 409; trying next connector
2026-07-02 01:22:30,176 INFO o.a.j.p.j.s.J.Full charging journey with SSE: [electrahub-jmeter][full][038] http POST /auth/api/auth/login status=200 elapsedMs=144
2026-07-02 01:22:30,177 INFO o.a.j.p.j.s.J.Full charging journey with SSE: [electrahub-jmeter][full][038] logged in uid=d22d7b44-2ffd-4de8-ad6c-431bfa65e1af
2026-07-02 01:22:30,178 INFO o.a.j.p.j.s.J.Full charging journey with SSE: [electrahub-jmeter][full][038] step=payment state after terms
2026-07-02 01:22:30,238 INFO o.a.j.p.j.s.J.Full charging journey with SSE: [electrahub-jmeter][full][038] http GET /payment/api/v1/payment/state status=200 elapsedMs=60
2026-07-02 01:22:30,239 INFO o.a.j.p.j.s.J.Full charging journey with SSE: [electrahub-jmeter][full][038] step=add card
2026-07-02 01:22:30,293 INFO o.a.j.p.j.s.J.Full charging journey with SSE: [electrahub-jmeter][full][038] http POST /payment/api/v1/payment/cards status=201 elapsedMs=52
2026-07-02 01:22:30,294 INFO o.a.j.p.j.s.J.Full charging journey with SSE: [electrahub-jmeter][full][038] step=wallet topup
2026-07-02 01:22:30,352 INFO o.a.j.p.j.s.J.Full charging journey with SSE: [electrahub-jmeter][full][038] http POST /payment/api/v1/payment/wallet/topups status=201 elapsedMs=58
2026-07-02 01:22:30,353 INFO o.a.j.p.j.s.J.Full charging journey with SSE: [electrahub-jmeter][full][038] step=payment state after setup
2026-07-02 01:22:30,397 INFO o.a.j.p.j.s.J.Full charging journey with SSE: [electrahub-jmeter][full][036] step=start charging attempt 10
2026-07-02 01:22:30,409 INFO o.a.j.p.j.s.J.Full charging journey with SSE: [electrahub-jmeter][full][038] http GET /payment/api/v1/payment/state status=200 elapsedMs=55
2026-07-02 01:22:30,410 INFO o.a.j.p.j.s.J.Full charging journey with SSE: [electrahub-jmeter][full][038] payment ready wallet=120.00
2026-07-02 01:22:30,411 INFO o.a.j.p.j.s.J.Full charging journey with SSE: [electrahub-jmeter][full][038] step=charger graphql list
2026-07-02 01:22:30,485 INFO o.a.j.p.j.s.J.Full charging journey with SSE: [electrahub-jmeter][full][036] http POST /session/api/v1/sessions/start status=409 elapsedMs=87
2026-07-02 01:22:30,486 INFO o.a.j.p.j.s.J.Full charging journey with SSE: [electrahub-jmeter][full][036] start skipped EH-US-CHG-0045/CON-US-0045 HTTP 409; trying next connector
2026-07-02 01:22:30,519 INFO o.a.j.p.j.s.J.Full charging journey with SSE: [electrahub-jmeter][full][038] http POST /charger/graphql status=200 elapsedMs=107
2026-07-02 01:22:30,520 INFO o.a.j.p.j.s.J.Full charging journey with SSE: [electrahub-jmeter][full][038] dynamic connector selection found no available connector; using CSV connector
2026-07-02 01:22:30,521 INFO o.a.j.p.j.s.J.Full charging journey with SSE: [electrahub-jmeter][full][038] step=charger graphql view
2026-07-02 01:22:30,584 INFO o.a.j.p.j.s.J.Full charging journey with SSE: [electrahub-jmeter][full][038] http POST /charger/graphql status=200 elapsedMs=62
2026-07-02 01:22:30,585 INFO o.a.j.p.j.s.J.Full charging journey with SSE: [electrahub-jmeter][full][038] step=payment state before start
2026-07-02 01:22:30,642 INFO o.a.j.p.j.s.J.Full charging journey with SSE: [electrahub-jmeter][full][038] http GET /payment/api/v1/payment/state status=200 elapsedMs=56
2026-07-02 01:22:30,645 INFO o.a.j.p.j.s.J.Full charging journey with SSE: [electrahub-jmeter][full][038] using connector csv fallback attempts=100 startIndex=38/100
2026-07-02 01:22:30,646 INFO o.a.j.p.j.s.J.Full charging journey with SSE: [electrahub-jmeter][full][038] step=start charging attempt 1
2026-07-02 01:22:30,707 INFO o.a.j.p.j.s.J.Full charging journey with SSE: [electrahub-jmeter][full][038] http POST /session/api/v1/sessions/start status=409 elapsedMs=60
2026-07-02 01:22:30,708 INFO o.a.j.p.j.s.J.Full charging journey with SSE: [electrahub-jmeter][full][038] start skipped EH-US-CHG-0038/CON-US-0038 HTTP 409; trying next connector
2026-07-02 01:22:31,006 INFO o.a.j.p.j.s.J.Full charging journey with SSE: [electrahub-jmeter][full][035] step=start charging attempt 16
2026-07-02 01:22:31,080 INFO o.a.j.p.j.s.J.Full charging journey with SSE: [electrahub-jmeter][full][035] http POST /session/api/v1/sessions/start status=409 elapsedMs=71
2026-07-02 01:22:31,080 INFO o.a.j.p.j.s.J.Full charging journey with SSE: [electrahub-jmeter][full][035] start skipped EH-US-CHG-0050/CON-US-0050 HTTP 409; trying next connector
2026-07-02 01:22:31,118 INFO o.a.j.p.j.s.J.Full charging journey with SSE: [electrahub-jmeter][full][037] step=start charging attempt 7
2026-07-02 01:22:31,188 INFO o.a.j.p.j.s.J.Full charging journey with SSE: [electrahub-jmeter][full][037] http POST /session/api/v1/sessions/start status=409 elapsedMs=69
2026-07-02 01:22:31,189 INFO o.a.j.p.j.s.J.Full charging journey with SSE: [electrahub-jmeter][full][037] start skipped EH-US-CHG-0043/CON-US-0043 HTTP 409; trying next connector
2026-07-02 01:22:31,486 INFO o.a.j.p.j.s.J.Full charging journey with SSE: [electrahub-jmeter][full][036] step=start charging attempt 11
2026-07-02 01:22:31,551 INFO o.a.j.p.j.s.J.Full charging journey with SSE: [electrahub-jmeter][full][036] http POST /session/api/v1/sessions/start status=409 elapsedMs=63
2026-07-02 01:22:31,552 INFO o.a.j.p.j.s.J.Full charging journey with SSE: [electrahub-jmeter][full][036] start skipped EH-US-CHG-0046/CON-US-0046 HTTP 409; trying next connector
2026-07-02 01:22:31,709 INFO o.a.j.p.j.s.J.Full charging journey with SSE: [electrahub-jmeter][full][038] step=start charging attempt 2
2026-07-02 01:22:31,778 INFO o.a.j.p.j.s.J.Full charging journey with SSE: [electrahub-jmeter][full][038] http POST /session/api/v1/sessions/start status=409 elapsedMs=68
2026-07-02 01:22:31,779 INFO o.a.j.p.j.s.J.Full charging journey with SSE: [electrahub-jmeter][full][038] start skipped EH-US-CHG-0039/CON-US-0039 HTTP 409; trying next connector
2026-07-02 01:22:31,887 INFO o.a.j.p.j.s.J.Full charging journey with SSE: [electrahub-jmeter][full][016] step=active sessions
2026-07-02 01:22:31,932 INFO o.a.j.p.j.s.J.Full charging journey with SSE: [electrahub-jmeter][full][017] http POST /session/api/v1/sessions/3e1cbe15-5700-4851-a3d5-c64d8ce5b897/stop status=204 elapsedMs=3500
2026-07-02 01:22:31,933 INFO o.a.j.p.j.s.J.Full charging journey with SSE: [electrahub-jmeter][full][017] stop requested session=3e1cbe15-5700-4851-a3d5-c64d8ce5b897
2026-07-02 01:22:31,933 INFO o.a.j.p.j.s.J.Full charging journey with SSE: [electrahub-jmeter][full][017] step=active sessions
2026-07-02 01:22:31,936 INFO o.a.j.p.j.s.J.Full charging journey with SSE: [electrahub-jmeter][full][024] sse ok connected=1 snapshot=2 updates=29 receipts=0 heartbeats=0
2026-07-02 01:22:31,937 INFO o.a.j.p.j.s.J.Full charging journey with SSE: [electrahub-jmeter][full][024] holding session for 34s before stop
2026-07-02 01:22:31,954 INFO o.a.j.p.j.s.J.Full charging journey with SSE: [electrahub-jmeter][full][016] http GET /session/api/v1/sessions/active status=200 elapsedMs=66
2026-07-02 01:22:31,955 INFO o.a.j.p.j.s.J.Full charging journey with SSE: [electrahub-jmeter][full][016] step=receipt
2026-07-02 01:22:32,011 INFO o.a.j.p.j.s.J.Full charging journey with SSE: [electrahub-jmeter][full][016] http GET /session/api/v1/sessions/99932faa-ab36-4b2b-88a0-f99b335e01b3/receipt status=200 elapsedMs=55
2026-07-02 01:22:32,012 INFO o.a.j.p.j.s.J.Full charging journey with SSE: [electrahub-jmeter][full][016] step=session history
2026-07-02 01:22:32,064 INFO o.a.j.p.j.s.J.Full charging journey with SSE: [electrahub-jmeter][full][016] http GET /session/api/v1/sessions/history?page=0&size=10 status=200 elapsedMs=51
2026-07-02 01:22:32,065 INFO o.a.j.p.j.s.J.Full charging journey with SSE: [electrahub-jmeter][full][016] step=dashboard stats
2026-07-02 01:22:32,081 INFO o.a.j.p.j.s.J.Full charging journey with SSE: [electrahub-jmeter][full][035] step=start charging attempt 17
2026-07-02 01:22:32,117 INFO o.a.j.p.j.s.J.Full charging journey with SSE: [electrahub-jmeter][full][016] http GET /session/api/v1/sessions/dashboard-stats status=200 elapsedMs=51
2026-07-02 01:22:32,118 INFO o.a.j.p.j.s.J.Full charging journey with SSE: [electrahub-jmeter][full][016] receipt ok session=99932faa-ab36-4b2b-88a0-f99b335e01b3 status=Completed total=1.8708
2026-07-02 01:22:32,119 INFO o.a.j.r.Summariser: summary +      5 in 00:00:31 =    0.2/s Avg: 125904 Min: 125268 Max: 126632 Err:     0 (0.00%) Active: 23 Started: 38 Finished: 15
2026-07-02 01:22:32,120 INFO o.a.j.r.Summariser: summary =     16 in 00:03:44 =    0.1/s Avg: 125409 Min: 120669 Max: 127529 Err:     0 (0.00%)
2026-07-02 01:22:32,121 INFO o.a.j.t.JMeterThread: Thread is done: 100 driver charging journeys 1-16
2026-07-02 01:22:32,121 INFO o.a.j.t.JMeterThread: Thread finished: 100 driver charging journeys 1-16
2026-07-02 01:22:32,165 INFO o.a.j.p.j.s.J.Full charging journey with SSE: [electrahub-jmeter][full][035] http POST /session/api/v1/sessions/start status=409 elapsedMs=83
2026-07-02 01:22:32,166 INFO o.a.j.p.j.s.J.Full charging journey with SSE: [electrahub-jmeter][full][035] start skipped EH-US-CHG-0051/CON-US-0051 HTTP 409; trying next connector
2026-07-02 01:22:32,189 INFO o.a.j.p.j.s.J.Full charging journey with SSE: [electrahub-jmeter][full][037] step=start charging attempt 8
2026-07-02 01:22:32,271 INFO o.a.j.p.j.s.J.Full charging journey with SSE: [electrahub-jmeter][full][037] http POST /session/api/v1/sessions/start status=409 elapsedMs=81
2026-07-02 01:22:32,272 INFO o.a.j.p.j.s.J.Full charging journey with SSE: [electrahub-jmeter][full][037] start skipped EH-US-CHG-0044/CON-US-0044 HTTP 409; trying next connector
2026-07-02 01:22:32,553 INFO o.a.j.p.j.s.J.Full charging journey with SSE: [electrahub-jmeter][full][036] step=start charging attempt 12
2026-07-02 01:22:32,625 INFO o.a.j.p.j.s.J.Full charging journey with SSE: [electrahub-jmeter][full][036] http POST /session/api/v1/sessions/start status=409 elapsedMs=71
2026-07-02 01:22:32,626 INFO o.a.j.p.j.s.J.Full charging journey with SSE: [electrahub-jmeter][full][036] start skipped EH-US-CHG-0047/CON-US-0047 HTTP 409; trying next connector
2026-07-02 01:22:32,780 INFO o.a.j.p.j.s.J.Full charging journey with SSE: [electrahub-jmeter][full][038] step=start charging attempt 3
2026-07-02 01:22:32,856 INFO o.a.j.p.j.s.J.Full charging journey with SSE: [electrahub-jmeter][full][038] http POST /session/api/v1/sessions/start status=409 elapsedMs=75
2026-07-02 01:22:32,857 INFO o.a.j.p.j.s.J.Full charging journey with SSE: [electrahub-jmeter][full][038] start skipped EH-US-CHG-0040/CON-US-0040 HTTP 409; trying next connector
2026-07-02 01:22:32,937 INFO o.a.j.p.j.s.J.Full charging journey with SSE: [electrahub-jmeter][full][017] http GET /session/api/v1/sessions/active status=200 elapsedMs=1003
2026-07-02 01:22:33,167 INFO o.a.j.p.j.s.J.Full charging journey with SSE: [electrahub-jmeter][full][035] step=start charging attempt 18
2026-07-02 01:22:33,245 INFO o.a.j.p.j.s.J.Full charging journey with SSE: [electrahub-jmeter][full][035] http POST /session/api/v1/sessions/start status=409 elapsedMs=77
2026-07-02 01:22:33,246 INFO o.a.j.p.j.s.J.Full charging journey with SSE: [electrahub-jmeter][full][035] start skipped EH-US-CHG-0052/CON-US-0052 HTTP 409; trying next connector
2026-07-02 01:22:33,273 INFO o.a.j.p.j.s.J.Full charging journey with SSE: [electrahub-jmeter][full][037] step=start charging attempt 9
2026-07-02 01:22:33,349 INFO o.a.j.p.j.s.J.Full charging journey with SSE: [electrahub-jmeter][full][037] http POST /session/api/v1/sessions/start status=409 elapsedMs=75
2026-07-02 01:22:33,350 INFO o.a.j.p.j.s.J.Full charging journey with SSE: [electrahub-jmeter][full][037] start skipped EH-US-CHG-0045/CON-US-0045 HTTP 409; trying next connector
2026-07-02 01:22:33,627 INFO o.a.j.p.j.s.J.Full charging journey with SSE: [electrahub-jmeter][full][036] step=start charging attempt 13
2026-07-02 01:22:33,697 INFO o.a.j.p.j.s.J.Full charging journey with SSE: [electrahub-jmeter][full][036] http POST /session/api/v1/sessions/start status=409 elapsedMs=69
2026-07-02 01:22:33,698 INFO o.a.j.p.j.s.J.Full charging journey with SSE: [electrahub-jmeter][full][036] start skipped EH-US-CHG-0048/CON-US-0048 HTTP 409; trying next connector
2026-07-02 01:22:33,858 INFO o.a.j.p.j.s.J.Full charging journey with SSE: [electrahub-jmeter][full][038] step=start charging attempt 4
2026-07-02 01:22:33,932 INFO o.a.j.p.j.s.J.Full charging journey with SSE: [electrahub-jmeter][full][038] http POST /session/api/v1/sessions/start status=409 elapsedMs=73
2026-07-02 01:22:33,933 INFO o.a.j.p.j.s.J.Full charging journey with SSE: [electrahub-jmeter][full][038] start skipped EH-US-CHG-0041/CON-US-0041 HTTP 409; trying next connector
2026-07-02 01:22:34,248 INFO o.a.j.p.j.s.J.Full charging journey with SSE: [electrahub-jmeter][full][035] step=start charging attempt 19
2026-07-02 01:22:34,351 INFO o.a.j.p.j.s.J.Full charging journey with SSE: [electrahub-jmeter][full][037] step=start charging attempt 10
2026-07-02 01:22:34,416 INFO o.a.j.p.j.s.J.Full charging journey with SSE: [electrahub-jmeter][full][037] http POST /session/api/v1/sessions/start status=409 elapsedMs=64
2026-07-02 01:22:34,417 INFO o.a.j.p.j.s.J.Full charging journey with SSE: [electrahub-jmeter][full][037] start skipped EH-US-CHG-0046/CON-US-0046 HTTP 409; trying next connector
2026-07-02 01:22:34,507 INFO o.a.j.p.j.s.J.Full charging journey with SSE: [electrahub-jmeter][full][018] step=stop charging session
2026-07-02 01:22:34,699 INFO o.a.j.p.j.s.J.Full charging journey with SSE: [electrahub-jmeter][full][036] step=start charging attempt 14
2026-07-02 01:22:34,769 INFO o.a.j.p.j.s.J.Full charging journey with SSE: [electrahub-jmeter][full][036] http POST /session/api/v1/sessions/start status=409 elapsedMs=69
2026-07-02 01:22:34,770 INFO o.a.j.p.j.s.J.Full charging journey with SSE: [electrahub-jmeter][full][036] start skipped EH-US-CHG-0049/CON-US-0049 HTTP 409; trying next connector
2026-07-02 01:22:34,934 INFO o.a.j.p.j.s.J.Full charging journey with SSE: [electrahub-jmeter][full][038] step=start charging attempt 5
2026-07-02 01:22:34,965 INFO o.a.j.p.j.s.J.Full charging journey with SSE: [electrahub-jmeter][full][035] http POST /session/api/v1/sessions/start status=201 elapsedMs=716
2026-07-02 01:22:34,966 INFO o.a.j.p.j.s.J.Full charging journey with SSE: [electrahub-jmeter][full][035] started session=44049355-1c44-4122-a1ed-2a4c9ec6dfcb charger=EH-US-CHG-0053/CON-US-0053 status=PREPARING remote=Accepted attempt=19/100
2026-07-02 01:22:34,967 INFO o.a.j.p.j.s.J.Full charging journey with SSE: [electrahub-jmeter][full][035] step=active sessions
2026-07-02 01:22:35,008 INFO o.a.j.p.j.s.J.Full charging journey with SSE: [electrahub-jmeter][full][038] http POST /session/api/v1/sessions/start status=409 elapsedMs=72
2026-07-02 01:22:35,009 INFO o.a.j.p.j.s.J.Full charging journey with SSE: [electrahub-jmeter][full][038] start skipped EH-US-CHG-0042/CON-US-0042 HTTP 409; trying next connector
2026-07-02 01:22:35,418 INFO o.a.j.p.j.s.J.Full charging journey with SSE: [electrahub-jmeter][full][037] step=start charging attempt 11
2026-07-02 01:22:35,488 INFO o.a.j.p.j.s.J.Full charging journey with SSE: [electrahub-jmeter][full][037] http POST /session/api/v1/sessions/start status=409 elapsedMs=69
2026-07-02 01:22:35,489 INFO o.a.j.p.j.s.J.Full charging journey with SSE: [electrahub-jmeter][full][037] start skipped EH-US-CHG-0047/CON-US-0047 HTTP 409; trying next connector
2026-07-02 01:22:35,682 INFO o.a.j.t.JMeterThread: Thread started: 100 driver charging journeys 1-39
2026-07-02 01:22:35,688 INFO o.a.j.p.j.s.J.Full charging journey with SSE: [electrahub-jmeter][full][039] step=register
2026-07-02 01:22:35,771 INFO o.a.j.p.j.s.J.Full charging journey with SSE: [electrahub-jmeter][full][036] step=start charging attempt 15
2026-07-02 01:22:35,893 INFO o.a.j.p.j.s.J.Full charging journey with SSE: [electrahub-jmeter][full][039] http POST /auth/api/auth/register status=200 elapsedMs=204
2026-07-02 01:22:35,893 INFO o.a.j.p.j.s.J.Full charging journey with SSE: [electrahub-jmeter][full][039] registered uid=cba6b151-b5a0-4a9f-9658-cb67f6824e81
2026-07-02 01:22:35,898 INFO o.a.j.p.j.s.J.Full charging journey with SSE: [electrahub-jmeter][full][036] http POST /session/api/v1/sessions/start status=409 elapsedMs=83
2026-07-02 01:22:35,898 INFO o.a.j.p.j.s.J.Full charging journey with SSE: [electrahub-jmeter][full][036] start skipped EH-US-CHG-0050/CON-US-0050 HTTP 409; trying next connector
2026-07-02 01:22:35,901 INFO o.a.j.p.j.s.J.Full charging journey with SSE: [electrahub-jmeter][full][039] step=payment state before setup
2026-07-02 01:22:35,957 INFO o.a.j.p.j.s.J.Full charging journey with SSE: [electrahub-jmeter][full][039] http GET /payment/api/v1/payment/state status=451 elapsedMs=54
2026-07-02 01:22:35,957 INFO o.a.j.p.j.s.J.Full charging journey with SSE: [electrahub-jmeter][full][039] step=accept terms
2026-07-02 01:22:35,968 INFO o.a.j.p.j.s.J.Full charging journey with SSE: [electrahub-jmeter][full][035] http GET /session/api/v1/sessions/active status=200 elapsedMs=1001
2026-07-02 01:22:36,009 INFO o.a.j.p.j.s.J.Full charging journey with SSE: [electrahub-jmeter][full][038] step=start charging attempt 6
2026-07-02 01:22:36,010 INFO o.a.j.p.j.s.J.Full charging journey with SSE: [electrahub-jmeter][full][039] http POST /auth/api/terms/accept status=201 elapsedMs=52
2026-07-02 01:22:36,011 INFO o.a.j.p.j.s.J.Full charging journey with SSE: [electrahub-jmeter][full][039] accepted terms; refreshing token through login
2026-07-02 01:22:36,012 INFO o.a.j.p.j.s.J.Full charging journey with SSE: [electrahub-jmeter][full][039] step=login
2026-07-02 01:22:36,081 INFO o.a.j.p.j.s.J.Full charging journey with SSE: [electrahub-jmeter][full][038] http POST /session/api/v1/sessions/start status=409 elapsedMs=71
2026-07-02 01:22:36,082 INFO o.a.j.p.j.s.J.Full charging journey with SSE: [electrahub-jmeter][full][038] start skipped EH-US-CHG-0043/CON-US-0043 HTTP 409; trying next connector
2026-07-02 01:22:36,180 INFO o.a.j.p.j.s.J.Full charging journey with SSE: [electrahub-jmeter][full][039] http POST /auth/api/auth/login status=200 elapsedMs=168
2026-07-02 01:22:36,181 INFO o.a.j.p.j.s.J.Full charging journey with SSE: [electrahub-jmeter][full][039] logged in uid=cba6b151-b5a0-4a9f-9658-cb67f6824e81
2026-07-02 01:22:36,182 INFO o.a.j.p.j.s.J.Full charging journey with SSE: [electrahub-jmeter][full][039] step=payment state after terms
2026-07-02 01:22:36,245 INFO o.a.j.p.j.s.J.Full charging journey with SSE: [electrahub-jmeter][full][039] http GET /payment/api/v1/payment/state status=200 elapsedMs=63
2026-07-02 01:22:36,245 INFO o.a.j.p.j.s.J.Full charging journey with SSE: [electrahub-jmeter][full][039] step=add card
2026-07-02 01:22:36,306 INFO o.a.j.p.j.s.J.Full charging journey with SSE: [electrahub-jmeter][full][039] http POST /payment/api/v1/payment/cards status=201 elapsedMs=60
2026-07-02 01:22:36,306 INFO o.a.j.p.j.s.J.Full charging journey with SSE: [electrahub-jmeter][full][039] step=wallet topup
2026-07-02 01:22:36,364 INFO o.a.j.p.j.s.J.Full charging journey with SSE: [electrahub-jmeter][full][039] http POST /payment/api/v1/payment/wallet/topups status=201 elapsedMs=57
2026-07-02 01:22:36,365 INFO o.a.j.p.j.s.J.Full charging journey with SSE: [electrahub-jmeter][full][039] step=payment state after setup
2026-07-02 01:22:36,420 INFO o.a.j.p.j.s.J.Full charging journey with SSE: [electrahub-jmeter][full][039] http GET /payment/api/v1/payment/state status=200 elapsedMs=54
2026-07-02 01:22:36,420 INFO o.a.j.p.j.s.J.Full charging journey with SSE: [electrahub-jmeter][full][039] payment ready wallet=120.00
2026-07-02 01:22:36,421 INFO o.a.j.p.j.s.J.Full charging journey with SSE: [electrahub-jmeter][full][039] step=charger graphql list
2026-07-02 01:22:36,490 INFO o.a.j.p.j.s.J.Full charging journey with SSE: [electrahub-jmeter][full][037] step=start charging attempt 12
2026-07-02 01:22:36,523 INFO o.a.j.p.j.s.J.Full charging journey with SSE: [electrahub-jmeter][full][039] http POST /charger/graphql status=200 elapsedMs=101
2026-07-02 01:22:36,525 INFO o.a.j.p.j.s.J.Full charging journey with SSE: [electrahub-jmeter][full][039] dynamic connector selection found no available connector; using CSV connector
2026-07-02 01:22:36,525 INFO o.a.j.p.j.s.J.Full charging journey with SSE: [electrahub-jmeter][full][039] step=charger graphql view
2026-07-02 01:22:36,559 INFO o.a.j.p.j.s.J.Full charging journey with SSE: [electrahub-jmeter][full][037] http POST /session/api/v1/sessions/start status=409 elapsedMs=67
2026-07-02 01:22:36,559 INFO o.a.j.p.j.s.J.Full charging journey with SSE: [electrahub-jmeter][full][037] start skipped EH-US-CHG-0048/CON-US-0048 HTTP 409; trying next connector
2026-07-02 01:22:36,601 INFO o.a.j.p.j.s.J.Full charging journey with SSE: [electrahub-jmeter][full][039] http POST /charger/graphql status=200 elapsedMs=75
2026-07-02 01:22:36,602 INFO o.a.j.p.j.s.J.Full charging journey with SSE: [electrahub-jmeter][full][039] step=payment state before start
2026-07-02 01:22:36,655 INFO o.a.j.p.j.s.J.Full charging journey with SSE: [electrahub-jmeter][full][039] http GET /payment/api/v1/payment/state status=200 elapsedMs=52
2026-07-02 01:22:36,660 INFO o.a.j.p.j.s.J.Full charging journey with SSE: [electrahub-jmeter][full][039] using connector csv fallback attempts=100 startIndex=39/100
2026-07-02 01:22:36,661 INFO o.a.j.p.j.s.J.Full charging journey with SSE: [electrahub-jmeter][full][039] step=start charging attempt 1
2026-07-02 01:22:36,725 INFO o.a.j.p.j.s.J.Full charging journey with SSE: [electrahub-jmeter][full][039] http POST /session/api/v1/sessions/start status=409 elapsedMs=64
2026-07-02 01:22:36,726 INFO o.a.j.p.j.s.J.Full charging journey with SSE: [electrahub-jmeter][full][039] start skipped EH-US-CHG-0039/CON-US-0039 HTTP 409; trying next connector
2026-07-02 01:22:36,899 INFO o.a.j.p.j.s.J.Full charging journey with SSE: [electrahub-jmeter][full][036] step=start charging attempt 16
2026-07-02 01:22:36,965 INFO o.a.j.p.j.s.J.Full charging journey with SSE: [electrahub-jmeter][full][036] http POST /session/api/v1/sessions/start status=409 elapsedMs=65
2026-07-02 01:22:36,966 INFO o.a.j.p.j.s.J.Full charging journey with SSE: [electrahub-jmeter][full][036] start skipped EH-US-CHG-0051/CON-US-0051 HTTP 409; trying next connector
2026-07-02 01:22:37,083 INFO o.a.j.p.j.s.J.Full charging journey with SSE: [electrahub-jmeter][full][038] step=start charging attempt 7
2026-07-02 01:22:37,144 INFO o.a.j.p.j.s.J.Full charging journey with SSE: [electrahub-jmeter][full][038] http POST /session/api/v1/sessions/start status=409 elapsedMs=60
2026-07-02 01:22:37,145 INFO o.a.j.p.j.s.J.Full charging journey with SSE: [electrahub-jmeter][full][038] start skipped EH-US-CHG-0044/CON-US-0044 HTTP 409; trying next connector
2026-07-02 01:22:37,560 INFO o.a.j.p.j.s.J.Full charging journey with SSE: [electrahub-jmeter][full][037] step=start charging attempt 13
2026-07-02 01:22:37,630 INFO o.a.j.p.j.s.J.Full charging journey with SSE: [electrahub-jmeter][full][037] http POST /session/api/v1/sessions/start status=409 elapsedMs=69
2026-07-02 01:22:37,631 INFO o.a.j.p.j.s.J.Full charging journey with SSE: [electrahub-jmeter][full][037] start skipped EH-US-CHG-0049/CON-US-0049 HTTP 409; trying next connector
2026-07-02 01:22:37,727 INFO o.a.j.p.j.s.J.Full charging journey with SSE: [electrahub-jmeter][full][039] step=start charging attempt 2
2026-07-02 01:22:37,856 INFO o.a.j.p.j.s.J.Full charging journey with SSE: [electrahub-jmeter][full][039] http POST /session/api/v1/sessions/start status=409 elapsedMs=128
2026-07-02 01:22:37,857 INFO o.a.j.p.j.s.J.Full charging journey with SSE: [electrahub-jmeter][full][039] start skipped EH-US-CHG-0040/CON-US-0040 HTTP 409; trying next connector
2026-07-02 01:22:37,938 INFO o.a.j.p.j.s.J.Full charging journey with SSE: [electrahub-jmeter][full][017] step=active sessions
2026-07-02 01:22:37,967 INFO o.a.j.p.j.s.J.Full charging journey with SSE: [electrahub-jmeter][full][036] step=start charging attempt 17
2026-07-02 01:22:37,993 INFO o.a.j.p.j.s.J.Full charging journey with SSE: [electrahub-jmeter][full][025] sse ok connected=1 snapshot=2 updates=29 receipts=0 heartbeats=0
2026-07-02 01:22:37,993 INFO o.a.j.p.j.s.J.Full charging journey with SSE: [electrahub-jmeter][full][025] holding session for 34s before stop
2026-07-02 01:22:37,994 INFO o.a.j.p.j.s.J.Full charging journey with SSE: [electrahub-jmeter][full][018] http POST /session/api/v1/sessions/83a78f0b-d896-46da-8d93-b20452f605a5/stop status=204 elapsedMs=3486
2026-07-02 01:22:37,995 INFO o.a.j.p.j.s.J.Full charging journey with SSE: [electrahub-jmeter][full][018] stop requested session=83a78f0b-d896-46da-8d93-b20452f605a5
2026-07-02 01:22:37,995 INFO o.a.j.p.j.s.J.Full charging journey with SSE: [electrahub-jmeter][full][018] step=active sessions
2026-07-02 01:22:38,002 INFO o.a.j.p.j.s.J.Full charging journey with SSE: [electrahub-jmeter][full][017] http GET /session/api/v1/sessions/active status=200 elapsedMs=63
2026-07-02 01:22:38,002 INFO o.a.j.p.j.s.J.Full charging journey with SSE: [electrahub-jmeter][full][017] step=receipt
2026-07-02 01:22:38,040 INFO o.a.j.p.j.s.J.Full charging journey with SSE: [electrahub-jmeter][full][036] http POST /session/api/v1/sessions/start status=409 elapsedMs=69
2026-07-02 01:22:38,040 INFO o.a.j.p.j.s.J.Full charging journey with SSE: [electrahub-jmeter][full][036] start skipped EH-US-CHG-0052/CON-US-0052 HTTP 409; trying next connector
2026-07-02 01:22:38,091 INFO o.a.j.p.j.s.J.Full charging journey with SSE: [electrahub-jmeter][full][017] http GET /session/api/v1/sessions/3e1cbe15-5700-4851-a3d5-c64d8ce5b897/receipt status=200 elapsedMs=88
2026-07-02 01:22:38,092 INFO o.a.j.p.j.s.J.Full charging journey with SSE: [electrahub-jmeter][full][017] step=session history
2026-07-02 01:22:38,146 INFO o.a.j.p.j.s.J.Full charging journey with SSE: [electrahub-jmeter][full][038] step=start charging attempt 8
2026-07-02 01:22:38,150 INFO o.a.j.p.j.s.J.Full charging journey with SSE: [electrahub-jmeter][full][017] http GET /session/api/v1/sessions/history?page=0&size=10 status=200 elapsedMs=56
2026-07-02 01:22:38,150 INFO o.a.j.p.j.s.J.Full charging journey with SSE: [electrahub-jmeter][full][017] step=dashboard stats
2026-07-02 01:22:38,207 INFO o.a.j.p.j.s.J.Full charging journey with SSE: [electrahub-jmeter][full][017] http GET /session/api/v1/sessions/dashboard-stats status=200 elapsedMs=56
2026-07-02 01:22:38,208 INFO o.a.j.p.j.s.J.Full charging journey with SSE: [electrahub-jmeter][full][017] receipt ok session=3e1cbe15-5700-4851-a3d5-c64d8ce5b897 status=Completed total=1.8708
2026-07-02 01:22:38,209 INFO o.a.j.t.JMeterThread: Thread is done: 100 driver charging journeys 1-17
2026-07-02 01:22:38,210 INFO o.a.j.t.JMeterThread: Thread finished: 100 driver charging journeys 1-17
2026-07-02 01:22:38,216 INFO o.a.j.p.j.s.J.Full charging journey with SSE: [electrahub-jmeter][full][038] http POST /session/api/v1/sessions/start status=409 elapsedMs=69
2026-07-02 01:22:38,217 INFO o.a.j.p.j.s.J.Full charging journey with SSE: [electrahub-jmeter][full][038] start skipped EH-US-CHG-0045/CON-US-0045 HTTP 409; trying next connector
2026-07-02 01:22:38,624 INFO o.a.j.p.j.s.J.Full charging journey with SSE: [electrahub-jmeter][full][019] step=stop charging session
2026-07-02 01:22:38,632 INFO o.a.j.p.j.s.J.Full charging journey with SSE: [electrahub-jmeter][full][037] step=start charging attempt 14
2026-07-02 01:22:38,702 INFO o.a.j.p.j.s.J.Full charging journey with SSE: [electrahub-jmeter][full][037] http POST /session/api/v1/sessions/start status=409 elapsedMs=69
2026-07-02 01:22:38,704 INFO o.a.j.p.j.s.J.Full charging journey with SSE: [electrahub-jmeter][full][037] start skipped EH-US-CHG-0050/CON-US-0050 HTTP 409; trying next connector
2026-07-02 01:22:38,858 INFO o.a.j.p.j.s.J.Full charging journey with SSE: [electrahub-jmeter][full][039] step=start charging attempt 3
2026-07-02 01:22:38,922 INFO o.a.j.p.j.s.J.Full charging journey with SSE: [electrahub-jmeter][full][039] http POST /session/api/v1/sessions/start status=409 elapsedMs=63
2026-07-02 01:22:38,923 INFO o.a.j.p.j.s.J.Full charging journey with SSE: [electrahub-jmeter][full][039] start skipped EH-US-CHG-0041/CON-US-0041 HTTP 409; trying next connector
2026-07-02 01:22:39,000 INFO o.a.j.p.j.s.J.Full charging journey with SSE: [electrahub-jmeter][full][018] http GET /session/api/v1/sessions/active status=200 elapsedMs=1004
2026-07-02 01:22:39,041 INFO o.a.j.p.j.s.J.Full charging journey with SSE: [electrahub-jmeter][full][036] step=start charging attempt 18
2026-07-02 01:22:39,125 INFO o.a.j.p.j.s.J.Full charging journey with SSE: [electrahub-jmeter][full][036] http POST /session/api/v1/sessions/start status=409 elapsedMs=83
2026-07-02 01:22:39,126 INFO o.a.j.p.j.s.J.Full charging journey with SSE: [electrahub-jmeter][full][036] start skipped EH-US-CHG-0053/CON-US-0053 HTTP 409; trying next connector
2026-07-02 01:22:39,218 INFO o.a.j.p.j.s.J.Full charging journey with SSE: [electrahub-jmeter][full][038] step=start charging attempt 9
2026-07-02 01:22:39,290 INFO o.a.j.p.j.s.J.Full charging journey with SSE: [electrahub-jmeter][full][038] http POST /session/api/v1/sessions/start status=409 elapsedMs=71
2026-07-02 01:22:39,291 INFO o.a.j.p.j.s.J.Full charging journey with SSE: [electrahub-jmeter][full][038] start skipped EH-US-CHG-0046/CON-US-0046 HTTP 409; trying next connector
2026-07-02 01:22:39,705 INFO o.a.j.p.j.s.J.Full charging journey with SSE: [electrahub-jmeter][full][037] step=start charging attempt 15
2026-07-02 01:22:39,779 INFO o.a.j.p.j.s.J.Full charging journey with SSE: [electrahub-jmeter][full][037] http POST /session/api/v1/sessions/start status=409 elapsedMs=73
2026-07-02 01:22:39,780 INFO o.a.j.p.j.s.J.Full charging journey with SSE: [electrahub-jmeter][full][037] start skipped EH-US-CHG-0051/CON-US-0051 HTTP 409; trying next connector
2026-07-02 01:22:39,924 INFO o.a.j.p.j.s.J.Full charging journey with SSE: [electrahub-jmeter][full][039] step=start charging attempt 4
2026-07-02 01:22:39,997 INFO o.a.j.p.j.s.J.Full charging journey with SSE: [electrahub-jmeter][full][039] http POST /session/api/v1/sessions/start status=409 elapsedMs=73
2026-07-02 01:22:39,998 INFO o.a.j.p.j.s.J.Full charging journey with SSE: [electrahub-jmeter][full][039] start skipped EH-US-CHG-0042/CON-US-0042 HTTP 409; trying next connector
2026-07-02 01:22:40,128 INFO o.a.j.p.j.s.J.Full charging journey with SSE: [electrahub-jmeter][full][036] step=start charging attempt 19
2026-07-02 01:22:40,292 INFO o.a.j.p.j.s.J.Full charging journey with SSE: [electrahub-jmeter][full][038] step=start charging attempt 10
2026-07-02 01:22:40,362 INFO o.a.j.p.j.s.J.Full charging journey with SSE: [electrahub-jmeter][full][038] http POST /session/api/v1/sessions/start status=409 elapsedMs=69
2026-07-02 01:22:40,363 INFO o.a.j.p.j.s.J.Full charging journey with SSE: [electrahub-jmeter][full][038] start skipped EH-US-CHG-0047/CON-US-0047 HTTP 409; trying next connector
2026-07-02 01:22:40,781 INFO o.a.j.p.j.s.J.Full charging journey with SSE: [electrahub-jmeter][full][037] step=start charging attempt 16
2026-07-02 01:22:40,850 INFO o.a.j.p.j.s.J.Full charging journey with SSE: [electrahub-jmeter][full][037] http POST /session/api/v1/sessions/start status=409 elapsedMs=68
2026-07-02 01:22:40,851 INFO o.a.j.p.j.s.J.Full charging journey with SSE: [electrahub-jmeter][full][037] start skipped EH-US-CHG-0052/CON-US-0052 HTTP 409; trying next connector
2026-07-02 01:22:40,999 INFO o.a.j.p.j.s.J.Full charging journey with SSE: [electrahub-jmeter][full][039] step=start charging attempt 5
2026-07-02 01:22:41,023 INFO o.a.j.p.j.s.J.Full charging journey with SSE: [electrahub-jmeter][full][036] http POST /session/api/v1/sessions/start status=201 elapsedMs=894
2026-07-02 01:22:41,024 INFO o.a.j.p.j.s.J.Full charging journey with SSE: [electrahub-jmeter][full][036] started session=a9339e8e-5abc-438a-bd0a-67bb34c1ef23 charger=EH-US-CHG-0054/CON-US-0054 status=PREPARING remote=Accepted attempt=19/100
2026-07-02 01:22:41,024 INFO o.a.j.p.j.s.J.Full charging journey with SSE: [electrahub-jmeter][full][036] step=active sessions
2026-07-02 01:22:41,082 INFO o.a.j.p.j.s.J.Full charging journey with SSE: [electrahub-jmeter][full][039] http POST /session/api/v1/sessions/start status=409 elapsedMs=81
2026-07-02 01:22:41,083 INFO o.a.j.p.j.s.J.Full charging journey with SSE: [electrahub-jmeter][full][039] start skipped EH-US-CHG-0043/CON-US-0043 HTTP 409; trying next connector
2026-07-02 01:22:41,364 INFO o.a.j.p.j.s.J.Full charging journey with SSE: [electrahub-jmeter][full][038] step=start charging attempt 11
2026-07-02 01:22:41,431 INFO o.a.j.p.j.s.J.Full charging journey with SSE: [electrahub-jmeter][full][038] http POST /session/api/v1/sessions/start status=409 elapsedMs=66
2026-07-02 01:22:41,432 INFO o.a.j.p.j.s.J.Full charging journey with SSE: [electrahub-jmeter][full][038] start skipped EH-US-CHG-0048/CON-US-0048 HTTP 409; trying next connector
2026-07-02 01:22:41,682 INFO o.a.j.t.JMeterThread: Thread started: 100 driver charging journeys 1-40
2026-07-02 01:22:41,688 INFO o.a.j.p.j.s.J.Full charging journey with SSE: [electrahub-jmeter][full][040] step=register
2026-07-02 01:22:41,852 INFO o.a.j.p.j.s.J.Full charging journey with SSE: [electrahub-jmeter][full][037] step=start charging attempt 17
2026-07-02 01:22:41,887 INFO o.a.j.p.j.s.J.Full charging journey with SSE: [electrahub-jmeter][full][040] http POST /auth/api/auth/register status=200 elapsedMs=198
2026-07-02 01:22:41,888 INFO o.a.j.p.j.s.J.Full charging journey with SSE: [electrahub-jmeter][full][040] registered uid=1a71bea2-b296-48dd-a5ee-1f41850b472e
2026-07-02 01:22:41,895 INFO o.a.j.p.j.s.J.Full charging journey with SSE: [electrahub-jmeter][full][040] step=payment state before setup
2026-07-02 01:22:41,948 INFO o.a.j.p.j.s.J.Full charging journey with SSE: [electrahub-jmeter][full][040] http GET /payment/api/v1/payment/state status=451 elapsedMs=51
2026-07-02 01:22:41,948 INFO o.a.j.p.j.s.J.Full charging journey with SSE: [electrahub-jmeter][full][040] step=accept terms
2026-07-02 01:22:41,977 INFO o.a.j.p.j.s.J.Full charging journey with SSE: [electrahub-jmeter][full][037] http POST /session/api/v1/sessions/start status=409 elapsedMs=78
2026-07-02 01:22:41,977 INFO o.a.j.p.j.s.J.Full charging journey with SSE: [electrahub-jmeter][full][037] start skipped EH-US-CHG-0053/CON-US-0053 HTTP 409; trying next connector
2026-07-02 01:22:42,010 INFO o.a.j.p.j.s.J.Full charging journey with SSE: [electrahub-jmeter][full][040] http POST /auth/api/terms/accept status=201 elapsedMs=61
2026-07-02 01:22:42,011 INFO o.a.j.p.j.s.J.Full charging journey with SSE: [electrahub-jmeter][full][040] accepted terms; refreshing token through login
2026-07-02 01:22:42,012 INFO o.a.j.p.j.s.J.Full charging journey with SSE: [electrahub-jmeter][full][040] step=login
2026-07-02 01:22:42,021 INFO o.a.j.p.j.s.J.Full charging journey with SSE: [electrahub-jmeter][full][036] http GET /session/api/v1/sessions/active status=200 elapsedMs=996
2026-07-02 01:22:42,024 INFO o.a.j.p.j.s.J.Full charging journey with SSE: [electrahub-jmeter][full][019] http POST /session/api/v1/sessions/2386c7a1-02bc-49c1-b7dd-6fca8f3828ed/stop status=204 elapsedMs=3397
2026-07-02 01:22:42,024 INFO o.a.j.p.j.s.J.Full charging journey with SSE: [electrahub-jmeter][full][019] stop requested session=2386c7a1-02bc-49c1-b7dd-6fca8f3828ed
2026-07-02 01:22:42,025 INFO o.a.j.p.j.s.J.Full charging journey with SSE: [electrahub-jmeter][full][019] step=active sessions
2026-07-02 01:22:42,084 INFO o.a.j.p.j.s.J.Full charging journey with SSE: [electrahub-jmeter][full][039] step=start charging attempt 6
2026-07-02 01:22:42,156 INFO o.a.j.p.j.s.J.Full charging journey with SSE: [electrahub-jmeter][full][039] http POST /session/api/v1/sessions/start status=409 elapsedMs=71
2026-07-02 01:22:42,156 INFO o.a.j.p.j.s.J.Full charging journey with SSE: [electrahub-jmeter][full][039] start skipped EH-US-CHG-0044/CON-US-0044 HTTP 409; trying next connector
2026-07-02 01:22:42,184 INFO o.a.j.p.j.s.J.Full charging journey with SSE: [electrahub-jmeter][full][040] http POST /auth/api/auth/login status=200 elapsedMs=171
2026-07-02 01:22:42,185 INFO o.a.j.p.j.s.J.Full charging journey with SSE: [electrahub-jmeter][full][040] logged in uid=1a71bea2-b296-48dd-a5ee-1f41850b472e
2026-07-02 01:22:42,185 INFO o.a.j.p.j.s.J.Full charging journey with SSE: [electrahub-jmeter][full][040] step=payment state after terms
2026-07-02 01:22:42,244 INFO o.a.j.p.j.s.J.Full charging journey with SSE: [electrahub-jmeter][full][040] http GET /payment/api/v1/payment/state status=200 elapsedMs=58
2026-07-02 01:22:42,245 INFO o.a.j.p.j.s.J.Full charging journey with SSE: [electrahub-jmeter][full][040] step=add card
2026-07-02 01:22:42,313 INFO o.a.j.p.j.s.J.Full charging journey with SSE: [electrahub-jmeter][full][040] http POST /payment/api/v1/payment/cards status=201 elapsedMs=67
2026-07-02 01:22:42,314 INFO o.a.j.p.j.s.J.Full charging journey with SSE: [electrahub-jmeter][full][040] step=wallet topup
2026-07-02 01:22:42,369 INFO o.a.j.p.j.s.J.Full charging journey with SSE: [electrahub-jmeter][full][040] http POST /payment/api/v1/payment/wallet/topups status=201 elapsedMs=53
2026-07-02 01:22:42,369 INFO o.a.j.p.j.s.J.Full charging journey with SSE: [electrahub-jmeter][full][040] step=payment state after setup
2026-07-02 01:22:42,421 INFO o.a.j.p.j.s.J.Full charging journey with SSE: [electrahub-jmeter][full][040] http GET /payment/api/v1/payment/state status=200 elapsedMs=51
2026-07-02 01:22:42,422 INFO o.a.j.p.j.s.J.Full charging journey with SSE: [electrahub-jmeter][full][040] payment ready wallet=120.00
2026-07-02 01:22:42,423 INFO o.a.j.p.j.s.J.Full charging journey with SSE: [electrahub-jmeter][full][040] step=charger graphql list
2026-07-02 01:22:42,432 INFO o.a.j.p.j.s.J.Full charging journey with SSE: [electrahub-jmeter][full][038] step=start charging attempt 12
2026-07-02 01:22:42,501 INFO o.a.j.p.j.s.J.Full charging journey with SSE: [electrahub-jmeter][full][038] http POST /session/api/v1/sessions/start status=409 elapsedMs=68
2026-07-02 01:22:42,502 INFO o.a.j.p.j.s.J.Full charging journey with SSE: [electrahub-jmeter][full][038] start skipped EH-US-CHG-0049/CON-US-0049 HTTP 409; trying next connector
2026-07-02 01:22:42,527 INFO o.a.j.p.j.s.J.Full charging journey with SSE: [electrahub-jmeter][full][040] http POST /charger/graphql status=200 elapsedMs=103
2026-07-02 01:22:42,529 INFO o.a.j.p.j.s.J.Full charging journey with SSE: [electrahub-jmeter][full][040] dynamic connector selection found no available connector; using CSV connector
2026-07-02 01:22:42,530 INFO o.a.j.p.j.s.J.Full charging journey with SSE: [electrahub-jmeter][full][040] step=charger graphql view
2026-07-02 01:22:42,604 INFO o.a.j.p.j.s.J.Full charging journey with SSE: [electrahub-jmeter][full][040] http POST /charger/graphql status=200 elapsedMs=74
2026-07-02 01:22:42,605 INFO o.a.j.p.j.s.J.Full charging journey with SSE: [electrahub-jmeter][full][040] step=payment state before start
2026-07-02 01:22:42,671 INFO o.a.j.p.j.s.J.Full charging journey with SSE: [electrahub-jmeter][full][040] http GET /payment/api/v1/payment/state status=200 elapsedMs=65
2026-07-02 01:22:42,677 INFO o.a.j.p.j.s.J.Full charging journey with SSE: [electrahub-jmeter][full][040] using connector csv fallback attempts=100 startIndex=40/100
2026-07-02 01:22:42,677 INFO o.a.j.p.j.s.J.Full charging journey with SSE: [electrahub-jmeter][full][040] step=start charging attempt 1
2026-07-02 01:22:42,749 INFO o.a.j.p.j.s.J.Full charging journey with SSE: [electrahub-jmeter][full][040] http POST /session/api/v1/sessions/start status=409 elapsedMs=71
2026-07-02 01:22:42,750 INFO o.a.j.p.j.s.J.Full charging journey with SSE: [electrahub-jmeter][full][040] start skipped EH-US-CHG-0040/CON-US-0040 HTTP 409; trying next connector
2026-07-02 01:22:42,978 INFO o.a.j.p.j.s.J.Full charging journey with SSE: [electrahub-jmeter][full][037] step=start charging attempt 18
2026-07-02 01:22:43,033 INFO o.a.j.p.j.s.J.Full charging journey with SSE: [electrahub-jmeter][full][019] http GET /session/api/v1/sessions/active status=200 elapsedMs=1007
2026-07-02 01:22:43,041 INFO o.a.j.p.j.s.J.Full charging journey with SSE: [electrahub-jmeter][full][026] sse ok connected=1 snapshot=2 updates=29 receipts=0 heartbeats=0
2026-07-02 01:22:43,041 INFO o.a.j.p.j.s.J.Full charging journey with SSE: [electrahub-jmeter][full][026] holding session for 35s before stop
2026-07-02 01:22:43,091 INFO o.a.j.p.j.s.J.Full charging journey with SSE: [electrahub-jmeter][full][037] http POST /session/api/v1/sessions/start status=409 elapsedMs=112
2026-07-02 01:22:43,091 INFO o.a.j.p.j.s.J.Full charging journey with SSE: [electrahub-jmeter][full][037] start skipped EH-US-CHG-0054/CON-US-0054 HTTP 409; trying next connector
2026-07-02 01:22:43,157 INFO o.a.j.p.j.s.J.Full charging journey with SSE: [electrahub-jmeter][full][039] step=start charging attempt 7
2026-07-02 01:22:43,296 INFO o.a.j.p.j.s.J.Full charging journey with SSE: [electrahub-jmeter][full][039] http POST /session/api/v1/sessions/start status=409 elapsedMs=138
2026-07-02 01:22:43,297 INFO o.a.j.p.j.s.J.Full charging journey with SSE: [electrahub-jmeter][full][039] start skipped EH-US-CHG-0045/CON-US-0045 HTTP 409; trying next connector
2026-07-02 01:22:43,503 INFO o.a.j.p.j.s.J.Full charging journey with SSE: [electrahub-jmeter][full][038] step=start charging attempt 13
2026-07-02 01:22:43,572 INFO o.a.j.p.j.s.J.Full charging journey with SSE: [electrahub-jmeter][full][038] http POST /session/api/v1/sessions/start status=409 elapsedMs=68
2026-07-02 01:22:43,574 INFO o.a.j.p.j.s.J.Full charging journey with SSE: [electrahub-jmeter][full][038] start skipped EH-US-CHG-0050/CON-US-0050 HTTP 409; trying next connector
2026-07-02 01:22:43,673 INFO o.a.j.p.j.s.J.Full charging journey with SSE: [electrahub-jmeter][full][020] step=stop charging session
2026-07-02 01:22:43,751 INFO o.a.j.p.j.s.J.Full charging journey with SSE: [electrahub-jmeter][full][040] step=start charging attempt 2
2026-07-02 01:22:43,828 INFO o.a.j.p.j.s.J.Full charging journey with SSE: [electrahub-jmeter][full][040] http POST /session/api/v1/sessions/start status=409 elapsedMs=76
2026-07-02 01:22:43,828 INFO o.a.j.p.j.s.J.Full charging journey with SSE: [electrahub-jmeter][full][040] start skipped EH-US-CHG-0041/CON-US-0041 HTTP 409; trying next connector
2026-07-02 01:22:44,001 INFO o.a.j.p.j.s.J.Full charging journey with SSE: [electrahub-jmeter][full][018] step=active sessions
2026-07-02 01:22:44,062 INFO o.a.j.p.j.s.J.Full charging journey with SSE: [electrahub-jmeter][full][018] http GET /session/api/v1/sessions/active status=200 elapsedMs=60
2026-07-02 01:22:44,063 INFO o.a.j.p.j.s.J.Full charging journey with SSE: [electrahub-jmeter][full][018] step=receipt
2026-07-02 01:22:44,092 INFO o.a.j.p.j.s.J.Full charging journey with SSE: [electrahub-jmeter][full][037] step=start charging attempt 19
2026-07-02 01:22:44,118 INFO o.a.j.p.j.s.J.Full charging journey with SSE: [electrahub-jmeter][full][018] http GET /session/api/v1/sessions/83a78f0b-d896-46da-8d93-b20452f605a5/receipt status=200 elapsedMs=55
2026-07-02 01:22:44,120 INFO o.a.j.p.j.s.J.Full charging journey with SSE: [electrahub-jmeter][full][018] step=session history
2026-07-02 01:22:44,180 INFO o.a.j.p.j.s.J.Full charging journey with SSE: [electrahub-jmeter][full][018] http GET /session/api/v1/sessions/history?page=0&size=10 status=200 elapsedMs=59
2026-07-02 01:22:44,181 INFO o.a.j.p.j.s.J.Full charging journey with SSE: [electrahub-jmeter][full][018] step=dashboard stats
2026-07-02 01:22:44,239 INFO o.a.j.p.j.s.J.Full charging journey with SSE: [electrahub-jmeter][full][018] http GET /session/api/v1/sessions/dashboard-stats status=200 elapsedMs=57
2026-07-02 01:22:44,240 INFO o.a.j.p.j.s.J.Full charging journey with SSE: [electrahub-jmeter][full][018] receipt ok session=83a78f0b-d896-46da-8d93-b20452f605a5 status=Completed total=1.8692
2026-07-02 01:22:44,241 INFO o.a.j.t.JMeterThread: Thread is done: 100 driver charging journeys 1-18
2026-07-02 01:22:44,242 INFO o.a.j.t.JMeterThread: Thread finished: 100 driver charging journeys 1-18
2026-07-02 01:22:44,298 INFO o.a.j.p.j.s.J.Full charging journey with SSE: [electrahub-jmeter][full][039] step=start charging attempt 8
2026-07-02 01:22:44,372 INFO o.a.j.p.j.s.J.Full charging journey with SSE: [electrahub-jmeter][full][039] http POST /session/api/v1/sessions/start status=409 elapsedMs=73
2026-07-02 01:22:44,373 INFO o.a.j.p.j.s.J.Full charging journey with SSE: [electrahub-jmeter][full][039] start skipped EH-US-CHG-0046/CON-US-0046 HTTP 409; trying next connector
2026-07-02 01:22:44,575 INFO o.a.j.p.j.s.J.Full charging journey with SSE: [electrahub-jmeter][full][038] step=start charging attempt 14
2026-07-02 01:22:44,643 INFO o.a.j.p.j.s.J.Full charging journey with SSE: [electrahub-jmeter][full][038] http POST /session/api/v1/sessions/start status=409 elapsedMs=67
2026-07-02 01:22:44,644 INFO o.a.j.p.j.s.J.Full charging journey with SSE: [electrahub-jmeter][full][038] start skipped EH-US-CHG-0051/CON-US-0051 HTTP 409; trying next connector
2026-07-02 01:22:44,829 INFO o.a.j.p.j.s.J.Full charging journey with SSE: [electrahub-jmeter][full][040] step=start charging attempt 3
2026-07-02 01:22:44,904 INFO o.a.j.p.j.s.J.Full charging journey with SSE: [electrahub-jmeter][full][040] http POST /session/api/v1/sessions/start status=409 elapsedMs=74
2026-07-02 01:22:44,905 INFO o.a.j.p.j.s.J.Full charging journey with SSE: [electrahub-jmeter][full][040] start skipped EH-US-CHG-0042/CON-US-0042 HTTP 409; trying next connector
2026-07-02 01:22:45,054 INFO o.a.j.p.j.s.J.Full charging journey with SSE: [electrahub-jmeter][full][037] http POST /session/api/v1/sessions/start status=201 elapsedMs=961
2026-07-02 01:22:45,055 INFO o.a.j.p.j.s.J.Full charging journey with SSE: [electrahub-jmeter][full][037] started session=a1dec324-a91d-4932-96c4-92c98dce0251 charger=EH-US-CHG-0055/CON-US-0055 status=PREPARING remote=Accepted attempt=19/100
2026-07-02 01:22:45,056 INFO o.a.j.p.j.s.J.Full charging journey with SSE: [electrahub-jmeter][full][037] step=active sessions
2026-07-02 01:22:45,374 INFO o.a.j.p.j.s.J.Full charging journey with SSE: [electrahub-jmeter][full][039] step=start charging attempt 9
2026-07-02 01:22:45,449 INFO o.a.j.p.j.s.J.Full charging journey with SSE: [electrahub-jmeter][full][039] http POST /session/api/v1/sessions/start status=409 elapsedMs=73
2026-07-02 01:22:45,450 INFO o.a.j.p.j.s.J.Full charging journey with SSE: [electrahub-jmeter][full][039] start skipped EH-US-CHG-0047/CON-US-0047 HTTP 409; trying next connector
2026-07-02 01:22:45,645 INFO o.a.j.p.j.s.J.Full charging journey with SSE: [electrahub-jmeter][full][038] step=start charging attempt 15
2026-07-02 01:22:45,719 INFO o.a.j.p.j.s.J.Full charging journey with SSE: [electrahub-jmeter][full][038] http POST /session/api/v1/sessions/start status=409 elapsedMs=73
2026-07-02 01:22:45,720 INFO o.a.j.p.j.s.J.Full charging journey with SSE: [electrahub-jmeter][full][038] start skipped EH-US-CHG-0052/CON-US-0052 HTTP 409; trying next connector
2026-07-02 01:22:45,906 INFO o.a.j.p.j.s.J.Full charging journey with SSE: [electrahub-jmeter][full][040] step=start charging attempt 4
2026-07-02 01:22:45,981 INFO o.a.j.p.j.s.J.Full charging journey with SSE: [electrahub-jmeter][full][040] http POST /session/api/v1/sessions/start status=409 elapsedMs=74
2026-07-02 01:22:45,982 INFO o.a.j.p.j.s.J.Full charging journey with SSE: [electrahub-jmeter][full][040] start skipped EH-US-CHG-0043/CON-US-0043 HTTP 409; trying next connector
2026-07-02 01:22:46,060 INFO o.a.j.p.j.s.J.Full charging journey with SSE: [electrahub-jmeter][full][037] http GET /session/api/v1/sessions/active status=200 elapsedMs=1004
2026-07-02 01:22:46,451 INFO o.a.j.p.j.s.J.Full charging journey with SSE: [electrahub-jmeter][full][039] step=start charging attempt 10
2026-07-02 01:22:46,527 INFO o.a.j.p.j.s.J.Full charging journey with SSE: [electrahub-jmeter][full][039] http POST /session/api/v1/sessions/start status=409 elapsedMs=75
2026-07-02 01:22:46,527 INFO o.a.j.p.j.s.J.Full charging journey with SSE: [electrahub-jmeter][full][039] start skipped EH-US-CHG-0048/CON-US-0048 HTTP 409; trying next connector
2026-07-02 01:22:46,720 INFO o.a.j.p.j.s.J.Full charging journey with SSE: [electrahub-jmeter][full][038] step=start charging attempt 16
2026-07-02 01:22:46,809 INFO o.a.j.p.j.s.J.Full charging journey with SSE: [electrahub-jmeter][full][038] http POST /session/api/v1/sessions/start status=409 elapsedMs=88
2026-07-02 01:22:46,809 INFO o.a.j.p.j.s.J.Full charging journey with SSE: [electrahub-jmeter][full][038] start skipped EH-US-CHG-0053/CON-US-0053 HTTP 409; trying next connector
2026-07-02 01:22:46,983 INFO o.a.j.p.j.s.J.Full charging journey with SSE: [electrahub-jmeter][full][040] step=start charging attempt 5
2026-07-02 01:22:47,062 INFO o.a.j.p.j.s.J.Full charging journey with SSE: [electrahub-jmeter][full][040] http POST /session/api/v1/sessions/start status=409 elapsedMs=78
2026-07-02 01:22:47,063 INFO o.a.j.p.j.s.J.Full charging journey with SSE: [electrahub-jmeter][full][040] start skipped EH-US-CHG-0044/CON-US-0044 HTTP 409; trying next connector
2026-07-02 01:22:47,078 INFO o.a.j.p.j.s.J.Full charging journey with SSE: [electrahub-jmeter][full][020] http POST /session/api/v1/sessions/0006889d-7463-453c-8234-ef03024132d4/stop status=204 elapsedMs=3404
2026-07-02 01:22:47,079 INFO o.a.j.p.j.s.J.Full charging journey with SSE: [electrahub-jmeter][full][020] stop requested session=0006889d-7463-453c-8234-ef03024132d4
2026-07-02 01:22:47,080 INFO o.a.j.p.j.s.J.Full charging journey with SSE: [electrahub-jmeter][full][020] step=active sessions
2026-07-02 01:22:47,528 INFO o.a.j.p.j.s.J.Full charging journey with SSE: [electrahub-jmeter][full][039] step=start charging attempt 11
2026-07-02 01:22:47,602 INFO o.a.j.p.j.s.J.Full charging journey with SSE: [electrahub-jmeter][full][039] http POST /session/api/v1/sessions/start status=409 elapsedMs=73
2026-07-02 01:22:47,603 INFO o.a.j.p.j.s.J.Full charging journey with SSE: [electrahub-jmeter][full][039] start skipped EH-US-CHG-0049/CON-US-0049 HTTP 409; trying next connector
2026-07-02 01:22:47,681 INFO o.a.j.t.JMeterThread: Thread started: 100 driver charging journeys 1-41
2026-07-02 01:22:47,687 INFO o.a.j.p.j.s.J.Full charging journey with SSE: [electrahub-jmeter][full][041] step=register
2026-07-02 01:22:47,810 INFO o.a.j.p.j.s.J.Full charging journey with SSE: [electrahub-jmeter][full][038] step=start charging attempt 17
2026-07-02 01:22:47,898 INFO o.a.j.p.j.s.J.Full charging journey with SSE: [electrahub-jmeter][full][041] http POST /auth/api/auth/register status=200 elapsedMs=209
2026-07-02 01:22:47,899 INFO o.a.j.p.j.s.J.Full charging journey with SSE: [electrahub-jmeter][full][041] registered uid=519e4586-872d-49f1-8cdf-0d4eb143b994
2026-07-02 01:22:47,907 INFO o.a.j.p.j.s.J.Full charging journey with SSE: [electrahub-jmeter][full][041] step=payment state before setup
2026-07-02 01:22:47,923 INFO o.a.j.p.j.s.J.Full charging journey with SSE: [electrahub-jmeter][full][038] http POST /session/api/v1/sessions/start status=409 elapsedMs=70
2026-07-02 01:22:47,924 INFO o.a.j.p.j.s.J.Full charging journey with SSE: [electrahub-jmeter][full][038] start skipped EH-US-CHG-0054/CON-US-0054 HTTP 409; trying next connector
2026-07-02 01:22:47,963 INFO o.a.j.p.j.s.J.Full charging journey with SSE: [electrahub-jmeter][full][041] http GET /payment/api/v1/payment/state status=451 elapsedMs=55
2026-07-02 01:22:47,964 INFO o.a.j.p.j.s.J.Full charging journey with SSE: [electrahub-jmeter][full][041] step=accept terms
2026-07-02 01:22:48,027 INFO o.a.j.p.j.s.J.Full charging journey with SSE: [electrahub-jmeter][full][041] http POST /auth/api/terms/accept status=201 elapsedMs=62
2026-07-02 01:22:48,027 INFO o.a.j.p.j.s.J.Full charging journey with SSE: [electrahub-jmeter][full][041] accepted terms; refreshing token through login
2026-07-02 01:22:48,028 INFO o.a.j.p.j.s.J.Full charging journey with SSE: [electrahub-jmeter][full][041] step=login
2026-07-02 01:22:48,034 INFO o.a.j.p.j.s.J.Full charging journey with SSE: [electrahub-jmeter][full][019] step=active sessions
2026-07-02 01:22:48,064 INFO o.a.j.p.j.s.J.Full charging journey with SSE: [electrahub-jmeter][full][040] step=start charging attempt 6
2026-07-02 01:22:48,088 INFO o.a.j.p.j.s.J.Full charging journey with SSE: [electrahub-jmeter][full][020] http GET /session/api/v1/sessions/active status=200 elapsedMs=1008
2026-07-02 01:22:48,089 INFO o.a.j.p.j.s.J.Full charging journey with SSE: [electrahub-jmeter][full][027] sse ok connected=1 snapshot=2 updates=23 receipts=0 heartbeats=0
2026-07-02 01:22:48,090 INFO o.a.j.p.j.s.J.Full charging journey with SSE: [electrahub-jmeter][full][027] holding session for 36s before stop
2026-07-02 01:22:48,133 INFO o.a.j.p.j.s.J.Full charging journey with SSE: [electrahub-jmeter][full][019] http GET /session/api/v1/sessions/active status=200 elapsedMs=98
2026-07-02 01:22:48,134 INFO o.a.j.p.j.s.J.Full charging journey with SSE: [electrahub-jmeter][full][019] step=receipt
2026-07-02 01:22:48,181 INFO o.a.j.p.j.s.J.Full charging journey with SSE: [electrahub-jmeter][full][040] http POST /session/api/v1/sessions/start status=409 elapsedMs=72
2026-07-02 01:22:48,182 INFO o.a.j.p.j.s.J.Full charging journey with SSE: [electrahub-jmeter][full][040] start skipped EH-US-CHG-0045/CON-US-0045 HTTP 409; trying next connector
2026-07-02 01:22:48,188 INFO o.a.j.p.j.s.J.Full charging journey with SSE: [electrahub-jmeter][full][041] http POST /auth/api/auth/login status=200 elapsedMs=159
2026-07-02 01:22:48,189 INFO o.a.j.p.j.s.J.Full charging journey with SSE: [electrahub-jmeter][full][041] logged in uid=519e4586-872d-49f1-8cdf-0d4eb143b994
2026-07-02 01:22:48,190 INFO o.a.j.p.j.s.J.Full charging journey with SSE: [electrahub-jmeter][full][041] step=payment state after terms
2026-07-02 01:22:48,196 INFO o.a.j.p.j.s.J.Full charging journey with SSE: [electrahub-jmeter][full][019] http GET /session/api/v1/sessions/2386c7a1-02bc-49c1-b7dd-6fca8f3828ed/receipt status=200 elapsedMs=62
2026-07-02 01:22:48,197 INFO o.a.j.p.j.s.J.Full charging journey with SSE: [electrahub-jmeter][full][019] step=session history
2026-07-02 01:22:48,251 INFO o.a.j.p.j.s.J.Full charging journey with SSE: [electrahub-jmeter][full][041] http GET /payment/api/v1/payment/state status=200 elapsedMs=60
2026-07-02 01:22:48,252 INFO o.a.j.p.j.s.J.Full charging journey with SSE: [electrahub-jmeter][full][041] step=add card
2026-07-02 01:22:48,256 INFO o.a.j.p.j.s.J.Full charging journey with SSE: [electrahub-jmeter][full][019] http GET /session/api/v1/sessions/history?page=0&size=10 status=200 elapsedMs=59
2026-07-02 01:22:48,257 INFO o.a.j.p.j.s.J.Full charging journey with SSE: [electrahub-jmeter][full][019] step=dashboard stats
2026-07-02 01:22:48,319 INFO o.a.j.p.j.s.J.Full charging journey with SSE: [electrahub-jmeter][full][041] http POST /payment/api/v1/payment/cards status=201 elapsedMs=66
2026-07-02 01:22:48,319 INFO o.a.j.p.j.s.J.Full charging journey with SSE: [electrahub-jmeter][full][019] http GET /session/api/v1/sessions/dashboard-stats status=200 elapsedMs=61
2026-07-02 01:22:48,320 INFO o.a.j.p.j.s.J.Full charging journey with SSE: [electrahub-jmeter][full][041] step=wallet topup
2026-07-02 01:22:48,320 INFO o.a.j.p.j.s.J.Full charging journey with SSE: [electrahub-jmeter][full][019] receipt ok session=2386c7a1-02bc-49c1-b7dd-6fca8f3828ed status=Completed total=1.861
2026-07-02 01:22:48,322 INFO o.a.j.t.JMeterThread: Thread is done: 100 driver charging journeys 1-19
2026-07-02 01:22:48,322 INFO o.a.j.t.JMeterThread: Thread finished: 100 driver charging journeys 1-19
2026-07-02 01:22:48,380 INFO o.a.j.p.j.s.J.Full charging journey with SSE: [electrahub-jmeter][full][041] http POST /payment/api/v1/payment/wallet/topups status=201 elapsedMs=59
2026-07-02 01:22:48,380 INFO o.a.j.p.j.s.J.Full charging journey with SSE: [electrahub-jmeter][full][041] step=payment state after setup
2026-07-02 01:22:48,442 INFO o.a.j.p.j.s.J.Full charging journey with SSE: [electrahub-jmeter][full][041] http GET /payment/api/v1/payment/state status=200 elapsedMs=61
2026-07-02 01:22:48,443 INFO o.a.j.p.j.s.J.Full charging journey with SSE: [electrahub-jmeter][full][041] payment ready wallet=120.00
2026-07-02 01:22:48,443 INFO o.a.j.p.j.s.J.Full charging journey with SSE: [electrahub-jmeter][full][041] step=charger graphql list
2026-07-02 01:22:48,555 INFO o.a.j.p.j.s.J.Full charging journey with SSE: [electrahub-jmeter][full][041] http POST /charger/graphql status=200 elapsedMs=111
2026-07-02 01:22:48,557 INFO o.a.j.p.j.s.J.Full charging journey with SSE: [electrahub-jmeter][full][041] dynamic connector selection found no available connector; using CSV connector
2026-07-02 01:22:48,557 INFO o.a.j.p.j.s.J.Full charging journey with SSE: [electrahub-jmeter][full][041] step=charger graphql view
2026-07-02 01:22:48,604 INFO o.a.j.p.j.s.J.Full charging journey with SSE: [electrahub-jmeter][full][039] step=start charging attempt 12
2026-07-02 01:22:48,641 INFO o.a.j.p.j.s.J.Full charging journey with SSE: [electrahub-jmeter][full][041] http POST /charger/graphql status=200 elapsedMs=83
2026-07-02 01:22:48,642 INFO o.a.j.p.j.s.J.Full charging journey with SSE: [electrahub-jmeter][full][041] step=payment state before start
2026-07-02 01:22:48,684 INFO o.a.j.p.j.s.J.Full charging journey with SSE: [electrahub-jmeter][full][039] http POST /session/api/v1/sessions/start status=409 elapsedMs=79
2026-07-02 01:22:48,685 INFO o.a.j.p.j.s.J.Full charging journey with SSE: [electrahub-jmeter][full][039] start skipped EH-US-CHG-0050/CON-US-0050 HTTP 409; trying next connector
2026-07-02 01:22:48,698 INFO o.a.j.p.j.s.J.Full charging journey with SSE: [electrahub-jmeter][full][041] http GET /payment/api/v1/payment/state status=200 elapsedMs=56
2026-07-02 01:22:48,701 INFO o.a.j.p.j.s.J.Full charging journey with SSE: [electrahub-jmeter][full][041] using connector csv fallback attempts=100 startIndex=41/100
2026-07-02 01:22:48,702 INFO o.a.j.p.j.s.J.Full charging journey with SSE: [electrahub-jmeter][full][041] step=start charging attempt 1
2026-07-02 01:22:48,764 INFO o.a.j.p.j.s.J.Full charging journey with SSE: [electrahub-jmeter][full][041] http POST /session/api/v1/sessions/start status=409 elapsedMs=61
2026-07-02 01:22:48,765 INFO o.a.j.p.j.s.J.Full charging journey with SSE: [electrahub-jmeter][full][041] start skipped EH-US-CHG-0041/CON-US-0041 HTTP 409; trying next connector
2026-07-02 01:22:48,925 INFO o.a.j.p.j.s.J.Full charging journey with SSE: [electrahub-jmeter][full][038] step=start charging attempt 18
2026-07-02 01:22:48,995 INFO o.a.j.p.j.s.J.Full charging journey with SSE: [electrahub-jmeter][full][038] http POST /session/api/v1/sessions/start status=409 elapsedMs=70
2026-07-02 01:22:48,996 INFO o.a.j.p.j.s.J.Full charging journey with SSE: [electrahub-jmeter][full][038] start skipped EH-US-CHG-0055/CON-US-0055 HTTP 409; trying next connector
2026-07-02 01:22:49,183 INFO o.a.j.p.j.s.J.Full charging journey with SSE: [electrahub-jmeter][full][040] step=start charging attempt 7
2026-07-02 01:22:49,250 INFO o.a.j.p.j.s.J.Full charging journey with SSE: [electrahub-jmeter][full][040] http POST /session/api/v1/sessions/start status=409 elapsedMs=66
2026-07-02 01:22:49,251 INFO o.a.j.p.j.s.J.Full charging journey with SSE: [electrahub-jmeter][full][040] start skipped EH-US-CHG-0046/CON-US-0046 HTTP 409; trying next connector
2026-07-02 01:22:49,686 INFO o.a.j.p.j.s.J.Full charging journey with SSE: [electrahub-jmeter][full][039] step=start charging attempt 13
2026-07-02 01:22:49,754 INFO o.a.j.p.j.s.J.Full charging journey with SSE: [electrahub-jmeter][full][021] step=stop charging session
2026-07-02 01:22:49,754 INFO o.a.j.p.j.s.J.Full charging journey with SSE: [electrahub-jmeter][full][039] http POST /session/api/v1/sessions/start status=409 elapsedMs=66
2026-07-02 01:22:49,755 INFO o.a.j.p.j.s.J.Full charging journey with SSE: [electrahub-jmeter][full][039] start skipped EH-US-CHG-0051/CON-US-0051 HTTP 409; trying next connector
2026-07-02 01:22:49,765 INFO o.a.j.p.j.s.J.Full charging journey with SSE: [electrahub-jmeter][full][041] step=start charging attempt 2
2026-07-02 01:22:49,841 INFO o.a.j.p.j.s.J.Full charging journey with SSE: [electrahub-jmeter][full][041] http POST /session/api/v1/sessions/start status=409 elapsedMs=74
2026-07-02 01:22:49,842 INFO o.a.j.p.j.s.J.Full charging journey with SSE: [electrahub-jmeter][full][041] start skipped EH-US-CHG-0042/CON-US-0042 HTTP 409; trying next connector
2026-07-02 01:22:49,996 INFO o.a.j.p.j.s.J.Full charging journey with SSE: [electrahub-jmeter][full][038] step=start charging attempt 19
2026-07-02 01:22:50,252 INFO o.a.j.p.j.s.J.Full charging journey with SSE: [electrahub-jmeter][full][040] step=start charging attempt 8
2026-07-02 01:22:50,323 INFO o.a.j.p.j.s.J.Full charging journey with SSE: [electrahub-jmeter][full][040] http POST /session/api/v1/sessions/start status=409 elapsedMs=70
2026-07-02 01:22:50,323 INFO o.a.j.p.j.s.J.Full charging journey with SSE: [electrahub-jmeter][full][040] start skipped EH-US-CHG-0047/CON-US-0047 HTTP 409; trying next connector
2026-07-02 01:22:50,756 INFO o.a.j.p.j.s.J.Full charging journey with SSE: [electrahub-jmeter][full][039] step=start charging attempt 14
2026-07-02 01:22:50,826 INFO o.a.j.p.j.s.J.Full charging journey with SSE: [electrahub-jmeter][full][039] http POST /session/api/v1/sessions/start status=409 elapsedMs=69
2026-07-02 01:22:50,827 INFO o.a.j.p.j.s.J.Full charging journey with SSE: [electrahub-jmeter][full][039] start skipped EH-US-CHG-0052/CON-US-0052 HTTP 409; trying next connector
2026-07-02 01:22:50,843 INFO o.a.j.p.j.s.J.Full charging journey with SSE: [electrahub-jmeter][full][041] step=start charging attempt 3
2026-07-02 01:22:50,915 INFO o.a.j.p.j.s.J.Full charging journey with SSE: [electrahub-jmeter][full][041] http POST /session/api/v1/sessions/start status=409 elapsedMs=71
2026-07-02 01:22:50,916 INFO o.a.j.p.j.s.J.Full charging journey with SSE: [electrahub-jmeter][full][041] start skipped EH-US-CHG-0043/CON-US-0043 HTTP 409; trying next connector
2026-07-02 01:22:51,117 INFO o.a.j.p.j.s.J.Full charging journey with SSE: [electrahub-jmeter][full][038] http POST /session/api/v1/sessions/start status=201 elapsedMs=1119
2026-07-02 01:22:51,118 INFO o.a.j.p.j.s.J.Full charging journey with SSE: [electrahub-jmeter][full][038] started session=f71280dc-ce9d-4586-b15e-db3a1780da82 charger=EH-US-CHG-0056/CON-US-0056 status=PREPARING remote=Accepted attempt=19/100
2026-07-02 01:22:51,118 INFO o.a.j.p.j.s.J.Full charging journey with SSE: [electrahub-jmeter][full][038] step=active sessions
2026-07-02 01:22:51,325 INFO o.a.j.p.j.s.J.Full charging journey with SSE: [electrahub-jmeter][full][040] step=start charging attempt 9
2026-07-02 01:22:51,404 INFO o.a.j.p.j.s.J.Full charging journey with SSE: [electrahub-jmeter][full][040] http POST /session/api/v1/sessions/start status=409 elapsedMs=78
2026-07-02 01:22:51,405 INFO o.a.j.p.j.s.J.Full charging journey with SSE: [electrahub-jmeter][full][040] start skipped EH-US-CHG-0048/CON-US-0048 HTTP 409; trying next connector
2026-07-02 01:22:53,720 INFO o.a.j.p.j.s.J.Full charging journey with SSE: [electrahub-jmeter][full][039] step=start charging attempt 15
2026-07-02 01:22:53,783 INFO o.a.j.t.JMeterThread: Thread started: 100 driver charging journeys 1-42
2026-07-02 01:22:53,787 INFO o.a.j.p.j.s.J.Full charging journey with SSE: [electrahub-jmeter][full][039] http POST /session/api/v1/sessions/start status=409 elapsedMs=66
2026-07-02 01:22:53,788 INFO o.a.j.p.j.s.J.Full charging journey with SSE: [electrahub-jmeter][full][039] start skipped EH-US-CHG-0053/CON-US-0053 HTTP 409; trying next connector
2026-07-02 01:22:53,788 INFO o.a.j.p.j.s.J.Full charging journey with SSE: [electrahub-jmeter][full][042] step=register
2026-07-02 01:22:53,809 INFO o.a.j.p.j.s.J.Full charging journey with SSE: [electrahub-jmeter][full][041] step=start charging attempt 4
2026-07-02 01:22:53,926 INFO o.a.j.p.j.s.J.Full charging journey with SSE: [electrahub-jmeter][full][041] http POST /session/api/v1/sessions/start status=409 elapsedMs=75
2026-07-02 01:22:53,927 INFO o.a.j.p.j.s.J.Full charging journey with SSE: [electrahub-jmeter][full][041] start skipped EH-US-CHG-0044/CON-US-0044 HTTP 409; trying next connector
2026-07-02 01:22:53,990 INFO o.a.j.p.j.s.J.Full charging journey with SSE: [electrahub-jmeter][full][042] http POST /auth/api/auth/register status=200 elapsedMs=201
2026-07-02 01:22:53,991 INFO o.a.j.p.j.s.J.Full charging journey with SSE: [electrahub-jmeter][full][042] registered uid=0a780a50-17b2-4c21-91e4-32d958dab2d9
2026-07-02 01:22:54,009 INFO o.a.j.p.j.s.J.Full charging journey with SSE: [electrahub-jmeter][full][042] step=payment state before setup
2026-07-02 01:22:54,021 INFO o.a.j.p.j.s.J.Full charging journey with SSE: [electrahub-jmeter][full][038] http GET /session/api/v1/sessions/active status=200 elapsedMs=2901
2026-07-02 01:22:54,066 INFO o.a.j.p.j.s.J.Full charging journey with SSE: [electrahub-jmeter][full][042] http GET /payment/api/v1/payment/state status=451 elapsedMs=56
2026-07-02 01:22:54,067 INFO o.a.j.p.j.s.J.Full charging journey with SSE: [electrahub-jmeter][full][042] step=accept terms
2026-07-02 01:22:54,127 INFO o.a.j.p.j.s.J.Full charging journey with SSE: [electrahub-jmeter][full][042] http POST /auth/api/terms/accept status=201 elapsedMs=59
2026-07-02 01:22:54,129 INFO o.a.j.p.j.s.J.Full charging journey with SSE: [electrahub-jmeter][full][042] accepted terms; refreshing token through login
2026-07-02 01:22:54,129 INFO o.a.j.p.j.s.J.Full charging journey with SSE: [electrahub-jmeter][full][042] step=login
2026-07-02 01:22:54,272 INFO o.a.j.p.j.s.J.Full charging journey with SSE: [electrahub-jmeter][full][042] http POST /auth/api/auth/login status=200 elapsedMs=142
2026-07-02 01:22:54,273 INFO o.a.j.p.j.s.J.Full charging journey with SSE: [electrahub-jmeter][full][042] logged in uid=0a780a50-17b2-4c21-91e4-32d958dab2d9
2026-07-02 01:22:54,274 INFO o.a.j.p.j.s.J.Full charging journey with SSE: [electrahub-jmeter][full][042] step=payment state after terms
2026-07-02 01:22:54,298 INFO o.a.j.p.j.s.J.Full charging journey with SSE: [electrahub-jmeter][full][040] step=start charging attempt 10
2026-07-02 01:22:54,336 INFO o.a.j.p.j.s.J.Full charging journey with SSE: [electrahub-jmeter][full][042] http GET /payment/api/v1/payment/state status=200 elapsedMs=62
2026-07-02 01:22:54,337 INFO o.a.j.p.j.s.J.Full charging journey with SSE: [electrahub-jmeter][full][042] step=add card
2026-07-02 01:22:54,373 INFO o.a.j.p.j.s.J.Full charging journey with SSE: [electrahub-jmeter][full][040] http POST /session/api/v1/sessions/start status=409 elapsedMs=74
2026-07-02 01:22:54,374 INFO o.a.j.p.j.s.J.Full charging journey with SSE: [electrahub-jmeter][full][040] start skipped EH-US-CHG-0049/CON-US-0049 HTTP 409; trying next connector
2026-07-02 01:22:54,390 INFO o.a.j.p.j.s.J.Full charging journey with SSE: [electrahub-jmeter][full][042] http POST /payment/api/v1/payment/cards status=201 elapsedMs=53
2026-07-02 01:22:54,391 INFO o.a.j.p.j.s.J.Full charging journey with SSE: [electrahub-jmeter][full][042] step=wallet topup
2026-07-02 01:22:54,448 INFO o.a.j.p.j.s.J.Full charging journey with SSE: [electrahub-jmeter][full][042] http POST /payment/api/v1/payment/wallet/topups status=201 elapsedMs=56
2026-07-02 01:22:54,449 INFO o.a.j.p.j.s.J.Full charging journey with SSE: [electrahub-jmeter][full][042] step=payment state after setup
2026-07-02 01:22:54,502 INFO o.a.j.p.j.s.J.Full charging journey with SSE: [electrahub-jmeter][full][042] http GET /payment/api/v1/payment/state status=200 elapsedMs=53
2026-07-02 01:22:54,503 INFO o.a.j.p.j.s.J.Full charging journey with SSE: [electrahub-jmeter][full][042] payment ready wallet=120.00
2026-07-02 01:22:54,504 INFO o.a.j.p.j.s.J.Full charging journey with SSE: [electrahub-jmeter][full][042] step=charger graphql list
2026-07-02 01:22:54,603 INFO o.a.j.p.j.s.J.Full charging journey with SSE: [electrahub-jmeter][full][042] http POST /charger/graphql status=200 elapsedMs=99
2026-07-02 01:22:54,605 INFO o.a.j.p.j.s.J.Full charging journey with SSE: [electrahub-jmeter][full][042] dynamic connector selection found no available connector; using CSV connector
2026-07-02 01:22:54,605 INFO o.a.j.p.j.s.J.Full charging journey with SSE: [electrahub-jmeter][full][042] step=charger graphql view
2026-07-02 01:22:54,672 INFO o.a.j.p.j.s.J.Full charging journey with SSE: [electrahub-jmeter][full][042] http POST /charger/graphql status=200 elapsedMs=66
2026-07-02 01:22:54,673 INFO o.a.j.p.j.s.J.Full charging journey with SSE: [electrahub-jmeter][full][042] step=payment state before start
2026-07-02 01:22:54,727 INFO o.a.j.p.j.s.J.Full charging journey with SSE: [electrahub-jmeter][full][042] http GET /payment/api/v1/payment/state status=200 elapsedMs=54
2026-07-02 01:22:54,730 INFO o.a.j.p.j.s.J.Full charging journey with SSE: [electrahub-jmeter][full][042] using connector csv fallback attempts=100 startIndex=42/100
2026-07-02 01:22:54,731 INFO o.a.j.p.j.s.J.Full charging journey with SSE: [electrahub-jmeter][full][042] step=start charging attempt 1
2026-07-02 01:22:54,788 INFO o.a.j.p.j.s.J.Full charging journey with SSE: [electrahub-jmeter][full][039] step=start charging attempt 16
2026-07-02 01:22:54,806 INFO o.a.j.p.j.s.J.Full charging journey with SSE: [electrahub-jmeter][full][042] http POST /session/api/v1/sessions/start status=409 elapsedMs=74
2026-07-02 01:22:54,807 INFO o.a.j.p.j.s.J.Full charging journey with SSE: [electrahub-jmeter][full][042] start skipped EH-US-CHG-0042/CON-US-0042 HTTP 409; trying next connector
2026-07-02 01:22:54,887 INFO o.a.j.p.j.s.J.Full charging journey with SSE: [electrahub-jmeter][full][039] http POST /session/api/v1/sessions/start status=409 elapsedMs=98
2026-07-02 01:22:54,888 INFO o.a.j.p.j.s.J.Full charging journey with SSE: [electrahub-jmeter][full][039] start skipped EH-US-CHG-0054/CON-US-0054 HTTP 409; trying next connector
2026-07-02 01:22:54,928 INFO o.a.j.p.j.s.J.Full charging journey with SSE: [electrahub-jmeter][full][041] step=start charging attempt 5
2026-07-02 01:22:54,981 INFO o.a.j.p.j.s.J.Full charging journey with SSE: [electrahub-jmeter][full][020] step=active sessions
2026-07-02 01:22:55,001 INFO o.a.j.p.j.s.J.Full charging journey with SSE: [electrahub-jmeter][full][041] http POST /session/api/v1/sessions/start status=409 elapsedMs=72
2026-07-02 01:22:55,003 INFO o.a.j.p.j.s.J.Full charging journey with SSE: [electrahub-jmeter][full][041] start skipped EH-US-CHG-0045/CON-US-0045 HTTP 409; trying next connector
2026-07-02 01:22:55,032 INFO o.a.j.p.j.s.J.Full charging journey with SSE: [electrahub-jmeter][full][021] http POST /session/api/v1/sessions/9ccbf833-4d7d-4373-9e8f-4a7914c5c2e3/stop status=204 elapsedMs=5277
2026-07-02 01:22:55,033 INFO o.a.j.p.j.s.J.Full charging journey with SSE: [electrahub-jmeter][full][021] stop requested session=9ccbf833-4d7d-4373-9e8f-4a7914c5c2e3
2026-07-02 01:22:55,034 INFO o.a.j.p.j.s.J.Full charging journey with SSE: [electrahub-jmeter][full][021] step=active sessions
2026-07-02 01:22:55,048 INFO o.a.j.p.j.s.J.Full charging journey with SSE: [electrahub-jmeter][full][020] http GET /session/api/v1/sessions/active status=200 elapsedMs=66
2026-07-02 01:22:55,049 INFO o.a.j.p.j.s.J.Full charging journey with SSE: [electrahub-jmeter][full][020] step=receipt
2026-07-02 01:22:55,106 INFO o.a.j.p.j.s.J.Full charging journey with SSE: [electrahub-jmeter][full][020] http GET /session/api/v1/sessions/0006889d-7463-453c-8234-ef03024132d4/receipt status=200 elapsedMs=56
2026-07-02 01:22:55,107 INFO o.a.j.p.j.s.J.Full charging journey with SSE: [electrahub-jmeter][full][020] step=session history
2026-07-02 01:22:55,161 INFO o.a.j.p.j.s.J.Full charging journey with SSE: [electrahub-jmeter][full][020] http GET /session/api/v1/sessions/history?page=0&size=10 status=200 elapsedMs=53
2026-07-02 01:22:55,162 INFO o.a.j.p.j.s.J.Full charging journey with SSE: [electrahub-jmeter][full][020] step=dashboard stats
2026-07-02 01:22:55,221 INFO o.a.j.p.j.s.J.Full charging journey with SSE: [electrahub-jmeter][full][020] http GET /session/api/v1/sessions/dashboard-stats status=200 elapsedMs=58
2026-07-02 01:22:55,222 INFO o.a.j.p.j.s.J.Full charging journey with SSE: [electrahub-jmeter][full][020] receipt ok session=0006889d-7463-453c-8234-ef03024132d4 status=Completed total=1.8602
2026-07-02 01:22:55,222 INFO o.a.j.t.JMeterThread: Thread is done: 100 driver charging journeys 1-20
2026-07-02 01:22:55,223 INFO o.a.j.t.JMeterThread: Thread finished: 100 driver charging journeys 1-20
2026-07-02 01:22:55,375 INFO o.a.j.p.j.s.J.Full charging journey with SSE: [electrahub-jmeter][full][040] step=start charging attempt 11
2026-07-02 01:22:55,441 INFO o.a.j.p.j.s.J.Full charging journey with SSE: [electrahub-jmeter][full][040] http POST /session/api/v1/sessions/start status=409 elapsedMs=65
2026-07-02 01:22:55,442 INFO o.a.j.p.j.s.J.Full charging journey with SSE: [electrahub-jmeter][full][040] start skipped EH-US-CHG-0050/CON-US-0050 HTTP 409; trying next connector
2026-07-02 01:22:55,808 INFO o.a.j.p.j.s.J.Full charging journey with SSE: [electrahub-jmeter][full][042] step=start charging attempt 2
2026-07-02 01:22:55,881 INFO o.a.j.p.j.s.J.Full charging journey with SSE: [electrahub-jmeter][full][042] http POST /session/api/v1/sessions/start status=409 elapsedMs=72
2026-07-02 01:22:55,882 INFO o.a.j.p.j.s.J.Full charging journey with SSE: [electrahub-jmeter][full][042] start skipped EH-US-CHG-0043/CON-US-0043 HTTP 409; trying next connector
2026-07-02 01:22:55,889 INFO o.a.j.p.j.s.J.Full charging journey with SSE: [electrahub-jmeter][full][039] step=start charging attempt 17
2026-07-02 01:22:55,962 INFO o.a.j.p.j.s.J.Full charging journey with SSE: [electrahub-jmeter][full][039] http POST /session/api/v1/sessions/start status=409 elapsedMs=72
2026-07-02 01:22:55,963 INFO o.a.j.p.j.s.J.Full charging journey with SSE: [electrahub-jmeter][full][039] start skipped EH-US-CHG-0055/CON-US-0055 HTTP 409; trying next connector
2026-07-02 01:22:56,004 INFO o.a.j.p.j.s.J.Full charging journey with SSE: [electrahub-jmeter][full][041] step=start charging attempt 6
2026-07-02 01:22:56,038 INFO o.a.j.p.j.s.J.Full charging journey with SSE: [electrahub-jmeter][full][021] http GET /session/api/v1/sessions/active status=200 elapsedMs=1004
2026-07-02 01:22:56,073 INFO o.a.j.p.j.s.J.Full charging journey with SSE: [electrahub-jmeter][full][041] http POST /session/api/v1/sessions/start status=409 elapsedMs=68
2026-07-02 01:22:56,074 INFO o.a.j.p.j.s.J.Full charging journey with SSE: [electrahub-jmeter][full][041] start skipped EH-US-CHG-0046/CON-US-0046 HTTP 409; trying next connector
2026-07-02 01:22:56,443 INFO o.a.j.p.j.s.J.Full charging journey with SSE: [electrahub-jmeter][full][040] step=start charging attempt 12
2026-07-02 01:22:56,515 INFO o.a.j.p.j.s.J.Full charging journey with SSE: [electrahub-jmeter][full][040] http POST /session/api/v1/sessions/start status=409 elapsedMs=71
2026-07-02 01:22:56,516 INFO o.a.j.p.j.s.J.Full charging journey with SSE: [electrahub-jmeter][full][040] start skipped EH-US-CHG-0051/CON-US-0051 HTTP 409; trying next connector
2026-07-02 01:22:56,882 INFO o.a.j.p.j.s.J.Full charging journey with SSE: [electrahub-jmeter][full][042] step=start charging attempt 3
2026-07-02 01:22:56,953 INFO o.a.j.p.j.s.J.Full charging journey with SSE: [electrahub-jmeter][full][042] http POST /session/api/v1/sessions/start status=409 elapsedMs=70
2026-07-02 01:22:56,954 INFO o.a.j.p.j.s.J.Full charging journey with SSE: [electrahub-jmeter][full][042] start skipped EH-US-CHG-0044/CON-US-0044 HTTP 409; trying next connector
2026-07-02 01:22:56,964 INFO o.a.j.p.j.s.J.Full charging journey with SSE: [electrahub-jmeter][full][039] step=start charging attempt 18
2026-07-02 01:22:57,040 INFO o.a.j.p.j.s.J.Full charging journey with SSE: [electrahub-jmeter][full][039] http POST /session/api/v1/sessions/start status=409 elapsedMs=75
2026-07-02 01:22:57,041 INFO o.a.j.p.j.s.J.Full charging journey with SSE: [electrahub-jmeter][full][039] start skipped EH-US-CHG-0056/CON-US-0056 HTTP 409; trying next connector
2026-07-02 01:22:57,049 INFO o.a.j.p.j.s.J.Full charging journey with SSE: [electrahub-jmeter][full][028] sse ok connected=1 snapshot=2 updates=29 receipts=0 heartbeats=0
2026-07-02 01:22:57,050 INFO o.a.j.p.j.s.J.Full charging journey with SSE: [electrahub-jmeter][full][028] holding session for 33s before stop
2026-07-02 01:22:57,075 INFO o.a.j.p.j.s.J.Full charging journey with SSE: [electrahub-jmeter][full][041] step=start charging attempt 7
2026-07-02 01:22:57,140 INFO o.a.j.p.j.s.J.Full charging journey with SSE: [electrahub-jmeter][full][041] http POST /session/api/v1/sessions/start status=409 elapsedMs=63
2026-07-02 01:22:57,141 INFO o.a.j.p.j.s.J.Full charging journey with SSE: [electrahub-jmeter][full][041] start skipped EH-US-CHG-0047/CON-US-0047 HTTP 409; trying next connector
2026-07-02 01:22:57,516 INFO o.a.j.p.j.s.J.Full charging journey with SSE: [electrahub-jmeter][full][040] step=start charging attempt 13
2026-07-02 01:22:57,581 INFO o.a.j.p.j.s.J.Full charging journey with SSE: [electrahub-jmeter][full][040] http POST /session/api/v1/sessions/start status=409 elapsedMs=64
2026-07-02 01:22:57,582 INFO o.a.j.p.j.s.J.Full charging journey with SSE: [electrahub-jmeter][full][040] start skipped EH-US-CHG-0052/CON-US-0052 HTTP 409; trying next connector
2026-07-02 01:22:57,691 INFO o.a.j.p.j.s.J.Full charging journey with SSE: [electrahub-jmeter][full][022] step=stop charging session
2026-07-02 01:22:57,955 INFO o.a.j.p.j.s.J.Full charging journey with SSE: [electrahub-jmeter][full][042] step=start charging attempt 4
2026-07-02 01:22:58,041 INFO o.a.j.p.j.s.J.Full charging journey with SSE: [electrahub-jmeter][full][039] step=start charging attempt 19
2026-07-02 01:22:58,141 INFO o.a.j.p.j.s.J.Full charging journey with SSE: [electrahub-jmeter][full][041] step=start charging attempt 8
2026-07-02 01:22:58,186 INFO o.a.j.p.j.s.J.Full charging journey with SSE: [electrahub-jmeter][full][042] http POST /session/api/v1/sessions/start status=409 elapsedMs=230
2026-07-02 01:22:58,187 INFO o.a.j.p.j.s.J.Full charging journey with SSE: [electrahub-jmeter][full][042] start skipped EH-US-CHG-0045/CON-US-0045 HTTP 409; trying next connector
2026-07-02 01:22:58,327 INFO o.a.j.p.j.s.J.Full charging journey with SSE: [electrahub-jmeter][full][041] http POST /session/api/v1/sessions/start status=409 elapsedMs=148
2026-07-02 01:22:58,328 INFO o.a.j.p.j.s.J.Full charging journey with SSE: [electrahub-jmeter][full][041] start skipped EH-US-CHG-0048/CON-US-0048 HTTP 409; trying next connector
2026-07-02 01:22:58,583 INFO o.a.j.p.j.s.J.Full charging journey with SSE: [electrahub-jmeter][full][040] step=start charging attempt 14
2026-07-02 01:22:58,654 INFO o.a.j.p.j.s.J.Full charging journey with SSE: [electrahub-jmeter][full][040] http POST /session/api/v1/sessions/start status=409 elapsedMs=70
2026-07-02 01:22:58,654 INFO o.a.j.p.j.s.J.Full charging journey with SSE: [electrahub-jmeter][full][040] start skipped EH-US-CHG-0053/CON-US-0053 HTTP 409; trying next connector
2026-07-02 01:22:59,068 INFO o.a.j.p.j.s.J.Full charging journey with SSE: [electrahub-jmeter][full][039] http POST /session/api/v1/sessions/start status=201 elapsedMs=1026
2026-07-02 01:22:59,069 INFO o.a.j.p.j.s.J.Full charging journey with SSE: [electrahub-jmeter][full][039] started session=9224a9e6-1630-4646-b415-bb449b339d9b charger=EH-US-CHG-0057/CON-US-0057 status=PREPARING remote=Accepted attempt=19/100
2026-07-02 01:22:59,070 INFO o.a.j.p.j.s.J.Full charging journey with SSE: [electrahub-jmeter][full][039] step=active sessions
2026-07-02 01:22:59,188 INFO o.a.j.p.j.s.J.Full charging journey with SSE: [electrahub-jmeter][full][042] step=start charging attempt 5
2026-07-02 01:22:59,254 INFO o.a.j.p.j.s.J.Full charging journey with SSE: [electrahub-jmeter][full][042] http POST /session/api/v1/sessions/start status=409 elapsedMs=65
2026-07-02 01:22:59,255 INFO o.a.j.p.j.s.J.Full charging journey with SSE: [electrahub-jmeter][full][042] start skipped EH-US-CHG-0046/CON-US-0046 HTTP 409; trying next connector
2026-07-02 01:22:59,329 INFO o.a.j.p.j.s.J.Full charging journey with SSE: [electrahub-jmeter][full][041] step=start charging attempt 9
2026-07-02 01:22:59,400 INFO o.a.j.p.j.s.J.Full charging journey with SSE: [electrahub-jmeter][full][041] http POST /session/api/v1/sessions/start status=409 elapsedMs=70
2026-07-02 01:22:59,401 INFO o.a.j.p.j.s.J.Full charging journey with SSE: [electrahub-jmeter][full][041] start skipped EH-US-CHG-0049/CON-US-0049 HTTP 409; trying next connector
2026-07-02 01:22:59,655 INFO o.a.j.p.j.s.J.Full charging journey with SSE: [electrahub-jmeter][full][040] step=start charging attempt 15
2026-07-02 01:22:59,681 INFO o.a.j.t.JMeterThread: Thread started: 100 driver charging journeys 1-43
2026-07-02 01:22:59,687 INFO o.a.j.p.j.s.J.Full charging journey with SSE: [electrahub-jmeter][full][043] step=register
2026-07-02 01:22:59,727 INFO o.a.j.p.j.s.J.Full charging journey with SSE: [electrahub-jmeter][full][040] http POST /session/api/v1/sessions/start status=409 elapsedMs=71
2026-07-02 01:22:59,728 INFO o.a.j.p.j.s.J.Full charging journey with SSE: [electrahub-jmeter][full][040] start skipped EH-US-CHG-0054/CON-US-0054 HTTP 409; trying next connector
2026-07-02 01:22:59,898 INFO o.a.j.p.j.s.J.Full charging journey with SSE: [electrahub-jmeter][full][043] http POST /auth/api/auth/register status=200 elapsedMs=209
2026-07-02 01:22:59,900 INFO o.a.j.p.j.s.J.Full charging journey with SSE: [electrahub-jmeter][full][043] registered uid=f106d75e-ba24-4d83-8ea3-5fb0bb98cdba
2026-07-02 01:22:59,913 INFO o.a.j.p.j.s.J.Full charging journey with SSE: [electrahub-jmeter][full][043] step=payment state before setup
2026-07-02 01:22:59,968 INFO o.a.j.p.j.s.J.Full charging journey with SSE: [electrahub-jmeter][full][043] http GET /payment/api/v1/payment/state status=451 elapsedMs=55
2026-07-02 01:22:59,968 INFO o.a.j.p.j.s.J.Full charging journey with SSE: [electrahub-jmeter][full][043] step=accept terms
2026-07-02 01:23:00,030 INFO o.a.j.p.j.s.J.Full charging journey with SSE: [electrahub-jmeter][full][043] http POST /auth/api/terms/accept status=201 elapsedMs=61
2026-07-02 01:23:00,031 INFO o.a.j.p.j.s.J.Full charging journey with SSE: [electrahub-jmeter][full][043] accepted terms; refreshing token through login
2026-07-02 01:23:00,032 INFO o.a.j.p.j.s.J.Full charging journey with SSE: [electrahub-jmeter][full][043] step=login
2026-07-02 01:23:00,076 INFO o.a.j.p.j.s.J.Full charging journey with SSE: [electrahub-jmeter][full][039] http GET /session/api/v1/sessions/active status=200 elapsedMs=1005
2026-07-02 01:23:00,173 INFO o.a.j.p.j.s.J.Full charging journey with SSE: [electrahub-jmeter][full][043] http POST /auth/api/auth/login status=200 elapsedMs=141
2026-07-02 01:23:00,174 INFO o.a.j.p.j.s.J.Full charging journey with SSE: [electrahub-jmeter][full][043] logged in uid=f106d75e-ba24-4d83-8ea3-5fb0bb98cdba
2026-07-02 01:23:00,174 INFO o.a.j.p.j.s.J.Full charging journey with SSE: [electrahub-jmeter][full][043] step=payment state after terms
2026-07-02 01:23:00,231 INFO o.a.j.p.j.s.J.Full charging journey with SSE: [electrahub-jmeter][full][043] http GET /payment/api/v1/payment/state status=200 elapsedMs=55
2026-07-02 01:23:00,231 INFO o.a.j.p.j.s.J.Full charging journey with SSE: [electrahub-jmeter][full][043] step=add card
2026-07-02 01:23:00,256 INFO o.a.j.p.j.s.J.Full charging journey with SSE: [electrahub-jmeter][full][042] step=start charging attempt 6
2026-07-02 01:23:00,287 INFO o.a.j.p.j.s.J.Full charging journey with SSE: [electrahub-jmeter][full][043] http POST /payment/api/v1/payment/cards status=201 elapsedMs=55
2026-07-02 01:23:00,288 INFO o.a.j.p.j.s.J.Full charging journey with SSE: [electrahub-jmeter][full][043] step=wallet topup
2026-07-02 01:23:00,325 INFO o.a.j.p.j.s.J.Full charging journey with SSE: [electrahub-jmeter][full][042] http POST /session/api/v1/sessions/start status=409 elapsedMs=68
2026-07-02 01:23:00,326 INFO o.a.j.p.j.s.J.Full charging journey with SSE: [electrahub-jmeter][full][042] start skipped EH-US-CHG-0047/CON-US-0047 HTTP 409; trying next connector
2026-07-02 01:23:00,348 INFO o.a.j.p.j.s.J.Full charging journey with SSE: [electrahub-jmeter][full][043] http POST /payment/api/v1/payment/wallet/topups status=201 elapsedMs=59
2026-07-02 01:23:00,349 INFO o.a.j.p.j.s.J.Full charging journey with SSE: [electrahub-jmeter][full][043] step=payment state after setup
2026-07-02 01:23:00,401 INFO o.a.j.p.j.s.J.Full charging journey with SSE: [electrahub-jmeter][full][043] http GET /payment/api/v1/payment/state status=200 elapsedMs=52
2026-07-02 01:23:00,402 INFO o.a.j.p.j.s.J.Full charging journey with SSE: [electrahub-jmeter][full][041] step=start charging attempt 10
2026-07-02 01:23:00,402 INFO o.a.j.p.j.s.J.Full charging journey with SSE: [electrahub-jmeter][full][043] payment ready wallet=120.00
2026-07-02 01:23:00,403 INFO o.a.j.p.j.s.J.Full charging journey with SSE: [electrahub-jmeter][full][043] step=charger graphql list
2026-07-02 01:23:00,541 INFO o.a.j.p.j.s.J.Full charging journey with SSE: [electrahub-jmeter][full][041] http POST /session/api/v1/sessions/start status=409 elapsedMs=138
2026-07-02 01:23:00,542 INFO o.a.j.p.j.s.J.Full charging journey with SSE: [electrahub-jmeter][full][041] start skipped EH-US-CHG-0050/CON-US-0050 HTTP 409; trying next connector
2026-07-02 01:23:00,567 INFO o.a.j.p.j.s.J.Full charging journey with SSE: [electrahub-jmeter][full][043] http POST /charger/graphql status=200 elapsedMs=163
2026-07-02 01:23:00,568 INFO o.a.j.p.j.s.J.Full charging journey with SSE: [electrahub-jmeter][full][043] dynamic connector selection found no available connector; using CSV connector
2026-07-02 01:23:00,569 INFO o.a.j.p.j.s.J.Full charging journey with SSE: [electrahub-jmeter][full][043] step=charger graphql view
2026-07-02 01:23:00,641 INFO o.a.j.p.j.s.J.Full charging journey with SSE: [electrahub-jmeter][full][043] http POST /charger/graphql status=200 elapsedMs=71
2026-07-02 01:23:00,642 INFO o.a.j.p.j.s.J.Full charging journey with SSE: [electrahub-jmeter][full][043] step=payment state before start
2026-07-02 01:23:00,699 INFO o.a.j.p.j.s.J.Full charging journey with SSE: [electrahub-jmeter][full][043] http GET /payment/api/v1/payment/state status=200 elapsedMs=56
2026-07-02 01:23:00,702 INFO o.a.j.p.j.s.J.Full charging journey with SSE: [electrahub-jmeter][full][043] using connector csv fallback attempts=100 startIndex=43/100
2026-07-02 01:23:00,702 INFO o.a.j.p.j.s.J.Full charging journey with SSE: [electrahub-jmeter][full][043] step=start charging attempt 1
2026-07-02 01:23:00,729 INFO o.a.j.p.j.s.J.Full charging journey with SSE: [electrahub-jmeter][full][040] step=start charging attempt 16
2026-07-02 01:23:00,773 INFO o.a.j.p.j.s.J.Full charging journey with SSE: [electrahub-jmeter][full][043] http POST /session/api/v1/sessions/start status=409 elapsedMs=70
2026-07-02 01:23:00,774 INFO o.a.j.p.j.s.J.Full charging journey with SSE: [electrahub-jmeter][full][043] start skipped EH-US-CHG-0043/CON-US-0043 HTTP 409; trying next connector
2026-07-02 01:23:00,794 INFO o.a.j.p.j.s.J.Full charging journey with SSE: [electrahub-jmeter][full][040] http POST /session/api/v1/sessions/start status=409 elapsedMs=64
2026-07-02 01:23:00,795 INFO o.a.j.p.j.s.J.Full charging journey with SSE: [electrahub-jmeter][full][040] start skipped EH-US-CHG-0055/CON-US-0055 HTTP 409; trying next connector
2026-07-02 01:23:01,039 INFO o.a.j.p.j.s.J.Full charging journey with SSE: [electrahub-jmeter][full][021] step=active sessions
2026-07-02 01:23:01,075 INFO o.a.j.p.j.s.J.Full charging journey with SSE: [electrahub-jmeter][full][022] http POST /session/api/v1/sessions/4bb5fa1d-4548-49b1-bc3d-558b7c6e7ecb/stop status=204 elapsedMs=3383
2026-07-02 01:23:01,076 INFO o.a.j.p.j.s.J.Full charging journey with SSE: [electrahub-jmeter][full][022] stop requested session=4bb5fa1d-4548-49b1-bc3d-558b7c6e7ecb
2026-07-02 01:23:01,076 INFO o.a.j.p.j.s.J.Full charging journey with SSE: [electrahub-jmeter][full][022] step=active sessions
2026-07-02 01:23:01,111 INFO o.a.j.p.j.s.J.Full charging journey with SSE: [electrahub-jmeter][full][021] http GET /session/api/v1/sessions/active status=200 elapsedMs=71
2026-07-02 01:23:01,112 INFO o.a.j.p.j.s.J.Full charging journey with SSE: [electrahub-jmeter][full][021] step=receipt
2026-07-02 01:23:01,169 INFO o.a.j.p.j.s.J.Full charging journey with SSE: [electrahub-jmeter][full][021] http GET /session/api/v1/sessions/9ccbf833-4d7d-4373-9e8f-4a7914c5c2e3/receipt status=200 elapsedMs=57
2026-07-02 01:23:01,170 INFO o.a.j.p.j.s.J.Full charging journey with SSE: [electrahub-jmeter][full][021] step=session history
2026-07-02 01:23:01,227 INFO o.a.j.p.j.s.J.Full charging journey with SSE: [electrahub-jmeter][full][021] http GET /session/api/v1/sessions/history?page=0&size=10 status=200 elapsedMs=56
2026-07-02 01:23:01,228 INFO o.a.j.p.j.s.J.Full charging journey with SSE: [electrahub-jmeter][full][021] step=dashboard stats
2026-07-02 01:23:01,291 INFO o.a.j.p.j.s.J.Full charging journey with SSE: [electrahub-jmeter][full][021] http GET /session/api/v1/sessions/dashboard-stats status=200 elapsedMs=62
2026-07-02 01:23:01,292 INFO o.a.j.p.j.s.J.Full charging journey with SSE: [electrahub-jmeter][full][021] receipt ok session=9ccbf833-4d7d-4373-9e8f-4a7914c5c2e3 status=Completed total=1.8633
2026-07-02 01:23:01,293 INFO o.a.j.r.Summariser: summary +      5 in 00:00:29 =    0.2/s Avg: 125765 Min: 123844 Max: 126753 Err:     0 (0.00%) Active: 23 Started: 43 Finished: 20
2026-07-02 01:23:01,294 INFO o.a.j.r.Summariser: summary =     21 in 00:04:14 =    0.1/s Avg: 125493 Min: 120669 Max: 127529 Err:     0 (0.00%)
2026-07-02 01:23:01,295 INFO o.a.j.t.JMeterThread: Thread is done: 100 driver charging journeys 1-21
2026-07-02 01:23:01,296 INFO o.a.j.t.JMeterThread: Thread finished: 100 driver charging journeys 1-21
2026-07-02 01:23:01,327 INFO o.a.j.p.j.s.J.Full charging journey with SSE: [electrahub-jmeter][full][042] step=start charging attempt 7
2026-07-02 01:23:01,405 INFO o.a.j.p.j.s.J.Full charging journey with SSE: [electrahub-jmeter][full][042] http POST /session/api/v1/sessions/start status=409 elapsedMs=77
2026-07-02 01:23:01,406 INFO o.a.j.p.j.s.J.Full charging journey with SSE: [electrahub-jmeter][full][042] start skipped EH-US-CHG-0048/CON-US-0048 HTTP 409; trying next connector
2026-07-02 01:23:01,543 INFO o.a.j.p.j.s.J.Full charging journey with SSE: [electrahub-jmeter][full][041] step=start charging attempt 11
2026-07-02 01:23:01,613 INFO o.a.j.p.j.s.J.Full charging journey with SSE: [electrahub-jmeter][full][041] http POST /session/api/v1/sessions/start status=409 elapsedMs=69
2026-07-02 01:23:01,613 INFO o.a.j.p.j.s.J.Full charging journey with SSE: [electrahub-jmeter][full][041] start skipped EH-US-CHG-0051/CON-US-0051 HTTP 409; trying next connector
2026-07-02 01:23:01,775 INFO o.a.j.p.j.s.J.Full charging journey with SSE: [electrahub-jmeter][full][043] step=start charging attempt 2
2026-07-02 01:23:01,781 INFO o.a.j.p.j.s.J.Full charging journey with SSE: [electrahub-jmeter][full][023] step=stop charging session
2026-07-02 01:23:01,795 INFO o.a.j.p.j.s.J.Full charging journey with SSE: [electrahub-jmeter][full][040] step=start charging attempt 17
2026-07-02 01:23:01,849 INFO o.a.j.p.j.s.J.Full charging journey with SSE: [electrahub-jmeter][full][043] http POST /session/api/v1/sessions/start status=409 elapsedMs=73
2026-07-02 01:23:01,850 INFO o.a.j.p.j.s.J.Full charging journey with SSE: [electrahub-jmeter][full][043] start skipped EH-US-CHG-0044/CON-US-0044 HTTP 409; trying next connector
2026-07-02 01:23:01,914 INFO o.a.j.p.j.s.J.Full charging journey with SSE: [electrahub-jmeter][full][040] http POST /session/api/v1/sessions/start status=409 elapsedMs=77
2026-07-02 01:23:01,915 INFO o.a.j.p.j.s.J.Full charging journey with SSE: [electrahub-jmeter][full][040] start skipped EH-US-CHG-0056/CON-US-0056 HTTP 409; trying next connector
2026-07-02 01:23:02,089 INFO o.a.j.p.j.s.J.Full charging journey with SSE: [electrahub-jmeter][full][022] http GET /session/api/v1/sessions/active status=200 elapsedMs=1011
2026-07-02 01:23:02,407 INFO o.a.j.p.j.s.J.Full charging journey with SSE: [electrahub-jmeter][full][042] step=start charging attempt 8
2026-07-02 01:23:02,467 INFO o.a.j.p.j.s.J.Full charging journey with SSE: [electrahub-jmeter][full][042] http POST /session/api/v1/sessions/start status=409 elapsedMs=59
2026-07-02 01:23:02,468 INFO o.a.j.p.j.s.J.Full charging journey with SSE: [electrahub-jmeter][full][042] start skipped EH-US-CHG-0049/CON-US-0049 HTTP 409; trying next connector
2026-07-02 01:23:02,614 INFO o.a.j.p.j.s.J.Full charging journey with SSE: [electrahub-jmeter][full][041] step=start charging attempt 12
2026-07-02 01:23:02,679 INFO o.a.j.p.j.s.J.Full charging journey with SSE: [electrahub-jmeter][full][041] http POST /session/api/v1/sessions/start status=409 elapsedMs=64
2026-07-02 01:23:02,680 INFO o.a.j.p.j.s.J.Full charging journey with SSE: [electrahub-jmeter][full][041] start skipped EH-US-CHG-0052/CON-US-0052 HTTP 409; trying next connector
2026-07-02 01:23:02,850 INFO o.a.j.p.j.s.J.Full charging journey with SSE: [electrahub-jmeter][full][043] step=start charging attempt 3
2026-07-02 01:23:02,916 INFO o.a.j.p.j.s.J.Full charging journey with SSE: [electrahub-jmeter][full][040] step=start charging attempt 18
2026-07-02 01:23:02,917 INFO o.a.j.p.j.s.J.Full charging journey with SSE: [electrahub-jmeter][full][043] http POST /session/api/v1/sessions/start status=409 elapsedMs=66
2026-07-02 01:23:02,918 INFO o.a.j.p.j.s.J.Full charging journey with SSE: [electrahub-jmeter][full][043] start skipped EH-US-CHG-0045/CON-US-0045 HTTP 409; trying next connector
2026-07-02 01:23:02,985 INFO o.a.j.p.j.s.J.Full charging journey with SSE: [electrahub-jmeter][full][040] http POST /session/api/v1/sessions/start status=409 elapsedMs=68
2026-07-02 01:23:02,986 INFO o.a.j.p.j.s.J.Full charging journey with SSE: [electrahub-jmeter][full][040] start skipped EH-US-CHG-0057/CON-US-0057 HTTP 409; trying next connector
2026-07-02 01:23:03,101 INFO o.a.j.p.j.s.J.Full charging journey with SSE: [electrahub-jmeter][full][029] sse ok connected=1 snapshot=2 updates=33 receipts=0 heartbeats=0
2026-07-02 01:23:03,102 INFO o.a.j.p.j.s.J.Full charging journey with SSE: [electrahub-jmeter][full][029] holding session for 33s before stop
2026-07-02 01:23:03,468 INFO o.a.j.p.j.s.J.Full charging journey with SSE: [electrahub-jmeter][full][042] step=start charging attempt 9
2026-07-02 01:23:03,557 INFO o.a.j.p.j.s.J.Full charging journey with SSE: [electrahub-jmeter][full][042] http POST /session/api/v1/sessions/start status=409 elapsedMs=88
2026-07-02 01:23:03,558 INFO o.a.j.p.j.s.J.Full charging journey with SSE: [electrahub-jmeter][full][042] start skipped EH-US-CHG-0050/CON-US-0050 HTTP 409; trying next connector
2026-07-02 01:23:03,681 INFO o.a.j.p.j.s.J.Full charging journey with SSE: [electrahub-jmeter][full][041] step=start charging attempt 13
2026-07-02 01:23:03,745 INFO o.a.j.p.j.s.J.Full charging journey with SSE: [electrahub-jmeter][full][041] http POST /session/api/v1/sessions/start status=409 elapsedMs=62
2026-07-02 01:23:03,745 INFO o.a.j.p.j.s.J.Full charging journey with SSE: [electrahub-jmeter][full][041] start skipped EH-US-CHG-0053/CON-US-0053 HTTP 409; trying next connector
2026-07-02 01:23:03,918 INFO o.a.j.p.j.s.J.Full charging journey with SSE: [electrahub-jmeter][full][043] step=start charging attempt 4
2026-07-02 01:23:03,986 INFO o.a.j.p.j.s.J.Full charging journey with SSE: [electrahub-jmeter][full][043] http POST /session/api/v1/sessions/start status=409 elapsedMs=67
2026-07-02 01:23:03,986 INFO o.a.j.p.j.s.J.Full charging journey with SSE: [electrahub-jmeter][full][040] step=start charging attempt 19
2026-07-02 01:23:03,987 INFO o.a.j.p.j.s.J.Full charging journey with SSE: [electrahub-jmeter][full][043] start skipped EH-US-CHG-0046/CON-US-0046 HTTP 409; trying next connector
2026-07-02 01:23:04,112 INFO o.a.j.p.j.s.J.Full charging journey with SSE: [electrahub-jmeter][full][040] http POST /session/api/v1/sessions/start status=201 elapsedMs=123
2026-07-02 01:23:04,113 INFO o.a.j.p.j.s.J.Full charging journey with SSE: [electrahub-jmeter][full][040] started session=23a1d463-fc2e-46d2-9430-61e4270831cf charger=EH-US-CHG-0058/CON-US-0058 status=PREPARING remote=Accepted attempt=19/100
2026-07-02 01:23:04,114 INFO o.a.j.p.j.s.J.Full charging journey with SSE: [electrahub-jmeter][full][040] step=active sessions
2026-07-02 01:23:04,559 INFO o.a.j.p.j.s.J.Full charging journey with SSE: [electrahub-jmeter][full][042] step=start charging attempt 10
2026-07-02 01:23:04,636 INFO o.a.j.p.j.s.J.Full charging journey with SSE: [electrahub-jmeter][full][042] http POST /session/api/v1/sessions/start status=409 elapsedMs=76
2026-07-02 01:23:04,637 INFO o.a.j.p.j.s.J.Full charging journey with SSE: [electrahub-jmeter][full][042] start skipped EH-US-CHG-0051/CON-US-0051 HTTP 409; trying next connector
2026-07-02 01:23:04,746 INFO o.a.j.p.j.s.J.Full charging journey with SSE: [electrahub-jmeter][full][041] step=start charging attempt 14
2026-07-02 01:23:04,812 INFO o.a.j.p.j.s.J.Full charging journey with SSE: [electrahub-jmeter][full][041] http POST /session/api/v1/sessions/start status=409 elapsedMs=65
2026-07-02 01:23:04,813 INFO o.a.j.p.j.s.J.Full charging journey with SSE: [electrahub-jmeter][full][041] start skipped EH-US-CHG-0054/CON-US-0054 HTTP 409; trying next connector
2026-07-02 01:23:04,990 INFO o.a.j.p.j.s.J.Full charging journey with SSE: [electrahub-jmeter][full][043] step=start charging attempt 5
2026-07-02 01:23:05,052 INFO o.a.j.p.j.s.J.Full charging journey with SSE: [electrahub-jmeter][full][043] http POST /session/api/v1/sessions/start status=409 elapsedMs=61
2026-07-02 01:23:05,053 INFO o.a.j.p.j.s.J.Full charging journey with SSE: [electrahub-jmeter][full][043] start skipped EH-US-CHG-0047/CON-US-0047 HTTP 409; trying next connector
2026-07-02 01:23:05,126 INFO o.a.j.p.j.s.J.Full charging journey with SSE: [electrahub-jmeter][full][040] http GET /session/api/v1/sessions/active status=200 elapsedMs=1011
2026-07-02 01:23:05,126 INFO o.a.j.p.j.s.J.Full charging journey with SSE: [electrahub-jmeter][full][023] http POST /session/api/v1/sessions/b3deafcf-d623-4669-a416-b09f1ce98065/stop status=204 elapsedMs=3344
2026-07-02 01:23:05,127 INFO o.a.j.p.j.s.J.Full charging journey with SSE: [electrahub-jmeter][full][023] stop requested session=b3deafcf-d623-4669-a416-b09f1ce98065
2026-07-02 01:23:05,128 INFO o.a.j.p.j.s.J.Full charging journey with SSE: [electrahub-jmeter][full][023] step=active sessions
2026-07-02 01:23:05,637 INFO o.a.j.p.j.s.J.Full charging journey with SSE: [electrahub-jmeter][full][042] step=start charging attempt 11
2026-07-02 01:23:05,682 INFO o.a.j.t.JMeterThread: Thread started: 100 driver charging journeys 1-44
2026-07-02 01:23:05,689 INFO o.a.j.p.j.s.J.Full charging journey with SSE: [electrahub-jmeter][full][044] step=register
2026-07-02 01:23:05,722 INFO o.a.j.p.j.s.J.Full charging journey with SSE: [electrahub-jmeter][full][042] http POST /session/api/v1/sessions/start status=409 elapsedMs=84
2026-07-02 01:23:05,723 INFO o.a.j.p.j.s.J.Full charging journey with SSE: [electrahub-jmeter][full][042] start skipped EH-US-CHG-0052/CON-US-0052 HTTP 409; trying next connector
2026-07-02 01:23:05,814 INFO o.a.j.p.j.s.J.Full charging journey with SSE: [electrahub-jmeter][full][041] step=start charging attempt 15
2026-07-02 01:23:05,882 INFO o.a.j.p.j.s.J.Full charging journey with SSE: [electrahub-jmeter][full][041] http POST /session/api/v1/sessions/start status=409 elapsedMs=67
2026-07-02 01:23:05,883 INFO o.a.j.p.j.s.J.Full charging journey with SSE: [electrahub-jmeter][full][041] start skipped EH-US-CHG-0055/CON-US-0055 HTTP 409; trying next connector
2026-07-02 01:23:05,891 INFO o.a.j.p.j.s.J.Full charging journey with SSE: [electrahub-jmeter][full][044] http POST /auth/api/auth/register status=200 elapsedMs=201
2026-07-02 01:23:05,892 INFO o.a.j.p.j.s.J.Full charging journey with SSE: [electrahub-jmeter][full][044] registered uid=a8adbf9b-5e7f-4564-8faa-361bfc0b67eb
2026-07-02 01:23:05,900 INFO o.a.j.p.j.s.J.Full charging journey with SSE: [electrahub-jmeter][full][044] step=payment state before setup
2026-07-02 01:23:05,955 INFO o.a.j.p.j.s.J.Full charging journey with SSE: [electrahub-jmeter][full][044] http GET /payment/api/v1/payment/state status=451 elapsedMs=55
2026-07-02 01:23:05,956 INFO o.a.j.p.j.s.J.Full charging journey with SSE: [electrahub-jmeter][full][044] step=accept terms
2026-07-02 01:23:06,019 INFO o.a.j.p.j.s.J.Full charging journey with SSE: [electrahub-jmeter][full][044] http POST /auth/api/terms/accept status=201 elapsedMs=62
2026-07-02 01:23:06,021 INFO o.a.j.p.j.s.J.Full charging journey with SSE: [electrahub-jmeter][full][044] accepted terms; refreshing token through login
2026-07-02 01:23:06,021 INFO o.a.j.p.j.s.J.Full charging journey with SSE: [electrahub-jmeter][full][044] step=login
2026-07-02 01:23:06,054 INFO o.a.j.p.j.s.J.Full charging journey with SSE: [electrahub-jmeter][full][043] step=start charging attempt 6
2026-07-02 01:23:06,120 INFO o.a.j.p.j.s.J.Full charging journey with SSE: [electrahub-jmeter][full][043] http POST /session/api/v1/sessions/start status=409 elapsedMs=65
2026-07-02 01:23:06,121 INFO o.a.j.p.j.s.J.Full charging journey with SSE: [electrahub-jmeter][full][043] start skipped EH-US-CHG-0048/CON-US-0048 HTTP 409; trying next connector
2026-07-02 01:23:06,138 INFO o.a.j.p.j.s.J.Full charging journey with SSE: [electrahub-jmeter][full][023] http GET /session/api/v1/sessions/active status=200 elapsedMs=1010
2026-07-02 01:23:06,173 INFO o.a.j.p.j.s.J.Full charging journey with SSE: [electrahub-jmeter][full][044] http POST /auth/api/auth/login status=200 elapsedMs=149
2026-07-02 01:23:06,174 INFO o.a.j.p.j.s.J.Full charging journey with SSE: [electrahub-jmeter][full][044] logged in uid=a8adbf9b-5e7f-4564-8faa-361bfc0b67eb
2026-07-02 01:23:06,174 INFO o.a.j.p.j.s.J.Full charging journey with SSE: [electrahub-jmeter][full][044] step=payment state after terms
2026-07-02 01:23:06,236 INFO o.a.j.p.j.s.J.Full charging journey with SSE: [electrahub-jmeter][full][044] http GET /payment/api/v1/payment/state status=200 elapsedMs=61
2026-07-02 01:23:06,237 INFO o.a.j.p.j.s.J.Full charging journey with SSE: [electrahub-jmeter][full][044] step=add card
2026-07-02 01:23:06,298 INFO o.a.j.p.j.s.J.Full charging journey with SSE: [electrahub-jmeter][full][044] http POST /payment/api/v1/payment/cards status=201 elapsedMs=59
2026-07-02 01:23:06,298 INFO o.a.j.p.j.s.J.Full charging journey with SSE: [electrahub-jmeter][full][044] step=wallet topup
2026-07-02 01:23:06,360 INFO o.a.j.p.j.s.J.Full charging journey with SSE: [electrahub-jmeter][full][044] http POST /payment/api/v1/payment/wallet/topups status=201 elapsedMs=61
2026-07-02 01:23:06,361 INFO o.a.j.p.j.s.J.Full charging journey with SSE: [electrahub-jmeter][full][044] step=payment state after setup
2026-07-02 01:23:06,415 INFO o.a.j.p.j.s.J.Full charging journey with SSE: [electrahub-jmeter][full][044] http GET /payment/api/v1/payment/state status=200 elapsedMs=54
2026-07-02 01:23:06,416 INFO o.a.j.p.j.s.J.Full charging journey with SSE: [electrahub-jmeter][full][044] payment ready wallet=120.00
2026-07-02 01:23:06,416 INFO o.a.j.p.j.s.J.Full charging journey with SSE: [electrahub-jmeter][full][044] step=charger graphql list
2026-07-02 01:23:06,521 INFO o.a.j.p.j.s.J.Full charging journey with SSE: [electrahub-jmeter][full][044] http POST /charger/graphql status=200 elapsedMs=104
2026-07-02 01:23:06,522 INFO o.a.j.p.j.s.J.Full charging journey with SSE: [electrahub-jmeter][full][044] dynamic connector selection found no available connector; using CSV connector
2026-07-02 01:23:06,523 INFO o.a.j.p.j.s.J.Full charging journey with SSE: [electrahub-jmeter][full][044] step=charger graphql view
2026-07-02 01:23:06,592 INFO o.a.j.p.j.s.J.Full charging journey with SSE: [electrahub-jmeter][full][044] http POST /charger/graphql status=200 elapsedMs=68
2026-07-02 01:23:06,593 INFO o.a.j.p.j.s.J.Full charging journey with SSE: [electrahub-jmeter][full][044] step=payment state before start
2026-07-02 01:23:06,648 INFO o.a.j.p.j.s.J.Full charging journey with SSE: [electrahub-jmeter][full][044] http GET /payment/api/v1/payment/state status=200 elapsedMs=55
2026-07-02 01:23:06,651 INFO o.a.j.p.j.s.J.Full charging journey with SSE: [electrahub-jmeter][full][044] using connector csv fallback attempts=100 startIndex=44/100
2026-07-02 01:23:06,651 INFO o.a.j.p.j.s.J.Full charging journey with SSE: [electrahub-jmeter][full][044] step=start charging attempt 1
2026-07-02 01:23:06,721 INFO o.a.j.p.j.s.J.Full charging journey with SSE: [electrahub-jmeter][full][044] http POST /session/api/v1/sessions/start status=409 elapsedMs=69
2026-07-02 01:23:06,721 INFO o.a.j.p.j.s.J.Full charging journey with SSE: [electrahub-jmeter][full][044] start skipped EH-US-CHG-0044/CON-US-0044 HTTP 409; trying next connector
2026-07-02 01:23:06,724 INFO o.a.j.p.j.s.J.Full charging journey with SSE: [electrahub-jmeter][full][042] step=start charging attempt 12
2026-07-02 01:23:06,798 INFO o.a.j.p.j.s.J.Full charging journey with SSE: [electrahub-jmeter][full][042] http POST /session/api/v1/sessions/start status=409 elapsedMs=73
2026-07-02 01:23:06,799 INFO o.a.j.p.j.s.J.Full charging journey with SSE: [electrahub-jmeter][full][042] start skipped EH-US-CHG-0053/CON-US-0053 HTTP 409; trying next connector
2026-07-02 01:23:06,884 INFO o.a.j.p.j.s.J.Full charging journey with SSE: [electrahub-jmeter][full][041] step=start charging attempt 16
2026-07-02 01:23:06,947 INFO o.a.j.p.j.s.J.Full charging journey with SSE: [electrahub-jmeter][full][041] http POST /session/api/v1/sessions/start status=409 elapsedMs=62
2026-07-02 01:23:06,948 INFO o.a.j.p.j.s.J.Full charging journey with SSE: [electrahub-jmeter][full][041] start skipped EH-US-CHG-0056/CON-US-0056 HTTP 409; trying next connector
2026-07-02 01:23:07,090 INFO o.a.j.p.j.s.J.Full charging journey with SSE: [electrahub-jmeter][full][022] step=active sessions
2026-07-02 01:23:07,122 INFO o.a.j.p.j.s.J.Full charging journey with SSE: [electrahub-jmeter][full][043] step=start charging attempt 7
2026-07-02 01:23:07,184 INFO o.a.j.p.j.s.J.Full charging journey with SSE: [electrahub-jmeter][full][022] http GET /session/api/v1/sessions/active status=200 elapsedMs=93
2026-07-02 01:23:07,185 INFO o.a.j.p.j.s.J.Full charging journey with SSE: [electrahub-jmeter][full][022] step=receipt
2026-07-02 01:23:07,193 INFO o.a.j.p.j.s.J.Full charging journey with SSE: [electrahub-jmeter][full][043] http POST /session/api/v1/sessions/start status=409 elapsedMs=69
2026-07-02 01:23:07,194 INFO o.a.j.p.j.s.J.Full charging journey with SSE: [electrahub-jmeter][full][043] start skipped EH-US-CHG-0049/CON-US-0049 HTTP 409; trying next connector
2026-07-02 01:23:07,248 INFO o.a.j.p.j.s.J.Full charging journey with SSE: [electrahub-jmeter][full][022] http GET /session/api/v1/sessions/4bb5fa1d-4548-49b1-bc3d-558b7c6e7ecb/receipt status=200 elapsedMs=62
2026-07-02 01:23:07,249 INFO o.a.j.p.j.s.J.Full charging journey with SSE: [electrahub-jmeter][full][022] step=session history
2026-07-02 01:23:07,304 INFO o.a.j.p.j.s.J.Full charging journey with SSE: [electrahub-jmeter][full][022] http GET /session/api/v1/sessions/history?page=0&size=10 status=200 elapsedMs=55
2026-07-02 01:23:07,304 INFO o.a.j.p.j.s.J.Full charging journey with SSE: [electrahub-jmeter][full][022] step=dashboard stats
2026-07-02 01:23:07,359 INFO o.a.j.p.j.s.J.Full charging journey with SSE: [electrahub-jmeter][full][022] http GET /session/api/v1/sessions/dashboard-stats status=200 elapsedMs=54
2026-07-02 01:23:07,360 INFO o.a.j.p.j.s.J.Full charging journey with SSE: [electrahub-jmeter][full][022] receipt ok session=4bb5fa1d-4548-49b1-bc3d-558b7c6e7ecb status=Completed total=1.8618
2026-07-02 01:23:07,361 INFO o.a.j.t.JMeterThread: Thread is done: 100 driver charging journeys 1-22
2026-07-02 01:23:07,362 INFO o.a.j.t.JMeterThread: Thread finished: 100 driver charging journeys 1-22
2026-07-02 01:23:07,722 INFO o.a.j.p.j.s.J.Full charging journey with SSE: [electrahub-jmeter][full][044] step=start charging attempt 2
2026-07-02 01:23:07,792 INFO o.a.j.p.j.s.J.Full charging journey with SSE: [electrahub-jmeter][full][044] http POST /session/api/v1/sessions/start status=409 elapsedMs=69
2026-07-02 01:23:07,793 INFO o.a.j.p.j.s.J.Full charging journey with SSE: [electrahub-jmeter][full][044] start skipped EH-US-CHG-0045/CON-US-0045 HTTP 409; trying next connector
2026-07-02 01:23:07,800 INFO o.a.j.p.j.s.J.Full charging journey with SSE: [electrahub-jmeter][full][042] step=start charging attempt 13
2026-07-02 01:23:07,830 INFO o.a.j.p.j.s.J.Full charging journey with SSE: [electrahub-jmeter][full][024] step=stop charging session
2026-07-02 01:23:07,878 INFO o.a.j.p.j.s.J.Full charging journey with SSE: [electrahub-jmeter][full][042] http POST /session/api/v1/sessions/start status=409 elapsedMs=77
2026-07-02 01:23:07,879 INFO o.a.j.p.j.s.J.Full charging journey with SSE: [electrahub-jmeter][full][042] start skipped EH-US-CHG-0054/CON-US-0054 HTTP 409; trying next connector
2026-07-02 01:23:07,949 INFO o.a.j.p.j.s.J.Full charging journey with SSE: [electrahub-jmeter][full][041] step=start charging attempt 17
2026-07-02 01:23:08,025 INFO o.a.j.p.j.s.J.Full charging journey with SSE: [electrahub-jmeter][full][041] http POST /session/api/v1/sessions/start status=409 elapsedMs=76
2026-07-02 01:23:08,026 INFO o.a.j.p.j.s.J.Full charging journey with SSE: [electrahub-jmeter][full][041] start skipped EH-US-CHG-0057/CON-US-0057 HTTP 409; trying next connector
2026-07-02 01:23:08,195 INFO o.a.j.p.j.s.J.Full charging journey with SSE: [electrahub-jmeter][full][043] step=start charging attempt 8
2026-07-02 01:23:08,262 INFO o.a.j.p.j.s.J.Full charging journey with SSE: [electrahub-jmeter][full][043] http POST /session/api/v1/sessions/start status=409 elapsedMs=66
2026-07-02 01:23:08,262 INFO o.a.j.p.j.s.J.Full charging journey with SSE: [electrahub-jmeter][full][043] start skipped EH-US-CHG-0050/CON-US-0050 HTTP 409; trying next connector
2026-07-02 01:23:08,794 INFO o.a.j.p.j.s.J.Full charging journey with SSE: [electrahub-jmeter][full][044] step=start charging attempt 3
2026-07-02 01:23:08,858 INFO o.a.j.p.j.s.J.Full charging journey with SSE: [electrahub-jmeter][full][044] http POST /session/api/v1/sessions/start status=409 elapsedMs=63
2026-07-02 01:23:08,859 INFO o.a.j.p.j.s.J.Full charging journey with SSE: [electrahub-jmeter][full][044] start skipped EH-US-CHG-0046/CON-US-0046 HTTP 409; trying next connector
2026-07-02 01:23:08,880 INFO o.a.j.p.j.s.J.Full charging journey with SSE: [electrahub-jmeter][full][042] step=start charging attempt 14
2026-07-02 01:23:08,947 INFO o.a.j.p.j.s.J.Full charging journey with SSE: [electrahub-jmeter][full][042] http POST /session/api/v1/sessions/start status=409 elapsedMs=66
2026-07-02 01:23:08,948 INFO o.a.j.p.j.s.J.Full charging journey with SSE: [electrahub-jmeter][full][042] start skipped EH-US-CHG-0055/CON-US-0055 HTTP 409; trying next connector
2026-07-02 01:23:09,027 INFO o.a.j.p.j.s.J.Full charging journey with SSE: [electrahub-jmeter][full][041] step=start charging attempt 18
2026-07-02 01:23:09,095 INFO o.a.j.p.j.s.J.Full charging journey with SSE: [electrahub-jmeter][full][041] http POST /session/api/v1/sessions/start status=409 elapsedMs=67
2026-07-02 01:23:09,096 INFO o.a.j.p.j.s.J.Full charging journey with SSE: [electrahub-jmeter][full][041] start skipped EH-US-CHG-0058/CON-US-0058 HTTP 409; trying next connector
2026-07-02 01:23:09,156 INFO o.a.j.p.j.s.J.Full charging journey with SSE: [electrahub-jmeter][full][030] sse ok connected=1 snapshot=2 updates=29 receipts=0 heartbeats=0
2026-07-02 01:23:09,157 INFO o.a.j.p.j.s.J.Full charging journey with SSE: [electrahub-jmeter][full][030] holding session for 33s before stop
2026-07-02 01:23:09,263 INFO o.a.j.p.j.s.J.Full charging journey with SSE: [electrahub-jmeter][full][043] step=start charging attempt 9
2026-07-02 01:23:09,332 INFO o.a.j.p.j.s.J.Full charging journey with SSE: [electrahub-jmeter][full][043] http POST /session/api/v1/sessions/start status=409 elapsedMs=68
2026-07-02 01:23:09,333 INFO o.a.j.p.j.s.J.Full charging journey with SSE: [electrahub-jmeter][full][043] start skipped EH-US-CHG-0051/CON-US-0051 HTTP 409; trying next connector
2026-07-02 01:23:09,860 INFO o.a.j.p.j.s.J.Full charging journey with SSE: [electrahub-jmeter][full][044] step=start charging attempt 4
2026-07-02 01:23:09,926 INFO o.a.j.p.j.s.J.Full charging journey with SSE: [electrahub-jmeter][full][044] http POST /session/api/v1/sessions/start status=409 elapsedMs=64
2026-07-02 01:23:09,926 INFO o.a.j.p.j.s.J.Full charging journey with SSE: [electrahub-jmeter][full][044] start skipped EH-US-CHG-0047/CON-US-0047 HTTP 409; trying next connector
2026-07-02 01:23:09,948 INFO o.a.j.p.j.s.J.Full charging journey with SSE: [electrahub-jmeter][full][042] step=start charging attempt 15
2026-07-02 01:23:10,012 INFO o.a.j.p.j.s.J.Full charging journey with SSE: [electrahub-jmeter][full][042] http POST /session/api/v1/sessions/start status=409 elapsedMs=62
2026-07-02 01:23:10,013 INFO o.a.j.p.j.s.J.Full charging journey with SSE: [electrahub-jmeter][full][042] start skipped EH-US-CHG-0056/CON-US-0056 HTTP 409; trying next connector
2026-07-02 01:23:10,097 INFO o.a.j.p.j.s.J.Full charging journey with SSE: [electrahub-jmeter][full][041] step=start charging attempt 19
2026-07-02 01:23:10,334 INFO o.a.j.p.j.s.J.Full charging journey with SSE: [electrahub-jmeter][full][043] step=start charging attempt 10
2026-07-02 01:23:10,397 INFO o.a.j.p.j.s.J.Full charging journey with SSE: [electrahub-jmeter][full][043] http POST /session/api/v1/sessions/start status=409 elapsedMs=62
2026-07-02 01:23:10,398 INFO o.a.j.p.j.s.J.Full charging journey with SSE: [electrahub-jmeter][full][043] start skipped EH-US-CHG-0052/CON-US-0052 HTTP 409; trying next connector
2026-07-02 01:23:10,927 INFO o.a.j.p.j.s.J.Full charging journey with SSE: [electrahub-jmeter][full][044] step=start charging attempt 5
2026-07-02 01:23:10,993 INFO o.a.j.p.j.s.J.Full charging journey with SSE: [electrahub-jmeter][full][044] http POST /session/api/v1/sessions/start status=409 elapsedMs=65
2026-07-02 01:23:10,994 INFO o.a.j.p.j.s.J.Full charging journey with SSE: [electrahub-jmeter][full][044] start skipped EH-US-CHG-0048/CON-US-0048 HTTP 409; trying next connector
2026-07-02 01:23:11,014 INFO o.a.j.p.j.s.J.Full charging journey with SSE: [electrahub-jmeter][full][042] step=start charging attempt 16
2026-07-02 01:23:11,086 INFO o.a.j.p.j.s.J.Full charging journey with SSE: [electrahub-jmeter][full][042] http POST /session/api/v1/sessions/start status=409 elapsedMs=71
2026-07-02 01:23:11,087 INFO o.a.j.p.j.s.J.Full charging journey with SSE: [electrahub-jmeter][full][042] start skipped EH-US-CHG-0057/CON-US-0057 HTTP 409; trying next connector
2026-07-02 01:23:11,139 INFO o.a.j.p.j.s.J.Full charging journey with SSE: [electrahub-jmeter][full][023] step=active sessions
2026-07-02 01:23:11,183 INFO o.a.j.p.j.s.J.Full charging journey with SSE: [electrahub-jmeter][full][024] http POST /session/api/v1/sessions/ffd1416e-3b3b-4b9e-8d18-85b5e77f1f71/stop status=204 elapsedMs=3352
2026-07-02 01:23:11,184 INFO o.a.j.p.j.s.J.Full charging journey with SSE: [electrahub-jmeter][full][024] stop requested session=ffd1416e-3b3b-4b9e-8d18-85b5e77f1f71
2026-07-02 01:23:11,184 INFO o.a.j.p.j.s.J.Full charging journey with SSE: [electrahub-jmeter][full][024] step=active sessions
2026-07-02 01:23:11,196 INFO o.a.j.p.j.s.J.Full charging journey with SSE: [electrahub-jmeter][full][023] http GET /session/api/v1/sessions/active status=200 elapsedMs=57
2026-07-02 01:23:11,197 INFO o.a.j.p.j.s.J.Full charging journey with SSE: [electrahub-jmeter][full][023] step=receipt
2026-07-02 01:23:11,228 INFO o.a.j.p.j.s.J.Full charging journey with SSE: [electrahub-jmeter][full][041] http POST /session/api/v1/sessions/start status=201 elapsedMs=1130
2026-07-02 01:23:11,229 INFO o.a.j.p.j.s.J.Full charging journey with SSE: [electrahub-jmeter][full][041] started session=4181f09d-d7ac-4701-acdc-45847dd00c8d charger=EH-US-CHG-0059/CON-US-0059 status=PREPARING remote=Accepted attempt=19/100
2026-07-02 01:23:11,230 INFO o.a.j.p.j.s.J.Full charging journey with SSE: [electrahub-jmeter][full][041] step=active sessions
2026-07-02 01:23:11,282 INFO o.a.j.p.j.s.J.Full charging journey with SSE: [electrahub-jmeter][full][023] http GET /session/api/v1/sessions/b3deafcf-d623-4669-a416-b09f1ce98065/receipt status=200 elapsedMs=85
2026-07-02 01:23:11,283 INFO o.a.j.p.j.s.J.Full charging journey with SSE: [electrahub-jmeter][full][023] step=session history
2026-07-02 01:23:11,341 INFO o.a.j.p.j.s.J.Full charging journey with SSE: [electrahub-jmeter][full][023] http GET /session/api/v1/sessions/history?page=0&size=10 status=200 elapsedMs=58
2026-07-02 01:23:11,341 INFO o.a.j.p.j.s.J.Full charging journey with SSE: [electrahub-jmeter][full][023] step=dashboard stats
2026-07-02 01:23:11,399 INFO o.a.j.p.j.s.J.Full charging journey with SSE: [electrahub-jmeter][full][043] step=start charging attempt 11
2026-07-02 01:23:11,401 INFO o.a.j.p.j.s.J.Full charging journey with SSE: [electrahub-jmeter][full][023] http GET /session/api/v1/sessions/dashboard-stats status=200 elapsedMs=58
2026-07-02 01:23:11,401 INFO o.a.j.p.j.s.J.Full charging journey with SSE: [electrahub-jmeter][full][023] receipt ok session=b3deafcf-d623-4669-a416-b09f1ce98065 status=Completed total=1.858
2026-07-02 01:23:11,403 INFO o.a.j.t.JMeterThread: Thread is done: 100 driver charging journeys 1-23
2026-07-02 01:23:11,403 INFO o.a.j.t.JMeterThread: Thread finished: 100 driver charging journeys 1-23
2026-07-02 01:23:11,524 INFO o.a.j.p.j.s.J.Full charging journey with SSE: [electrahub-jmeter][full][043] http POST /session/api/v1/sessions/start status=409 elapsedMs=76
2026-07-02 01:23:11,524 INFO o.a.j.p.j.s.J.Full charging journey with SSE: [electrahub-jmeter][full][043] start skipped EH-US-CHG-0053/CON-US-0053 HTTP 409; trying next connector
2026-07-02 01:23:11,682 INFO o.a.j.t.JMeterThread: Thread started: 100 driver charging journeys 1-45
2026-07-02 01:23:11,688 INFO o.a.j.p.j.s.J.Full charging journey with SSE: [electrahub-jmeter][full][045] step=register
2026-07-02 01:23:11,892 INFO o.a.j.p.j.s.J.Full charging journey with SSE: [electrahub-jmeter][full][045] http POST /auth/api/auth/register status=200 elapsedMs=203
2026-07-02 01:23:11,893 INFO o.a.j.p.j.s.J.Full charging journey with SSE: [electrahub-jmeter][full][045] registered uid=66cad193-1666-43c1-960c-55f8db107005
2026-07-02 01:23:11,903 INFO o.a.j.p.j.s.J.Full charging journey with SSE: [electrahub-jmeter][full][045] step=payment state before setup
2026-07-02 01:23:11,959 INFO o.a.j.p.j.s.J.Full charging journey with SSE: [electrahub-jmeter][full][045] http GET /payment/api/v1/payment/state status=451 elapsedMs=55
2026-07-02 01:23:11,960 INFO o.a.j.p.j.s.J.Full charging journey with SSE: [electrahub-jmeter][full][045] step=accept terms
2026-07-02 01:23:11,994 INFO o.a.j.p.j.s.J.Full charging journey with SSE: [electrahub-jmeter][full][044] step=start charging attempt 6
2026-07-02 01:23:12,016 INFO o.a.j.p.j.s.J.Full charging journey with SSE: [electrahub-jmeter][full][045] http POST /auth/api/terms/accept status=201 elapsedMs=55
2026-07-02 01:23:12,017 INFO o.a.j.p.j.s.J.Full charging journey with SSE: [electrahub-jmeter][full][045] accepted terms; refreshing token through login
2026-07-02 01:23:12,018 INFO o.a.j.p.j.s.J.Full charging journey with SSE: [electrahub-jmeter][full][045] step=login
2026-07-02 01:23:12,062 INFO o.a.j.p.j.s.J.Full charging journey with SSE: [electrahub-jmeter][full][044] http POST /session/api/v1/sessions/start status=409 elapsedMs=66
2026-07-02 01:23:12,063 INFO o.a.j.p.j.s.J.Full charging journey with SSE: [electrahub-jmeter][full][044] start skipped EH-US-CHG-0049/CON-US-0049 HTTP 409; trying next connector
2026-07-02 01:23:12,088 INFO o.a.j.p.j.s.J.Full charging journey with SSE: [electrahub-jmeter][full][042] step=start charging attempt 17
2026-07-02 01:23:12,197 INFO o.a.j.p.j.s.J.Full charging journey with SSE: [electrahub-jmeter][full][045] http POST /auth/api/auth/login status=200 elapsedMs=178
2026-07-02 01:23:12,197 INFO o.a.j.p.j.s.J.Full charging journey with SSE: [electrahub-jmeter][full][042] http POST /session/api/v1/sessions/start status=409 elapsedMs=108
2026-07-02 01:23:12,198 INFO o.a.j.p.j.s.J.Full charging journey with SSE: [electrahub-jmeter][full][045] logged in uid=66cad193-1666-43c1-960c-55f8db107005
2026-07-02 01:23:12,199 INFO o.a.j.p.j.s.J.Full charging journey with SSE: [electrahub-jmeter][full][042] start skipped EH-US-CHG-0058/CON-US-0058 HTTP 409; trying next connector
2026-07-02 01:23:12,199 INFO o.a.j.p.j.s.J.Full charging journey with SSE: [electrahub-jmeter][full][045] step=payment state after terms
2026-07-02 01:23:12,202 INFO o.a.j.p.j.s.J.Full charging journey with SSE: [electrahub-jmeter][full][024] http GET /session/api/v1/sessions/active status=200 elapsedMs=1017
2026-07-02 01:23:12,206 INFO o.a.j.p.j.s.J.Full charging journey with SSE: [electrahub-jmeter][full][041] http GET /session/api/v1/sessions/active status=200 elapsedMs=975
2026-07-02 01:23:12,262 INFO o.a.j.p.j.s.J.Full charging journey with SSE: [electrahub-jmeter][full][045] http GET /payment/api/v1/payment/state status=200 elapsedMs=62
2026-07-02 01:23:12,263 INFO o.a.j.p.j.s.J.Full charging journey with SSE: [electrahub-jmeter][full][045] step=add card
2026-07-02 01:23:12,321 INFO o.a.j.p.j.s.J.Full charging journey with SSE: [electrahub-jmeter][full][045] http POST /payment/api/v1/payment/cards status=201 elapsedMs=57
2026-07-02 01:23:12,321 INFO o.a.j.p.j.s.J.Full charging journey with SSE: [electrahub-jmeter][full][045] step=wallet topup
2026-07-02 01:23:12,379 INFO o.a.j.p.j.s.J.Full charging journey with SSE: [electrahub-jmeter][full][045] http POST /payment/api/v1/payment/wallet/topups status=201 elapsedMs=56
2026-07-02 01:23:12,380 INFO o.a.j.p.j.s.J.Full charging journey with SSE: [electrahub-jmeter][full][045] step=payment state after setup
2026-07-02 01:23:12,437 INFO o.a.j.p.j.s.J.Full charging journey with SSE: [electrahub-jmeter][full][045] http GET /payment/api/v1/payment/state status=200 elapsedMs=57
2026-07-02 01:23:12,438 INFO o.a.j.p.j.s.J.Full charging journey with SSE: [electrahub-jmeter][full][045] payment ready wallet=120.00
2026-07-02 01:23:12,438 INFO o.a.j.p.j.s.J.Full charging journey with SSE: [electrahub-jmeter][full][045] step=charger graphql list
2026-07-02 01:23:12,525 INFO o.a.j.p.j.s.J.Full charging journey with SSE: [electrahub-jmeter][full][043] step=start charging attempt 12
2026-07-02 01:23:12,540 INFO o.a.j.p.j.s.J.Full charging journey with SSE: [electrahub-jmeter][full][045] http POST /charger/graphql status=200 elapsedMs=101
2026-07-02 01:23:12,541 INFO o.a.j.p.j.s.J.Full charging journey with SSE: [electrahub-jmeter][full][045] dynamic connector selection found no available connector; using CSV connector
2026-07-02 01:23:12,541 INFO o.a.j.p.j.s.J.Full charging journey with SSE: [electrahub-jmeter][full][045] step=charger graphql view
2026-07-02 01:23:12,592 INFO o.a.j.p.j.s.J.Full charging journey with SSE: [electrahub-jmeter][full][043] http POST /session/api/v1/sessions/start status=409 elapsedMs=66
2026-07-02 01:23:12,592 INFO o.a.j.p.j.s.J.Full charging journey with SSE: [electrahub-jmeter][full][043] start skipped EH-US-CHG-0054/CON-US-0054 HTTP 409; trying next connector
2026-07-02 01:23:12,608 INFO o.a.j.p.j.s.J.Full charging journey with SSE: [electrahub-jmeter][full][045] http POST /charger/graphql status=200 elapsedMs=66
2026-07-02 01:23:12,608 INFO o.a.j.p.j.s.J.Full charging journey with SSE: [electrahub-jmeter][full][045] step=payment state before start
2026-07-02 01:23:12,659 INFO o.a.j.p.j.s.J.Full charging journey with SSE: [electrahub-jmeter][full][045] http GET /payment/api/v1/payment/state status=200 elapsedMs=50
2026-07-02 01:23:12,662 INFO o.a.j.p.j.s.J.Full charging journey with SSE: [electrahub-jmeter][full][045] using connector csv fallback attempts=100 startIndex=45/100
2026-07-02 01:23:12,662 INFO o.a.j.p.j.s.J.Full charging journey with SSE: [electrahub-jmeter][full][045] step=start charging attempt 1
2026-07-02 01:23:12,728 INFO o.a.j.p.j.s.J.Full charging journey with SSE: [electrahub-jmeter][full][045] http POST /session/api/v1/sessions/start status=409 elapsedMs=65
2026-07-02 01:23:12,728 INFO o.a.j.p.j.s.J.Full charging journey with SSE: [electrahub-jmeter][full][045] start skipped EH-US-CHG-0045/CON-US-0045 HTTP 409; trying next connector
2026-07-02 01:23:13,064 INFO o.a.j.p.j.s.J.Full charging journey with SSE: [electrahub-jmeter][full][044] step=start charging attempt 7
2026-07-02 01:23:13,132 INFO o.a.j.p.j.s.J.Full charging journey with SSE: [electrahub-jmeter][full][044] http POST /session/api/v1/sessions/start status=409 elapsedMs=67
2026-07-02 01:23:13,133 INFO o.a.j.p.j.s.J.Full charging journey with SSE: [electrahub-jmeter][full][044] start skipped EH-US-CHG-0050/CON-US-0050 HTTP 409; trying next connector
2026-07-02 01:23:13,200 INFO o.a.j.p.j.s.J.Full charging journey with SSE: [electrahub-jmeter][full][042] step=start charging attempt 18
2026-07-02 01:23:13,295 INFO o.a.j.p.j.s.J.Full charging journey with SSE: [electrahub-jmeter][full][042] http POST /session/api/v1/sessions/start status=409 elapsedMs=94
2026-07-02 01:23:13,295 INFO o.a.j.p.j.s.J.Full charging journey with SSE: [electrahub-jmeter][full][042] start skipped EH-US-CHG-0059/CON-US-0059 HTTP 409; trying next connector
2026-07-02 01:23:13,593 INFO o.a.j.p.j.s.J.Full charging journey with SSE: [electrahub-jmeter][full][043] step=start charging attempt 13
2026-07-02 01:23:13,659 INFO o.a.j.p.j.s.J.Full charging journey with SSE: [electrahub-jmeter][full][043] http POST /session/api/v1/sessions/start status=409 elapsedMs=64
2026-07-02 01:23:13,660 INFO o.a.j.p.j.s.J.Full charging journey with SSE: [electrahub-jmeter][full][043] start skipped EH-US-CHG-0055/CON-US-0055 HTTP 409; trying next connector
2026-07-02 01:23:13,729 INFO o.a.j.p.j.s.J.Full charging journey with SSE: [electrahub-jmeter][full][045] step=start charging attempt 2
2026-07-02 01:23:13,794 INFO o.a.j.p.j.s.J.Full charging journey with SSE: [electrahub-jmeter][full][045] http POST /session/api/v1/sessions/start status=409 elapsedMs=63
2026-07-02 01:23:13,795 INFO o.a.j.p.j.s.J.Full charging journey with SSE: [electrahub-jmeter][full][045] start skipped EH-US-CHG-0046/CON-US-0046 HTTP 409; trying next connector
2026-07-02 01:23:13,886 INFO o.a.j.p.j.s.J.Full charging journey with SSE: [electrahub-jmeter][full][025] step=stop charging session
2026-07-02 01:23:14,134 INFO o.a.j.p.j.s.J.Full charging journey with SSE: [electrahub-jmeter][full][044] step=start charging attempt 8
2026-07-02 01:23:14,206 INFO o.a.j.p.j.s.J.Full charging journey with SSE: [electrahub-jmeter][full][044] http POST /session/api/v1/sessions/start status=409 elapsedMs=71
2026-07-02 01:23:14,207 INFO o.a.j.p.j.s.J.Full charging journey with SSE: [electrahub-jmeter][full][044] start skipped EH-US-CHG-0051/CON-US-0051 HTTP 409; trying next connector
2026-07-02 01:23:14,220 INFO o.a.j.p.j.s.J.Full charging journey with SSE: [electrahub-jmeter][full][031] sse ok connected=1 snapshot=2 updates=23 receipts=0 heartbeats=0
2026-07-02 01:23:14,221 INFO o.a.j.p.j.s.J.Full charging journey with SSE: [electrahub-jmeter][full][031] holding session for 34s before stop
2026-07-02 01:23:14,296 INFO o.a.j.p.j.s.J.Full charging journey with SSE: [electrahub-jmeter][full][042] step=start charging attempt 19
2026-07-02 01:23:14,660 INFO o.a.j.p.j.s.J.Full charging journey with SSE: [electrahub-jmeter][full][043] step=start charging attempt 14
2026-07-02 01:23:14,722 INFO o.a.j.p.j.s.J.Full charging journey with SSE: [electrahub-jmeter][full][043] http POST /session/api/v1/sessions/start status=409 elapsedMs=61
2026-07-02 01:23:14,723 INFO o.a.j.p.j.s.J.Full charging journey with SSE: [electrahub-jmeter][full][043] start skipped EH-US-CHG-0056/CON-US-0056 HTTP 409; trying next connector
2026-07-02 01:23:14,796 INFO o.a.j.p.j.s.J.Full charging journey with SSE: [electrahub-jmeter][full][045] step=start charging attempt 3
2026-07-02 01:23:14,867 INFO o.a.j.p.j.s.J.Full charging journey with SSE: [electrahub-jmeter][full][045] http POST /session/api/v1/sessions/start status=409 elapsedMs=70
2026-07-02 01:23:14,868 INFO o.a.j.p.j.s.J.Full charging journey with SSE: [electrahub-jmeter][full][045] start skipped EH-US-CHG-0047/CON-US-0047 HTTP 409; trying next connector
2026-07-02 01:23:15,208 INFO o.a.j.p.j.s.J.Full charging journey with SSE: [electrahub-jmeter][full][044] step=start charging attempt 9
2026-07-02 01:23:15,239 INFO o.a.j.p.j.s.J.Full charging journey with SSE: [electrahub-jmeter][full][042] http POST /session/api/v1/sessions/start status=201 elapsedMs=942
2026-07-02 01:23:15,240 INFO o.a.j.p.j.s.J.Full charging journey with SSE: [electrahub-jmeter][full][042] started session=89b5db01-0f8f-4edc-90d3-f3481ae7f8ee charger=EH-US-CHG-0060/CON-US-0060 status=PREPARING remote=Accepted attempt=19/100
2026-07-02 01:23:15,240 INFO o.a.j.p.j.s.J.Full charging journey with SSE: [electrahub-jmeter][full][042] step=active sessions
2026-07-02 01:23:15,332 INFO o.a.j.p.j.s.J.Full charging journey with SSE: [electrahub-jmeter][full][044] http POST /session/api/v1/sessions/start status=409 elapsedMs=120
2026-07-02 01:23:15,333 INFO o.a.j.p.j.s.J.Full charging journey with SSE: [electrahub-jmeter][full][044] start skipped EH-US-CHG-0052/CON-US-0052 HTTP 409; trying next connector
2026-07-02 01:23:15,724 INFO o.a.j.p.j.s.J.Full charging journey with SSE: [electrahub-jmeter][full][043] step=start charging attempt 15
2026-07-02 01:23:15,799 INFO o.a.j.p.j.s.J.Full charging journey with SSE: [electrahub-jmeter][full][043] http POST /session/api/v1/sessions/start status=409 elapsedMs=74
2026-07-02 01:23:15,800 INFO o.a.j.p.j.s.J.Full charging journey with SSE: [electrahub-jmeter][full][043] start skipped EH-US-CHG-0057/CON-US-0057 HTTP 409; trying next connector
2026-07-02 01:23:15,869 INFO o.a.j.p.j.s.J.Full charging journey with SSE: [electrahub-jmeter][full][045] step=start charging attempt 4
2026-07-02 01:23:15,937 INFO o.a.j.p.j.s.J.Full charging journey with SSE: [electrahub-jmeter][full][045] http POST /session/api/v1/sessions/start status=409 elapsedMs=67
2026-07-02 01:23:15,938 INFO o.a.j.p.j.s.J.Full charging journey with SSE: [electrahub-jmeter][full][045] start skipped EH-US-CHG-0048/CON-US-0048 HTTP 409; trying next connector
2026-07-02 01:23:16,243 INFO o.a.j.p.j.s.J.Full charging journey with SSE: [electrahub-jmeter][full][042] http GET /session/api/v1/sessions/active status=200 elapsedMs=1002
2026-07-02 01:23:16,334 INFO o.a.j.p.j.s.J.Full charging journey with SSE: [electrahub-jmeter][full][044] step=start charging attempt 10
2026-07-02 01:23:16,402 INFO o.a.j.p.j.s.J.Full charging journey with SSE: [electrahub-jmeter][full][044] http POST /session/api/v1/sessions/start status=409 elapsedMs=68
2026-07-02 01:23:16,403 INFO o.a.j.p.j.s.J.Full charging journey with SSE: [electrahub-jmeter][full][044] start skipped EH-US-CHG-0053/CON-US-0053 HTTP 409; trying next connector
2026-07-02 01:23:16,800 INFO o.a.j.p.j.s.J.Full charging journey with SSE: [electrahub-jmeter][full][043] step=start charging attempt 16
2026-07-02 01:23:16,876 INFO o.a.j.p.j.s.J.Full charging journey with SSE: [electrahub-jmeter][full][043] http POST /session/api/v1/sessions/start status=409 elapsedMs=75
2026-07-02 01:23:16,877 INFO o.a.j.p.j.s.J.Full charging journey with SSE: [electrahub-jmeter][full][043] start skipped EH-US-CHG-0058/CON-US-0058 HTTP 409; trying next connector
2026-07-02 01:23:16,938 INFO o.a.j.p.j.s.J.Full charging journey with SSE: [electrahub-jmeter][full][045] step=start charging attempt 5
2026-07-02 01:23:17,012 INFO o.a.j.p.j.s.J.Full charging journey with SSE: [electrahub-jmeter][full][045] http POST /session/api/v1/sessions/start status=409 elapsedMs=73
2026-07-02 01:23:17,013 INFO o.a.j.p.j.s.J.Full charging journey with SSE: [electrahub-jmeter][full][045] start skipped EH-US-CHG-0049/CON-US-0049 HTTP 409; trying next connector
2026-07-02 01:23:17,203 INFO o.a.j.p.j.s.J.Full charging journey with SSE: [electrahub-jmeter][full][024] step=active sessions
2026-07-02 01:23:17,262 INFO o.a.j.p.j.s.J.Full charging journey with SSE: [electrahub-jmeter][full][025] http POST /session/api/v1/sessions/a3bf42c0-3539-4031-a368-4fdc4bb0adae/stop status=204 elapsedMs=3375
2026-07-02 01:23:17,263 INFO o.a.j.p.j.s.J.Full charging journey with SSE: [electrahub-jmeter][full][025] stop requested session=a3bf42c0-3539-4031-a368-4fdc4bb0adae
2026-07-02 01:23:17,263 INFO o.a.j.p.j.s.J.Full charging journey with SSE: [electrahub-jmeter][full][025] step=active sessions
2026-07-02 01:23:17,273 INFO o.a.j.p.j.s.J.Full charging journey with SSE: [electrahub-jmeter][full][024] http GET /session/api/v1/sessions/active status=200 elapsedMs=70
2026-07-02 01:23:17,274 INFO o.a.j.p.j.s.J.Full charging journey with SSE: [electrahub-jmeter][full][024] step=receipt
2026-07-02 01:23:17,329 INFO o.a.j.p.j.s.J.Full charging journey with SSE: [electrahub-jmeter][full][024] http GET /session/api/v1/sessions/ffd1416e-3b3b-4b9e-8d18-85b5e77f1f71/receipt status=200 elapsedMs=55
2026-07-02 01:23:17,330 INFO o.a.j.p.j.s.J.Full charging journey with SSE: [electrahub-jmeter][full][024] step=session history
2026-07-02 01:23:17,391 INFO o.a.j.p.j.s.J.Full charging journey with SSE: [electrahub-jmeter][full][024] http GET /session/api/v1/sessions/history?page=0&size=10 status=200 elapsedMs=61
2026-07-02 01:23:17,392 INFO o.a.j.p.j.s.J.Full charging journey with SSE: [electrahub-jmeter][full][024] step=dashboard stats
2026-07-02 01:23:17,404 INFO o.a.j.p.j.s.J.Full charging journey with SSE: [electrahub-jmeter][full][044] step=start charging attempt 11
2026-07-02 01:23:17,446 INFO o.a.j.p.j.s.J.Full charging journey with SSE: [electrahub-jmeter][full][024] http GET /session/api/v1/sessions/dashboard-stats status=200 elapsedMs=54
2026-07-02 01:23:17,446 INFO o.a.j.p.j.s.J.Full charging journey with SSE: [electrahub-jmeter][full][024] receipt ok session=ffd1416e-3b3b-4b9e-8d18-85b5e77f1f71 status=Completed total=1.858
2026-07-02 01:23:17,447 INFO o.a.j.t.JMeterThread: Thread is done: 100 driver charging journeys 1-24
2026-07-02 01:23:17,448 INFO o.a.j.t.JMeterThread: Thread finished: 100 driver charging journeys 1-24
2026-07-02 01:23:17,521 INFO o.a.j.p.j.s.J.Full charging journey with SSE: [electrahub-jmeter][full][044] http POST /session/api/v1/sessions/start status=409 elapsedMs=75
2026-07-02 01:23:17,522 INFO o.a.j.p.j.s.J.Full charging journey with SSE: [electrahub-jmeter][full][044] start skipped EH-US-CHG-0054/CON-US-0054 HTTP 409; trying next connector
2026-07-02 01:23:17,681 INFO o.a.j.t.JMeterThread: Thread started: 100 driver charging journeys 1-46
2026-07-02 01:23:17,687 INFO o.a.j.p.j.s.J.Full charging journey with SSE: [electrahub-jmeter][full][046] step=register
2026-07-02 01:23:17,877 INFO o.a.j.p.j.s.J.Full charging journey with SSE: [electrahub-jmeter][full][043] step=start charging attempt 17
2026-07-02 01:23:17,891 INFO o.a.j.p.j.s.J.Full charging journey with SSE: [electrahub-jmeter][full][046] http POST /auth/api/auth/register status=200 elapsedMs=203
2026-07-02 01:23:17,893 INFO o.a.j.p.j.s.J.Full charging journey with SSE: [electrahub-jmeter][full][046] registered uid=cd14e384-0496-4cb8-b195-d1b2727d1a69
2026-07-02 01:23:17,901 INFO o.a.j.p.j.s.J.Full charging journey with SSE: [electrahub-jmeter][full][046] step=payment state before setup
2026-07-02 01:23:17,942 INFO o.a.j.p.j.s.J.Full charging journey with SSE: [electrahub-jmeter][full][043] http POST /session/api/v1/sessions/start status=409 elapsedMs=64
2026-07-02 01:23:17,943 INFO o.a.j.p.j.s.J.Full charging journey with SSE: [electrahub-jmeter][full][043] start skipped EH-US-CHG-0059/CON-US-0059 HTTP 409; trying next connector
2026-07-02 01:23:17,957 INFO o.a.j.p.j.s.J.Full charging journey with SSE: [electrahub-jmeter][full][046] http GET /payment/api/v1/payment/state status=451 elapsedMs=55
2026-07-02 01:23:17,958 INFO o.a.j.p.j.s.J.Full charging journey with SSE: [electrahub-jmeter][full][046] step=accept terms
2026-07-02 01:23:18,014 INFO o.a.j.p.j.s.J.Full charging journey with SSE: [electrahub-jmeter][full][045] step=start charging attempt 6
2026-07-02 01:23:18,015 INFO o.a.j.p.j.s.J.Full charging journey with SSE: [electrahub-jmeter][full][046] http POST /auth/api/terms/accept status=201 elapsedMs=56
2026-07-02 01:23:18,016 INFO o.a.j.p.j.s.J.Full charging journey with SSE: [electrahub-jmeter][full][046] accepted terms; refreshing token through login
2026-07-02 01:23:18,016 INFO o.a.j.p.j.s.J.Full charging journey with SSE: [electrahub-jmeter][full][046] step=login
2026-07-02 01:23:18,080 INFO o.a.j.p.j.s.J.Full charging journey with SSE: [electrahub-jmeter][full][045] http POST /session/api/v1/sessions/start status=409 elapsedMs=65
2026-07-02 01:23:18,081 INFO o.a.j.p.j.s.J.Full charging journey with SSE: [electrahub-jmeter][full][045] start skipped EH-US-CHG-0050/CON-US-0050 HTTP 409; trying next connector
2026-07-02 01:23:18,176 INFO o.a.j.p.j.s.J.Full charging journey with SSE: [electrahub-jmeter][full][046] http POST /auth/api/auth/login status=200 elapsedMs=159
2026-07-02 01:23:18,177 INFO o.a.j.p.j.s.J.Full charging journey with SSE: [electrahub-jmeter][full][046] logged in uid=cd14e384-0496-4cb8-b195-d1b2727d1a69
2026-07-02 01:23:18,178 INFO o.a.j.p.j.s.J.Full charging journey with SSE: [electrahub-jmeter][full][046] step=payment state after terms
2026-07-02 01:23:18,252 INFO o.a.j.p.j.s.J.Full charging journey with SSE: [electrahub-jmeter][full][046] http GET /payment/api/v1/payment/state status=200 elapsedMs=74
2026-07-02 01:23:18,253 INFO o.a.j.p.j.s.J.Full charging journey with SSE: [electrahub-jmeter][full][046] step=add card
2026-07-02 01:23:18,269 INFO o.a.j.p.j.s.J.Full charging journey with SSE: [electrahub-jmeter][full][025] http GET /session/api/v1/sessions/active status=200 elapsedMs=1005
2026-07-02 01:23:18,270 INFO o.a.j.p.j.s.J.Full charging journey with SSE: [electrahub-jmeter][full][032] sse ok connected=1 snapshot=2 updates=29 receipts=0 heartbeats=0
2026-07-02 01:23:18,271 INFO o.a.j.p.j.s.J.Full charging journey with SSE: [electrahub-jmeter][full][032] holding session for 36s before stop
2026-07-02 01:23:18,307 INFO o.a.j.p.j.s.J.Full charging journey with SSE: [electrahub-jmeter][full][046] http POST /payment/api/v1/payment/cards status=201 elapsedMs=53
2026-07-02 01:23:18,307 INFO o.a.j.p.j.s.J.Full charging journey with SSE: [electrahub-jmeter][full][046] step=wallet topup
2026-07-02 01:23:18,365 INFO o.a.j.p.j.s.J.Full charging journey with SSE: [electrahub-jmeter][full][046] http POST /payment/api/v1/payment/wallet/topups status=201 elapsedMs=57
2026-07-02 01:23:18,365 INFO o.a.j.p.j.s.J.Full charging journey with SSE: [electrahub-jmeter][full][046] step=payment state after setup
2026-07-02 01:23:18,417 INFO o.a.j.p.j.s.J.Full charging journey with SSE: [electrahub-jmeter][full][046] http GET /payment/api/v1/payment/state status=200 elapsedMs=51
2026-07-02 01:23:18,418 INFO o.a.j.p.j.s.J.Full charging journey with SSE: [electrahub-jmeter][full][046] payment ready wallet=120.00
2026-07-02 01:23:18,418 INFO o.a.j.p.j.s.J.Full charging journey with SSE: [electrahub-jmeter][full][046] step=charger graphql list
2026-07-02 01:23:18,522 INFO o.a.j.p.j.s.J.Full charging journey with SSE: [electrahub-jmeter][full][044] step=start charging attempt 12
2026-07-02 01:23:18,524 INFO o.a.j.p.j.s.J.Full charging journey with SSE: [electrahub-jmeter][full][046] http POST /charger/graphql status=200 elapsedMs=105
2026-07-02 01:23:18,526 INFO o.a.j.p.j.s.J.Full charging journey with SSE: [electrahub-jmeter][full][046] dynamic connector selection found no available connector; using CSV connector
2026-07-02 01:23:18,527 INFO o.a.j.p.j.s.J.Full charging journey with SSE: [electrahub-jmeter][full][046] step=charger graphql view
2026-07-02 01:23:18,591 INFO o.a.j.p.j.s.J.Full charging journey with SSE: [electrahub-jmeter][full][044] http POST /session/api/v1/sessions/start status=409 elapsedMs=68
2026-07-02 01:23:18,592 INFO o.a.j.p.j.s.J.Full charging journey with SSE: [electrahub-jmeter][full][044] start skipped EH-US-CHG-0055/CON-US-0055 HTTP 409; trying next connector
2026-07-02 01:23:18,599 INFO o.a.j.p.j.s.J.Full charging journey with SSE: [electrahub-jmeter][full][046] http POST /charger/graphql status=200 elapsedMs=72
2026-07-02 01:23:18,600 INFO o.a.j.p.j.s.J.Full charging journey with SSE: [electrahub-jmeter][full][046] step=payment state before start
2026-07-02 01:23:18,653 INFO o.a.j.p.j.s.J.Full charging journey with SSE: [electrahub-jmeter][full][046] http GET /payment/api/v1/payment/state status=200 elapsedMs=52
2026-07-02 01:23:18,656 INFO o.a.j.p.j.s.J.Full charging journey with SSE: [electrahub-jmeter][full][046] using connector csv fallback attempts=100 startIndex=46/100
2026-07-02 01:23:18,657 INFO o.a.j.p.j.s.J.Full charging journey with SSE: [electrahub-jmeter][full][046] step=start charging attempt 1
2026-07-02 01:23:18,721 INFO o.a.j.p.j.s.J.Full charging journey with SSE: [electrahub-jmeter][full][046] http POST /session/api/v1/sessions/start status=409 elapsedMs=63
2026-07-02 01:23:18,723 INFO o.a.j.p.j.s.J.Full charging journey with SSE: [electrahub-jmeter][full][046] start skipped EH-US-CHG-0046/CON-US-0046 HTTP 409; trying next connector
2026-07-02 01:23:18,944 INFO o.a.j.p.j.s.J.Full charging journey with SSE: [electrahub-jmeter][full][043] step=start charging attempt 18
2026-07-02 01:23:19,010 INFO o.a.j.p.j.s.J.Full charging journey with SSE: [electrahub-jmeter][full][043] http POST /session/api/v1/sessions/start status=409 elapsedMs=65
2026-07-02 01:23:19,010 INFO o.a.j.p.j.s.J.Full charging journey with SSE: [electrahub-jmeter][full][043] start skipped EH-US-CHG-0060/CON-US-0060 HTTP 409; trying next connector
2026-07-02 01:23:19,083 INFO o.a.j.p.j.s.J.Full charging journey with SSE: [electrahub-jmeter][full][045] step=start charging attempt 7
2026-07-02 01:23:19,168 INFO o.a.j.p.j.s.J.Full charging journey with SSE: [electrahub-jmeter][full][045] http POST /session/api/v1/sessions/start status=409 elapsedMs=83
2026-07-02 01:23:19,168 INFO o.a.j.p.j.s.J.Full charging journey with SSE: [electrahub-jmeter][full][045] start skipped EH-US-CHG-0051/CON-US-0051 HTTP 409; trying next connector
2026-07-02 01:23:19,593 INFO o.a.j.p.j.s.J.Full charging journey with SSE: [electrahub-jmeter][full][044] step=start charging attempt 13
2026-07-02 01:23:19,655 INFO o.a.j.p.j.s.J.Full charging journey with SSE: [electrahub-jmeter][full][044] http POST /session/api/v1/sessions/start status=409 elapsedMs=61
2026-07-02 01:23:19,655 INFO o.a.j.p.j.s.J.Full charging journey with SSE: [electrahub-jmeter][full][044] start skipped EH-US-CHG-0056/CON-US-0056 HTTP 409; trying next connector
2026-07-02 01:23:19,724 INFO o.a.j.p.j.s.J.Full charging journey with SSE: [electrahub-jmeter][full][046] step=start charging attempt 2
2026-07-02 01:23:19,786 INFO o.a.j.p.j.s.J.Full charging journey with SSE: [electrahub-jmeter][full][046] http POST /session/api/v1/sessions/start status=409 elapsedMs=60
2026-07-02 01:23:19,787 INFO o.a.j.p.j.s.J.Full charging journey with SSE: [electrahub-jmeter][full][046] start skipped EH-US-CHG-0047/CON-US-0047 HTTP 409; trying next connector
2026-07-02 01:23:19,934 INFO o.a.j.p.j.s.J.Full charging journey with SSE: [electrahub-jmeter][full][026] step=stop charging session
2026-07-02 01:23:20,011 INFO o.a.j.p.j.s.J.Full charging journey with SSE: [electrahub-jmeter][full][043] step=start charging attempt 19
2026-07-02 01:23:20,169 INFO o.a.j.p.j.s.J.Full charging journey with SSE: [electrahub-jmeter][full][045] step=start charging attempt 8
2026-07-02 01:23:20,237 INFO o.a.j.p.j.s.J.Full charging journey with SSE: [electrahub-jmeter][full][045] http POST /session/api/v1/sessions/start status=409 elapsedMs=67
2026-07-02 01:23:20,238 INFO o.a.j.p.j.s.J.Full charging journey with SSE: [electrahub-jmeter][full][045] start skipped EH-US-CHG-0052/CON-US-0052 HTTP 409; trying next connector
2026-07-02 01:23:20,286 INFO o.a.j.p.j.s.J.Full charging journey with SSE: [electrahub-jmeter][full][043] http POST /session/api/v1/sessions/start status=201 elapsedMs=274
2026-07-02 01:23:20,287 INFO o.a.j.p.j.s.J.Full charging journey with SSE: [electrahub-jmeter][full][043] started session=97593c3f-2ec6-43b5-aae3-3d874f4b7834 charger=EH-US-CHG-0061/CON-US-0061 status=PREPARING remote=Accepted attempt=19/100
2026-07-02 01:23:20,288 INFO o.a.j.p.j.s.J.Full charging journey with SSE: [electrahub-jmeter][full][043] step=active sessions
2026-07-02 01:23:20,656 INFO o.a.j.p.j.s.J.Full charging journey with SSE: [electrahub-jmeter][full][044] step=start charging attempt 14
2026-07-02 01:23:20,732 INFO o.a.j.p.j.s.J.Full charging journey with SSE: [electrahub-jmeter][full][044] http POST /session/api/v1/sessions/start status=409 elapsedMs=75
2026-07-02 01:23:20,735 INFO o.a.j.p.j.s.J.Full charging journey with SSE: [electrahub-jmeter][full][044] start skipped EH-US-CHG-0057/CON-US-0057 HTTP 409; trying next connector
2026-07-02 01:23:20,788 INFO o.a.j.p.j.s.J.Full charging journey with SSE: [electrahub-jmeter][full][046] step=start charging attempt 3
2026-07-02 01:23:20,857 INFO o.a.j.p.j.s.J.Full charging journey with SSE: [electrahub-jmeter][full][046] http POST /session/api/v1/sessions/start status=409 elapsedMs=69
2026-07-02 01:23:20,858 INFO o.a.j.p.j.s.J.Full charging journey with SSE: [electrahub-jmeter][full][046] start skipped EH-US-CHG-0048/CON-US-0048 HTTP 409; trying next connector
2026-07-02 01:23:21,239 INFO o.a.j.p.j.s.J.Full charging journey with SSE: [electrahub-jmeter][full][045] step=start charging attempt 9
2026-07-02 01:23:21,289 INFO o.a.j.p.j.s.J.Full charging journey with SSE: [electrahub-jmeter][full][043] http GET /session/api/v1/sessions/active status=200 elapsedMs=1001
2026-07-02 01:23:21,316 INFO o.a.j.p.j.s.J.Full charging journey with SSE: [electrahub-jmeter][full][045] http POST /session/api/v1/sessions/start status=409 elapsedMs=76
2026-07-02 01:23:21,317 INFO o.a.j.p.j.s.J.Full charging journey with SSE: [electrahub-jmeter][full][045] start skipped EH-US-CHG-0053/CON-US-0053 HTTP 409; trying next connector
2026-07-02 01:23:21,736 INFO o.a.j.p.j.s.J.Full charging journey with SSE: [electrahub-jmeter][full][044] step=start charging attempt 15
2026-07-02 01:23:21,860 INFO o.a.j.p.j.s.J.Full charging journey with SSE: [electrahub-jmeter][full][046] step=start charging attempt 4
2026-07-02 01:23:22,004 INFO o.a.j.p.j.s.J.Full charging journey with SSE: [electrahub-jmeter][full][044] http POST /session/api/v1/sessions/start status=409 elapsedMs=267
2026-07-02 01:23:22,005 INFO o.a.j.p.j.s.J.Full charging journey with SSE: [electrahub-jmeter][full][044] start skipped EH-US-CHG-0058/CON-US-0058 HTTP 409; trying next connector
2026-07-02 01:23:22,096 INFO o.a.j.p.j.s.J.Full charging journey with SSE: [electrahub-jmeter][full][046] http POST /session/api/v1/sessions/start status=409 elapsedMs=91
2026-07-02 01:23:22,097 INFO o.a.j.p.j.s.J.Full charging journey with SSE: [electrahub-jmeter][full][046] start skipped EH-US-CHG-0049/CON-US-0049 HTTP 409; trying next connector
2026-07-02 01:23:22,318 INFO o.a.j.p.j.s.J.Full charging journey with SSE: [electrahub-jmeter][full][045] step=start charging attempt 10
2026-07-02 01:23:22,596 INFO o.a.j.p.j.s.J.Full charging journey with SSE: [electrahub-jmeter][full][045] http POST /session/api/v1/sessions/start status=409 elapsedMs=277
2026-07-02 01:23:22,597 INFO o.a.j.p.j.s.J.Full charging journey with SSE: [electrahub-jmeter][full][045] start skipped EH-US-CHG-0054/CON-US-0054 HTTP 409; trying next connector
2026-07-02 01:23:23,006 INFO o.a.j.p.j.s.J.Full charging journey with SSE: [electrahub-jmeter][full][044] step=start charging attempt 16
2026-07-02 01:23:23,098 INFO o.a.j.p.j.s.J.Full charging journey with SSE: [electrahub-jmeter][full][046] step=start charging attempt 5
2026-07-02 01:23:23,150 INFO o.a.j.p.j.s.J.Full charging journey with SSE: [electrahub-jmeter][full][044] http POST /session/api/v1/sessions/start status=409 elapsedMs=143
2026-07-02 01:23:23,151 INFO o.a.j.p.j.s.J.Full charging journey with SSE: [electrahub-jmeter][full][044] start skipped EH-US-CHG-0059/CON-US-0059 HTTP 409; trying next connector
2026-07-02 01:23:23,239 INFO o.a.j.p.j.s.J.Full charging journey with SSE: [electrahub-jmeter][full][046] http POST /session/api/v1/sessions/start status=409 elapsedMs=140
2026-07-02 01:23:23,239 INFO o.a.j.p.j.s.J.Full charging journey with SSE: [electrahub-jmeter][full][046] start skipped EH-US-CHG-0050/CON-US-0050 HTTP 409; trying next connector
2026-07-02 01:23:23,271 INFO o.a.j.p.j.s.J.Full charging journey with SSE: [electrahub-jmeter][full][025] step=active sessions
2026-07-02 01:23:23,411 INFO o.a.j.p.j.s.J.Full charging journey with SSE: [electrahub-jmeter][full][026] http POST /session/api/v1/sessions/cc66d509-69fc-40ef-a293-3138df93fbde/stop status=204 elapsedMs=3476
2026-07-02 01:23:23,412 INFO o.a.j.p.j.s.J.Full charging journey with SSE: [electrahub-jmeter][full][026] stop requested session=cc66d509-69fc-40ef-a293-3138df93fbde
2026-07-02 01:23:23,413 INFO o.a.j.p.j.s.J.Full charging journey with SSE: [electrahub-jmeter][full][026] step=active sessions
2026-07-02 01:23:23,424 INFO o.a.j.p.j.s.J.Full charging journey with SSE: [electrahub-jmeter][full][025] http GET /session/api/v1/sessions/active status=200 elapsedMs=152
2026-07-02 01:23:23,425 INFO o.a.j.p.j.s.J.Full charging journey with SSE: [electrahub-jmeter][full][025] step=receipt
2026-07-02 01:23:24,649 INFO o.a.j.p.j.s.J.Full charging journey with SSE: [electrahub-jmeter][full][025] http GET /session/api/v1/sessions/a3bf42c0-3539-4031-a368-4fdc4bb0adae/receipt status=200 elapsedMs=1224
2026-07-02 01:23:24,649 INFO o.a.j.p.j.s.J.Full charging journey with SSE: [electrahub-jmeter][full][025] step=session history
2026-07-02 01:23:24,659 INFO o.a.j.p.j.s.J.Full charging journey with SSE: [electrahub-jmeter][full][045] step=start charging attempt 11
2026-07-02 01:23:25,538 INFO o.a.j.t.JMeterThread: Thread started: 100 driver charging journeys 1-47
2026-07-02 01:23:25,543 INFO o.a.j.p.j.s.J.Full charging journey with SSE: [electrahub-jmeter][full][047] step=register
2026-07-02 01:23:25,589 INFO o.a.j.p.j.s.J.Full charging journey with SSE: [electrahub-jmeter][full][025] http GET /session/api/v1/sessions/history?page=0&size=10 status=200 elapsedMs=939
2026-07-02 01:23:25,589 INFO o.a.j.p.j.s.J.Full charging journey with SSE: [electrahub-jmeter][full][025] step=dashboard stats
2026-07-02 01:23:25,613 INFO o.a.j.p.j.s.J.Full charging journey with SSE: [electrahub-jmeter][full][045] http POST /session/api/v1/sessions/start status=409 elapsedMs=953
2026-07-02 01:23:25,614 INFO o.a.j.p.j.s.J.Full charging journey with SSE: [electrahub-jmeter][full][045] start skipped EH-US-CHG-0055/CON-US-0055 HTTP 409; trying next connector
2026-07-02 01:23:25,680 INFO o.a.j.p.j.s.J.Full charging journey with SSE: [electrahub-jmeter][full][025] http GET /session/api/v1/sessions/dashboard-stats status=200 elapsedMs=90
2026-07-02 01:23:25,680 INFO o.a.j.p.j.s.J.Full charging journey with SSE: [electrahub-jmeter][full][025] receipt ok session=a3bf42c0-3539-4031-a368-4fdc4bb0adae status=Completed total=1.858
2026-07-02 01:23:25,681 INFO o.a.j.t.JMeterThread: Thread is done: 100 driver charging journeys 1-25
2026-07-02 01:23:25,682 INFO o.a.j.t.JMeterThread: Thread finished: 100 driver charging journeys 1-25
2026-07-02 01:23:26,008 INFO o.a.j.p.j.s.J.Full charging journey with SSE: [electrahub-jmeter][full][044] step=start charging attempt 17
2026-07-02 01:23:26,038 INFO o.a.j.p.j.s.J.Full charging journey with SSE: [electrahub-jmeter][full][047] http POST /auth/api/auth/register status=200 elapsedMs=381
2026-07-02 01:23:26,040 INFO o.a.j.p.j.s.J.Full charging journey with SSE: [electrahub-jmeter][full][047] registered uid=a7afc779-20ff-422c-9eac-47ad90c61a8f
2026-07-02 01:23:26,048 INFO o.a.j.p.j.s.J.Full charging journey with SSE: [electrahub-jmeter][full][047] step=payment state before setup
2026-07-02 01:23:26,096 INFO o.a.j.p.j.s.J.Full charging journey with SSE: [electrahub-jmeter][full][046] step=start charging attempt 6
2026-07-02 01:23:26,102 INFO o.a.j.p.j.s.J.Full charging journey with SSE: [electrahub-jmeter][full][047] http GET /payment/api/v1/payment/state status=451 elapsedMs=53
2026-07-02 01:23:26,102 INFO o.a.j.p.j.s.J.Full charging journey with SSE: [electrahub-jmeter][full][047] step=accept terms
2026-07-02 01:23:26,109 INFO o.a.j.p.j.s.J.Full charging journey with SSE: [electrahub-jmeter][full][044] http POST /session/api/v1/sessions/start status=409 elapsedMs=100
2026-07-02 01:23:26,110 INFO o.a.j.p.j.s.J.Full charging journey with SSE: [electrahub-jmeter][full][044] start skipped EH-US-CHG-0060/CON-US-0060 HTTP 409; trying next connector
2026-07-02 01:23:26,206 INFO o.a.j.p.j.s.J.Full charging journey with SSE: [electrahub-jmeter][full][047] http POST /auth/api/terms/accept status=201 elapsedMs=102
2026-07-02 01:23:26,206 INFO o.a.j.p.j.s.J.Full charging journey with SSE: [electrahub-jmeter][full][026] http GET /session/api/v1/sessions/active status=200 elapsedMs=2793
2026-07-02 01:23:26,206 INFO o.a.j.p.j.s.J.Full charging journey with SSE: [electrahub-jmeter][full][047] accepted terms; refreshing token through login
2026-07-02 01:23:26,207 INFO o.a.j.p.j.s.J.Full charging journey with SSE: [electrahub-jmeter][full][047] step=login
2026-07-02 01:23:26,225 INFO o.a.j.p.j.s.J.Full charging journey with SSE: [electrahub-jmeter][full][046] http POST /session/api/v1/sessions/start status=409 elapsedMs=127
2026-07-02 01:23:26,226 INFO o.a.j.p.j.s.J.Full charging journey with SSE: [electrahub-jmeter][full][046] start skipped EH-US-CHG-0051/CON-US-0051 HTTP 409; trying next connector
2026-07-02 01:23:26,498 INFO o.a.j.p.j.s.J.Full charging journey with SSE: [electrahub-jmeter][full][047] http POST /auth/api/auth/login status=200 elapsedMs=290
2026-07-02 01:23:26,499 INFO o.a.j.p.j.s.J.Full charging journey with SSE: [electrahub-jmeter][full][047] logged in uid=a7afc779-20ff-422c-9eac-47ad90c61a8f
2026-07-02 01:23:26,500 INFO o.a.j.p.j.s.J.Full charging journey with SSE: [electrahub-jmeter][full][047] step=payment state after terms
2026-07-02 01:23:26,580 INFO o.a.j.p.j.s.J.Full charging journey with SSE: [electrahub-jmeter][full][047] http GET /payment/api/v1/payment/state status=200 elapsedMs=79
2026-07-02 01:23:26,581 INFO o.a.j.p.j.s.J.Full charging journey with SSE: [electrahub-jmeter][full][047] step=add card
2026-07-02 01:23:26,615 INFO o.a.j.p.j.s.J.Full charging journey with SSE: [electrahub-jmeter][full][045] step=start charging attempt 12
2026-07-02 01:23:26,674 INFO o.a.j.p.j.s.J.Full charging journey with SSE: [electrahub-jmeter][full][047] http POST /payment/api/v1/payment/cards status=201 elapsedMs=92
2026-07-02 01:23:26,675 INFO o.a.j.p.j.s.J.Full charging journey with SSE: [electrahub-jmeter][full][047] step=wallet topup
2026-07-02 01:23:26,686 INFO o.a.j.p.j.s.J.Full charging journey with SSE: [electrahub-jmeter][full][045] http POST /session/api/v1/sessions/start status=409 elapsedMs=70
2026-07-02 01:23:26,687 INFO o.a.j.p.j.s.J.Full charging journey with SSE: [electrahub-jmeter][full][045] start skipped EH-US-CHG-0056/CON-US-0056 HTTP 409; trying next connector
2026-07-02 01:23:26,763 INFO o.a.j.p.j.s.J.Full charging journey with SSE: [electrahub-jmeter][full][047] http POST /payment/api/v1/payment/wallet/topups status=201 elapsedMs=87
2026-07-02 01:23:26,764 INFO o.a.j.p.j.s.J.Full charging journey with SSE: [electrahub-jmeter][full][047] step=payment state after setup
2026-07-02 01:23:26,852 INFO o.a.j.p.j.s.J.Full charging journey with SSE: [electrahub-jmeter][full][047] http GET /payment/api/v1/payment/state status=200 elapsedMs=87
2026-07-02 01:23:26,853 INFO o.a.j.p.j.s.J.Full charging journey with SSE: [electrahub-jmeter][full][047] payment ready wallet=120.00
2026-07-02 01:23:26,854 INFO o.a.j.p.j.s.J.Full charging journey with SSE: [electrahub-jmeter][full][047] step=charger graphql list
2026-07-02 01:23:27,021 INFO o.a.j.p.j.s.J.Full charging journey with SSE: [electrahub-jmeter][full][047] http POST /charger/graphql status=200 elapsedMs=166
2026-07-02 01:23:27,023 INFO o.a.j.p.j.s.J.Full charging journey with SSE: [electrahub-jmeter][full][047] dynamic connector selection found no available connector; using CSV connector
2026-07-02 01:23:27,024 INFO o.a.j.p.j.s.J.Full charging journey with SSE: [electrahub-jmeter][full][047] step=charger graphql view
2026-07-02 01:23:27,096 INFO o.a.j.p.j.s.J.Full charging journey with SSE: [electrahub-jmeter][full][047] http POST /charger/graphql status=200 elapsedMs=72
2026-07-02 01:23:27,097 INFO o.a.j.p.j.s.J.Full charging journey with SSE: [electrahub-jmeter][full][047] step=payment state before start
2026-07-02 01:23:27,111 INFO o.a.j.p.j.s.J.Full charging journey with SSE: [electrahub-jmeter][full][044] step=start charging attempt 18
2026-07-02 01:23:27,177 INFO o.a.j.p.j.s.J.Full charging journey with SSE: [electrahub-jmeter][full][047] http GET /payment/api/v1/payment/state status=200 elapsedMs=80
2026-07-02 01:23:27,184 INFO o.a.j.p.j.s.J.Full charging journey with SSE: [electrahub-jmeter][full][047] using connector csv fallback attempts=100 startIndex=47/100
2026-07-02 01:23:27,185 INFO o.a.j.p.j.s.J.Full charging journey with SSE: [electrahub-jmeter][full][047] step=start charging attempt 1
2026-07-02 01:23:27,195 INFO o.a.j.p.j.s.J.Full charging journey with SSE: [electrahub-jmeter][full][033] sse ok connected=1 snapshot=2 updates=29 receipts=0 heartbeats=0
2026-07-02 01:23:27,196 INFO o.a.j.p.j.s.J.Full charging journey with SSE: [electrahub-jmeter][full][033] holding session for 33s before stop
2026-07-02 01:23:27,227 INFO o.a.j.p.j.s.J.Full charging journey with SSE: [electrahub-jmeter][full][046] step=start charging attempt 7
2026-07-02 01:23:27,250 INFO o.a.j.p.j.s.J.Full charging journey with SSE: [electrahub-jmeter][full][044] http POST /session/api/v1/sessions/start status=409 elapsedMs=138
2026-07-02 01:23:27,250 INFO o.a.j.p.j.s.J.Full charging journey with SSE: [electrahub-jmeter][full][044] start skipped EH-US-CHG-0061/CON-US-0061 HTTP 409; trying next connector
2026-07-02 01:23:27,269 INFO o.a.j.p.j.s.J.Full charging journey with SSE: [electrahub-jmeter][full][047] http POST /session/api/v1/sessions/start status=409 elapsedMs=83
2026-07-02 01:23:27,270 INFO o.a.j.p.j.s.J.Full charging journey with SSE: [electrahub-jmeter][full][047] start skipped EH-US-CHG-0047/CON-US-0047 HTTP 409; trying next connector
2026-07-02 01:23:27,300 INFO o.a.j.p.j.s.J.Full charging journey with SSE: [electrahub-jmeter][full][046] http POST /session/api/v1/sessions/start status=409 elapsedMs=72
2026-07-02 01:23:27,301 INFO o.a.j.p.j.s.J.Full charging journey with SSE: [electrahub-jmeter][full][046] start skipped EH-US-CHG-0052/CON-US-0052 HTTP 409; trying next connector
2026-07-02 01:23:27,688 INFO o.a.j.p.j.s.J.Full charging journey with SSE: [electrahub-jmeter][full][045] step=start charging attempt 13
2026-07-02 01:23:27,768 INFO o.a.j.p.j.s.J.Full charging journey with SSE: [electrahub-jmeter][full][045] http POST /session/api/v1/sessions/start status=409 elapsedMs=78
2026-07-02 01:23:27,768 INFO o.a.j.p.j.s.J.Full charging journey with SSE: [electrahub-jmeter][full][045] start skipped EH-US-CHG-0057/CON-US-0057 HTTP 409; trying next connector
2026-07-02 01:23:27,839 INFO o.a.j.p.j.s.J.Full charging journey with SSE: [electrahub-jmeter][full][027] step=stop charging session
2026-07-02 01:23:28,251 INFO o.a.j.p.j.s.J.Full charging journey with SSE: [electrahub-jmeter][full][044] step=start charging attempt 19
2026-07-02 01:23:28,271 INFO o.a.j.p.j.s.J.Full charging journey with SSE: [electrahub-jmeter][full][047] step=start charging attempt 2
2026-07-02 01:23:28,301 INFO o.a.j.p.j.s.J.Full charging journey with SSE: [electrahub-jmeter][full][046] step=start charging attempt 8
2026-07-02 01:23:28,346 INFO o.a.j.p.j.s.J.Full charging journey with SSE: [electrahub-jmeter][full][047] http POST /session/api/v1/sessions/start status=409 elapsedMs=74
2026-07-02 01:23:28,347 INFO o.a.j.p.j.s.J.Full charging journey with SSE: [electrahub-jmeter][full][047] start skipped EH-US-CHG-0048/CON-US-0048 HTTP 409; trying next connector
2026-07-02 01:23:28,384 INFO o.a.j.p.j.s.J.Full charging journey with SSE: [electrahub-jmeter][full][046] http POST /session/api/v1/sessions/start status=409 elapsedMs=82
2026-07-02 01:23:28,385 INFO o.a.j.p.j.s.J.Full charging journey with SSE: [electrahub-jmeter][full][046] start skipped EH-US-CHG-0053/CON-US-0053 HTTP 409; trying next connector
2026-07-02 01:23:28,769 INFO o.a.j.p.j.s.J.Full charging journey with SSE: [electrahub-jmeter][full][045] step=start charging attempt 14
2026-07-02 01:23:28,839 INFO o.a.j.p.j.s.J.Full charging journey with SSE: [electrahub-jmeter][full][045] http POST /session/api/v1/sessions/start status=409 elapsedMs=69
2026-07-02 01:23:28,840 INFO o.a.j.p.j.s.J.Full charging journey with SSE: [electrahub-jmeter][full][045] start skipped EH-US-CHG-0058/CON-US-0058 HTTP 409; trying next connector
2026-07-02 01:23:29,225 INFO o.a.j.p.j.s.J.Full charging journey with SSE: [electrahub-jmeter][full][044] http POST /session/api/v1/sessions/start status=201 elapsedMs=973
2026-07-02 01:23:29,226 INFO o.a.j.p.j.s.J.Full charging journey with SSE: [electrahub-jmeter][full][044] started session=52e16cbb-56a8-474b-be47-ad7f51cd164f charger=EH-US-CHG-0062/CON-US-0062 status=PREPARING remote=Accepted attempt=19/100
2026-07-02 01:23:29,227 INFO o.a.j.p.j.s.J.Full charging journey with SSE: [electrahub-jmeter][full][044] step=active sessions
2026-07-02 01:23:29,348 INFO o.a.j.p.j.s.J.Full charging journey with SSE: [electrahub-jmeter][full][047] step=start charging attempt 3
2026-07-02 01:23:29,385 INFO o.a.j.p.j.s.J.Full charging journey with SSE: [electrahub-jmeter][full][046] step=start charging attempt 9
2026-07-02 01:23:29,420 INFO o.a.j.p.j.s.J.Full charging journey with SSE: [electrahub-jmeter][full][047] http POST /session/api/v1/sessions/start status=409 elapsedMs=72
2026-07-02 01:23:29,420 INFO o.a.j.p.j.s.J.Full charging journey with SSE: [electrahub-jmeter][full][047] start skipped EH-US-CHG-0049/CON-US-0049 HTTP 409; trying next connector
2026-07-02 01:23:29,460 INFO o.a.j.p.j.s.J.Full charging journey with SSE: [electrahub-jmeter][full][046] http POST /session/api/v1/sessions/start status=409 elapsedMs=73
2026-07-02 01:23:29,461 INFO o.a.j.p.j.s.J.Full charging journey with SSE: [electrahub-jmeter][full][046] start skipped EH-US-CHG-0054/CON-US-0054 HTTP 409; trying next connector
2026-07-02 01:23:29,683 INFO o.a.j.t.JMeterThread: Thread started: 100 driver charging journeys 1-48
2026-07-02 01:23:29,689 INFO o.a.j.p.j.s.J.Full charging journey with SSE: [electrahub-jmeter][full][048] step=register
2026-07-02 01:23:29,841 INFO o.a.j.p.j.s.J.Full charging journey with SSE: [electrahub-jmeter][full][045] step=start charging attempt 15
2026-07-02 01:23:29,855 INFO o.a.j.p.j.s.J.Full charging journey with SSE: [electrahub-jmeter][full][048] http POST /auth/api/auth/register status=200 elapsedMs=165
2026-07-02 01:23:29,856 INFO o.a.j.p.j.s.J.Full charging journey with SSE: [electrahub-jmeter][full][048] registered uid=9846cd19-2eaf-4c72-aee6-84447fe05c4f
2026-07-02 01:23:29,864 INFO o.a.j.p.j.s.J.Full charging journey with SSE: [electrahub-jmeter][full][048] step=payment state before setup
2026-07-02 01:23:29,917 INFO o.a.j.p.j.s.J.Full charging journey with SSE: [electrahub-jmeter][full][045] http POST /session/api/v1/sessions/start status=409 elapsedMs=75
2026-07-02 01:23:29,918 INFO o.a.j.p.j.s.J.Full charging journey with SSE: [electrahub-jmeter][full][045] start skipped EH-US-CHG-0059/CON-US-0059 HTTP 409; trying next connector
2026-07-02 01:23:29,919 INFO o.a.j.p.j.s.J.Full charging journey with SSE: [electrahub-jmeter][full][048] http GET /payment/api/v1/payment/state status=451 elapsedMs=55
2026-07-02 01:23:29,920 INFO o.a.j.p.j.s.J.Full charging journey with SSE: [electrahub-jmeter][full][048] step=accept terms
2026-07-02 01:23:29,977 INFO o.a.j.p.j.s.J.Full charging journey with SSE: [electrahub-jmeter][full][048] http POST /auth/api/terms/accept status=201 elapsedMs=56
2026-07-02 01:23:29,978 INFO o.a.j.p.j.s.J.Full charging journey with SSE: [electrahub-jmeter][full][048] accepted terms; refreshing token through login
2026-07-02 01:23:29,979 INFO o.a.j.p.j.s.J.Full charging journey with SSE: [electrahub-jmeter][full][048] step=login
2026-07-02 01:23:30,136 INFO o.a.j.p.j.s.J.Full charging journey with SSE: [electrahub-jmeter][full][048] http POST /auth/api/auth/login status=200 elapsedMs=157
2026-07-02 01:23:30,137 INFO o.a.j.p.j.s.J.Full charging journey with SSE: [electrahub-jmeter][full][048] logged in uid=9846cd19-2eaf-4c72-aee6-84447fe05c4f
2026-07-02 01:23:30,138 INFO o.a.j.p.j.s.J.Full charging journey with SSE: [electrahub-jmeter][full][048] step=payment state after terms
2026-07-02 01:23:30,207 INFO o.a.j.p.j.s.J.Full charging journey with SSE: [electrahub-jmeter][full][048] http GET /payment/api/v1/payment/state status=200 elapsedMs=68
2026-07-02 01:23:30,209 INFO o.a.j.p.j.s.J.Full charging journey with SSE: [electrahub-jmeter][full][048] step=add card
2026-07-02 01:23:30,228 INFO o.a.j.p.j.s.J.Full charging journey with SSE: [electrahub-jmeter][full][044] http GET /session/api/v1/sessions/active status=200 elapsedMs=1000
2026-07-02 01:23:30,271 INFO o.a.j.p.j.s.J.Full charging journey with SSE: [electrahub-jmeter][full][048] http POST /payment/api/v1/payment/cards status=201 elapsedMs=61
2026-07-02 01:23:30,272 INFO o.a.j.p.j.s.J.Full charging journey with SSE: [electrahub-jmeter][full][048] step=wallet topup
2026-07-02 01:23:30,355 INFO o.a.j.p.j.s.J.Full charging journey with SSE: [electrahub-jmeter][full][048] http POST /payment/api/v1/payment/wallet/topups status=201 elapsedMs=82
2026-07-02 01:23:30,356 INFO o.a.j.p.j.s.J.Full charging journey with SSE: [electrahub-jmeter][full][048] step=payment state after setup
2026-07-02 01:23:30,421 INFO o.a.j.p.j.s.J.Full charging journey with SSE: [electrahub-jmeter][full][048] http GET /payment/api/v1/payment/state status=200 elapsedMs=64
2026-07-02 01:23:30,422 INFO o.a.j.p.j.s.J.Full charging journey with SSE: [electrahub-jmeter][full][048] payment ready wallet=120.00
2026-07-02 01:23:30,422 INFO o.a.j.p.j.s.J.Full charging journey with SSE: [electrahub-jmeter][full][047] step=start charging attempt 4
2026-07-02 01:23:30,423 INFO o.a.j.p.j.s.J.Full charging journey with SSE: [electrahub-jmeter][full][048] step=charger graphql list
2026-07-02 01:23:30,462 INFO o.a.j.p.j.s.J.Full charging journey with SSE: [electrahub-jmeter][full][046] step=start charging attempt 10
2026-07-02 01:23:30,488 INFO o.a.j.p.j.s.J.Full charging journey with SSE: [electrahub-jmeter][full][047] http POST /session/api/v1/sessions/start status=409 elapsedMs=64
2026-07-02 01:23:30,489 INFO o.a.j.p.j.s.J.Full charging journey with SSE: [electrahub-jmeter][full][047] start skipped EH-US-CHG-0050/CON-US-0050 HTTP 409; trying next connector
2026-07-02 01:23:30,541 INFO o.a.j.p.j.s.J.Full charging journey with SSE: [electrahub-jmeter][full][048] http POST /charger/graphql status=200 elapsedMs=117
2026-07-02 01:23:30,542 INFO o.a.j.p.j.s.J.Full charging journey with SSE: [electrahub-jmeter][full][048] dynamic connector selection found no available connector; using CSV connector
2026-07-02 01:23:30,543 INFO o.a.j.p.j.s.J.Full charging journey with SSE: [electrahub-jmeter][full][048] step=charger graphql view
2026-07-02 01:23:30,592 INFO o.a.j.p.j.s.J.Full charging journey with SSE: [electrahub-jmeter][full][046] http POST /session/api/v1/sessions/start status=409 elapsedMs=78
2026-07-02 01:23:30,593 INFO o.a.j.p.j.s.J.Full charging journey with SSE: [electrahub-jmeter][full][046] start skipped EH-US-CHG-0055/CON-US-0055 HTTP 409; trying next connector
2026-07-02 01:23:30,624 INFO o.a.j.p.j.s.J.Full charging journey with SSE: [electrahub-jmeter][full][048] http POST /charger/graphql status=200 elapsedMs=80
2026-07-02 01:23:30,624 INFO o.a.j.p.j.s.J.Full charging journey with SSE: [electrahub-jmeter][full][048] step=payment state before start
2026-07-02 01:23:30,683 INFO o.a.j.p.j.s.J.Full charging journey with SSE: [electrahub-jmeter][full][048] http GET /payment/api/v1/payment/state status=200 elapsedMs=58
2026-07-02 01:23:30,686 INFO o.a.j.p.j.s.J.Full charging journey with SSE: [electrahub-jmeter][full][048] using connector csv fallback attempts=100 startIndex=48/100
2026-07-02 01:23:30,687 INFO o.a.j.p.j.s.J.Full charging journey with SSE: [electrahub-jmeter][full][048] step=start charging attempt 1
2026-07-02 01:23:30,754 INFO o.a.j.p.j.s.J.Full charging journey with SSE: [electrahub-jmeter][full][048] http POST /session/api/v1/sessions/start status=409 elapsedMs=66
2026-07-02 01:23:30,756 INFO o.a.j.p.j.s.J.Full charging journey with SSE: [electrahub-jmeter][full][048] start skipped EH-US-CHG-0048/CON-US-0048 HTTP 409; trying next connector
2026-07-02 01:23:30,919 INFO o.a.j.p.j.s.J.Full charging journey with SSE: [electrahub-jmeter][full][045] step=start charging attempt 16
2026-07-02 01:23:30,992 INFO o.a.j.p.j.s.J.Full charging journey with SSE: [electrahub-jmeter][full][045] http POST /session/api/v1/sessions/start status=409 elapsedMs=72
2026-07-02 01:23:30,993 INFO o.a.j.p.j.s.J.Full charging journey with SSE: [electrahub-jmeter][full][045] start skipped EH-US-CHG-0060/CON-US-0060 HTTP 409; trying next connector
2026-07-02 01:23:31,207 INFO o.a.j.p.j.s.J.Full charging journey with SSE: [electrahub-jmeter][full][026] step=active sessions
2026-07-02 01:23:31,243 INFO o.a.j.p.j.s.J.Full charging journey with SSE: [electrahub-jmeter][full][027] http POST /session/api/v1/sessions/d1488ac0-bb62-4926-8c87-6fa0e1aac45e/stop status=204 elapsedMs=3403
2026-07-02 01:23:31,244 INFO o.a.j.p.j.s.J.Full charging journey with SSE: [electrahub-jmeter][full][027] stop requested session=d1488ac0-bb62-4926-8c87-6fa0e1aac45e
2026-07-02 01:23:31,245 INFO o.a.j.p.j.s.J.Full charging journey with SSE: [electrahub-jmeter][full][027] step=active sessions
2026-07-02 01:23:31,276 INFO o.a.j.p.j.s.J.Full charging journey with SSE: [electrahub-jmeter][full][026] http GET /session/api/v1/sessions/active status=200 elapsedMs=67
2026-07-02 01:23:31,277 INFO o.a.j.p.j.s.J.Full charging journey with SSE: [electrahub-jmeter][full][026] step=receipt
2026-07-02 01:23:31,309 INFO o.a.j.p.j.s.J.Full charging journey with SSE: [electrahub-jmeter][full][027] http GET /session/api/v1/sessions/active status=200 elapsedMs=63
2026-07-02 01:23:31,310 INFO o.a.j.p.j.s.J.Full charging journey with SSE: [electrahub-jmeter][full][027] step=receipt
2026-07-02 01:23:31,340 INFO o.a.j.p.j.s.J.Full charging journey with SSE: [electrahub-jmeter][full][026] http GET /session/api/v1/sessions/cc66d509-69fc-40ef-a293-3138df93fbde/receipt status=200 elapsedMs=62
2026-07-02 01:23:31,341 INFO o.a.j.p.j.s.J.Full charging journey with SSE: [electrahub-jmeter][full][026] step=session history
2026-07-02 01:23:31,375 INFO o.a.j.p.j.s.J.Full charging journey with SSE: [electrahub-jmeter][full][027] http GET /session/api/v1/sessions/d1488ac0-bb62-4926-8c87-6fa0e1aac45e/receipt status=200 elapsedMs=64
2026-07-02 01:23:31,376 INFO o.a.j.p.j.s.J.Full charging journey with SSE: [electrahub-jmeter][full][027] step=session history
2026-07-02 01:23:31,403 INFO o.a.j.p.j.s.J.Full charging journey with SSE: [electrahub-jmeter][full][026] http GET /session/api/v1/sessions/history?page=0&size=10 status=200 elapsedMs=62
2026-07-02 01:23:31,404 INFO o.a.j.p.j.s.J.Full charging journey with SSE: [electrahub-jmeter][full][026] step=dashboard stats
2026-07-02 01:23:31,440 INFO o.a.j.p.j.s.J.Full charging journey with SSE: [electrahub-jmeter][full][027] http GET /session/api/v1/sessions/history?page=0&size=10 status=200 elapsedMs=63
2026-07-02 01:23:31,441 INFO o.a.j.p.j.s.J.Full charging journey with SSE: [electrahub-jmeter][full][027] step=dashboard stats
2026-07-02 01:23:31,471 INFO o.a.j.p.j.s.J.Full charging journey with SSE: [electrahub-jmeter][full][026] http GET /session/api/v1/sessions/dashboard-stats status=200 elapsedMs=66
2026-07-02 01:23:31,472 INFO o.a.j.p.j.s.J.Full charging journey with SSE: [electrahub-jmeter][full][026] receipt ok session=cc66d509-69fc-40ef-a293-3138df93fbde status=Completed total=1.8595
2026-07-02 01:23:31,473 INFO o.a.j.r.Summariser: summary +      5 in 00:00:30 =    0.2/s Avg: 125479 Min: 124781 Max: 126739 Err:     0 (0.00%) Active: 23 Started: 48 Finished: 25
2026-07-02 01:23:31,473 INFO o.a.j.r.Summariser: summary =     26 in 00:04:44 =    0.1/s Avg: 125491 Min: 120669 Max: 127529 Err:     0 (0.00%)
2026-07-02 01:23:31,474 INFO o.a.j.t.JMeterThread: Thread is done: 100 driver charging journeys 1-26
2026-07-02 01:23:31,475 INFO o.a.j.t.JMeterThread: Thread finished: 100 driver charging journeys 1-26
2026-07-02 01:23:31,490 INFO o.a.j.p.j.s.J.Full charging journey with SSE: [electrahub-jmeter][full][047] step=start charging attempt 5
2026-07-02 01:23:31,497 INFO o.a.j.p.j.s.J.Full charging journey with SSE: [electrahub-jmeter][full][027] http GET /session/api/v1/sessions/dashboard-stats status=200 elapsedMs=56
2026-07-02 01:23:31,498 INFO o.a.j.p.j.s.J.Full charging journey with SSE: [electrahub-jmeter][full][027] receipt ok session=d1488ac0-bb62-4926-8c87-6fa0e1aac45e status=In Progress total=1.8573
2026-07-02 01:23:31,499 INFO o.a.j.t.JMeterThread: Thread is done: 100 driver charging journeys 1-27
2026-07-02 01:23:31,499 INFO o.a.j.t.JMeterThread: Thread finished: 100 driver charging journeys 1-27
2026-07-02 01:23:31,566 INFO o.a.j.p.j.s.J.Full charging journey with SSE: [electrahub-jmeter][full][047] http POST /session/api/v1/sessions/start status=409 elapsedMs=75
2026-07-02 01:23:31,567 INFO o.a.j.p.j.s.J.Full charging journey with SSE: [electrahub-jmeter][full][047] start skipped EH-US-CHG-0051/CON-US-0051 HTTP 409; trying next connector
2026-07-02 01:23:31,594 INFO o.a.j.p.j.s.J.Full charging journey with SSE: [electrahub-jmeter][full][046] step=start charging attempt 11
2026-07-02 01:23:31,669 INFO o.a.j.p.j.s.J.Full charging journey with SSE: [electrahub-jmeter][full][046] http POST /session/api/v1/sessions/start status=409 elapsedMs=74
2026-07-02 01:23:31,670 INFO o.a.j.p.j.s.J.Full charging journey with SSE: [electrahub-jmeter][full][046] start skipped EH-US-CHG-0056/CON-US-0056 HTTP 409; trying next connector
2026-07-02 01:23:31,756 INFO o.a.j.p.j.s.J.Full charging journey with SSE: [electrahub-jmeter][full][048] step=start charging attempt 2
2026-07-02 01:23:31,834 INFO o.a.j.p.j.s.J.Full charging journey with SSE: [electrahub-jmeter][full][048] http POST /session/api/v1/sessions/start status=409 elapsedMs=77
2026-07-02 01:23:31,835 INFO o.a.j.p.j.s.J.Full charging journey with SSE: [electrahub-jmeter][full][048] start skipped EH-US-CHG-0049/CON-US-0049 HTTP 409; trying next connector
2026-07-02 01:23:31,907 INFO o.a.j.p.j.s.J.Full charging journey with SSE: [electrahub-jmeter][full][028] step=stop charging session
2026-07-02 01:23:31,994 INFO o.a.j.p.j.s.J.Full charging journey with SSE: [electrahub-jmeter][full][045] step=start charging attempt 17
2026-07-02 01:23:32,114 INFO o.a.j.p.j.s.J.Full charging journey with SSE: [electrahub-jmeter][full][045] http POST /session/api/v1/sessions/start status=409 elapsedMs=119
2026-07-02 01:23:32,115 INFO o.a.j.p.j.s.J.Full charging journey with SSE: [electrahub-jmeter][full][045] start skipped EH-US-CHG-0061/CON-US-0061 HTTP 409; trying next connector
2026-07-02 01:23:32,568 INFO o.a.j.p.j.s.J.Full charging journey with SSE: [electrahub-jmeter][full][047] step=start charging attempt 6
2026-07-02 01:23:32,635 INFO o.a.j.p.j.s.J.Full charging journey with SSE: [electrahub-jmeter][full][047] http POST /session/api/v1/sessions/start status=409 elapsedMs=65
2026-07-02 01:23:32,636 INFO o.a.j.p.j.s.J.Full charging journey with SSE: [electrahub-jmeter][full][047] start skipped EH-US-CHG-0052/CON-US-0052 HTTP 409; trying next connector
2026-07-02 01:23:32,670 INFO o.a.j.p.j.s.J.Full charging journey with SSE: [electrahub-jmeter][full][046] step=start charging attempt 12
2026-07-02 01:23:32,736 INFO o.a.j.p.j.s.J.Full charging journey with SSE: [electrahub-jmeter][full][046] http POST /session/api/v1/sessions/start status=409 elapsedMs=65
2026-07-02 01:23:32,737 INFO o.a.j.p.j.s.J.Full charging journey with SSE: [electrahub-jmeter][full][046] start skipped EH-US-CHG-0057/CON-US-0057 HTTP 409; trying next connector
2026-07-02 01:23:32,836 INFO o.a.j.p.j.s.J.Full charging journey with SSE: [electrahub-jmeter][full][048] step=start charging attempt 3
2026-07-02 01:23:32,916 INFO o.a.j.p.j.s.J.Full charging journey with SSE: [electrahub-jmeter][full][048] http POST /session/api/v1/sessions/start status=409 elapsedMs=79
2026-07-02 01:23:32,917 INFO o.a.j.p.j.s.J.Full charging journey with SSE: [electrahub-jmeter][full][048] start skipped EH-US-CHG-0050/CON-US-0050 HTTP 409; trying next connector
2026-07-02 01:23:33,116 INFO o.a.j.p.j.s.J.Full charging journey with SSE: [electrahub-jmeter][full][045] step=start charging attempt 18
2026-07-02 01:23:33,187 INFO o.a.j.p.j.s.J.Full charging journey with SSE: [electrahub-jmeter][full][045] http POST /session/api/v1/sessions/start status=409 elapsedMs=70
2026-07-02 01:23:33,187 INFO o.a.j.p.j.s.J.Full charging journey with SSE: [electrahub-jmeter][full][045] start skipped EH-US-CHG-0062/CON-US-0062 HTTP 409; trying next connector
2026-07-02 01:23:33,256 INFO o.a.j.p.j.s.J.Full charging journey with SSE: [electrahub-jmeter][full][034] sse ok connected=1 snapshot=2 updates=23 receipts=0 heartbeats=0
2026-07-02 01:23:33,257 INFO o.a.j.p.j.s.J.Full charging journey with SSE: [electrahub-jmeter][full][034] holding session for 33s before stop
2026-07-02 01:23:33,637 INFO o.a.j.p.j.s.J.Full charging journey with SSE: [electrahub-jmeter][full][047] step=start charging attempt 7
2026-07-02 01:23:33,707 INFO o.a.j.p.j.s.J.Full charging journey with SSE: [electrahub-jmeter][full][047] http POST /session/api/v1/sessions/start status=409 elapsedMs=69
2026-07-02 01:23:33,708 INFO o.a.j.p.j.s.J.Full charging journey with SSE: [electrahub-jmeter][full][047] start skipped EH-US-CHG-0053/CON-US-0053 HTTP 409; trying next connector
2026-07-02 01:23:33,738 INFO o.a.j.p.j.s.J.Full charging journey with SSE: [electrahub-jmeter][full][046] step=start charging attempt 13
2026-07-02 01:23:33,801 INFO o.a.j.p.j.s.J.Full charging journey with SSE: [electrahub-jmeter][full][046] http POST /session/api/v1/sessions/start status=409 elapsedMs=62
2026-07-02 01:23:33,802 INFO o.a.j.p.j.s.J.Full charging journey with SSE: [electrahub-jmeter][full][046] start skipped EH-US-CHG-0058/CON-US-0058 HTTP 409; trying next connector
2026-07-02 01:23:33,921 INFO o.a.j.p.j.s.J.Full charging journey with SSE: [electrahub-jmeter][full][048] step=start charging attempt 4
2026-07-02 01:23:33,998 INFO o.a.j.p.j.s.J.Full charging journey with SSE: [electrahub-jmeter][full][048] http POST /session/api/v1/sessions/start status=409 elapsedMs=75
2026-07-02 01:23:33,999 INFO o.a.j.p.j.s.J.Full charging journey with SSE: [electrahub-jmeter][full][048] start skipped EH-US-CHG-0051/CON-US-0051 HTTP 409; trying next connector
2026-07-02 01:23:34,188 INFO o.a.j.p.j.s.J.Full charging journey with SSE: [electrahub-jmeter][full][045] step=start charging attempt 19
2026-07-02 01:23:34,709 INFO o.a.j.p.j.s.J.Full charging journey with SSE: [electrahub-jmeter][full][047] step=start charging attempt 8
2026-07-02 01:23:34,778 INFO o.a.j.p.j.s.J.Full charging journey with SSE: [electrahub-jmeter][full][047] http POST /session/api/v1/sessions/start status=409 elapsedMs=67
2026-07-02 01:23:34,779 INFO o.a.j.p.j.s.J.Full charging journey with SSE: [electrahub-jmeter][full][047] start skipped EH-US-CHG-0054/CON-US-0054 HTTP 409; trying next connector
2026-07-02 01:23:34,803 INFO o.a.j.p.j.s.J.Full charging journey with SSE: [electrahub-jmeter][full][046] step=start charging attempt 14
2026-07-02 01:23:34,888 INFO o.a.j.p.j.s.J.Full charging journey with SSE: [electrahub-jmeter][full][046] http POST /session/api/v1/sessions/start status=409 elapsedMs=83
2026-07-02 01:23:34,888 INFO o.a.j.p.j.s.J.Full charging journey with SSE: [electrahub-jmeter][full][046] start skipped EH-US-CHG-0059/CON-US-0059 HTTP 409; trying next connector
2026-07-02 01:23:34,999 INFO o.a.j.p.j.s.J.Full charging journey with SSE: [electrahub-jmeter][full][048] step=start charging attempt 5
2026-07-02 01:23:35,064 INFO o.a.j.p.j.s.J.Full charging journey with SSE: [electrahub-jmeter][full][048] http POST /session/api/v1/sessions/start status=409 elapsedMs=63
2026-07-02 01:23:35,065 INFO o.a.j.p.j.s.J.Full charging journey with SSE: [electrahub-jmeter][full][048] start skipped EH-US-CHG-0052/CON-US-0052 HTTP 409; trying next connector
2026-07-02 01:23:35,278 INFO o.a.j.p.j.s.J.Full charging journey with SSE: [electrahub-jmeter][full][028] http POST /session/api/v1/sessions/25f218b5-da35-4c6a-90da-93bbcf64dd27/stop status=204 elapsedMs=3370
2026-07-02 01:23:35,279 INFO o.a.j.p.j.s.J.Full charging journey with SSE: [electrahub-jmeter][full][028] stop requested session=25f218b5-da35-4c6a-90da-93bbcf64dd27
2026-07-02 01:23:35,280 INFO o.a.j.p.j.s.J.Full charging journey with SSE: [electrahub-jmeter][full][028] step=active sessions
2026-07-02 01:23:35,285 INFO o.a.j.p.j.s.J.Full charging journey with SSE: [electrahub-jmeter][full][045] http POST /session/api/v1/sessions/start status=201 elapsedMs=1096
2026-07-02 01:23:35,286 INFO o.a.j.p.j.s.J.Full charging journey with SSE: [electrahub-jmeter][full][045] started session=55ae327f-8cb3-4f7f-a3ba-a77583856efc charger=EH-US-CHG-0063/CON-US-0063 status=PREPARING remote=Accepted attempt=19/100
2026-07-02 01:23:35,286 INFO o.a.j.p.j.s.J.Full charging journey with SSE: [electrahub-jmeter][full][045] step=active sessions
2026-07-02 01:23:35,681 INFO o.a.j.t.JMeterThread: Thread started: 100 driver charging journeys 1-49
2026-07-02 01:23:35,687 INFO o.a.j.p.j.s.J.Full charging journey with SSE: [electrahub-jmeter][full][049] step=register
2026-07-02 01:23:35,780 INFO o.a.j.p.j.s.J.Full charging journey with SSE: [electrahub-jmeter][full][047] step=start charging attempt 9
2026-07-02 01:23:35,843 INFO o.a.j.p.j.s.J.Full charging journey with SSE: [electrahub-jmeter][full][049] http POST /auth/api/auth/register status=200 elapsedMs=155
2026-07-02 01:23:35,844 INFO o.a.j.p.j.s.J.Full charging journey with SSE: [electrahub-jmeter][full][049] registered uid=8410c0cd-dbe4-46c4-88a1-46d5d9d14ba8
2026-07-02 01:23:35,852 INFO o.a.j.p.j.s.J.Full charging journey with SSE: [electrahub-jmeter][full][049] step=payment state before setup
2026-07-02 01:23:35,889 INFO o.a.j.p.j.s.J.Full charging journey with SSE: [electrahub-jmeter][full][046] step=start charging attempt 15
2026-07-02 01:23:35,898 INFO o.a.j.p.j.s.J.Full charging journey with SSE: [electrahub-jmeter][full][047] http POST /session/api/v1/sessions/start status=409 elapsedMs=71
2026-07-02 01:23:35,899 INFO o.a.j.p.j.s.J.Full charging journey with SSE: [electrahub-jmeter][full][047] start skipped EH-US-CHG-0055/CON-US-0055 HTTP 409; trying next connector
2026-07-02 01:23:35,910 INFO o.a.j.p.j.s.J.Full charging journey with SSE: [electrahub-jmeter][full][049] http GET /payment/api/v1/payment/state status=451 elapsedMs=56
2026-07-02 01:23:35,910 INFO o.a.j.p.j.s.J.Full charging journey with SSE: [electrahub-jmeter][full][049] step=accept terms
2026-07-02 01:23:35,969 INFO o.a.j.p.j.s.J.Full charging journey with SSE: [electrahub-jmeter][full][049] http POST /auth/api/terms/accept status=201 elapsedMs=58
2026-07-02 01:23:35,970 INFO o.a.j.p.j.s.J.Full charging journey with SSE: [electrahub-jmeter][full][049] accepted terms; refreshing token through login
2026-07-02 01:23:35,971 INFO o.a.j.p.j.s.J.Full charging journey with SSE: [electrahub-jmeter][full][049] step=login
2026-07-02 01:23:36,015 INFO o.a.j.p.j.s.J.Full charging journey with SSE: [electrahub-jmeter][full][046] http POST /session/api/v1/sessions/start status=409 elapsedMs=84
2026-07-02 01:23:36,016 INFO o.a.j.p.j.s.J.Full charging journey with SSE: [electrahub-jmeter][full][046] start skipped EH-US-CHG-0060/CON-US-0060 HTTP 409; trying next connector
2026-07-02 01:23:36,065 INFO o.a.j.p.j.s.J.Full charging journey with SSE: [electrahub-jmeter][full][048] step=start charging attempt 6
2026-07-02 01:23:36,132 INFO o.a.j.p.j.s.J.Full charging journey with SSE: [electrahub-jmeter][full][049] http POST /auth/api/auth/login status=200 elapsedMs=160
2026-07-02 01:23:36,133 INFO o.a.j.p.j.s.J.Full charging journey with SSE: [electrahub-jmeter][full][049] logged in uid=8410c0cd-dbe4-46c4-88a1-46d5d9d14ba8
2026-07-02 01:23:36,133 INFO o.a.j.p.j.s.J.Full charging journey with SSE: [electrahub-jmeter][full][049] step=payment state after terms
2026-07-02 01:23:36,143 INFO o.a.j.p.j.s.J.Full charging journey with SSE: [electrahub-jmeter][full][048] http POST /session/api/v1/sessions/start status=409 elapsedMs=77
2026-07-02 01:23:36,143 INFO o.a.j.p.j.s.J.Full charging journey with SSE: [electrahub-jmeter][full][048] start skipped EH-US-CHG-0053/CON-US-0053 HTTP 409; trying next connector
2026-07-02 01:23:36,190 INFO o.a.j.p.j.s.J.Full charging journey with SSE: [electrahub-jmeter][full][049] http GET /payment/api/v1/payment/state status=200 elapsedMs=56
2026-07-02 01:23:36,191 INFO o.a.j.p.j.s.J.Full charging journey with SSE: [electrahub-jmeter][full][049] step=add card
2026-07-02 01:23:36,252 INFO o.a.j.p.j.s.J.Full charging journey with SSE: [electrahub-jmeter][full][049] http POST /payment/api/v1/payment/cards status=201 elapsedMs=60
2026-07-02 01:23:36,253 INFO o.a.j.p.j.s.J.Full charging journey with SSE: [electrahub-jmeter][full][049] step=wallet topup
2026-07-02 01:23:36,292 INFO o.a.j.p.j.s.J.Full charging journey with SSE: [electrahub-jmeter][full][045] http GET /session/api/v1/sessions/active status=200 elapsedMs=1005
2026-07-02 01:23:36,292 INFO o.a.j.p.j.s.J.Full charging journey with SSE: [electrahub-jmeter][full][028] http GET /session/api/v1/sessions/active status=200 elapsedMs=1012
2026-07-02 01:23:36,314 INFO o.a.j.p.j.s.J.Full charging journey with SSE: [electrahub-jmeter][full][049] http POST /payment/api/v1/payment/wallet/topups status=201 elapsedMs=60
2026-07-02 01:23:36,316 INFO o.a.j.p.j.s.J.Full charging journey with SSE: [electrahub-jmeter][full][049] step=payment state after setup
2026-07-02 01:23:36,373 INFO o.a.j.p.j.s.J.Full charging journey with SSE: [electrahub-jmeter][full][049] http GET /payment/api/v1/payment/state status=200 elapsedMs=57
2026-07-02 01:23:36,374 INFO o.a.j.p.j.s.J.Full charging journey with SSE: [electrahub-jmeter][full][049] payment ready wallet=120.00
2026-07-02 01:23:36,374 INFO o.a.j.p.j.s.J.Full charging journey with SSE: [electrahub-jmeter][full][049] step=charger graphql list
2026-07-02 01:23:36,475 INFO o.a.j.p.j.s.J.Full charging journey with SSE: [electrahub-jmeter][full][049] http POST /charger/graphql status=200 elapsedMs=100
2026-07-02 01:23:36,476 INFO o.a.j.p.j.s.J.Full charging journey with SSE: [electrahub-jmeter][full][049] dynamic connector selection found no available connector; using CSV connector
2026-07-02 01:23:36,477 INFO o.a.j.p.j.s.J.Full charging journey with SSE: [electrahub-jmeter][full][049] step=charger graphql view
2026-07-02 01:23:36,544 INFO o.a.j.p.j.s.J.Full charging journey with SSE: [electrahub-jmeter][full][049] http POST /charger/graphql status=200 elapsedMs=66
2026-07-02 01:23:36,545 INFO o.a.j.p.j.s.J.Full charging journey with SSE: [electrahub-jmeter][full][049] step=payment state before start
2026-07-02 01:23:36,595 INFO o.a.j.p.j.s.J.Full charging journey with SSE: [electrahub-jmeter][full][049] http GET /payment/api/v1/payment/state status=200 elapsedMs=50
2026-07-02 01:23:36,599 INFO o.a.j.p.j.s.J.Full charging journey with SSE: [electrahub-jmeter][full][049] using connector csv fallback attempts=100 startIndex=49/100
2026-07-02 01:23:36,600 INFO o.a.j.p.j.s.J.Full charging journey with SSE: [electrahub-jmeter][full][049] step=start charging attempt 1
2026-07-02 01:23:36,663 INFO o.a.j.p.j.s.J.Full charging journey with SSE: [electrahub-jmeter][full][049] http POST /session/api/v1/sessions/start status=409 elapsedMs=61
2026-07-02 01:23:36,664 INFO o.a.j.p.j.s.J.Full charging journey with SSE: [electrahub-jmeter][full][049] start skipped EH-US-CHG-0049/CON-US-0049 HTTP 409; trying next connector
2026-07-02 01:23:36,900 INFO o.a.j.p.j.s.J.Full charging journey with SSE: [electrahub-jmeter][full][047] step=start charging attempt 10
2026-07-02 01:23:36,990 INFO o.a.j.p.j.s.J.Full charging journey with SSE: [electrahub-jmeter][full][047] http POST /session/api/v1/sessions/start status=409 elapsedMs=89
2026-07-02 01:23:36,991 INFO o.a.j.p.j.s.J.Full charging journey with SSE: [electrahub-jmeter][full][047] start skipped EH-US-CHG-0056/CON-US-0056 HTTP 409; trying next connector
2026-07-02 01:23:37,016 INFO o.a.j.p.j.s.J.Full charging journey with SSE: [electrahub-jmeter][full][046] step=start charging attempt 16
2026-07-02 01:23:37,086 INFO o.a.j.p.j.s.J.Full charging journey with SSE: [electrahub-jmeter][full][046] http POST /session/api/v1/sessions/start status=409 elapsedMs=68
2026-07-02 01:23:37,086 INFO o.a.j.p.j.s.J.Full charging journey with SSE: [electrahub-jmeter][full][046] start skipped EH-US-CHG-0061/CON-US-0061 HTTP 409; trying next connector
2026-07-02 01:23:37,144 INFO o.a.j.p.j.s.J.Full charging journey with SSE: [electrahub-jmeter][full][048] step=start charging attempt 7
2026-07-02 01:23:37,208 INFO o.a.j.p.j.s.J.Full charging journey with SSE: [electrahub-jmeter][full][048] http POST /session/api/v1/sessions/start status=409 elapsedMs=63
2026-07-02 01:23:37,208 INFO o.a.j.p.j.s.J.Full charging journey with SSE: [electrahub-jmeter][full][048] start skipped EH-US-CHG-0054/CON-US-0054 HTTP 409; trying next connector
2026-07-02 01:23:37,664 INFO o.a.j.p.j.s.J.Full charging journey with SSE: [electrahub-jmeter][full][049] step=start charging attempt 2
2026-07-02 01:23:37,731 INFO o.a.j.p.j.s.J.Full charging journey with SSE: [electrahub-jmeter][full][049] http POST /session/api/v1/sessions/start status=409 elapsedMs=66
2026-07-02 01:23:37,732 INFO o.a.j.p.j.s.J.Full charging journey with SSE: [electrahub-jmeter][full][049] start skipped EH-US-CHG-0050/CON-US-0050 HTTP 409; trying next connector
2026-07-02 01:23:37,960 INFO o.a.j.p.j.s.J.Full charging journey with SSE: [electrahub-jmeter][full][029] step=stop charging session
2026-07-02 01:23:37,992 INFO o.a.j.p.j.s.J.Full charging journey with SSE: [electrahub-jmeter][full][047] step=start charging attempt 11
2026-07-02 01:23:38,056 INFO o.a.j.p.j.s.J.Full charging journey with SSE: [electrahub-jmeter][full][047] http POST /session/api/v1/sessions/start status=409 elapsedMs=63
2026-07-02 01:23:38,057 INFO o.a.j.p.j.s.J.Full charging journey with SSE: [electrahub-jmeter][full][047] start skipped EH-US-CHG-0057/CON-US-0057 HTTP 409; trying next connector
2026-07-02 01:23:38,087 INFO o.a.j.p.j.s.J.Full charging journey with SSE: [electrahub-jmeter][full][046] step=start charging attempt 17
2026-07-02 01:23:38,153 INFO o.a.j.p.j.s.J.Full charging journey with SSE: [electrahub-jmeter][full][046] http POST /session/api/v1/sessions/start status=409 elapsedMs=65
2026-07-02 01:23:38,154 INFO o.a.j.p.j.s.J.Full charging journey with SSE: [electrahub-jmeter][full][046] start skipped EH-US-CHG-0062/CON-US-0062 HTTP 409; trying next connector
2026-07-02 01:23:38,209 INFO o.a.j.p.j.s.J.Full charging journey with SSE: [electrahub-jmeter][full][048] step=start charging attempt 8
2026-07-02 01:23:38,284 INFO o.a.j.p.j.s.J.Full charging journey with SSE: [electrahub-jmeter][full][048] http POST /session/api/v1/sessions/start status=409 elapsedMs=74
2026-07-02 01:23:38,285 INFO o.a.j.p.j.s.J.Full charging journey with SSE: [electrahub-jmeter][full][048] start skipped EH-US-CHG-0055/CON-US-0055 HTTP 409; trying next connector
2026-07-02 01:23:38,733 INFO o.a.j.p.j.s.J.Full charging journey with SSE: [electrahub-jmeter][full][049] step=start charging attempt 3
2026-07-02 01:23:38,804 INFO o.a.j.p.j.s.J.Full charging journey with SSE: [electrahub-jmeter][full][049] http POST /session/api/v1/sessions/start status=409 elapsedMs=70
2026-07-02 01:23:38,805 INFO o.a.j.p.j.s.J.Full charging journey with SSE: [electrahub-jmeter][full][049] start skipped EH-US-CHG-0051/CON-US-0051 HTTP 409; trying next connector
2026-07-02 01:23:39,058 INFO o.a.j.p.j.s.J.Full charging journey with SSE: [electrahub-jmeter][full][047] step=start charging attempt 12
2026-07-02 01:23:39,123 INFO o.a.j.p.j.s.J.Full charging journey with SSE: [electrahub-jmeter][full][047] http POST /session/api/v1/sessions/start status=409 elapsedMs=65
2026-07-02 01:23:39,124 INFO o.a.j.p.j.s.J.Full charging journey with SSE: [electrahub-jmeter][full][047] start skipped EH-US-CHG-0058/CON-US-0058 HTTP 409; trying next connector
2026-07-02 01:23:39,155 INFO o.a.j.p.j.s.J.Full charging journey with SSE: [electrahub-jmeter][full][046] step=start charging attempt 18
2026-07-02 01:23:39,226 INFO o.a.j.p.j.s.J.Full charging journey with SSE: [electrahub-jmeter][full][046] http POST /session/api/v1/sessions/start status=409 elapsedMs=70
2026-07-02 01:23:39,228 INFO o.a.j.p.j.s.J.Full charging journey with SSE: [electrahub-jmeter][full][046] start skipped EH-US-CHG-0063/CON-US-0063 HTTP 409; trying next connector
2026-07-02 01:23:39,286 INFO o.a.j.p.j.s.J.Full charging journey with SSE: [electrahub-jmeter][full][048] step=start charging attempt 9
2026-07-02 01:23:39,310 INFO o.a.j.p.j.s.J.Full charging journey with SSE: [electrahub-jmeter][full][035] sse ok connected=1 snapshot=2 updates=29 receipts=0 heartbeats=0
2026-07-02 01:23:39,311 INFO o.a.j.p.j.s.J.Full charging journey with SSE: [electrahub-jmeter][full][035] holding session for 33s before stop
2026-07-02 01:23:39,351 INFO o.a.j.p.j.s.J.Full charging journey with SSE: [electrahub-jmeter][full][048] http POST /session/api/v1/sessions/start status=409 elapsedMs=64
2026-07-02 01:23:39,352 INFO o.a.j.p.j.s.J.Full charging journey with SSE: [electrahub-jmeter][full][048] start skipped EH-US-CHG-0056/CON-US-0056 HTTP 409; trying next connector
2026-07-02 01:23:39,806 INFO o.a.j.p.j.s.J.Full charging journey with SSE: [electrahub-jmeter][full][049] step=start charging attempt 4
2026-07-02 01:23:39,879 INFO o.a.j.p.j.s.J.Full charging journey with SSE: [electrahub-jmeter][full][049] http POST /session/api/v1/sessions/start status=409 elapsedMs=72
2026-07-02 01:23:39,880 INFO o.a.j.p.j.s.J.Full charging journey with SSE: [electrahub-jmeter][full][049] start skipped EH-US-CHG-0052/CON-US-0052 HTTP 409; trying next connector
2026-07-02 01:23:40,125 INFO o.a.j.p.j.s.J.Full charging journey with SSE: [electrahub-jmeter][full][047] step=start charging attempt 13
2026-07-02 01:23:40,186 INFO o.a.j.p.j.s.J.Full charging journey with SSE: [electrahub-jmeter][full][047] http POST /session/api/v1/sessions/start status=409 elapsedMs=60
2026-07-02 01:23:40,187 INFO o.a.j.p.j.s.J.Full charging journey with SSE: [electrahub-jmeter][full][047] start skipped EH-US-CHG-0059/CON-US-0059 HTTP 409; trying next connector
2026-07-02 01:23:40,228 INFO o.a.j.p.j.s.J.Full charging journey with SSE: [electrahub-jmeter][full][046] step=start charging attempt 19
2026-07-02 01:23:40,353 INFO o.a.j.p.j.s.J.Full charging journey with SSE: [electrahub-jmeter][full][048] step=start charging attempt 10
2026-07-02 01:23:40,417 INFO o.a.j.p.j.s.J.Full charging journey with SSE: [electrahub-jmeter][full][048] http POST /session/api/v1/sessions/start status=409 elapsedMs=63
2026-07-02 01:23:40,418 INFO o.a.j.p.j.s.J.Full charging journey with SSE: [electrahub-jmeter][full][048] start skipped EH-US-CHG-0057/CON-US-0057 HTTP 409; trying next connector
2026-07-02 01:23:40,880 INFO o.a.j.p.j.s.J.Full charging journey with SSE: [electrahub-jmeter][full][049] step=start charging attempt 5
2026-07-02 01:23:40,943 INFO o.a.j.p.j.s.J.Full charging journey with SSE: [electrahub-jmeter][full][049] http POST /session/api/v1/sessions/start status=409 elapsedMs=62
2026-07-02 01:23:40,944 INFO o.a.j.p.j.s.J.Full charging journey with SSE: [electrahub-jmeter][full][049] start skipped EH-US-CHG-0053/CON-US-0053 HTTP 409; trying next connector
2026-07-02 01:23:41,188 INFO o.a.j.p.j.s.J.Full charging journey with SSE: [electrahub-jmeter][full][047] step=start charging attempt 14
2026-07-02 01:23:41,257 INFO o.a.j.p.j.s.J.Full charging journey with SSE: [electrahub-jmeter][full][047] http POST /session/api/v1/sessions/start status=409 elapsedMs=68
2026-07-02 01:23:41,258 INFO o.a.j.p.j.s.J.Full charging journey with SSE: [electrahub-jmeter][full][047] start skipped EH-US-CHG-0060/CON-US-0060 HTTP 409; trying next connector
2026-07-02 01:23:41,293 INFO o.a.j.p.j.s.J.Full charging journey with SSE: [electrahub-jmeter][full][028] step=active sessions
2026-07-02 01:23:41,329 INFO o.a.j.p.j.s.J.Full charging journey with SSE: [electrahub-jmeter][full][029] http POST /session/api/v1/sessions/02a4ac2f-1375-4c77-b423-10df569c6455/stop status=204 elapsedMs=3368
2026-07-02 01:23:41,332 INFO o.a.j.p.j.s.J.Full charging journey with SSE: [electrahub-jmeter][full][046] http POST /session/api/v1/sessions/start status=201 elapsedMs=1103
2026-07-02 01:23:41,334 INFO o.a.j.p.j.s.J.Full charging journey with SSE: [electrahub-jmeter][full][046] started session=dd9642e4-59ff-451a-9b5d-47ac15390ddb charger=EH-US-CHG-0064/CON-US-0064 status=PREPARING remote=Accepted attempt=19/100
2026-07-02 01:23:41,334 INFO o.a.j.p.j.s.J.Full charging journey with SSE: [electrahub-jmeter][full][029] stop requested session=02a4ac2f-1375-4c77-b423-10df569c6455
2026-07-02 01:23:41,335 INFO o.a.j.p.j.s.J.Full charging journey with SSE: [electrahub-jmeter][full][046] step=active sessions
2026-07-02 01:23:41,336 INFO o.a.j.p.j.s.J.Full charging journey with SSE: [electrahub-jmeter][full][029] step=active sessions
2026-07-02 01:23:41,386 INFO o.a.j.p.j.s.J.Full charging journey with SSE: [electrahub-jmeter][full][028] http GET /session/api/v1/sessions/active status=200 elapsedMs=92
2026-07-02 01:23:41,387 INFO o.a.j.p.j.s.J.Full charging journey with SSE: [electrahub-jmeter][full][028] step=receipt
2026-07-02 01:23:41,419 INFO o.a.j.p.j.s.J.Full charging journey with SSE: [electrahub-jmeter][full][048] step=start charging attempt 11
2026-07-02 01:23:41,443 INFO o.a.j.p.j.s.J.Full charging journey with SSE: [electrahub-jmeter][full][028] http GET /session/api/v1/sessions/25f218b5-da35-4c6a-90da-93bbcf64dd27/receipt status=200 elapsedMs=55
2026-07-02 01:23:41,444 INFO o.a.j.p.j.s.J.Full charging journey with SSE: [electrahub-jmeter][full][028] step=session history
2026-07-02 01:23:41,501 INFO o.a.j.p.j.s.J.Full charging journey with SSE: [electrahub-jmeter][full][028] http GET /session/api/v1/sessions/history?page=0&size=10 status=200 elapsedMs=56
2026-07-02 01:23:41,502 INFO o.a.j.p.j.s.J.Full charging journey with SSE: [electrahub-jmeter][full][028] step=dashboard stats
2026-07-02 01:23:41,544 INFO o.a.j.p.j.s.J.Full charging journey with SSE: [electrahub-jmeter][full][048] http POST /session/api/v1/sessions/start status=409 elapsedMs=80
2026-07-02 01:23:41,545 INFO o.a.j.p.j.s.J.Full charging journey with SSE: [electrahub-jmeter][full][048] start skipped EH-US-CHG-0058/CON-US-0058 HTTP 409; trying next connector
2026-07-02 01:23:41,561 INFO o.a.j.p.j.s.J.Full charging journey with SSE: [electrahub-jmeter][full][028] http GET /session/api/v1/sessions/dashboard-stats status=200 elapsedMs=58
2026-07-02 01:23:41,562 INFO o.a.j.p.j.s.J.Full charging journey with SSE: [electrahub-jmeter][full][028] receipt ok session=25f218b5-da35-4c6a-90da-93bbcf64dd27 status=Completed total=1.8573
2026-07-02 01:23:41,563 INFO o.a.j.t.JMeterThread: Thread is done: 100 driver charging journeys 1-28
2026-07-02 01:23:41,564 INFO o.a.j.t.JMeterThread: Thread finished: 100 driver charging journeys 1-28
2026-07-02 01:23:41,682 INFO o.a.j.t.JMeterThread: Thread started: 100 driver charging journeys 1-50
2026-07-02 01:23:41,687 INFO o.a.j.p.j.s.J.Full charging journey with SSE: [electrahub-jmeter][full][050] step=register
2026-07-02 01:23:41,846 INFO o.a.j.p.j.s.J.Full charging journey with SSE: [electrahub-jmeter][full][050] http POST /auth/api/auth/register status=200 elapsedMs=159
2026-07-02 01:23:41,846 INFO o.a.j.p.j.s.J.Full charging journey with SSE: [electrahub-jmeter][full][050] registered uid=67a36570-c9ca-48a4-87c6-cf6953de4f17
2026-07-02 01:23:41,854 INFO o.a.j.p.j.s.J.Full charging journey with SSE: [electrahub-jmeter][full][050] step=payment state before setup
2026-07-02 01:23:41,901 INFO o.a.j.p.j.s.J.Full charging journey with SSE: [electrahub-jmeter][full][050] http GET /payment/api/v1/payment/state status=451 elapsedMs=46
2026-07-02 01:23:41,902 INFO o.a.j.p.j.s.J.Full charging journey with SSE: [electrahub-jmeter][full][050] step=accept terms
2026-07-02 01:23:41,945 INFO o.a.j.p.j.s.J.Full charging journey with SSE: [electrahub-jmeter][full][049] step=start charging attempt 6
2026-07-02 01:23:41,959 INFO o.a.j.p.j.s.J.Full charging journey with SSE: [electrahub-jmeter][full][050] http POST /auth/api/terms/accept status=201 elapsedMs=57
2026-07-02 01:23:41,959 INFO o.a.j.p.j.s.J.Full charging journey with SSE: [electrahub-jmeter][full][050] accepted terms; refreshing token through login
2026-07-02 01:23:41,960 INFO o.a.j.p.j.s.J.Full charging journey with SSE: [electrahub-jmeter][full][050] step=login
2026-07-02 01:23:42,013 INFO o.a.j.p.j.s.J.Full charging journey with SSE: [electrahub-jmeter][full][049] http POST /session/api/v1/sessions/start status=409 elapsedMs=67
2026-07-02 01:23:42,013 INFO o.a.j.p.j.s.J.Full charging journey with SSE: [electrahub-jmeter][full][049] start skipped EH-US-CHG-0054/CON-US-0054 HTTP 409; trying next connector
2026-07-02 01:23:42,132 INFO o.a.j.p.j.s.J.Full charging journey with SSE: [electrahub-jmeter][full][050] http POST /auth/api/auth/login status=200 elapsedMs=171
2026-07-02 01:23:42,133 INFO o.a.j.p.j.s.J.Full charging journey with SSE: [electrahub-jmeter][full][050] logged in uid=67a36570-c9ca-48a4-87c6-cf6953de4f17
2026-07-02 01:23:42,133 INFO o.a.j.p.j.s.J.Full charging journey with SSE: [electrahub-jmeter][full][050] step=payment state after terms
2026-07-02 01:23:42,188 INFO o.a.j.p.j.s.J.Full charging journey with SSE: [electrahub-jmeter][full][050] http GET /payment/api/v1/payment/state status=200 elapsedMs=54
2026-07-02 01:23:42,189 INFO o.a.j.p.j.s.J.Full charging journey with SSE: [electrahub-jmeter][full][050] step=add card
2026-07-02 01:23:42,240 INFO o.a.j.p.j.s.J.Full charging journey with SSE: [electrahub-jmeter][full][050] http POST /payment/api/v1/payment/cards status=201 elapsedMs=50
2026-07-02 01:23:42,242 INFO o.a.j.p.j.s.J.Full charging journey with SSE: [electrahub-jmeter][full][050] step=wallet topup
2026-07-02 01:23:42,259 INFO o.a.j.p.j.s.J.Full charging journey with SSE: [electrahub-jmeter][full][047] step=start charging attempt 15
2026-07-02 01:23:42,300 INFO o.a.j.p.j.s.J.Full charging journey with SSE: [electrahub-jmeter][full][050] http POST /payment/api/v1/payment/wallet/topups status=201 elapsedMs=57
2026-07-02 01:23:42,301 INFO o.a.j.p.j.s.J.Full charging journey with SSE: [electrahub-jmeter][full][050] step=payment state after setup
2026-07-02 01:23:42,324 INFO o.a.j.p.j.s.J.Full charging journey with SSE: [electrahub-jmeter][full][047] http POST /session/api/v1/sessions/start status=409 elapsedMs=64
2026-07-02 01:23:42,325 INFO o.a.j.p.j.s.J.Full charging journey with SSE: [electrahub-jmeter][full][047] start skipped EH-US-CHG-0061/CON-US-0061 HTTP 409; trying next connector
2026-07-02 01:23:42,336 INFO o.a.j.p.j.s.J.Full charging journey with SSE: [electrahub-jmeter][full][046] http GET /session/api/v1/sessions/active status=200 elapsedMs=1000
2026-07-02 01:23:42,340 INFO o.a.j.p.j.s.J.Full charging journey with SSE: [electrahub-jmeter][full][029] http GET /session/api/v1/sessions/active status=200 elapsedMs=1003
2026-07-02 01:23:42,358 INFO o.a.j.p.j.s.J.Full charging journey with SSE: [electrahub-jmeter][full][050] http GET /payment/api/v1/payment/state status=200 elapsedMs=57
2026-07-02 01:23:42,359 INFO o.a.j.p.j.s.J.Full charging journey with SSE: [electrahub-jmeter][full][050] payment ready wallet=120.00
2026-07-02 01:23:42,360 INFO o.a.j.p.j.s.J.Full charging journey with SSE: [electrahub-jmeter][full][050] step=charger graphql list
2026-07-02 01:23:42,457 INFO o.a.j.p.j.s.J.Full charging journey with SSE: [electrahub-jmeter][full][050] http POST /charger/graphql status=200 elapsedMs=96
2026-07-02 01:23:42,458 INFO o.a.j.p.j.s.J.Full charging journey with SSE: [electrahub-jmeter][full][050] dynamic connector selection found no available connector; using CSV connector
2026-07-02 01:23:42,459 INFO o.a.j.p.j.s.J.Full charging journey with SSE: [electrahub-jmeter][full][050] step=charger graphql view
2026-07-02 01:23:42,532 INFO o.a.j.p.j.s.J.Full charging journey with SSE: [electrahub-jmeter][full][050] http POST /charger/graphql status=200 elapsedMs=72
2026-07-02 01:23:42,533 INFO o.a.j.p.j.s.J.Full charging journey with SSE: [electrahub-jmeter][full][050] step=payment state before start
2026-07-02 01:23:42,546 INFO o.a.j.p.j.s.J.Full charging journey with SSE: [electrahub-jmeter][full][048] step=start charging attempt 12
2026-07-02 01:23:42,582 INFO o.a.j.p.j.s.J.Full charging journey with SSE: [electrahub-jmeter][full][050] http GET /payment/api/v1/payment/state status=200 elapsedMs=48
2026-07-02 01:23:42,586 INFO o.a.j.p.j.s.J.Full charging journey with SSE: [electrahub-jmeter][full][050] using connector csv fallback attempts=100 startIndex=50/100
2026-07-02 01:23:42,586 INFO o.a.j.p.j.s.J.Full charging journey with SSE: [electrahub-jmeter][full][050] step=start charging attempt 1
2026-07-02 01:23:42,610 INFO o.a.j.p.j.s.J.Full charging journey with SSE: [electrahub-jmeter][full][048] http POST /session/api/v1/sessions/start status=409 elapsedMs=63
2026-07-02 01:23:42,611 INFO o.a.j.p.j.s.J.Full charging journey with SSE: [electrahub-jmeter][full][048] start skipped EH-US-CHG-0059/CON-US-0059 HTTP 409; trying next connector
2026-07-02 01:23:42,650 INFO o.a.j.p.j.s.J.Full charging journey with SSE: [electrahub-jmeter][full][050] http POST /session/api/v1/sessions/start status=409 elapsedMs=63
2026-07-02 01:23:42,651 INFO o.a.j.p.j.s.J.Full charging journey with SSE: [electrahub-jmeter][full][050] start skipped EH-US-CHG-0050/CON-US-0050 HTTP 409; trying next connector
2026-07-02 01:23:43,014 INFO o.a.j.p.j.s.J.Full charging journey with SSE: [electrahub-jmeter][full][049] step=start charging attempt 7
2026-07-02 01:23:43,074 INFO o.a.j.p.j.s.J.Full charging journey with SSE: [electrahub-jmeter][full][049] http POST /session/api/v1/sessions/start status=409 elapsedMs=59
2026-07-02 01:23:43,075 INFO o.a.j.p.j.s.J.Full charging journey with SSE: [electrahub-jmeter][full][049] start skipped EH-US-CHG-0055/CON-US-0055 HTTP 409; trying next connector
2026-07-02 01:23:43,326 INFO o.a.j.p.j.s.J.Full charging journey with SSE: [electrahub-jmeter][full][047] step=start charging attempt 16
2026-07-02 01:23:43,466 INFO o.a.j.p.j.s.J.Full charging journey with SSE: [electrahub-jmeter][full][047] http POST /session/api/v1/sessions/start status=409 elapsedMs=138
2026-07-02 01:23:43,467 INFO o.a.j.p.j.s.J.Full charging journey with SSE: [electrahub-jmeter][full][047] start skipped EH-US-CHG-0062/CON-US-0062 HTTP 409; trying next connector
2026-07-02 01:23:43,612 INFO o.a.j.p.j.s.J.Full charging journey with SSE: [electrahub-jmeter][full][048] step=start charging attempt 13
2026-07-02 01:23:43,652 INFO o.a.j.p.j.s.J.Full charging journey with SSE: [electrahub-jmeter][full][050] step=start charging attempt 2
2026-07-02 01:23:43,675 INFO o.a.j.p.j.s.J.Full charging journey with SSE: [electrahub-jmeter][full][048] http POST /session/api/v1/sessions/start status=409 elapsedMs=63
2026-07-02 01:23:43,676 INFO o.a.j.p.j.s.J.Full charging journey with SSE: [electrahub-jmeter][full][048] start skipped EH-US-CHG-0060/CON-US-0060 HTTP 409; trying next connector
2026-07-02 01:23:43,711 INFO o.a.j.p.j.s.J.Full charging journey with SSE: [electrahub-jmeter][full][050] http POST /session/api/v1/sessions/start status=409 elapsedMs=58
2026-07-02 01:23:43,712 INFO o.a.j.p.j.s.J.Full charging journey with SSE: [electrahub-jmeter][full][050] start skipped EH-US-CHG-0051/CON-US-0051 HTTP 409; trying next connector
2026-07-02 01:23:44,013 INFO o.a.j.p.j.s.J.Full charging journey with SSE: [electrahub-jmeter][full][030] step=stop charging session
2026-07-02 01:23:44,076 INFO o.a.j.p.j.s.J.Full charging journey with SSE: [electrahub-jmeter][full][049] step=start charging attempt 8
2026-07-02 01:23:44,144 INFO o.a.j.p.j.s.J.Full charging journey with SSE: [electrahub-jmeter][full][049] http POST /session/api/v1/sessions/start status=409 elapsedMs=68
2026-07-02 01:23:44,144 INFO o.a.j.p.j.s.J.Full charging journey with SSE: [electrahub-jmeter][full][049] start skipped EH-US-CHG-0056/CON-US-0056 HTTP 409; trying next connector
2026-07-02 01:23:44,467 INFO o.a.j.p.j.s.J.Full charging journey with SSE: [electrahub-jmeter][full][047] step=start charging attempt 17
2026-07-02 01:23:44,527 INFO o.a.j.p.j.s.J.Full charging journey with SSE: [electrahub-jmeter][full][047] http POST /session/api/v1/sessions/start status=409 elapsedMs=59
2026-07-02 01:23:44,527 INFO o.a.j.p.j.s.J.Full charging journey with SSE: [electrahub-jmeter][full][047] start skipped EH-US-CHG-0063/CON-US-0063 HTTP 409; trying next connector
2026-07-02 01:23:44,676 INFO o.a.j.p.j.s.J.Full charging journey with SSE: [electrahub-jmeter][full][048] step=start charging attempt 14
2026-07-02 01:23:44,712 INFO o.a.j.p.j.s.J.Full charging journey with SSE: [electrahub-jmeter][full][050] step=start charging attempt 3
2026-07-02 01:23:44,745 INFO o.a.j.p.j.s.J.Full charging journey with SSE: [electrahub-jmeter][full][048] http POST /session/api/v1/sessions/start status=409 elapsedMs=68
2026-07-02 01:23:44,745 INFO o.a.j.p.j.s.J.Full charging journey with SSE: [electrahub-jmeter][full][048] start skipped EH-US-CHG-0061/CON-US-0061 HTTP 409; trying next connector
2026-07-02 01:23:44,788 INFO o.a.j.p.j.s.J.Full charging journey with SSE: [electrahub-jmeter][full][050] http POST /session/api/v1/sessions/start status=409 elapsedMs=74
2026-07-02 01:23:44,789 INFO o.a.j.p.j.s.J.Full charging journey with SSE: [electrahub-jmeter][full][050] start skipped EH-US-CHG-0052/CON-US-0052 HTTP 409; trying next connector
2026-07-02 01:23:45,145 INFO o.a.j.p.j.s.J.Full charging journey with SSE: [electrahub-jmeter][full][049] step=start charging attempt 9
2026-07-02 01:23:45,211 INFO o.a.j.p.j.s.J.Full charging journey with SSE: [electrahub-jmeter][full][049] http POST /session/api/v1/sessions/start status=409 elapsedMs=65
2026-07-02 01:23:45,211 INFO o.a.j.p.j.s.J.Full charging journey with SSE: [electrahub-jmeter][full][049] start skipped EH-US-CHG-0057/CON-US-0057 HTTP 409; trying next connector
2026-07-02 01:23:45,374 INFO o.a.j.p.j.s.J.Full charging journey with SSE: [electrahub-jmeter][full][036] sse ok connected=1 snapshot=2 updates=29 receipts=0 heartbeats=0
2026-07-02 01:23:45,375 INFO o.a.j.p.j.s.J.Full charging journey with SSE: [electrahub-jmeter][full][036] holding session for 33s before stop
2026-07-02 01:23:45,528 INFO o.a.j.p.j.s.J.Full charging journey with SSE: [electrahub-jmeter][full][047] step=start charging attempt 18
2026-07-02 01:23:45,597 INFO o.a.j.p.j.s.J.Full charging journey with SSE: [electrahub-jmeter][full][047] http POST /session/api/v1/sessions/start status=409 elapsedMs=68
2026-07-02 01:23:45,597 INFO o.a.j.p.j.s.J.Full charging journey with SSE: [electrahub-jmeter][full][047] start skipped EH-US-CHG-0064/CON-US-0064 HTTP 409; trying next connector
2026-07-02 01:23:45,746 INFO o.a.j.p.j.s.J.Full charging journey with SSE: [electrahub-jmeter][full][048] step=start charging attempt 15
2026-07-02 01:23:45,790 INFO o.a.j.p.j.s.J.Full charging journey with SSE: [electrahub-jmeter][full][050] step=start charging attempt 4
2026-07-02 01:23:45,816 INFO o.a.j.p.j.s.J.Full charging journey with SSE: [electrahub-jmeter][full][048] http POST /session/api/v1/sessions/start status=409 elapsedMs=69
2026-07-02 01:23:45,817 INFO o.a.j.p.j.s.J.Full charging journey with SSE: [electrahub-jmeter][full][048] start skipped EH-US-CHG-0062/CON-US-0062 HTTP 409; trying next connector
2026-07-02 01:23:45,852 INFO o.a.j.p.j.s.J.Full charging journey with SSE: [electrahub-jmeter][full][050] http POST /session/api/v1/sessions/start status=409 elapsedMs=61
2026-07-02 01:23:45,853 INFO o.a.j.p.j.s.J.Full charging journey with SSE: [electrahub-jmeter][full][050] start skipped EH-US-CHG-0053/CON-US-0053 HTTP 409; trying next connector
2026-07-02 01:23:46,212 INFO o.a.j.p.j.s.J.Full charging journey with SSE: [electrahub-jmeter][full][049] step=start charging attempt 10
2026-07-02 01:23:46,273 INFO o.a.j.p.j.s.J.Full charging journey with SSE: [electrahub-jmeter][full][049] http POST /session/api/v1/sessions/start status=409 elapsedMs=59
2026-07-02 01:23:46,274 INFO o.a.j.p.j.s.J.Full charging journey with SSE: [electrahub-jmeter][full][049] start skipped EH-US-CHG-0058/CON-US-0058 HTTP 409; trying next connector
2026-07-02 01:23:46,598 INFO o.a.j.p.j.s.J.Full charging journey with SSE: [electrahub-jmeter][full][047] step=start charging attempt 19
2026-07-02 01:23:46,818 INFO o.a.j.p.j.s.J.Full charging journey with SSE: [electrahub-jmeter][full][048] step=start charging attempt 16
2026-07-02 01:23:46,853 INFO o.a.j.p.j.s.J.Full charging journey with SSE: [electrahub-jmeter][full][050] step=start charging attempt 5
2026-07-02 01:23:46,884 INFO o.a.j.p.j.s.J.Full charging journey with SSE: [electrahub-jmeter][full][048] http POST /session/api/v1/sessions/start status=409 elapsedMs=65
2026-07-02 01:23:46,885 INFO o.a.j.p.j.s.J.Full charging journey with SSE: [electrahub-jmeter][full][048] start skipped EH-US-CHG-0063/CON-US-0063 HTTP 409; trying next connector
2026-07-02 01:23:46,984 INFO o.a.j.p.j.s.J.Full charging journey with SSE: [electrahub-jmeter][full][050] http POST /session/api/v1/sessions/start status=409 elapsedMs=85
2026-07-02 01:23:46,984 INFO o.a.j.p.j.s.J.Full charging journey with SSE: [electrahub-jmeter][full][050] start skipped EH-US-CHG-0054/CON-US-0054 HTTP 409; trying next connector
2026-07-02 01:23:47,275 INFO o.a.j.p.j.s.J.Full charging journey with SSE: [electrahub-jmeter][full][049] step=start charging attempt 11
2026-07-02 01:23:47,339 INFO o.a.j.p.j.s.J.Full charging journey with SSE: [electrahub-jmeter][full][049] http POST /session/api/v1/sessions/start status=409 elapsedMs=63
2026-07-02 01:23:47,340 INFO o.a.j.p.j.s.J.Full charging journey with SSE: [electrahub-jmeter][full][049] start skipped EH-US-CHG-0059/CON-US-0059 HTTP 409; trying next connector
2026-07-02 01:23:47,341 INFO o.a.j.p.j.s.J.Full charging journey with SSE: [electrahub-jmeter][full][029] step=active sessions
2026-07-02 01:23:47,396 INFO o.a.j.p.j.s.J.Full charging journey with SSE: [electrahub-jmeter][full][030] http POST /session/api/v1/sessions/1bbd21c1-88e6-42cf-aee1-4ef6bc4fb4f4/stop status=204 elapsedMs=3382
2026-07-02 01:23:47,397 INFO o.a.j.p.j.s.J.Full charging journey with SSE: [electrahub-jmeter][full][030] stop requested session=1bbd21c1-88e6-42cf-aee1-4ef6bc4fb4f4
2026-07-02 01:23:47,397 INFO o.a.j.p.j.s.J.Full charging journey with SSE: [electrahub-jmeter][full][047] http POST /session/api/v1/sessions/start status=201 elapsedMs=798
2026-07-02 01:23:47,398 INFO o.a.j.p.j.s.J.Full charging journey with SSE: [electrahub-jmeter][full][030] step=active sessions
2026-07-02 01:23:47,398 INFO o.a.j.p.j.s.J.Full charging journey with SSE: [electrahub-jmeter][full][047] started session=93273989-42c6-4d31-841e-8d0bdf8d4b02 charger=EH-US-CHG-0065/CON-US-0065 status=PREPARING remote=Accepted attempt=19/100
2026-07-02 01:23:47,399 INFO o.a.j.p.j.s.J.Full charging journey with SSE: [electrahub-jmeter][full][047] step=active sessions
2026-07-02 01:23:47,405 INFO o.a.j.p.j.s.J.Full charging journey with SSE: [electrahub-jmeter][full][029] http GET /session/api/v1/sessions/active status=200 elapsedMs=63
2026-07-02 01:23:47,406 INFO o.a.j.p.j.s.J.Full charging journey with SSE: [electrahub-jmeter][full][029] step=receipt
2026-07-02 01:23:47,465 INFO o.a.j.p.j.s.J.Full charging journey with SSE: [electrahub-jmeter][full][029] http GET /session/api/v1/sessions/02a4ac2f-1375-4c77-b423-10df569c6455/receipt status=200 elapsedMs=58
2026-07-02 01:23:47,466 INFO o.a.j.p.j.s.J.Full charging journey with SSE: [electrahub-jmeter][full][029] step=session history
2026-07-02 01:23:47,519 INFO o.a.j.p.j.s.J.Full charging journey with SSE: [electrahub-jmeter][full][029] http GET /session/api/v1/sessions/history?page=0&size=10 status=200 elapsedMs=53
2026-07-02 01:23:47,520 INFO o.a.j.p.j.s.J.Full charging journey with SSE: [electrahub-jmeter][full][029] step=dashboard stats
2026-07-02 01:23:47,576 INFO o.a.j.p.j.s.J.Full charging journey with SSE: [electrahub-jmeter][full][029] http GET /session/api/v1/sessions/dashboard-stats status=200 elapsedMs=55
2026-07-02 01:23:47,577 INFO o.a.j.p.j.s.J.Full charging journey with SSE: [electrahub-jmeter][full][029] receipt ok session=02a4ac2f-1375-4c77-b423-10df569c6455 status=Completed total=1.858
2026-07-02 01:23:47,578 INFO o.a.j.t.JMeterThread: Thread is done: 100 driver charging journeys 1-29
2026-07-02 01:23:47,578 INFO o.a.j.t.JMeterThread: Thread finished: 100 driver charging journeys 1-29
2026-07-02 01:23:47,886 INFO o.a.j.p.j.s.J.Full charging journey with SSE: [electrahub-jmeter][full][048] step=start charging attempt 17
2026-07-02 01:23:47,957 INFO o.a.j.p.j.s.J.Full charging journey with SSE: [electrahub-jmeter][full][048] http POST /session/api/v1/sessions/start status=409 elapsedMs=70
2026-07-02 01:23:47,958 INFO o.a.j.p.j.s.J.Full charging journey with SSE: [electrahub-jmeter][full][048] start skipped EH-US-CHG-0064/CON-US-0064 HTTP 409; trying next connector
2026-07-02 01:23:47,985 INFO o.a.j.p.j.s.J.Full charging journey with SSE: [electrahub-jmeter][full][050] step=start charging attempt 6
2026-07-02 01:23:48,053 INFO o.a.j.p.j.s.J.Full charging journey with SSE: [electrahub-jmeter][full][050] http POST /session/api/v1/sessions/start status=409 elapsedMs=67
2026-07-02 01:23:48,054 INFO o.a.j.p.j.s.J.Full charging journey with SSE: [electrahub-jmeter][full][050] start skipped EH-US-CHG-0055/CON-US-0055 HTTP 409; trying next connector
2026-07-02 01:23:48,341 INFO o.a.j.p.j.s.J.Full charging journey with SSE: [electrahub-jmeter][full][049] step=start charging attempt 12
2026-07-02 01:23:48,406 INFO o.a.j.p.j.s.J.Full charging journey with SSE: [electrahub-jmeter][full][030] http GET /session/api/v1/sessions/active status=200 elapsedMs=1007
2026-07-02 01:23:48,411 INFO o.a.j.p.j.s.J.Full charging journey with SSE: [electrahub-jmeter][full][047] http GET /session/api/v1/sessions/active status=200 elapsedMs=1011
2026-07-02 01:23:48,415 INFO o.a.j.p.j.s.J.Full charging journey with SSE: [electrahub-jmeter][full][049] http POST /session/api/v1/sessions/start status=409 elapsedMs=73
2026-07-02 01:23:48,416 INFO o.a.j.p.j.s.J.Full charging journey with SSE: [electrahub-jmeter][full][049] start skipped EH-US-CHG-0060/CON-US-0060 HTTP 409; trying next connector
2026-07-02 01:23:48,959 INFO o.a.j.p.j.s.J.Full charging journey with SSE: [electrahub-jmeter][full][048] step=start charging attempt 18
2026-07-02 01:23:49,024 INFO o.a.j.p.j.s.J.Full charging journey with SSE: [electrahub-jmeter][full][048] http POST /session/api/v1/sessions/start status=409 elapsedMs=64
2026-07-02 01:23:49,025 INFO o.a.j.p.j.s.J.Full charging journey with SSE: [electrahub-jmeter][full][048] start skipped EH-US-CHG-0065/CON-US-0065 HTTP 409; trying next connector
2026-07-02 01:23:49,054 INFO o.a.j.p.j.s.J.Full charging journey with SSE: [electrahub-jmeter][full][050] step=start charging attempt 7
2026-07-02 01:23:49,152 INFO o.a.j.p.j.s.J.Full charging journey with SSE: [electrahub-jmeter][full][050] http POST /session/api/v1/sessions/start status=409 elapsedMs=97
2026-07-02 01:23:49,153 INFO o.a.j.p.j.s.J.Full charging journey with SSE: [electrahub-jmeter][full][050] start skipped EH-US-CHG-0056/CON-US-0056 HTTP 409; trying next connector
2026-07-02 01:23:49,417 INFO o.a.j.p.j.s.J.Full charging journey with SSE: [electrahub-jmeter][full][049] step=start charging attempt 13
2026-07-02 01:23:49,425 INFO o.a.j.p.j.s.J.Full charging journey with SSE: [electrahub-jmeter][full][037] sse ok connected=1 snapshot=2 updates=29 receipts=0 heartbeats=0
2026-07-02 01:23:49,426 INFO o.a.j.p.j.s.J.Full charging journey with SSE: [electrahub-jmeter][full][037] holding session for 35s before stop
2026-07-02 01:23:49,488 INFO o.a.j.p.j.s.J.Full charging journey with SSE: [electrahub-jmeter][full][049] http POST /session/api/v1/sessions/start status=409 elapsedMs=70
2026-07-02 01:23:49,489 INFO o.a.j.p.j.s.J.Full charging journey with SSE: [electrahub-jmeter][full][049] start skipped EH-US-CHG-0061/CON-US-0061 HTTP 409; trying next connector
2026-07-02 01:23:50,025 INFO o.a.j.p.j.s.J.Full charging journey with SSE: [electrahub-jmeter][full][048] step=start charging attempt 19
2026-07-02 01:23:50,078 INFO o.a.j.p.j.s.J.Full charging journey with SSE: [electrahub-jmeter][full][031] step=stop charging session
2026-07-02 01:23:50,153 INFO o.a.j.p.j.s.J.Full charging journey with SSE: [electrahub-jmeter][full][050] step=start charging attempt 8
2026-07-02 01:23:50,225 INFO o.a.j.p.j.s.J.Full charging journey with SSE: [electrahub-jmeter][full][050] http POST /session/api/v1/sessions/start status=409 elapsedMs=69
2026-07-02 01:23:50,226 INFO o.a.j.p.j.s.J.Full charging journey with SSE: [electrahub-jmeter][full][050] start skipped EH-US-CHG-0057/CON-US-0057 HTTP 409; trying next connector
2026-07-02 01:23:50,432 INFO o.a.j.p.j.s.J.Full charging journey with SSE: [electrahub-jmeter][full][048] http POST /session/api/v1/sessions/start status=201 elapsedMs=406
2026-07-02 01:23:50,432 INFO o.a.j.p.j.s.J.Full charging journey with SSE: [electrahub-jmeter][full][048] started session=567b1acc-61e2-418a-a9cb-a8752e6c4a62 charger=EH-US-CHG-0066/CON-US-0066 status=PREPARING remote=Accepted attempt=19/100
2026-07-02 01:23:50,433 INFO o.a.j.p.j.s.J.Full charging journey with SSE: [electrahub-jmeter][full][048] step=active sessions
2026-07-02 01:23:50,490 INFO o.a.j.p.j.s.J.Full charging journey with SSE: [electrahub-jmeter][full][049] step=start charging attempt 14
2026-07-02 01:23:50,564 INFO o.a.j.p.j.s.J.Full charging journey with SSE: [electrahub-jmeter][full][049] http POST /session/api/v1/sessions/start status=409 elapsedMs=73
2026-07-02 01:23:50,565 INFO o.a.j.p.j.s.J.Full charging journey with SSE: [electrahub-jmeter][full][049] start skipped EH-US-CHG-0062/CON-US-0062 HTTP 409; trying next connector
2026-07-02 01:23:51,227 INFO o.a.j.p.j.s.J.Full charging journey with SSE: [electrahub-jmeter][full][050] step=start charging attempt 9
2026-07-02 01:23:51,294 INFO o.a.j.p.j.s.J.Full charging journey with SSE: [electrahub-jmeter][full][050] http POST /session/api/v1/sessions/start status=409 elapsedMs=65
2026-07-02 01:23:51,296 INFO o.a.j.p.j.s.J.Full charging journey with SSE: [electrahub-jmeter][full][050] start skipped EH-US-CHG-0058/CON-US-0058 HTTP 409; trying next connector
2026-07-02 01:23:51,438 INFO o.a.j.p.j.s.J.Full charging journey with SSE: [electrahub-jmeter][full][048] http GET /session/api/v1/sessions/active status=200 elapsedMs=1005
2026-07-02 01:23:51,566 INFO o.a.j.p.j.s.J.Full charging journey with SSE: [electrahub-jmeter][full][049] step=start charging attempt 15
2026-07-02 01:23:51,635 INFO o.a.j.p.j.s.J.Full charging journey with SSE: [electrahub-jmeter][full][049] http POST /session/api/v1/sessions/start status=409 elapsedMs=68
2026-07-02 01:23:51,636 INFO o.a.j.p.j.s.J.Full charging journey with SSE: [electrahub-jmeter][full][049] start skipped EH-US-CHG-0063/CON-US-0063 HTTP 409; trying next connector
2026-07-02 01:23:52,297 INFO o.a.j.p.j.s.J.Full charging journey with SSE: [electrahub-jmeter][full][050] step=start charging attempt 10
2026-07-02 01:23:52,363 INFO o.a.j.p.j.s.J.Full charging journey with SSE: [electrahub-jmeter][full][050] http POST /session/api/v1/sessions/start status=409 elapsedMs=65
2026-07-02 01:23:52,364 INFO o.a.j.p.j.s.J.Full charging journey with SSE: [electrahub-jmeter][full][050] start skipped EH-US-CHG-0059/CON-US-0059 HTTP 409; trying next connector
2026-07-02 01:23:52,637 INFO o.a.j.p.j.s.J.Full charging journey with SSE: [electrahub-jmeter][full][049] step=start charging attempt 16
2026-07-02 01:23:52,711 INFO o.a.j.p.j.s.J.Full charging journey with SSE: [electrahub-jmeter][full][049] http POST /session/api/v1/sessions/start status=409 elapsedMs=72
2026-07-02 01:23:52,712 INFO o.a.j.p.j.s.J.Full charging journey with SSE: [electrahub-jmeter][full][049] start skipped EH-US-CHG-0064/CON-US-0064 HTTP 409; trying next connector
2026-07-02 01:23:53,365 INFO o.a.j.p.j.s.J.Full charging journey with SSE: [electrahub-jmeter][full][050] step=start charging attempt 11
2026-07-02 01:23:53,407 INFO o.a.j.p.j.s.J.Full charging journey with SSE: [electrahub-jmeter][full][030] step=active sessions
2026-07-02 01:23:53,430 INFO o.a.j.p.j.s.J.Full charging journey with SSE: [electrahub-jmeter][full][050] http POST /session/api/v1/sessions/start status=409 elapsedMs=64
2026-07-02 01:23:53,431 INFO o.a.j.p.j.s.J.Full charging journey with SSE: [electrahub-jmeter][full][050] start skipped EH-US-CHG-0060/CON-US-0060 HTTP 409; trying next connector
2026-07-02 01:23:53,458 INFO o.a.j.p.j.s.J.Full charging journey with SSE: [electrahub-jmeter][full][031] http POST /session/api/v1/sessions/7167e74d-6b3e-4826-9d80-de71cc2d7e1e/stop status=204 elapsedMs=3379
2026-07-02 01:23:53,459 INFO o.a.j.p.j.s.J.Full charging journey with SSE: [electrahub-jmeter][full][031] stop requested session=7167e74d-6b3e-4826-9d80-de71cc2d7e1e
2026-07-02 01:23:53,460 INFO o.a.j.p.j.s.J.Full charging journey with SSE: [electrahub-jmeter][full][031] step=active sessions
2026-07-02 01:23:53,514 INFO o.a.j.p.j.s.J.Full charging journey with SSE: [electrahub-jmeter][full][030] http GET /session/api/v1/sessions/active status=200 elapsedMs=106
2026-07-02 01:23:53,515 INFO o.a.j.p.j.s.J.Full charging journey with SSE: [electrahub-jmeter][full][030] step=receipt
2026-07-02 01:23:53,575 INFO o.a.j.p.j.s.J.Full charging journey with SSE: [electrahub-jmeter][full][030] http GET /session/api/v1/sessions/1bbd21c1-88e6-42cf-aee1-4ef6bc4fb4f4/receipt status=200 elapsedMs=60
2026-07-02 01:23:53,576 INFO o.a.j.p.j.s.J.Full charging journey with SSE: [electrahub-jmeter][full][030] step=session history
2026-07-02 01:23:53,632 INFO o.a.j.p.j.s.J.Full charging journey with SSE: [electrahub-jmeter][full][030] http GET /session/api/v1/sessions/history?page=0&size=10 status=200 elapsedMs=55
2026-07-02 01:23:53,633 INFO o.a.j.p.j.s.J.Full charging journey with SSE: [electrahub-jmeter][full][030] step=dashboard stats
2026-07-02 01:23:53,689 INFO o.a.j.p.j.s.J.Full charging journey with SSE: [electrahub-jmeter][full][030] http GET /session/api/v1/sessions/dashboard-stats status=200 elapsedMs=55
2026-07-02 01:23:53,690 INFO o.a.j.p.j.s.J.Full charging journey with SSE: [electrahub-jmeter][full][030] receipt ok session=1bbd21c1-88e6-42cf-aee1-4ef6bc4fb4f4 status=Completed total=1.858
2026-07-02 01:23:53,691 INFO o.a.j.t.JMeterThread: Thread is done: 100 driver charging journeys 1-30
2026-07-02 01:23:53,692 INFO o.a.j.t.JMeterThread: Thread finished: 100 driver charging journeys 1-30
2026-07-02 01:23:53,713 INFO o.a.j.p.j.s.J.Full charging journey with SSE: [electrahub-jmeter][full][049] step=start charging attempt 17
2026-07-02 01:23:53,778 INFO o.a.j.p.j.s.J.Full charging journey with SSE: [electrahub-jmeter][full][049] http POST /session/api/v1/sessions/start status=409 elapsedMs=65
2026-07-02 01:23:53,779 INFO o.a.j.p.j.s.J.Full charging journey with SSE: [electrahub-jmeter][full][049] start skipped EH-US-CHG-0065/CON-US-0065 HTTP 409; trying next connector
2026-07-02 01:23:54,432 INFO o.a.j.p.j.s.J.Full charging journey with SSE: [electrahub-jmeter][full][050] step=start charging attempt 12
2026-07-02 01:23:54,467 INFO o.a.j.p.j.s.J.Full charging journey with SSE: [electrahub-jmeter][full][031] http GET /session/api/v1/sessions/active status=200 elapsedMs=1004
2026-07-02 01:23:54,500 INFO o.a.j.p.j.s.J.Full charging journey with SSE: [electrahub-jmeter][full][050] http POST /session/api/v1/sessions/start status=409 elapsedMs=67
2026-07-02 01:23:54,501 INFO o.a.j.p.j.s.J.Full charging journey with SSE: [electrahub-jmeter][full][050] start skipped EH-US-CHG-0061/CON-US-0061 HTTP 409; trying next connector
2026-07-02 01:23:54,780 INFO o.a.j.p.j.s.J.Full charging journey with SSE: [electrahub-jmeter][full][049] step=start charging attempt 18
2026-07-02 01:23:54,857 INFO o.a.j.p.j.s.J.Full charging journey with SSE: [electrahub-jmeter][full][049] http POST /session/api/v1/sessions/start status=409 elapsedMs=76
2026-07-02 01:23:54,858 INFO o.a.j.p.j.s.J.Full charging journey with SSE: [electrahub-jmeter][full][049] start skipped EH-US-CHG-0066/CON-US-0066 HTTP 409; trying next connector
2026-07-02 01:23:56,249 INFO o.a.j.p.j.s.J.Full charging journey with SSE: [electrahub-jmeter][full][038] sse ok connected=1 snapshot=2 updates=23 receipts=0 heartbeats=0
2026-07-02 01:23:56,250 INFO o.a.j.p.j.s.J.Full charging journey with SSE: [electrahub-jmeter][full][038] holding session for 34s before stop
2026-07-02 01:23:56,278 INFO o.a.j.p.j.s.J.Full charging journey with SSE: [electrahub-jmeter][full][050] step=start charging attempt 13
2026-07-02 01:23:57,142 INFO o.a.j.p.j.s.J.Full charging journey with SSE: [electrahub-jmeter][full][050] http POST /session/api/v1/sessions/start status=409 elapsedMs=862
2026-07-02 01:23:57,143 INFO o.a.j.p.j.s.J.Full charging journey with SSE: [electrahub-jmeter][full][050] start skipped EH-US-CHG-0062/CON-US-0062 HTTP 409; trying next connector
2026-07-02 01:23:57,429 INFO o.a.j.p.j.s.J.Full charging journey with SSE: [electrahub-jmeter][full][049] step=start charging attempt 19
2026-07-02 01:23:57,698 INFO o.a.j.p.j.s.J.Full charging journey with SSE: [electrahub-jmeter][full][032] step=stop charging session
2026-07-02 01:23:58,052 INFO o.a.j.p.j.s.J.Full charging journey with SSE: [electrahub-jmeter][full][049] http POST /session/api/v1/sessions/start status=201 elapsedMs=622
2026-07-02 01:23:58,052 INFO o.a.j.p.j.s.J.Full charging journey with SSE: [electrahub-jmeter][full][049] started session=836a67b9-af8e-4f6d-a691-037079f1d52b charger=EH-US-CHG-0067/CON-US-0067 status=PREPARING remote=Accepted attempt=19/100
2026-07-02 01:23:58,053 INFO o.a.j.p.j.s.J.Full charging journey with SSE: [electrahub-jmeter][full][049] step=active sessions
2026-07-02 01:23:58,144 INFO o.a.j.p.j.s.J.Full charging journey with SSE: [electrahub-jmeter][full][050] step=start charging attempt 14
2026-07-02 01:23:58,211 INFO o.a.j.p.j.s.J.Full charging journey with SSE: [electrahub-jmeter][full][050] http POST /session/api/v1/sessions/start status=409 elapsedMs=66
2026-07-02 01:23:58,212 INFO o.a.j.p.j.s.J.Full charging journey with SSE: [electrahub-jmeter][full][050] start skipped EH-US-CHG-0063/CON-US-0063 HTTP 409; trying next connector
2026-07-02 01:23:59,054 INFO o.a.j.p.j.s.J.Full charging journey with SSE: [electrahub-jmeter][full][049] http GET /session/api/v1/sessions/active status=200 elapsedMs=1000
2026-07-02 01:23:59,213 INFO o.a.j.p.j.s.J.Full charging journey with SSE: [electrahub-jmeter][full][050] step=start charging attempt 15
2026-07-02 01:23:59,275 INFO o.a.j.p.j.s.J.Full charging journey with SSE: [electrahub-jmeter][full][050] http POST /session/api/v1/sessions/start status=409 elapsedMs=61
2026-07-02 01:23:59,275 INFO o.a.j.p.j.s.J.Full charging journey with SSE: [electrahub-jmeter][full][050] start skipped EH-US-CHG-0064/CON-US-0064 HTTP 409; trying next connector
2026-07-02 01:24:00,276 INFO o.a.j.p.j.s.J.Full charging journey with SSE: [electrahub-jmeter][full][050] step=start charging attempt 16
2026-07-02 01:24:00,349 INFO o.a.j.p.j.s.J.Full charging journey with SSE: [electrahub-jmeter][full][050] http POST /session/api/v1/sessions/start status=409 elapsedMs=71
2026-07-02 01:24:00,350 INFO o.a.j.p.j.s.J.Full charging journey with SSE: [electrahub-jmeter][full][050] start skipped EH-US-CHG-0065/CON-US-0065 HTTP 409; trying next connector
2026-07-02 01:24:01,039 INFO o.a.j.p.j.s.J.Full charging journey with SSE: [electrahub-jmeter][full][031] step=active sessions
2026-07-02 01:24:01,068 INFO o.a.j.p.j.s.J.Full charging journey with SSE: [electrahub-jmeter][full][032] http POST /session/api/v1/sessions/a1c73214-8001-409a-a1b5-e5dd36908b03/stop status=204 elapsedMs=3369
2026-07-02 01:24:01,069 INFO o.a.j.p.j.s.J.Full charging journey with SSE: [electrahub-jmeter][full][032] stop requested session=a1c73214-8001-409a-a1b5-e5dd36908b03
2026-07-02 01:24:01,069 INFO o.a.j.p.j.s.J.Full charging journey with SSE: [electrahub-jmeter][full][032] step=active sessions
2026-07-02 01:24:01,097 INFO o.a.j.p.j.s.J.Full charging journey with SSE: [electrahub-jmeter][full][031] http GET /session/api/v1/sessions/active status=200 elapsedMs=57
2026-07-02 01:24:01,098 INFO o.a.j.p.j.s.J.Full charging journey with SSE: [electrahub-jmeter][full][031] step=receipt
2026-07-02 01:24:01,128 INFO o.a.j.p.j.s.J.Full charging journey with SSE: [electrahub-jmeter][full][032] http GET /session/api/v1/sessions/active status=200 elapsedMs=58
2026-07-02 01:24:01,129 INFO o.a.j.p.j.s.J.Full charging journey with SSE: [electrahub-jmeter][full][032] step=receipt
2026-07-02 01:24:01,152 INFO o.a.j.p.j.s.J.Full charging journey with SSE: [electrahub-jmeter][full][031] http GET /session/api/v1/sessions/7167e74d-6b3e-4826-9d80-de71cc2d7e1e/receipt status=200 elapsedMs=53
2026-07-02 01:24:01,153 INFO o.a.j.p.j.s.J.Full charging journey with SSE: [electrahub-jmeter][full][031] step=session history
2026-07-02 01:24:01,183 INFO o.a.j.p.j.s.J.Full charging journey with SSE: [electrahub-jmeter][full][032] http GET /session/api/v1/sessions/a1c73214-8001-409a-a1b5-e5dd36908b03/receipt status=200 elapsedMs=53
2026-07-02 01:24:01,184 INFO o.a.j.p.j.s.J.Full charging journey with SSE: [electrahub-jmeter][full][032] step=session history
2026-07-02 01:24:01,210 INFO o.a.j.p.j.s.J.Full charging journey with SSE: [electrahub-jmeter][full][031] http GET /session/api/v1/sessions/history?page=0&size=10 status=200 elapsedMs=56
2026-07-02 01:24:01,211 INFO o.a.j.p.j.s.J.Full charging journey with SSE: [electrahub-jmeter][full][031] step=dashboard stats
2026-07-02 01:24:01,237 INFO o.a.j.p.j.s.J.Full charging journey with SSE: [electrahub-jmeter][full][032] http GET /session/api/v1/sessions/history?page=0&size=10 status=200 elapsedMs=53
2026-07-02 01:24:01,238 INFO o.a.j.p.j.s.J.Full charging journey with SSE: [electrahub-jmeter][full][032] step=dashboard stats
2026-07-02 01:24:01,269 INFO o.a.j.p.j.s.J.Full charging journey with SSE: [electrahub-jmeter][full][031] http GET /session/api/v1/sessions/dashboard-stats status=200 elapsedMs=57
2026-07-02 01:24:01,271 INFO o.a.j.p.j.s.J.Full charging journey with SSE: [electrahub-jmeter][full][031] receipt ok session=7167e74d-6b3e-4826-9d80-de71cc2d7e1e status=Completed total=1.858
2026-07-02 01:24:01,272 INFO o.a.j.r.Summariser: summary +      5 in 00:00:30 =    0.2/s Avg: 123498 Min: 120191 Max: 124394 Err:     0 (0.00%) Active: 20 Started: 50 Finished: 30
2026-07-02 01:24:01,273 INFO o.a.j.r.Summariser: summary =     31 in 00:05:14 =    0.1/s Avg: 125169 Min: 120191 Max: 127529 Err:     0 (0.00%)
2026-07-02 01:24:01,274 INFO o.a.j.t.JMeterThread: Thread is done: 100 driver charging journeys 1-31
2026-07-02 01:24:01,275 INFO o.a.j.t.JMeterThread: Thread finished: 100 driver charging journeys 1-31
2026-07-02 01:24:01,294 INFO o.a.j.p.j.s.J.Full charging journey with SSE: [electrahub-jmeter][full][032] http GET /session/api/v1/sessions/dashboard-stats status=200 elapsedMs=56
2026-07-02 01:24:01,295 INFO o.a.j.p.j.s.J.Full charging journey with SSE: [electrahub-jmeter][full][032] receipt ok session=a1c73214-8001-409a-a1b5-e5dd36908b03 status=In Progress total=1.8557
2026-07-02 01:24:01,296 INFO o.a.j.t.JMeterThread: Thread is done: 100 driver charging journeys 1-32
2026-07-02 01:24:01,297 INFO o.a.j.t.JMeterThread: Thread finished: 100 driver charging journeys 1-32
2026-07-02 01:24:01,350 INFO o.a.j.p.j.s.J.Full charging journey with SSE: [electrahub-jmeter][full][050] step=start charging attempt 17
2026-07-02 01:24:01,467 INFO o.a.j.p.j.s.J.Full charging journey with SSE: [electrahub-jmeter][full][050] http POST /session/api/v1/sessions/start status=409 elapsedMs=116
2026-07-02 01:24:01,468 INFO o.a.j.p.j.s.J.Full charging journey with SSE: [electrahub-jmeter][full][050] start skipped EH-US-CHG-0066/CON-US-0066 HTTP 409; trying next connector
2026-07-02 01:24:01,767 INFO o.a.j.p.j.s.J.Full charging journey with SSE: [electrahub-jmeter][full][033] step=stop charging session
2026-07-02 01:24:02,469 INFO o.a.j.p.j.s.J.Full charging journey with SSE: [electrahub-jmeter][full][050] step=start charging attempt 18
2026-07-02 01:24:02,537 INFO o.a.j.p.j.s.J.Full charging journey with SSE: [electrahub-jmeter][full][050] http POST /session/api/v1/sessions/start status=409 elapsedMs=67
2026-07-02 01:24:02,538 INFO o.a.j.p.j.s.J.Full charging journey with SSE: [electrahub-jmeter][full][050] start skipped EH-US-CHG-0067/CON-US-0067 HTTP 409; trying next connector
2026-07-02 01:24:03,079 INFO o.a.j.p.j.s.J.Full charging journey with SSE: [electrahub-jmeter][full][039] sse ok connected=1 snapshot=2 updates=29 receipts=0 heartbeats=0
2026-07-02 01:24:03,080 INFO o.a.j.p.j.s.J.Full charging journey with SSE: [electrahub-jmeter][full][039] holding session for 33s before stop
2026-07-02 01:24:03,539 INFO o.a.j.p.j.s.J.Full charging journey with SSE: [electrahub-jmeter][full][050] step=start charging attempt 19
2026-07-02 01:24:04,094 INFO o.a.j.p.j.s.J.Full charging journey with SSE: [electrahub-jmeter][full][050] http POST /session/api/v1/sessions/start status=201 elapsedMs=555
2026-07-02 01:24:04,095 INFO o.a.j.p.j.s.J.Full charging journey with SSE: [electrahub-jmeter][full][050] started session=9ec1bf15-7882-4073-ab7b-08f21908abb0 charger=EH-US-CHG-0068/CON-US-0068 status=PREPARING remote=Accepted attempt=19/100
2026-07-02 01:24:04,095 INFO o.a.j.p.j.s.J.Full charging journey with SSE: [electrahub-jmeter][full][050] step=active sessions
2026-07-02 01:24:05,100 INFO o.a.j.p.j.s.J.Full charging journey with SSE: [electrahub-jmeter][full][050] http GET /session/api/v1/sessions/active status=200 elapsedMs=1004
2026-07-02 01:24:05,102 INFO o.a.j.p.j.s.J.Full charging journey with SSE: [electrahub-jmeter][full][033] http POST /session/api/v1/sessions/494cb92d-6eb0-4beb-b8aa-caf37037c56a/stop status=204 elapsedMs=3334
2026-07-02 01:24:05,102 INFO o.a.j.p.j.s.J.Full charging journey with SSE: [electrahub-jmeter][full][033] stop requested session=494cb92d-6eb0-4beb-b8aa-caf37037c56a
2026-07-02 01:24:05,103 INFO o.a.j.p.j.s.J.Full charging journey with SSE: [electrahub-jmeter][full][033] step=active sessions
2026-07-02 01:24:06,109 INFO o.a.j.p.j.s.J.Full charging journey with SSE: [electrahub-jmeter][full][033] http GET /session/api/v1/sessions/active status=200 elapsedMs=1005
2026-07-02 01:24:07,828 INFO o.a.j.p.j.s.J.Full charging journey with SSE: [electrahub-jmeter][full][034] step=stop charging session
2026-07-02 01:24:09,131 INFO o.a.j.p.j.s.J.Full charging journey with SSE: [electrahub-jmeter][full][040] sse ok connected=1 snapshot=2 updates=31 receipts=0 heartbeats=0
2026-07-02 01:24:09,132 INFO o.a.j.p.j.s.J.Full charging journey with SSE: [electrahub-jmeter][full][040] holding session for 33s before stop
2026-07-02 01:24:11,110 INFO o.a.j.p.j.s.J.Full charging journey with SSE: [electrahub-jmeter][full][033] step=active sessions
2026-07-02 01:24:11,151 INFO o.a.j.p.j.s.J.Full charging journey with SSE: [electrahub-jmeter][full][034] http POST /session/api/v1/sessions/6196b070-e43d-4a58-98a4-5ecb5458bd1a/stop status=204 elapsedMs=3322
2026-07-02 01:24:11,152 INFO o.a.j.p.j.s.J.Full charging journey with SSE: [electrahub-jmeter][full][034] stop requested session=6196b070-e43d-4a58-98a4-5ecb5458bd1a
2026-07-02 01:24:11,153 INFO o.a.j.p.j.s.J.Full charging journey with SSE: [electrahub-jmeter][full][034] step=active sessions
2026-07-02 01:24:11,258 INFO o.a.j.p.j.s.J.Full charging journey with SSE: [electrahub-jmeter][full][033] http GET /session/api/v1/sessions/active status=200 elapsedMs=147
2026-07-02 01:24:11,259 INFO o.a.j.p.j.s.J.Full charging journey with SSE: [electrahub-jmeter][full][033] step=receipt
2026-07-02 01:24:11,322 INFO o.a.j.p.j.s.J.Full charging journey with SSE: [electrahub-jmeter][full][033] http GET /session/api/v1/sessions/494cb92d-6eb0-4beb-b8aa-caf37037c56a/receipt status=200 elapsedMs=63
2026-07-02 01:24:11,323 INFO o.a.j.p.j.s.J.Full charging journey with SSE: [electrahub-jmeter][full][033] step=session history
2026-07-02 01:24:11,381 INFO o.a.j.p.j.s.J.Full charging journey with SSE: [electrahub-jmeter][full][033] http GET /session/api/v1/sessions/history?page=0&size=10 status=200 elapsedMs=57
2026-07-02 01:24:11,382 INFO o.a.j.p.j.s.J.Full charging journey with SSE: [electrahub-jmeter][full][033] step=dashboard stats
2026-07-02 01:24:11,440 INFO o.a.j.p.j.s.J.Full charging journey with SSE: [electrahub-jmeter][full][033] http GET /session/api/v1/sessions/dashboard-stats status=200 elapsedMs=57
2026-07-02 01:24:11,441 INFO o.a.j.p.j.s.J.Full charging journey with SSE: [electrahub-jmeter][full][033] receipt ok session=494cb92d-6eb0-4beb-b8aa-caf37037c56a status=Completed total=1.8573
2026-07-02 01:24:11,442 INFO o.a.j.t.JMeterThread: Thread is done: 100 driver charging journeys 1-33
2026-07-02 01:24:11,442 INFO o.a.j.t.JMeterThread: Thread finished: 100 driver charging journeys 1-33
2026-07-02 01:24:12,162 INFO o.a.j.p.j.s.J.Full charging journey with SSE: [electrahub-jmeter][full][034] http GET /session/api/v1/sessions/active status=200 elapsedMs=1008
2026-07-02 01:24:13,881 INFO o.a.j.p.j.s.J.Full charging journey with SSE: [electrahub-jmeter][full][035] step=stop charging session
2026-07-02 01:24:15,202 INFO o.a.j.p.j.s.J.Full charging journey with SSE: [electrahub-jmeter][full][041] sse ok connected=1 snapshot=2 updates=33 receipts=0 heartbeats=0
2026-07-02 01:24:15,203 INFO o.a.j.p.j.s.J.Full charging journey with SSE: [electrahub-jmeter][full][041] holding session for 33s before stop
2026-07-02 01:24:17,163 INFO o.a.j.p.j.s.J.Full charging journey with SSE: [electrahub-jmeter][full][034] step=active sessions
2026-07-02 01:24:17,215 INFO o.a.j.p.j.s.J.Full charging journey with SSE: [electrahub-jmeter][full][035] http POST /session/api/v1/sessions/44049355-1c44-4122-a1ed-2a4c9ec6dfcb/stop status=204 elapsedMs=3333
2026-07-02 01:24:17,216 INFO o.a.j.p.j.s.J.Full charging journey with SSE: [electrahub-jmeter][full][035] stop requested session=44049355-1c44-4122-a1ed-2a4c9ec6dfcb
2026-07-02 01:24:17,217 INFO o.a.j.p.j.s.J.Full charging journey with SSE: [electrahub-jmeter][full][035] step=active sessions
2026-07-02 01:24:17,265 INFO o.a.j.p.j.s.J.Full charging journey with SSE: [electrahub-jmeter][full][034] http GET /session/api/v1/sessions/active status=200 elapsedMs=101
2026-07-02 01:24:17,266 INFO o.a.j.p.j.s.J.Full charging journey with SSE: [electrahub-jmeter][full][034] step=receipt
2026-07-02 01:24:17,323 INFO o.a.j.p.j.s.J.Full charging journey with SSE: [electrahub-jmeter][full][034] http GET /session/api/v1/sessions/6196b070-e43d-4a58-98a4-5ecb5458bd1a/receipt status=200 elapsedMs=56
2026-07-02 01:24:17,324 INFO o.a.j.p.j.s.J.Full charging journey with SSE: [electrahub-jmeter][full][034] step=session history
2026-07-02 01:24:17,384 INFO o.a.j.p.j.s.J.Full charging journey with SSE: [electrahub-jmeter][full][034] http GET /session/api/v1/sessions/history?page=0&size=10 status=200 elapsedMs=59
2026-07-02 01:24:17,386 INFO o.a.j.p.j.s.J.Full charging journey with SSE: [electrahub-jmeter][full][034] step=dashboard stats
2026-07-02 01:24:17,443 INFO o.a.j.p.j.s.J.Full charging journey with SSE: [electrahub-jmeter][full][034] http GET /session/api/v1/sessions/dashboard-stats status=200 elapsedMs=56
2026-07-02 01:24:17,444 INFO o.a.j.p.j.s.J.Full charging journey with SSE: [electrahub-jmeter][full][034] receipt ok session=6196b070-e43d-4a58-98a4-5ecb5458bd1a status=Completed total=1.8565
2026-07-02 01:24:17,446 INFO o.a.j.t.JMeterThread: Thread is done: 100 driver charging journeys 1-34
2026-07-02 01:24:17,446 INFO o.a.j.t.JMeterThread: Thread finished: 100 driver charging journeys 1-34
2026-07-02 01:24:18,222 INFO o.a.j.p.j.s.J.Full charging journey with SSE: [electrahub-jmeter][full][035] http GET /session/api/v1/sessions/active status=200 elapsedMs=1005
2026-07-02 01:24:19,232 INFO o.a.j.p.j.s.J.Full charging journey with SSE: [electrahub-jmeter][full][042] sse ok connected=1 snapshot=2 updates=23 receipts=0 heartbeats=0
2026-07-02 01:24:19,233 INFO o.a.j.p.j.s.J.Full charging journey with SSE: [electrahub-jmeter][full][042] holding session for 35s before stop
2026-07-02 01:24:19,946 INFO o.a.j.p.j.s.J.Full charging journey with SSE: [electrahub-jmeter][full][036] step=stop charging session
2026-07-02 01:24:23,223 INFO o.a.j.p.j.s.J.Full charging journey with SSE: [electrahub-jmeter][full][035] step=active sessions
2026-07-02 01:24:23,273 INFO o.a.j.p.j.s.J.Full charging journey with SSE: [electrahub-jmeter][full][036] http POST /session/api/v1/sessions/a9339e8e-5abc-438a-bd0a-67bb34c1ef23/stop status=204 elapsedMs=3326
2026-07-02 01:24:23,274 INFO o.a.j.p.j.s.J.Full charging journey with SSE: [electrahub-jmeter][full][036] stop requested session=a9339e8e-5abc-438a-bd0a-67bb34c1ef23
2026-07-02 01:24:23,275 INFO o.a.j.p.j.s.J.Full charging journey with SSE: [electrahub-jmeter][full][036] step=active sessions
2026-07-02 01:24:23,361 INFO o.a.j.p.j.s.J.Full charging journey with SSE: [electrahub-jmeter][full][035] http GET /session/api/v1/sessions/active status=200 elapsedMs=138
2026-07-02 01:24:23,362 INFO o.a.j.p.j.s.J.Full charging journey with SSE: [electrahub-jmeter][full][035] step=receipt
2026-07-02 01:24:23,425 INFO o.a.j.p.j.s.J.Full charging journey with SSE: [electrahub-jmeter][full][035] http GET /session/api/v1/sessions/44049355-1c44-4122-a1ed-2a4c9ec6dfcb/receipt status=200 elapsedMs=63
2026-07-02 01:24:23,426 INFO o.a.j.p.j.s.J.Full charging journey with SSE: [electrahub-jmeter][full][035] step=session history
2026-07-02 01:24:23,489 INFO o.a.j.p.j.s.J.Full charging journey with SSE: [electrahub-jmeter][full][035] http GET /session/api/v1/sessions/history?page=0&size=10 status=200 elapsedMs=63
2026-07-02 01:24:23,490 INFO o.a.j.p.j.s.J.Full charging journey with SSE: [electrahub-jmeter][full][035] step=dashboard stats
2026-07-02 01:24:23,551 INFO o.a.j.p.j.s.J.Full charging journey with SSE: [electrahub-jmeter][full][035] http GET /session/api/v1/sessions/dashboard-stats status=200 elapsedMs=59
2026-07-02 01:24:23,551 INFO o.a.j.p.j.s.J.Full charging journey with SSE: [electrahub-jmeter][full][035] receipt ok session=44049355-1c44-4122-a1ed-2a4c9ec6dfcb status=Completed total=1.8565
2026-07-02 01:24:23,552 INFO o.a.j.t.JMeterThread: Thread is done: 100 driver charging journeys 1-35
2026-07-02 01:24:23,553 INFO o.a.j.t.JMeterThread: Thread finished: 100 driver charging journeys 1-35
2026-07-02 01:24:24,274 INFO o.a.j.p.j.s.J.Full charging journey with SSE: [electrahub-jmeter][full][036] http GET /session/api/v1/sessions/active status=200 elapsedMs=999
2026-07-02 01:24:25,282 INFO o.a.j.p.j.s.J.Full charging journey with SSE: [electrahub-jmeter][full][043] sse ok connected=1 snapshot=2 updates=35 receipts=0 heartbeats=0
2026-07-02 01:24:25,283 INFO o.a.j.p.j.s.J.Full charging journey with SSE: [electrahub-jmeter][full][043] holding session for 35s before stop
2026-07-02 01:24:25,997 INFO o.a.j.p.j.s.J.Full charging journey with SSE: [electrahub-jmeter][full][037] step=stop charging session
2026-07-02 01:24:31,085 INFO o.a.j.p.j.s.J.Full charging journey with SSE: [electrahub-jmeter][full][036] step=active sessions
2026-07-02 01:24:31,131 INFO o.a.j.p.j.s.J.Full charging journey with SSE: [electrahub-jmeter][full][037] http POST /session/api/v1/sessions/a1dec324-a91d-4932-96c4-92c98dce0251/stop status=204 elapsedMs=5133
2026-07-02 01:24:31,132 INFO o.a.j.p.j.s.J.Full charging journey with SSE: [electrahub-jmeter][full][037] stop requested session=a1dec324-a91d-4932-96c4-92c98dce0251
2026-07-02 01:24:31,133 INFO o.a.j.p.j.s.J.Full charging journey with SSE: [electrahub-jmeter][full][037] step=active sessions
2026-07-02 01:24:31,205 INFO o.a.j.p.j.s.J.Full charging journey with SSE: [electrahub-jmeter][full][036] http GET /session/api/v1/sessions/active status=200 elapsedMs=118
2026-07-02 01:24:31,205 INFO o.a.j.p.j.s.J.Full charging journey with SSE: [electrahub-jmeter][full][036] step=receipt
2026-07-02 01:24:31,261 INFO o.a.j.p.j.s.J.Full charging journey with SSE: [electrahub-jmeter][full][036] http GET /session/api/v1/sessions/a9339e8e-5abc-438a-bd0a-67bb34c1ef23/receipt status=200 elapsedMs=55
2026-07-02 01:24:31,262 INFO o.a.j.p.j.s.J.Full charging journey with SSE: [electrahub-jmeter][full][036] step=session history
2026-07-02 01:24:31,321 INFO o.a.j.p.j.s.J.Full charging journey with SSE: [electrahub-jmeter][full][036] http GET /session/api/v1/sessions/history?page=0&size=10 status=200 elapsedMs=58
2026-07-02 01:24:31,322 INFO o.a.j.p.j.s.J.Full charging journey with SSE: [electrahub-jmeter][full][036] step=dashboard stats
2026-07-02 01:24:31,384 INFO o.a.j.p.j.s.J.Full charging journey with SSE: [electrahub-jmeter][full][036] http GET /session/api/v1/sessions/dashboard-stats status=200 elapsedMs=61
2026-07-02 01:24:31,385 INFO o.a.j.p.j.s.J.Full charging journey with SSE: [electrahub-jmeter][full][036] receipt ok session=a9339e8e-5abc-438a-bd0a-67bb34c1ef23 status=Completed total=1.8573
2026-07-02 01:24:31,386 INFO o.a.j.r.Summariser: summary +      5 in 00:00:30 =    0.2/s Avg: 123705 Min: 120338 Max: 124619 Err:     0 (0.00%) Active: 15 Started: 50 Finished: 35
2026-07-02 01:24:31,387 INFO o.a.j.r.Summariser: summary =     36 in 00:05:44 =    0.1/s Avg: 124966 Min: 120191 Max: 127529 Err:     0 (0.00%)
2026-07-02 01:24:31,387 INFO o.a.j.t.JMeterThread: Thread is done: 100 driver charging journeys 1-36
2026-07-02 01:24:31,388 INFO o.a.j.t.JMeterThread: Thread finished: 100 driver charging journeys 1-36
2026-07-02 01:24:32,133 INFO o.a.j.p.j.s.J.Full charging journey with SSE: [electrahub-jmeter][full][037] http GET /session/api/v1/sessions/active status=200 elapsedMs=1000
2026-07-02 01:24:32,854 INFO o.a.j.p.j.s.J.Full charging journey with SSE: [electrahub-jmeter][full][038] step=stop charging session
2026-07-02 01:24:33,141 INFO o.a.j.p.j.s.J.Full charging journey with SSE: [electrahub-jmeter][full][044] sse ok connected=1 snapshot=2 updates=29 receipts=0 heartbeats=0
2026-07-02 01:24:33,142 INFO o.a.j.p.j.s.J.Full charging journey with SSE: [electrahub-jmeter][full][044] holding session for 33s before stop
2026-07-02 01:24:36,174 INFO o.a.j.p.j.s.J.Full charging journey with SSE: [electrahub-jmeter][full][038] http POST /session/api/v1/sessions/f71280dc-ce9d-4586-b15e-db3a1780da82/stop status=204 elapsedMs=3319
2026-07-02 01:24:36,175 INFO o.a.j.p.j.s.J.Full charging journey with SSE: [electrahub-jmeter][full][038] stop requested session=f71280dc-ce9d-4586-b15e-db3a1780da82
2026-07-02 01:24:36,176 INFO o.a.j.p.j.s.J.Full charging journey with SSE: [electrahub-jmeter][full][038] step=active sessions
2026-07-02 01:24:37,134 INFO o.a.j.p.j.s.J.Full charging journey with SSE: [electrahub-jmeter][full][037] step=active sessions
2026-07-02 01:24:37,189 INFO o.a.j.p.j.s.J.Full charging journey with SSE: [electrahub-jmeter][full][038] http GET /session/api/v1/sessions/active status=200 elapsedMs=1013
2026-07-02 01:24:37,260 INFO o.a.j.p.j.s.J.Full charging journey with SSE: [electrahub-jmeter][full][037] http GET /session/api/v1/sessions/active status=200 elapsedMs=125
2026-07-02 01:24:37,261 INFO o.a.j.p.j.s.J.Full charging journey with SSE: [electrahub-jmeter][full][037] step=receipt
2026-07-02 01:24:37,328 INFO o.a.j.p.j.s.J.Full charging journey with SSE: [electrahub-jmeter][full][037] http GET /session/api/v1/sessions/a1dec324-a91d-4932-96c4-92c98dce0251/receipt status=200 elapsedMs=66
2026-07-02 01:24:37,329 INFO o.a.j.p.j.s.J.Full charging journey with SSE: [electrahub-jmeter][full][037] step=session history
2026-07-02 01:24:37,387 INFO o.a.j.p.j.s.J.Full charging journey with SSE: [electrahub-jmeter][full][037] http GET /session/api/v1/sessions/history?page=0&size=10 status=200 elapsedMs=57
2026-07-02 01:24:37,388 INFO o.a.j.p.j.s.J.Full charging journey with SSE: [electrahub-jmeter][full][037] step=dashboard stats
2026-07-02 01:24:37,453 INFO o.a.j.p.j.s.J.Full charging journey with SSE: [electrahub-jmeter][full][037] http GET /session/api/v1/sessions/dashboard-stats status=200 elapsedMs=64
2026-07-02 01:24:37,453 INFO o.a.j.p.j.s.J.Full charging journey with SSE: [electrahub-jmeter][full][037] receipt ok session=a1dec324-a91d-4932-96c4-92c98dce0251 status=Completed total=1.8595
2026-07-02 01:24:37,454 INFO o.a.j.t.JMeterThread: Thread is done: 100 driver charging journeys 1-37
2026-07-02 01:24:37,455 INFO o.a.j.t.JMeterThread: Thread finished: 100 driver charging journeys 1-37
2026-07-02 01:24:37,890 INFO o.a.j.p.j.s.J.Full charging journey with SSE: [electrahub-jmeter][full][039] step=stop charging session
2026-07-02 01:24:39,218 INFO o.a.j.p.j.s.J.Full charging journey with SSE: [electrahub-jmeter][full][045] sse ok connected=1 snapshot=2 updates=29 receipts=0 heartbeats=0
2026-07-02 01:24:39,219 INFO o.a.j.p.j.s.J.Full charging journey with SSE: [electrahub-jmeter][full][045] holding session for 33s before stop
2026-07-02 01:24:41,214 INFO o.a.j.p.j.s.J.Full charging journey with SSE: [electrahub-jmeter][full][039] http POST /session/api/v1/sessions/9224a9e6-1630-4646-b415-bb449b339d9b/stop status=204 elapsedMs=3322
2026-07-02 01:24:41,215 INFO o.a.j.p.j.s.J.Full charging journey with SSE: [electrahub-jmeter][full][039] stop requested session=9224a9e6-1630-4646-b415-bb449b339d9b
2026-07-02 01:24:41,215 INFO o.a.j.p.j.s.J.Full charging journey with SSE: [electrahub-jmeter][full][039] step=active sessions
2026-07-02 01:24:42,190 INFO o.a.j.p.j.s.J.Full charging journey with SSE: [electrahub-jmeter][full][038] step=active sessions
2026-07-02 01:24:42,220 INFO o.a.j.p.j.s.J.Full charging journey with SSE: [electrahub-jmeter][full][039] http GET /session/api/v1/sessions/active status=200 elapsedMs=1004
2026-07-02 01:24:42,328 INFO o.a.j.p.j.s.J.Full charging journey with SSE: [electrahub-jmeter][full][038] http GET /session/api/v1/sessions/active status=200 elapsedMs=137
2026-07-02 01:24:42,329 INFO o.a.j.p.j.s.J.Full charging journey with SSE: [electrahub-jmeter][full][038] step=receipt
2026-07-02 01:24:42,390 INFO o.a.j.p.j.s.J.Full charging journey with SSE: [electrahub-jmeter][full][038] http GET /session/api/v1/sessions/f71280dc-ce9d-4586-b15e-db3a1780da82/receipt status=200 elapsedMs=61
2026-07-02 01:24:42,391 INFO o.a.j.p.j.s.J.Full charging journey with SSE: [electrahub-jmeter][full][038] step=session history
2026-07-02 01:24:42,448 INFO o.a.j.p.j.s.J.Full charging journey with SSE: [electrahub-jmeter][full][038] http GET /session/api/v1/sessions/history?page=0&size=10 status=200 elapsedMs=57
2026-07-02 01:24:42,448 INFO o.a.j.p.j.s.J.Full charging journey with SSE: [electrahub-jmeter][full][038] step=dashboard stats
2026-07-02 01:24:42,505 INFO o.a.j.p.j.s.J.Full charging journey with SSE: [electrahub-jmeter][full][038] http GET /session/api/v1/sessions/dashboard-stats status=200 elapsedMs=56
2026-07-02 01:24:42,505 INFO o.a.j.p.j.s.J.Full charging journey with SSE: [electrahub-jmeter][full][038] receipt ok session=f71280dc-ce9d-4586-b15e-db3a1780da82 status=Completed total=1.8595
2026-07-02 01:24:42,506 INFO o.a.j.t.JMeterThread: Thread is done: 100 driver charging journeys 1-38
2026-07-02 01:24:42,507 INFO o.a.j.t.JMeterThread: Thread finished: 100 driver charging journeys 1-38
2026-07-02 01:24:43,942 INFO o.a.j.p.j.s.J.Full charging journey with SSE: [electrahub-jmeter][full][040] step=stop charging session
2026-07-02 01:24:45,241 INFO o.a.j.p.j.s.J.Full charging journey with SSE: [electrahub-jmeter][full][046] sse ok connected=1 snapshot=2 updates=23 receipts=0 heartbeats=0
2026-07-02 01:24:45,242 INFO o.a.j.p.j.s.J.Full charging journey with SSE: [electrahub-jmeter][full][046] holding session for 33s before stop
2026-07-02 01:24:47,221 INFO o.a.j.p.j.s.J.Full charging journey with SSE: [electrahub-jmeter][full][039] step=active sessions
2026-07-02 01:24:47,265 INFO o.a.j.p.j.s.J.Full charging journey with SSE: [electrahub-jmeter][full][040] http POST /session/api/v1/sessions/23a1d463-fc2e-46d2-9430-61e4270831cf/stop status=204 elapsedMs=3322
2026-07-02 01:24:47,266 INFO o.a.j.p.j.s.J.Full charging journey with SSE: [electrahub-jmeter][full][040] stop requested session=23a1d463-fc2e-46d2-9430-61e4270831cf
2026-07-02 01:24:47,266 INFO o.a.j.p.j.s.J.Full charging journey with SSE: [electrahub-jmeter][full][040] step=active sessions
2026-07-02 01:24:47,341 INFO o.a.j.p.j.s.J.Full charging journey with SSE: [electrahub-jmeter][full][039] http GET /session/api/v1/sessions/active status=200 elapsedMs=120
2026-07-02 01:24:47,342 INFO o.a.j.p.j.s.J.Full charging journey with SSE: [electrahub-jmeter][full][039] step=receipt
2026-07-02 01:24:47,407 INFO o.a.j.p.j.s.J.Full charging journey with SSE: [electrahub-jmeter][full][039] http GET /session/api/v1/sessions/9224a9e6-1630-4646-b415-bb449b339d9b/receipt status=200 elapsedMs=65
2026-07-02 01:24:47,408 INFO o.a.j.p.j.s.J.Full charging journey with SSE: [electrahub-jmeter][full][039] step=session history
2026-07-02 01:24:47,464 INFO o.a.j.p.j.s.J.Full charging journey with SSE: [electrahub-jmeter][full][039] http GET /session/api/v1/sessions/history?page=0&size=10 status=200 elapsedMs=55
2026-07-02 01:24:47,465 INFO o.a.j.p.j.s.J.Full charging journey with SSE: [electrahub-jmeter][full][039] step=dashboard stats
2026-07-02 01:24:47,530 INFO o.a.j.p.j.s.J.Full charging journey with SSE: [electrahub-jmeter][full][039] http GET /session/api/v1/sessions/dashboard-stats status=200 elapsedMs=64
2026-07-02 01:24:47,531 INFO o.a.j.p.j.s.J.Full charging journey with SSE: [electrahub-jmeter][full][039] receipt ok session=9224a9e6-1630-4646-b415-bb449b339d9b status=Completed total=1.8565
2026-07-02 01:24:47,532 INFO o.a.j.t.JMeterThread: Thread is done: 100 driver charging journeys 1-39
2026-07-02 01:24:47,533 INFO o.a.j.t.JMeterThread: Thread finished: 100 driver charging journeys 1-39
2026-07-02 01:24:48,265 INFO o.a.j.p.j.s.J.Full charging journey with SSE: [electrahub-jmeter][full][040] http GET /session/api/v1/sessions/active status=200 elapsedMs=998
2026-07-02 01:24:50,013 INFO o.a.j.p.j.s.J.Full charging journey with SSE: [electrahub-jmeter][full][041] step=stop charging session
2026-07-02 01:24:51,304 INFO o.a.j.p.j.s.J.Full charging journey with SSE: [electrahub-jmeter][full][047] sse ok connected=1 snapshot=2 updates=29 receipts=0 heartbeats=0
2026-07-02 01:24:51,305 INFO o.a.j.p.j.s.J.Full charging journey with SSE: [electrahub-jmeter][full][047] holding session for 35s before stop
2026-07-02 01:24:53,266 INFO o.a.j.p.j.s.J.Full charging journey with SSE: [electrahub-jmeter][full][040] step=active sessions
2026-07-02 01:24:53,335 INFO o.a.j.p.j.s.J.Full charging journey with SSE: [electrahub-jmeter][full][041] http POST /session/api/v1/sessions/4181f09d-d7ac-4701-acdc-45847dd00c8d/stop status=204 elapsedMs=3320
2026-07-02 01:24:53,335 INFO o.a.j.p.j.s.J.Full charging journey with SSE: [electrahub-jmeter][full][041] stop requested session=4181f09d-d7ac-4701-acdc-45847dd00c8d
2026-07-02 01:24:53,336 INFO o.a.j.p.j.s.J.Full charging journey with SSE: [electrahub-jmeter][full][041] step=active sessions
2026-07-02 01:24:53,381 INFO o.a.j.p.j.s.J.Full charging journey with SSE: [electrahub-jmeter][full][040] http GET /session/api/v1/sessions/active status=200 elapsedMs=114
2026-07-02 01:24:53,381 INFO o.a.j.p.j.s.J.Full charging journey with SSE: [electrahub-jmeter][full][040] step=receipt
2026-07-02 01:24:53,440 INFO o.a.j.p.j.s.J.Full charging journey with SSE: [electrahub-jmeter][full][040] http GET /session/api/v1/sessions/23a1d463-fc2e-46d2-9430-61e4270831cf/receipt status=200 elapsedMs=58
2026-07-02 01:24:53,441 INFO o.a.j.p.j.s.J.Full charging journey with SSE: [electrahub-jmeter][full][040] step=session history
2026-07-02 01:24:53,508 INFO o.a.j.p.j.s.J.Full charging journey with SSE: [electrahub-jmeter][full][040] http GET /session/api/v1/sessions/history?page=0&size=10 status=200 elapsedMs=67
2026-07-02 01:24:53,509 INFO o.a.j.p.j.s.J.Full charging journey with SSE: [electrahub-jmeter][full][040] step=dashboard stats
2026-07-02 01:24:53,564 INFO o.a.j.p.j.s.J.Full charging journey with SSE: [electrahub-jmeter][full][040] http GET /session/api/v1/sessions/dashboard-stats status=200 elapsedMs=55
2026-07-02 01:24:53,565 INFO o.a.j.p.j.s.J.Full charging journey with SSE: [electrahub-jmeter][full][040] receipt ok session=23a1d463-fc2e-46d2-9430-61e4270831cf status=Completed total=1.8573
2026-07-02 01:24:53,566 INFO o.a.j.t.JMeterThread: Thread is done: 100 driver charging journeys 1-40
2026-07-02 01:24:53,566 INFO o.a.j.t.JMeterThread: Thread finished: 100 driver charging journeys 1-40
2026-07-02 01:24:54,324 INFO o.a.j.p.j.s.J.Full charging journey with SSE: [electrahub-jmeter][full][041] http GET /session/api/v1/sessions/active status=200 elapsedMs=987
2026-07-02 01:24:55,328 INFO o.a.j.p.j.s.J.Full charging journey with SSE: [electrahub-jmeter][full][048] sse ok connected=1 snapshot=2 updates=31 receipts=0 heartbeats=0
2026-07-02 01:24:55,329 INFO o.a.j.p.j.s.J.Full charging journey with SSE: [electrahub-jmeter][full][048] holding session for 35s before stop
2026-07-02 01:24:56,043 INFO o.a.j.p.j.s.J.Full charging journey with SSE: [electrahub-jmeter][full][042] step=stop charging session
2026-07-02 01:25:01,134 INFO o.a.j.p.j.s.J.Full charging journey with SSE: [electrahub-jmeter][full][041] step=active sessions
2026-07-02 01:25:01,169 INFO o.a.j.p.j.s.J.Full charging journey with SSE: [electrahub-jmeter][full][042] http POST /session/api/v1/sessions/89b5db01-0f8f-4edc-90d3-f3481ae7f8ee/stop status=204 elapsedMs=5125
2026-07-02 01:25:01,170 INFO o.a.j.p.j.s.J.Full charging journey with SSE: [electrahub-jmeter][full][042] stop requested session=89b5db01-0f8f-4edc-90d3-f3481ae7f8ee
2026-07-02 01:25:01,170 INFO o.a.j.p.j.s.J.Full charging journey with SSE: [electrahub-jmeter][full][042] step=active sessions
2026-07-02 01:25:01,264 INFO o.a.j.p.j.s.J.Full charging journey with SSE: [electrahub-jmeter][full][041] http GET /session/api/v1/sessions/active status=200 elapsedMs=128
2026-07-02 01:25:01,265 INFO o.a.j.p.j.s.J.Full charging journey with SSE: [electrahub-jmeter][full][041] step=receipt
2026-07-02 01:25:01,324 INFO o.a.j.p.j.s.J.Full charging journey with SSE: [electrahub-jmeter][full][041] http GET /session/api/v1/sessions/4181f09d-d7ac-4701-acdc-45847dd00c8d/receipt status=200 elapsedMs=57
2026-07-02 01:25:01,324 INFO o.a.j.p.j.s.J.Full charging journey with SSE: [electrahub-jmeter][full][041] step=session history
2026-07-02 01:25:01,383 INFO o.a.j.p.j.s.J.Full charging journey with SSE: [electrahub-jmeter][full][041] http GET /session/api/v1/sessions/history?page=0&size=10 status=200 elapsedMs=58
2026-07-02 01:25:01,384 INFO o.a.j.p.j.s.J.Full charging journey with SSE: [electrahub-jmeter][full][041] step=dashboard stats
2026-07-02 01:25:01,442 INFO o.a.j.p.j.s.J.Full charging journey with SSE: [electrahub-jmeter][full][041] http GET /session/api/v1/sessions/dashboard-stats status=200 elapsedMs=58
2026-07-02 01:25:01,443 INFO o.a.j.p.j.s.J.Full charging journey with SSE: [electrahub-jmeter][full][041] receipt ok session=4181f09d-d7ac-4701-acdc-45847dd00c8d status=Completed total=1.8573
2026-07-02 01:25:01,444 INFO o.a.j.r.Summariser: summary +      5 in 00:00:30 =    0.2/s Avg: 125327 Min: 124720 Max: 126642 Err:     0 (0.00%) Active: 10 Started: 50 Finished: 40
2026-07-02 01:25:01,445 INFO o.a.j.r.Summariser: summary =     41 in 00:06:14 =    0.1/s Avg: 125010 Min: 120191 Max: 127529 Err:     0 (0.00%)
2026-07-02 01:25:01,445 INFO o.a.j.t.JMeterThread: Thread is done: 100 driver charging journeys 1-41
2026-07-02 01:25:01,446 INFO o.a.j.t.JMeterThread: Thread finished: 100 driver charging journeys 1-41
2026-07-02 01:25:02,194 INFO o.a.j.p.j.s.J.Full charging journey with SSE: [electrahub-jmeter][full][049] sse ok connected=1 snapshot=2 updates=29 receipts=0 heartbeats=0
2026-07-02 01:25:02,195 INFO o.a.j.p.j.s.J.Full charging journey with SSE: [electrahub-jmeter][full][049] holding session for 34s before stop
2026-07-02 01:25:02,195 INFO o.a.j.p.j.s.J.Full charging journey with SSE: [electrahub-jmeter][full][042] http GET /session/api/v1/sessions/active status=200 elapsedMs=1024
2026-07-02 01:25:03,899 INFO o.a.j.p.j.s.J.Full charging journey with SSE: [electrahub-jmeter][full][043] step=stop charging session
2026-07-02 01:25:07,202 INFO o.a.j.p.j.s.J.Full charging journey with SSE: [electrahub-jmeter][full][042] step=active sessions
2026-07-02 01:25:07,227 INFO o.a.j.p.j.s.J.Full charging journey with SSE: [electrahub-jmeter][full][043] http POST /session/api/v1/sessions/97593c3f-2ec6-43b5-aae3-3d874f4b7834/stop status=204 elapsedMs=3327
2026-07-02 01:25:07,228 INFO o.a.j.p.j.s.J.Full charging journey with SSE: [electrahub-jmeter][full][043] stop requested session=97593c3f-2ec6-43b5-aae3-3d874f4b7834
2026-07-02 01:25:07,229 INFO o.a.j.p.j.s.J.Full charging journey with SSE: [electrahub-jmeter][full][043] step=active sessions
2026-07-02 01:25:07,311 INFO o.a.j.p.j.s.J.Full charging journey with SSE: [electrahub-jmeter][full][043] http GET /session/api/v1/sessions/active status=200 elapsedMs=81
2026-07-02 01:25:07,311 INFO o.a.j.p.j.s.J.Full charging journey with SSE: [electrahub-jmeter][full][043] step=receipt
2026-07-02 01:25:07,316 INFO o.a.j.p.j.s.J.Full charging journey with SSE: [electrahub-jmeter][full][042] http GET /session/api/v1/sessions/active status=200 elapsedMs=112
2026-07-02 01:25:07,316 INFO o.a.j.p.j.s.J.Full charging journey with SSE: [electrahub-jmeter][full][042] step=receipt
2026-07-02 01:25:07,369 INFO o.a.j.p.j.s.J.Full charging journey with SSE: [electrahub-jmeter][full][042] http GET /session/api/v1/sessions/89b5db01-0f8f-4edc-90d3-f3481ae7f8ee/receipt status=200 elapsedMs=52
2026-07-02 01:25:07,370 INFO o.a.j.p.j.s.J.Full charging journey with SSE: [electrahub-jmeter][full][042] step=session history
2026-07-02 01:25:07,376 INFO o.a.j.p.j.s.J.Full charging journey with SSE: [electrahub-jmeter][full][043] http GET /session/api/v1/sessions/97593c3f-2ec6-43b5-aae3-3d874f4b7834/receipt status=200 elapsedMs=64
2026-07-02 01:25:07,376 INFO o.a.j.p.j.s.J.Full charging journey with SSE: [electrahub-jmeter][full][043] step=session history
2026-07-02 01:25:07,431 INFO o.a.j.p.j.s.J.Full charging journey with SSE: [electrahub-jmeter][full][042] http GET /session/api/v1/sessions/history?page=0&size=10 status=200 elapsedMs=60
2026-07-02 01:25:07,432 INFO o.a.j.p.j.s.J.Full charging journey with SSE: [electrahub-jmeter][full][042] step=dashboard stats
2026-07-02 01:25:07,440 INFO o.a.j.p.j.s.J.Full charging journey with SSE: [electrahub-jmeter][full][043] http GET /session/api/v1/sessions/history?page=0&size=10 status=200 elapsedMs=63
2026-07-02 01:25:07,440 INFO o.a.j.p.j.s.J.Full charging journey with SSE: [electrahub-jmeter][full][043] step=dashboard stats
2026-07-02 01:25:07,490 INFO o.a.j.p.j.s.J.Full charging journey with SSE: [electrahub-jmeter][full][042] http GET /session/api/v1/sessions/dashboard-stats status=200 elapsedMs=57
2026-07-02 01:25:07,491 INFO o.a.j.p.j.s.J.Full charging journey with SSE: [electrahub-jmeter][full][042] receipt ok session=89b5db01-0f8f-4edc-90d3-f3481ae7f8ee status=Completed total=1.8595
2026-07-02 01:25:07,492 INFO o.a.j.t.JMeterThread: Thread is done: 100 driver charging journeys 1-42
2026-07-02 01:25:07,493 INFO o.a.j.t.JMeterThread: Thread finished: 100 driver charging journeys 1-42
2026-07-02 01:25:07,502 INFO o.a.j.p.j.s.J.Full charging journey with SSE: [electrahub-jmeter][full][043] http GET /session/api/v1/sessions/dashboard-stats status=200 elapsedMs=61
2026-07-02 01:25:07,503 INFO o.a.j.p.j.s.J.Full charging journey with SSE: [electrahub-jmeter][full][043] receipt ok session=97593c3f-2ec6-43b5-aae3-3d874f4b7834 status=In Progress total=1.8565
2026-07-02 01:25:07,505 INFO o.a.j.t.JMeterThread: Thread is done: 100 driver charging journeys 1-43
2026-07-02 01:25:07,505 INFO o.a.j.t.JMeterThread: Thread finished: 100 driver charging journeys 1-43
2026-07-02 01:25:07,949 INFO o.a.j.p.j.s.J.Full charging journey with SSE: [electrahub-jmeter][full][044] step=stop charging session
2026-07-02 01:25:09,240 INFO o.a.j.p.j.s.J.Full charging journey with SSE: [electrahub-jmeter][full][050] sse ok connected=1 snapshot=2 updates=23 receipts=0 heartbeats=0
2026-07-02 01:25:09,241 INFO o.a.j.p.j.s.J.Full charging journey with SSE: [electrahub-jmeter][full][050] holding session for 33s before stop
2026-07-02 01:25:11,254 INFO o.a.j.p.j.s.J.Full charging journey with SSE: [electrahub-jmeter][full][044] http POST /session/api/v1/sessions/52e16cbb-56a8-474b-be47-ad7f51cd164f/stop status=204 elapsedMs=3304
2026-07-02 01:25:11,255 INFO o.a.j.p.j.s.J.Full charging journey with SSE: [electrahub-jmeter][full][044] stop requested session=52e16cbb-56a8-474b-be47-ad7f51cd164f
2026-07-02 01:25:11,255 INFO o.a.j.p.j.s.J.Full charging journey with SSE: [electrahub-jmeter][full][044] step=active sessions
2026-07-02 01:25:12,264 INFO o.a.j.p.j.s.J.Full charging journey with SSE: [electrahub-jmeter][full][044] http GET /session/api/v1/sessions/active status=200 elapsedMs=1008
2026-07-02 01:25:14,027 INFO o.a.j.p.j.s.J.Full charging journey with SSE: [electrahub-jmeter][full][045] step=stop charging session
2026-07-02 01:25:17,266 INFO o.a.j.p.j.s.J.Full charging journey with SSE: [electrahub-jmeter][full][044] step=active sessions
2026-07-02 01:25:17,298 INFO o.a.j.p.j.s.J.Full charging journey with SSE: [electrahub-jmeter][full][045] http POST /session/api/v1/sessions/55ae327f-8cb3-4f7f-a3ba-a77583856efc/stop status=204 elapsedMs=3270
2026-07-02 01:25:17,299 INFO o.a.j.p.j.s.J.Full charging journey with SSE: [electrahub-jmeter][full][045] stop requested session=55ae327f-8cb3-4f7f-a3ba-a77583856efc
2026-07-02 01:25:17,299 INFO o.a.j.p.j.s.J.Full charging journey with SSE: [electrahub-jmeter][full][045] step=active sessions
2026-07-02 01:25:17,403 INFO o.a.j.p.j.s.J.Full charging journey with SSE: [electrahub-jmeter][full][044] http GET /session/api/v1/sessions/active status=200 elapsedMs=136
2026-07-02 01:25:17,404 INFO o.a.j.p.j.s.J.Full charging journey with SSE: [electrahub-jmeter][full][044] step=receipt
2026-07-02 01:25:17,459 INFO o.a.j.p.j.s.J.Full charging journey with SSE: [electrahub-jmeter][full][044] http GET /session/api/v1/sessions/52e16cbb-56a8-474b-be47-ad7f51cd164f/receipt status=200 elapsedMs=54
2026-07-02 01:25:17,460 INFO o.a.j.p.j.s.J.Full charging journey with SSE: [electrahub-jmeter][full][044] step=session history
2026-07-02 01:25:17,523 INFO o.a.j.p.j.s.J.Full charging journey with SSE: [electrahub-jmeter][full][044] http GET /session/api/v1/sessions/history?page=0&size=10 status=200 elapsedMs=63
2026-07-02 01:25:17,524 INFO o.a.j.p.j.s.J.Full charging journey with SSE: [electrahub-jmeter][full][044] step=dashboard stats
2026-07-02 01:25:17,576 INFO o.a.j.p.j.s.J.Full charging journey with SSE: [electrahub-jmeter][full][044] http GET /session/api/v1/sessions/dashboard-stats status=200 elapsedMs=52
2026-07-02 01:25:17,577 INFO o.a.j.p.j.s.J.Full charging journey with SSE: [electrahub-jmeter][full][044] receipt ok session=52e16cbb-56a8-474b-be47-ad7f51cd164f status=Completed total=1.8565
2026-07-02 01:25:17,578 INFO o.a.j.t.JMeterThread: Thread is done: 100 driver charging journeys 1-44
2026-07-02 01:25:17,578 INFO o.a.j.t.JMeterThread: Thread finished: 100 driver charging journeys 1-44
2026-07-02 01:25:18,309 INFO o.a.j.p.j.s.J.Full charging journey with SSE: [electrahub-jmeter][full][045] http GET /session/api/v1/sessions/active status=200 elapsedMs=1009
2026-07-02 01:25:20,049 INFO o.a.j.p.j.s.J.Full charging journey with SSE: [electrahub-jmeter][full][046] step=stop charging session
2026-07-02 01:25:23,310 INFO o.a.j.p.j.s.J.Full charging journey with SSE: [electrahub-jmeter][full][045] step=active sessions
2026-07-02 01:25:23,347 INFO o.a.j.p.j.s.J.Full charging journey with SSE: [electrahub-jmeter][full][046] http POST /session/api/v1/sessions/dd9642e4-59ff-451a-9b5d-47ac15390ddb/stop status=204 elapsedMs=3297
2026-07-02 01:25:23,347 INFO o.a.j.p.j.s.J.Full charging journey with SSE: [electrahub-jmeter][full][046] stop requested session=dd9642e4-59ff-451a-9b5d-47ac15390ddb
2026-07-02 01:25:23,348 INFO o.a.j.p.j.s.J.Full charging journey with SSE: [electrahub-jmeter][full][046] step=active sessions
2026-07-02 01:25:23,431 INFO o.a.j.p.j.s.J.Full charging journey with SSE: [electrahub-jmeter][full][045] http GET /session/api/v1/sessions/active status=200 elapsedMs=119
2026-07-02 01:25:23,431 INFO o.a.j.p.j.s.J.Full charging journey with SSE: [electrahub-jmeter][full][045] step=receipt
2026-07-02 01:25:23,488 INFO o.a.j.p.j.s.J.Full charging journey with SSE: [electrahub-jmeter][full][045] http GET /session/api/v1/sessions/55ae327f-8cb3-4f7f-a3ba-a77583856efc/receipt status=200 elapsedMs=56
2026-07-02 01:25:23,489 INFO o.a.j.p.j.s.J.Full charging journey with SSE: [electrahub-jmeter][full][045] step=session history
2026-07-02 01:25:23,547 INFO o.a.j.p.j.s.J.Full charging journey with SSE: [electrahub-jmeter][full][045] http GET /session/api/v1/sessions/history?page=0&size=10 status=200 elapsedMs=58
2026-07-02 01:25:23,548 INFO o.a.j.p.j.s.J.Full charging journey with SSE: [electrahub-jmeter][full][045] step=dashboard stats
2026-07-02 01:25:23,604 INFO o.a.j.p.j.s.J.Full charging journey with SSE: [electrahub-jmeter][full][045] http GET /session/api/v1/sessions/dashboard-stats status=200 elapsedMs=55
2026-07-02 01:25:23,605 INFO o.a.j.p.j.s.J.Full charging journey with SSE: [electrahub-jmeter][full][045] receipt ok session=55ae327f-8cb3-4f7f-a3ba-a77583856efc status=Completed total=1.8573
2026-07-02 01:25:23,606 INFO o.a.j.t.JMeterThread: Thread is done: 100 driver charging journeys 1-45
2026-07-02 01:25:23,607 INFO o.a.j.t.JMeterThread: Thread finished: 100 driver charging journeys 1-45
2026-07-02 01:25:24,355 INFO o.a.j.p.j.s.J.Full charging journey with SSE: [electrahub-jmeter][full][046] http GET /session/api/v1/sessions/active status=200 elapsedMs=1006
2026-07-02 01:25:28,112 INFO o.a.j.p.j.s.J.Full charging journey with SSE: [electrahub-jmeter][full][047] step=stop charging session
2026-07-02 01:25:29,356 INFO o.a.j.p.j.s.J.Full charging journey with SSE: [electrahub-jmeter][full][046] step=active sessions
2026-07-02 01:25:29,479 INFO o.a.j.p.j.s.J.Full charging journey with SSE: [electrahub-jmeter][full][046] http GET /session/api/v1/sessions/active status=200 elapsedMs=122
2026-07-02 01:25:29,480 INFO o.a.j.p.j.s.J.Full charging journey with SSE: [electrahub-jmeter][full][046] step=receipt
2026-07-02 01:25:29,536 INFO o.a.j.p.j.s.J.Full charging journey with SSE: [electrahub-jmeter][full][046] http GET /session/api/v1/sessions/dd9642e4-59ff-451a-9b5d-47ac15390ddb/receipt status=200 elapsedMs=55
2026-07-02 01:25:29,537 INFO o.a.j.p.j.s.J.Full charging journey with SSE: [electrahub-jmeter][full][046] step=session history
2026-07-02 01:25:29,594 INFO o.a.j.p.j.s.J.Full charging journey with SSE: [electrahub-jmeter][full][046] http GET /session/api/v1/sessions/history?page=0&size=10 status=200 elapsedMs=57
2026-07-02 01:25:29,595 INFO o.a.j.p.j.s.J.Full charging journey with SSE: [electrahub-jmeter][full][046] step=dashboard stats
2026-07-02 01:25:29,648 INFO o.a.j.p.j.s.J.Full charging journey with SSE: [electrahub-jmeter][full][046] http GET /session/api/v1/sessions/dashboard-stats status=200 elapsedMs=52
2026-07-02 01:25:29,649 INFO o.a.j.p.j.s.J.Full charging journey with SSE: [electrahub-jmeter][full][046] receipt ok session=dd9642e4-59ff-451a-9b5d-47ac15390ddb status=Completed total=1.8573
2026-07-02 01:25:29,650 INFO o.a.j.t.JMeterThread: Thread is done: 100 driver charging journeys 1-46
2026-07-02 01:25:29,651 INFO o.a.j.t.JMeterThread: Thread finished: 100 driver charging journeys 1-46
2026-07-02 01:25:33,229 INFO o.a.j.p.j.s.J.Full charging journey with SSE: [electrahub-jmeter][full][047] http POST /session/api/v1/sessions/93273989-42c6-4d31-841e-8d0bdf8d4b02/stop status=204 elapsedMs=5116
2026-07-02 01:25:33,230 INFO o.a.j.p.j.s.J.Full charging journey with SSE: [electrahub-jmeter][full][047] stop requested session=93273989-42c6-4d31-841e-8d0bdf8d4b02
2026-07-02 01:25:33,231 INFO o.a.j.p.j.s.J.Full charging journey with SSE: [electrahub-jmeter][full][047] step=active sessions
2026-07-02 01:25:33,962 INFO o.a.j.p.j.s.J.Full charging journey with SSE: [electrahub-jmeter][full][048] step=stop charging session
2026-07-02 01:25:34,241 INFO o.a.j.p.j.s.J.Full charging journey with SSE: [electrahub-jmeter][full][047] http GET /session/api/v1/sessions/active status=200 elapsedMs=1009
2026-07-02 01:25:37,264 INFO o.a.j.p.j.s.J.Full charging journey with SSE: [electrahub-jmeter][full][048] http POST /session/api/v1/sessions/567b1acc-61e2-418a-a9cb-a8752e6c4a62/stop status=204 elapsedMs=3301
2026-07-02 01:25:37,265 INFO o.a.j.p.j.s.J.Full charging journey with SSE: [electrahub-jmeter][full][048] stop requested session=567b1acc-61e2-418a-a9cb-a8752e6c4a62
2026-07-02 01:25:37,266 INFO o.a.j.p.j.s.J.Full charging journey with SSE: [electrahub-jmeter][full][048] step=active sessions
2026-07-02 01:25:37,328 INFO o.a.j.p.j.s.J.Full charging journey with SSE: [electrahub-jmeter][full][048] http GET /session/api/v1/sessions/active status=200 elapsedMs=62
2026-07-02 01:25:37,329 INFO o.a.j.p.j.s.J.Full charging journey with SSE: [electrahub-jmeter][full][048] step=receipt
2026-07-02 01:25:37,388 INFO o.a.j.p.j.s.J.Full charging journey with SSE: [electrahub-jmeter][full][048] http GET /session/api/v1/sessions/567b1acc-61e2-418a-a9cb-a8752e6c4a62/receipt status=200 elapsedMs=58
2026-07-02 01:25:37,389 INFO o.a.j.p.j.s.J.Full charging journey with SSE: [electrahub-jmeter][full][048] step=session history
2026-07-02 01:25:37,449 INFO o.a.j.p.j.s.J.Full charging journey with SSE: [electrahub-jmeter][full][048] http GET /session/api/v1/sessions/history?page=0&size=10 status=200 elapsedMs=58
2026-07-02 01:25:37,449 INFO o.a.j.p.j.s.J.Full charging journey with SSE: [electrahub-jmeter][full][048] step=dashboard stats
2026-07-02 01:25:37,508 INFO o.a.j.p.j.s.J.Full charging journey with SSE: [electrahub-jmeter][full][048] http GET /session/api/v1/sessions/dashboard-stats status=200 elapsedMs=58
2026-07-02 01:25:37,509 INFO o.a.j.p.j.s.J.Full charging journey with SSE: [electrahub-jmeter][full][048] receipt ok session=567b1acc-61e2-418a-a9cb-a8752e6c4a62 status=In Progress total=1.8565
2026-07-02 01:25:37,510 INFO o.a.j.t.JMeterThread: Thread is done: 100 driver charging journeys 1-48
2026-07-02 01:25:37,511 INFO o.a.j.t.JMeterThread: Thread finished: 100 driver charging journeys 1-48
2026-07-02 01:25:38,022 INFO o.a.j.p.j.s.J.Full charging journey with SSE: [electrahub-jmeter][full][049] step=stop charging session
2026-07-02 01:25:39,242 INFO o.a.j.p.j.s.J.Full charging journey with SSE: [electrahub-jmeter][full][047] step=active sessions
2026-07-02 01:25:39,377 INFO o.a.j.p.j.s.J.Full charging journey with SSE: [electrahub-jmeter][full][047] http GET /session/api/v1/sessions/active status=200 elapsedMs=134
2026-07-02 01:25:39,378 INFO o.a.j.p.j.s.J.Full charging journey with SSE: [electrahub-jmeter][full][047] step=receipt
2026-07-02 01:25:39,440 INFO o.a.j.p.j.s.J.Full charging journey with SSE: [electrahub-jmeter][full][047] http GET /session/api/v1/sessions/93273989-42c6-4d31-841e-8d0bdf8d4b02/receipt status=200 elapsedMs=61
2026-07-02 01:25:39,441 INFO o.a.j.p.j.s.J.Full charging journey with SSE: [electrahub-jmeter][full][047] step=session history
2026-07-02 01:25:39,506 INFO o.a.j.p.j.s.J.Full charging journey with SSE: [electrahub-jmeter][full][047] http GET /session/api/v1/sessions/history?page=0&size=10 status=200 elapsedMs=64
2026-07-02 01:25:39,507 INFO o.a.j.p.j.s.J.Full charging journey with SSE: [electrahub-jmeter][full][047] step=dashboard stats
2026-07-02 01:25:39,563 INFO o.a.j.p.j.s.J.Full charging journey with SSE: [electrahub-jmeter][full][047] http GET /session/api/v1/sessions/dashboard-stats status=200 elapsedMs=55
2026-07-02 01:25:39,564 INFO o.a.j.p.j.s.J.Full charging journey with SSE: [electrahub-jmeter][full][047] receipt ok session=93273989-42c6-4d31-841e-8d0bdf8d4b02 status=Completed total=1.8595
2026-07-02 01:25:39,565 INFO o.a.j.t.JMeterThread: Thread is done: 100 driver charging journeys 1-47
2026-07-02 01:25:39,565 INFO o.a.j.t.JMeterThread: Thread finished: 100 driver charging journeys 1-47
2026-07-02 01:25:41,296 INFO o.a.j.p.j.s.J.Full charging journey with SSE: [electrahub-jmeter][full][049] http POST /session/api/v1/sessions/836a67b9-af8e-4f6d-a691-037079f1d52b/stop status=204 elapsedMs=3273
2026-07-02 01:25:41,297 INFO o.a.j.p.j.s.J.Full charging journey with SSE: [electrahub-jmeter][full][049] stop requested session=836a67b9-af8e-4f6d-a691-037079f1d52b
2026-07-02 01:25:41,298 INFO o.a.j.p.j.s.J.Full charging journey with SSE: [electrahub-jmeter][full][049] step=active sessions
2026-07-02 01:25:42,300 INFO o.a.j.p.j.s.J.Full charging journey with SSE: [electrahub-jmeter][full][049] http GET /session/api/v1/sessions/active status=200 elapsedMs=1002
2026-07-02 01:25:44,068 INFO o.a.j.p.j.s.J.Full charging journey with SSE: [electrahub-jmeter][full][050] step=stop charging session
2026-07-02 01:25:47,301 INFO o.a.j.p.j.s.J.Full charging journey with SSE: [electrahub-jmeter][full][049] step=active sessions
2026-07-02 01:25:47,337 INFO o.a.j.p.j.s.J.Full charging journey with SSE: [electrahub-jmeter][full][050] http POST /session/api/v1/sessions/9ec1bf15-7882-4073-ab7b-08f21908abb0/stop status=204 elapsedMs=3268
2026-07-02 01:25:47,337 INFO o.a.j.p.j.s.J.Full charging journey with SSE: [electrahub-jmeter][full][050] stop requested session=9ec1bf15-7882-4073-ab7b-08f21908abb0
2026-07-02 01:25:47,338 INFO o.a.j.p.j.s.J.Full charging journey with SSE: [electrahub-jmeter][full][050] step=active sessions
2026-07-02 01:25:47,422 INFO o.a.j.p.j.s.J.Full charging journey with SSE: [electrahub-jmeter][full][049] http GET /session/api/v1/sessions/active status=200 elapsedMs=121
2026-07-02 01:25:47,422 INFO o.a.j.p.j.s.J.Full charging journey with SSE: [electrahub-jmeter][full][049] step=receipt
2026-07-02 01:25:47,479 INFO o.a.j.p.j.s.J.Full charging journey with SSE: [electrahub-jmeter][full][049] http GET /session/api/v1/sessions/836a67b9-af8e-4f6d-a691-037079f1d52b/receipt status=200 elapsedMs=56
2026-07-02 01:25:47,480 INFO o.a.j.p.j.s.J.Full charging journey with SSE: [electrahub-jmeter][full][049] step=session history
2026-07-02 01:25:47,535 INFO o.a.j.p.j.s.J.Full charging journey with SSE: [electrahub-jmeter][full][049] http GET /session/api/v1/sessions/history?page=0&size=10 status=200 elapsedMs=55
2026-07-02 01:25:47,535 INFO o.a.j.p.j.s.J.Full charging journey with SSE: [electrahub-jmeter][full][049] step=dashboard stats
2026-07-02 01:25:47,595 INFO o.a.j.p.j.s.J.Full charging journey with SSE: [electrahub-jmeter][full][049] http GET /session/api/v1/sessions/dashboard-stats status=200 elapsedMs=59
2026-07-02 01:25:47,596 INFO o.a.j.p.j.s.J.Full charging journey with SSE: [electrahub-jmeter][full][049] receipt ok session=836a67b9-af8e-4f6d-a691-037079f1d52b status=Completed total=1.8573
2026-07-02 01:25:47,597 INFO o.a.j.t.JMeterThread: Thread is done: 100 driver charging journeys 1-49
2026-07-02 01:25:47,598 INFO o.a.j.t.JMeterThread: Thread finished: 100 driver charging journeys 1-49
2026-07-02 01:25:48,349 INFO o.a.j.p.j.s.J.Full charging journey with SSE: [electrahub-jmeter][full][050] http GET /session/api/v1/sessions/active status=200 elapsedMs=1010
2026-07-02 01:25:53,350 INFO o.a.j.p.j.s.J.Full charging journey with SSE: [electrahub-jmeter][full][050] step=active sessions
2026-07-02 01:25:53,462 INFO o.a.j.p.j.s.J.Full charging journey with SSE: [electrahub-jmeter][full][050] http GET /session/api/v1/sessions/active status=200 elapsedMs=111
2026-07-02 01:25:53,463 INFO o.a.j.p.j.s.J.Full charging journey with SSE: [electrahub-jmeter][full][050] step=receipt
2026-07-02 01:25:53,518 INFO o.a.j.p.j.s.J.Full charging journey with SSE: [electrahub-jmeter][full][050] http GET /session/api/v1/sessions/9ec1bf15-7882-4073-ab7b-08f21908abb0/receipt status=200 elapsedMs=55
2026-07-02 01:25:53,518 INFO o.a.j.p.j.s.J.Full charging journey with SSE: [electrahub-jmeter][full][050] step=session history
2026-07-02 01:25:53,586 INFO o.a.j.p.j.s.J.Full charging journey with SSE: [electrahub-jmeter][full][050] http GET /session/api/v1/sessions/history?page=0&size=10 status=200 elapsedMs=67
2026-07-02 01:25:53,587 INFO o.a.j.p.j.s.J.Full charging journey with SSE: [electrahub-jmeter][full][050] step=dashboard stats
2026-07-02 01:25:53,653 INFO o.a.j.p.j.s.J.Full charging journey with SSE: [electrahub-jmeter][full][050] http GET /session/api/v1/sessions/dashboard-stats status=200 elapsedMs=65
2026-07-02 01:25:53,654 INFO o.a.j.p.j.s.J.Full charging journey with SSE: [electrahub-jmeter][full][050] receipt ok session=9ec1bf15-7882-4073-ab7b-08f21908abb0 status=Completed total=1.8573
2026-07-02 01:25:53,655 INFO o.a.j.t.JMeterThread: Thread is done: 100 driver charging journeys 1-50
2026-07-02 01:25:53,656 INFO o.a.j.t.JMeterThread: Thread finished: 100 driver charging journeys 1-50
2026-07-02 01:25:53,657 INFO o.a.j.e.StandardJMeterEngine: Notifying test listeners of end of test
2026-07-02 01:25:53,657 INFO o.a.j.s.FileServer: Close: scripts/jmeter/data/connectors-100.csv
2026-07-02 01:25:53,663 INFO o.a.j.r.Summariser: summary +      9 in 00:00:52 =    0.2/s Avg: 124421 Min: 120779 Max: 127013 Err:     0 (0.00%) Active: 0 Started: 50 Finished: 50
2026-07-02 01:25:53,664 INFO o.a.j.r.Summariser: summary =     50 in 00:07:06 =    0.1/s Avg: 124904 Min: 120191 Max: 127529 Err:     0 (0.00%)
2026-07-02 01:25:53,665 INFO o.a.j.JMeter: Generating Dashboard
2026-07-02 01:25:53,666 INFO o.a.j.r.d.ReportGenerator: Flushing result collector before report Generation
2026-07-02 01:25:53,684 INFO o.a.j.r.p.NormalizerSampleConsumer: Using format, 'ms', to parse timeStamp field
2026-07-02 01:25:53,751 INFO o.a.j.r.p.AbstractSampleConsumer: class org.apache.jmeter.report.processor.AggregateConsumer#stopProducing(): beginDate produced 0 samples
2026-07-02 01:25:53,752 INFO o.a.j.r.p.AbstractSampleConsumer: class org.apache.jmeter.report.processor.AggregateConsumer#stopProducing(): endDate produced 0 samples
2026-07-02 01:25:53,754 INFO o.a.j.r.p.AbstractSampleConsumer: class org.apache.jmeter.report.processor.ApdexSummaryConsumer#stopProducing(): apdexSummary produced 0 samples
2026-07-02 01:25:53,755 INFO o.a.j.r.p.AbstractSampleConsumer: class org.apache.jmeter.report.processor.RequestsSummaryConsumer#stopProducing(): requestsSummary produced 0 samples
2026-07-02 01:25:53,758 INFO o.a.j.r.p.AbstractSampleConsumer: class org.apache.jmeter.report.processor.StatisticsSummaryConsumer#stopProducing(): statisticsSummary produced 0 samples
2026-07-02 01:25:53,762 INFO o.a.j.r.p.AbstractSampleConsumer: class org.apache.jmeter.report.processor.Top5ErrorsBySamplerConsumer#stopProducing(): top5ErrorsBySampler produced 0 samples
2026-07-02 01:25:53,763 INFO o.a.j.r.p.AbstractSampleConsumer: class org.apache.jmeter.report.processor.ErrorsSummaryConsumer#stopProducing(): errorsSummary produced 0 samples
2026-07-02 01:25:53,764 INFO o.a.j.r.p.AbstractSampleConsumer: class org.apache.jmeter.report.processor.graph.impl.HitsPerSecondGraphConsumer#stopProducing(): hitsPerSecond produced 0 samples
2026-07-02 01:25:53,800 INFO o.a.j.r.p.AbstractSampleConsumer: class org.apache.jmeter.report.processor.graph.impl.LatencyVSRequestGraphConsumer#stopProducing(): latencyVsRequest produced 0 samples
2026-07-02 01:25:53,801 INFO o.a.j.r.p.AbstractSampleConsumer: class org.apache.jmeter.report.processor.graph.impl.SyntheticResponseTimeDistributionGraphConsumer#stopProducing(): syntheticResponseTimeDistribution produced 0 samples
2026-07-02 01:25:53,802 INFO o.a.j.r.p.AbstractSampleConsumer: class org.apache.jmeter.report.processor.graph.impl.BytesThroughputGraphConsumer#stopProducing(): bytesThroughputOverTime produced 0 samples
2026-07-02 01:25:53,803 INFO o.a.j.r.p.AbstractSampleConsumer: class org.apache.jmeter.report.processor.graph.impl.CodesPerSecondGraphConsumer#stopProducing(): codesPerSecond produced 0 samples
2026-07-02 01:25:53,835 INFO o.a.j.r.p.AbstractSampleConsumer: class org.apache.jmeter.report.processor.graph.impl.ResponseTimeVSRequestGraphConsumer#stopProducing(): responseTimeVsRequest produced 0 samples
2026-07-02 01:25:53,836 INFO o.a.j.r.p.AbstractSampleConsumer: class org.apache.jmeter.report.processor.FilterConsumer#stopProducing(): startIntervalControlerFilter produced 350 samples
2026-07-02 01:25:53,836 INFO o.a.j.r.p.AbstractSampleConsumer: class org.apache.jmeter.report.processor.graph.impl.TotalTPSGraphConsumer#stopProducing(): totalTPS produced 0 samples
2026-07-02 01:25:53,837 INFO o.a.j.r.p.AbstractSampleConsumer: class org.apache.jmeter.report.processor.graph.impl.ActiveThreadsGraphConsumer#stopProducing(): activeThreadsOverTime produced 0 samples
2026-07-02 01:25:53,838 INFO o.a.j.r.p.AbstractSampleConsumer: class org.apache.jmeter.report.processor.graph.impl.TimeVSThreadGraphConsumer#stopProducing(): timeVsThreads produced 0 samples
2026-07-02 01:25:53,839 INFO o.a.j.r.p.AbstractSampleConsumer: class org.apache.jmeter.report.processor.graph.impl.ResponseTimeDistributionGraphConsumer#stopProducing(): responseTimeDistribution produced 0 samples
2026-07-02 01:25:53,839 INFO o.a.j.r.p.AbstractSampleConsumer: class org.apache.jmeter.report.processor.graph.impl.TransactionsPerSecondGraphConsumer#stopProducing(): transactionsPerSecond produced 0 samples
2026-07-02 01:25:53,840 INFO o.a.j.r.p.AbstractSampleConsumer: class org.apache.jmeter.report.processor.graph.impl.ResponseTimePercentilesGraphConsumer#stopProducing(): responseTimePercentiles produced 0 samples
2026-07-02 01:25:53,841 INFO o.a.j.r.p.AbstractSampleConsumer: class org.apache.jmeter.report.processor.graph.impl.ResponseTimePercentilesOverTimeGraphConsumer#stopProducing(): responseTimePercentilesOverTime produced 0 samples
2026-07-02 01:25:53,842 INFO o.a.j.r.p.AbstractSampleConsumer: class org.apache.jmeter.report.processor.graph.impl.ResponseTimeOverTimeGraphConsumer#stopProducing(): responseTimesOverTime produced 0 samples
2026-07-02 01:25:53,843 INFO o.a.j.r.p.AbstractSampleConsumer: class org.apache.jmeter.report.processor.graph.impl.ConnectTimeOverTimeGraphConsumer#stopProducing(): connectTimeOverTime produced 0 samples
2026-07-02 01:25:53,843 INFO o.a.j.r.p.AbstractSampleConsumer: class org.apache.jmeter.report.processor.graph.impl.LatencyOverTimeGraphConsumer#stopProducing(): latenciesOverTime produced 0 samples
2026-07-02 01:25:53,844 INFO o.a.j.r.p.AbstractSampleConsumer: class org.apache.jmeter.report.processor.FilterConsumer#stopProducing(): nameFilter produced 750 samples
2026-07-02 01:25:53,845 INFO o.a.j.r.p.AbstractSampleConsumer: class org.apache.jmeter.report.processor.FilterConsumer#stopProducing(): dateRangeFilter produced 150 samples
2026-07-02 01:25:53,845 INFO o.a.j.r.p.AbstractSampleConsumer: class org.apache.jmeter.report.processor.NormalizerSampleConsumer#stopProducing(): normalizer produced 50 samples
2026-07-02 01:25:53,847 INFO o.a.j.r.p.CsvFileSampleSource: produce(): 50 samples produced in 145ms on channel 0
2026-07-02 01:25:53,847 INFO o.a.j.r.d.ReportGenerator: Exporting data using exporter:'json' of className:'org.apache.jmeter.report.dashboard.JsonExporter'
2026-07-02 01:25:53,900 INFO o.a.j.r.d.JsonExporter: Found data for consumer statisticsSummary in context
2026-07-02 01:25:53,901 INFO o.a.j.r.d.JsonExporter: Creating statistics for overall
2026-07-02 01:25:53,903 INFO o.a.j.r.d.JsonExporter: Creating statistics for other transactions
2026-07-02 01:25:53,904 INFO o.a.j.r.d.JsonExporter: Checking output folder
2026-07-02 01:25:53,907 INFO o.a.j.r.d.JsonExporter: Writing statistics JSON to /work/outputs/jmeter/prod-redis-load-50-tag29/report/statistics.json
2026-07-02 01:25:53,940 INFO o.a.j.r.d.ReportGenerator: Exporting data using exporter:'html' of className:'org.apache.jmeter.report.dashboard.HtmlTemplateExporter'
2026-07-02 01:25:53,946 INFO o.a.j.r.d.HtmlTemplateExporter: Will generate dashboard in folder: /work/outputs/jmeter/prod-redis-load-50-tag29/report
2026-07-02 01:25:54,002 INFO o.a.j.r.d.HtmlTemplateExporter: Report will be generated in: /work/outputs/jmeter/prod-redis-load-50-tag29/report, creating folder structure
2026-07-02 01:25:54,010 INFO o.a.j.r.d.TemplateVisitor: Copying folder from '/opt/apache-jmeter-5.6.3/bin/report-template' to '/work/outputs/jmeter/prod-redis-load-50-tag29/report', got message: /work/outputs/jmeter/prod-redis-load-50-tag29/report, found non empty folder with following content [/work/outputs/jmeter/prod-redis-load-50-tag29/report/statistics.json], will be ignored
2026-07-02 01:25:55,145 INFO o.a.j.JMeter: Dashboard generated
